===== round 1 Fri 03 Jul 2026 09:38:31 PM PDT =====
carbon=30 3seed=6 total_gaps=36
[specs 21:38:35] _dispatch_all.txt: 36 jobs to submit
[21:38:35] (1/36) -> laniakea job=246508 :: carbon-raw-original --task-names H3K9me3 --distillation-config.weight-ce 0.5 --distillation-config.weight-kl 0.25 --distillation-config.weight-mse 2.0 --distillation-config.temperature 2.0 --trainer-config.early-stop-patience 100 --slurm-config.mode run
[21:38:40] (2/36) -> laniakea job=246509 :: carbon-raw-original --task-names H3K9me3 --distillation-config.weight-ce 0.5 --distillation-config.weight-kl 0.25 --distillation-config.weight-mse 2.0 --distillation-config.temperature 4.0 --trainer-config.early-stop-patience 100 --slurm-config.mode run
[21:38:45] (3/36) -> laniakea job=246510 :: carbon-raw-original --task-names H3K9me3 --distillation-config.weight-ce 0.5 --distillation-config.weight-kl 0.25 --distillation-config.weight-mse 5.0 --distillation-config.temperature 0.5 --trainer-config.early-stop-patience 100 --slurm-config.mode run
[21:38:50] (4/36) -> laniakea job=246511 :: carbon-raw-original --task-names H3K9me3 --distillation-config.weight-ce 0.5 --distillation-config.weight-kl 0.25 --distillation-config.weight-mse 5.0 --distillation-config.temperature 1.0 --trainer-config.early-stop-patience 100 --slurm-config.mode run
[21:38:55] (5/36) -> laniakea job=246512 :: carbon-raw-original --task-names H3K9me3 --distillation-config.weight-ce 0.5 --distillation-config.weight-kl 0.25 --distillation-config.weight-mse 5.0 --distillation-config.temperature 1.5 --trainer-config.early-stop-patience 100 --slurm-config.mode run
[21:39:00] (6/36) -> laniakea job=246513 :: carbon-raw-original --task-names H3K9me3 --distillation-config.weight-ce 0.5 --distillation-config.weight-kl 0.25 --distillation-config.weight-mse 5.0 --distillation-config.temperature 2.0 --trainer-config.early-stop-patience 100 --slurm-config.mode run
[21:39:06] (7/36) -> laniakea job=246514 :: carbon-raw-original --task-names H3K9me3 --distillation-config.weight-ce 0.5 --distillation-config.weight-kl 0.25 --distillation-config.weight-mse 5.0 --distillation-config.temperature 4.0 --trainer-config.early-stop-patience 100 --slurm-config.mode run
[21:39:11] (8/36) -> voyager job=246515 :: carbon-raw-original --task-names H3K9me3 --distillation-config.weight-ce 0.5 --distillation-config.weight-kl 0.5 --distillation-config.weight-mse 2.0 --distillation-config.temperature 0.5 --trainer-config.early-stop-patience 100 --slurm-config.mode run
[21:39:16] (9/36) -> galaxy job=246516 :: carbon-raw-original --task-names H3K9me3 --distillation-config.weight-ce 0.5 --distillation-config.weight-kl 0.5 --distillation-config.weight-mse 2.0 --distillation-config.temperature 1.0 --trainer-config.early-stop-patience 100 --slurm-config.mode run
[21:39:21] (10/36) -> galaxy job=246517 :: carbon-raw-original --task-names H3K9me3 --distillation-config.weight-ce 0.5 --distillation-config.weight-kl 0.5 --distillation-config.weight-mse 2.0 --distillation-config.temperature 1.5 --trainer-config.early-stop-patience 100 --slurm-config.mode run
[21:39:26] (11/36) -> galaxy job=246518 :: carbon-raw-original --task-names H3K9me3 --distillation-config.weight-ce 0.5 --distillation-config.weight-kl 0.5 --distillation-config.weight-mse 2.0 --distillation-config.temperature 2.0 --trainer-config.early-stop-patience 100 --slurm-config.mode run
[21:39:32] (12/36) -> galaxy job=246519 :: carbon-raw-original --task-names H3K9me3 --distillation-config.weight-ce 0.5 --distillation-config.weight-kl 0.5 --distillation-config.weight-mse 2.0 --distillation-config.temperature 4.0 --trainer-config.early-stop-patience 100 --slurm-config.mode run
[21:51:38] (13/36) -> voyager job=246522 :: carbon-raw-original --task-names H3K9me3 --distillation-config.weight-ce 0.5 --distillation-config.weight-kl 0.5 --distillation-config.weight-mse 5.0 --distillation-config.temperature 0.5 --trainer-config.early-stop-patience 100 --slurm-config.mode run
[21:57:43] (14/36) -> laniakea job=246523 :: carbon-raw-original --task-names H3K9me3 --distillation-config.weight-ce 0.5 --distillation-config.weight-kl 0.5 --distillation-config.weight-mse 5.0 --distillation-config.temperature 1.0 --trainer-config.early-stop-patience 100 --slurm-config.mode run
[21:59:48] (15/36) -> laniakea job=246524 :: carbon-raw-original --task-names H3K9me3 --distillation-config.weight-ce 0.5 --distillation-config.weight-kl 0.5 --distillation-config.weight-mse 5.0 --distillation-config.temperature 1.5 --trainer-config.early-stop-patience 100 --slurm-config.mode run
[21:59:53] (16/36) -> laniakea job=246525 :: carbon-raw-original --task-names H3K9me3 --distillation-config.weight-ce 0.5 --distillation-config.weight-kl 0.5 --distillation-config.weight-mse 5.0 --distillation-config.temperature 2.0 --trainer-config.early-stop-patience 100 --slurm-config.mode run
[21:59:58] (17/36) -> laniakea job=246526 :: carbon-raw-original --task-names H3K9me3 --distillation-config.weight-ce 0.5 --distillation-config.weight-kl 0.5 --distillation-config.weight-mse 5.0 --distillation-config.temperature 4.0 --trainer-config.early-stop-patience 100 --slurm-config.mode run
[22:00:04] (18/36) -> laniakea job=246527 :: carbon-raw-original --task-names H3K9me3 --distillation-config.weight-ce 0.5 --distillation-config.weight-kl 1.0 --distillation-config.weight-mse 2.0 --distillation-config.temperature 0.5 --trainer-config.early-stop-patience 100 --slurm-config.mode run
[22:00:09] (19/36) -> laniakea job=246528 :: carbon-raw-original --task-names H3K9me3 --distillation-config.weight-ce 0.5 --distillation-config.weight-kl 1.0 --distillation-config.weight-mse 2.0 --distillation-config.temperature 1.0 --trainer-config.early-stop-patience 100 --slurm-config.mode run
[22:00:14] (20/36) -> galaxy job=246529 :: carbon-raw-original --task-names H3K9me3 --distillation-config.weight-ce 0.5 --distillation-config.weight-kl 1.0 --distillation-config.weight-mse 2.0 --distillation-config.temperature 1.5 --trainer-config.early-stop-patience 100 --slurm-config.mode run
[22:00:19] (21/36) -> galaxy job=246530 :: carbon-raw-original --task-names H3K9me3 --distillation-config.weight-ce 0.5 --distillation-config.weight-kl 1.0 --distillation-config.weight-mse 2.0 --distillation-config.temperature 2.0 --trainer-config.early-stop-patience 100 --slurm-config.mode run
[22:04:25] (22/36) -> laniakea job=246532 :: carbon-raw-original --task-names H3K9me3 --distillation-config.weight-ce 0.5 --distillation-config.weight-kl 1.0 --distillation-config.weight-mse 2.0 --distillation-config.temperature 4.0 --trainer-config.early-stop-patience 100 --slurm-config.mode run
[22:04:30] (23/36) -> voyager job=246533 :: carbon-raw-original --task-names H3K9me3 --distillation-config.weight-ce 0.5 --distillation-config.weight-kl 1.0 --distillation-config.weight-mse 5.0 --distillation-config.temperature 0.5 --trainer-config.early-stop-patience 100 --slurm-config.mode run
[22:10:35] (24/36) -> galaxy job=246534 :: carbon-raw-original --task-names H3K9me3 --distillation-config.weight-ce 0.5 --distillation-config.weight-kl 1.0 --distillation-config.weight-mse 5.0 --distillation-config.temperature 1.0 --trainer-config.early-stop-patience 100 --slurm-config.mode run
[22:22:42] (25/36) -> laniakea job=246541 :: carbon-raw-original --task-names H3K9me3 --distillation-config.weight-ce 0.5 --distillation-config.weight-kl 1.0 --distillation-config.weight-mse 5.0 --distillation-config.temperature 1.5 --trainer-config.early-stop-patience 100 --slurm-config.mode run
[22:22:47] (26/36) -> laniakea job=246542 :: carbon-raw-original --task-names H3K9me3 --distillation-config.weight-ce 0.5 --distillation-config.weight-kl 1.0 --distillation-config.weight-mse 5.0 --distillation-config.temperature 2.0 --trainer-config.early-stop-patience 100 --slurm-config.mode run
[22:22:52] (27/36) -> laniakea job=246543 :: carbon-raw-original --task-names H3K9me3 --distillation-config.weight-ce 0.5 --distillation-config.weight-kl 1.0 --distillation-config.weight-mse 5.0 --distillation-config.temperature 4.0 --trainer-config.early-stop-patience 100 --slurm-config.mode run
[22:22:57] (28/36) -> laniakea job=246544 :: carbon-raw-original --task-names promoter_all --distillation-config.weight-ce 0.5 --distillation-config.weight-kl 0.0 --distillation-config.weight-mse 2.0 --distillation-config.temperature 0.5 --trainer-config.early-stop-patience 100 --slurm-config.mode run
[22:23:03] (29/36) -> galaxy job=246545 :: carbon-raw-original --task-names promoter_all --distillation-config.weight-ce 0.5 --distillation-config.weight-kl 0.0 --distillation-config.weight-mse 5.0 --distillation-config.temperature 0.5 --trainer-config.early-stop-patience 100 --slurm-config.mode run
[22:31:09] (30/36) -> laniakea job=246547 :: carbon-raw-original --task-names promoter_all --distillation-config.weight-ce 0.5 --distillation-config.weight-kl 0.25 --distillation-config.weight-mse 2.0 --distillation-config.temperature 0.5 --trainer-config.early-stop-patience 100 --slurm-config.mode run
[22:33:14] (31/36) -> galaxy job=246548 :: nt_vanilla --task-names splice_sites_acceptors --distillation-config.weight-ce 0.5 --distillation-config.weight-kl 1 --distillation-config.weight-mse 0 --distillation-config.temperature 2 --trainer-config.output-dir /tmp/galaxy_srv_disk00/pengchx3/3seed_finals/nt/vanilla_original --trainer-config.early-stop-patience 250 --random-state 0 --slurm-config.mode run
[22:35:19] (32/36) -> galaxy job=246549 :: nt_vanilla --task-names splice_sites_acceptors --distillation-config.weight-ce 0.5 --distillation-config.weight-kl 1 --distillation-config.weight-mse 0 --distillation-config.temperature 2 --trainer-config.output-dir /tmp/galaxy_srv_disk00/pengchx3/3seed_finals/nt/vanilla_original --trainer-config.early-stop-patience 250 --random-state 1 --slurm-config.mode run
[22:37:25] (33/36) -> galaxy job=246550 :: nt_vanilla --task-names splice_sites_acceptors --distillation-config.weight-ce 0.5 --distillation-config.weight-kl 1 --distillation-config.weight-mse 0 --distillation-config.temperature 2 --trainer-config.output-dir /tmp/galaxy_srv_disk00/pengchx3/3seed_finals/nt/vanilla_original --trainer-config.early-stop-patience 250 --random-state 2 --slurm-config.mode run
[22:39:30] (34/36) -> galaxy job=246551 :: nt_vanilla --task-names splice_sites_donors --distillation-config.weight-ce 0.5 --distillation-config.weight-kl 0.5 --distillation-config.weight-mse 0 --distillation-config.temperature 4 --trainer-config.output-dir /tmp/galaxy_srv_disk00/pengchx3/3seed_finals/nt/vanilla_original --trainer-config.early-stop-patience 250 --random-state 0 --slurm-config.mode run
[22:41:36] (35/36) -> galaxy job=246552 :: nt_vanilla --task-names splice_sites_donors --distillation-config.weight-ce 0.5 --distillation-config.weight-kl 0.5 --distillation-config.weight-mse 0 --distillation-config.temperature 4 --trainer-config.output-dir /tmp/galaxy_srv_disk00/pengchx3/3seed_finals/nt/vanilla_original --trainer-config.early-stop-patience 250 --random-state 1 --slurm-config.mode run
[22:43:41] (36/36) -> laniakea job=246553 :: nt_vanilla --task-names splice_sites_donors --distillation-config.weight-ce 0.5 --distillation-config.weight-kl 0.5 --distillation-config.weight-mse 0 --distillation-config.temperature 4 --trainer-config.output-dir /tmp/galaxy_srv_disk00/pengchx3/3seed_finals/nt/vanilla_original --trainer-config.early-stop-patience 250 --random-state 2 --slurm-config.mode run
[specs 22:43:46] all 36 submitted
===== round 2 Fri 03 Jul 2026 10:48:46 PM PDT =====
carbon=1 3seed=6 total_gaps=7
[specs 22:48:50] _dispatch_all.txt: 7 jobs to submit
[22:48:50] (1/7) -> laniakea job=246554 :: carbon-raw-original --task-names promoter_all --distillation-config.weight-ce 0.5 --distillation-config.weight-kl 0.25 --distillation-config.weight-mse 2.0 --distillation-config.temperature 0.5 --trainer-config.early-stop-patience 100 --slurm-config.mode run
[22:48:55] (2/7) -> laniakea job=246555 :: nt_vanilla --task-names splice_sites_acceptors --distillation-config.weight-ce 0.5 --distillation-config.weight-kl 1 --distillation-config.weight-mse 0 --distillation-config.temperature 2 --trainer-config.output-dir /tmp/galaxy_srv_disk00/pengchx3/3seed_finals/nt/vanilla_original --trainer-config.early-stop-patience 250 --random-state 0 --slurm-config.mode run
[22:49:00] (3/7) -> laniakea job=246556 :: nt_vanilla --task-names splice_sites_acceptors --distillation-config.weight-ce 0.5 --distillation-config.weight-kl 1 --distillation-config.weight-mse 0 --distillation-config.temperature 2 --trainer-config.output-dir /tmp/galaxy_srv_disk00/pengchx3/3seed_finals/nt/vanilla_original --trainer-config.early-stop-patience 250 --random-state 1 --slurm-config.mode run
[22:49:05] (4/7) -> laniakea job=246557 :: nt_vanilla --task-names splice_sites_acceptors --distillation-config.weight-ce 0.5 --distillation-config.weight-kl 1 --distillation-config.weight-mse 0 --distillation-config.temperature 2 --trainer-config.output-dir /tmp/galaxy_srv_disk00/pengchx3/3seed_finals/nt/vanilla_original --trainer-config.early-stop-patience 250 --random-state 2 --slurm-config.mode run
[22:49:10] (5/7) -> laniakea job=246558 :: nt_vanilla --task-names splice_sites_donors --distillation-config.weight-ce 0.5 --distillation-config.weight-kl 0.5 --distillation-config.weight-mse 0 --distillation-config.temperature 4 --trainer-config.output-dir /tmp/galaxy_srv_disk00/pengchx3/3seed_finals/nt/vanilla_original --trainer-config.early-stop-patience 250 --random-state 0 --slurm-config.mode run
[22:49:15] (6/7) -> laniakea job=246559 :: nt_vanilla --task-names splice_sites_donors --distillation-config.weight-ce 0.5 --distillation-config.weight-kl 0.5 --distillation-config.weight-mse 0 --distillation-config.temperature 4 --trainer-config.output-dir /tmp/galaxy_srv_disk00/pengchx3/3seed_finals/nt/vanilla_original --trainer-config.early-stop-patience 250 --random-state 1 --slurm-config.mode run
[22:49:20] (7/7) -> laniakea job=246560 :: nt_vanilla --task-names splice_sites_donors --distillation-config.weight-ce 0.5 --distillation-config.weight-kl 0.5 --distillation-config.weight-mse 0 --distillation-config.temperature 4 --trainer-config.output-dir /tmp/galaxy_srv_disk00/pengchx3/3seed_finals/nt/vanilla_original --trainer-config.early-stop-patience 250 --random-state 2 --slurm-config.mode run
[specs 22:49:25] all 7 submitted
===== round 3 Fri 03 Jul 2026 10:54:25 PM PDT =====
carbon=1 3seed=6 total_gaps=7
[specs 22:54:29] _dispatch_all.txt: 7 jobs to submit
[22:54:29] (1/7) -> laniakea job=246561 :: carbon-raw-original --task-names promoter_all --distillation-config.weight-ce 0.5 --distillation-config.weight-kl 0.25 --distillation-config.weight-mse 2.0 --distillation-config.temperature 0.5 --trainer-config.early-stop-patience 100 --slurm-config.mode run
[22:54:34] (2/7) -> laniakea job=246562 :: nt_vanilla --task-names splice_sites_acceptors --distillation-config.weight-ce 0.5 --distillation-config.weight-kl 1 --distillation-config.weight-mse 0 --distillation-config.temperature 2 --trainer-config.output-dir /tmp/galaxy_srv_disk00/pengchx3/3seed_finals/nt/vanilla_original --trainer-config.early-stop-patience 250 --random-state 0 --slurm-config.mode run
[22:54:39] (3/7) -> laniakea job=246563 :: nt_vanilla --task-names splice_sites_acceptors --distillation-config.weight-ce 0.5 --distillation-config.weight-kl 1 --distillation-config.weight-mse 0 --distillation-config.temperature 2 --trainer-config.output-dir /tmp/galaxy_srv_disk00/pengchx3/3seed_finals/nt/vanilla_original --trainer-config.early-stop-patience 250 --random-state 1 --slurm-config.mode run
[22:54:44] (4/7) -> galaxy job=246564 :: nt_vanilla --task-names splice_sites_acceptors --distillation-config.weight-ce 0.5 --distillation-config.weight-kl 1 --distillation-config.weight-mse 0 --distillation-config.temperature 2 --trainer-config.output-dir /tmp/galaxy_srv_disk00/pengchx3/3seed_finals/nt/vanilla_original --trainer-config.early-stop-patience 250 --random-state 2 --slurm-config.mode run
[22:54:50] (5/7) -> laniakea job=246565 :: nt_vanilla --task-names splice_sites_donors --distillation-config.weight-ce 0.5 --distillation-config.weight-kl 0.5 --distillation-config.weight-mse 0 --distillation-config.temperature 4 --trainer-config.output-dir /tmp/galaxy_srv_disk00/pengchx3/3seed_finals/nt/vanilla_original --trainer-config.early-stop-patience 250 --random-state 0 --slurm-config.mode run
[22:54:55] (6/7) -> laniakea job=246566 :: nt_vanilla --task-names splice_sites_donors --distillation-config.weight-ce 0.5 --distillation-config.weight-kl 0.5 --distillation-config.weight-mse 0 --distillation-config.temperature 4 --trainer-config.output-dir /tmp/galaxy_srv_disk00/pengchx3/3seed_finals/nt/vanilla_original --trainer-config.early-stop-patience 250 --random-state 1 --slurm-config.mode run
[22:55:00] (7/7) -> galaxy job=246567 :: nt_vanilla --task-names splice_sites_donors --distillation-config.weight-ce 0.5 --distillation-config.weight-kl 0.5 --distillation-config.weight-mse 0 --distillation-config.temperature 4 --trainer-config.output-dir /tmp/galaxy_srv_disk00/pengchx3/3seed_finals/nt/vanilla_original --trainer-config.early-stop-patience 250 --random-state 2 --slurm-config.mode run
[specs 22:55:05] all 7 submitted
===== round 4 Fri 03 Jul 2026 11:00:05 PM PDT =====
carbon=0 3seed=6 total_gaps=6
[specs 23:00:09] _dispatch_all.txt: 6 jobs to submit
[23:00:09] (1/6) -> laniakea job=246569 :: nt_vanilla --task-names splice_sites_acceptors --distillation-config.weight-ce 0.5 --distillation-config.weight-kl 1 --distillation-config.weight-mse 0 --distillation-config.temperature 2 --trainer-config.output-dir /tmp/galaxy_srv_disk00/pengchx3/3seed_finals/nt/vanilla_original --trainer-config.early-stop-patience 250 --random-state 0 --slurm-config.mode run
[23:00:14] (2/6) -> laniakea job=246570 :: nt_vanilla --task-names splice_sites_acceptors --distillation-config.weight-ce 0.5 --distillation-config.weight-kl 1 --distillation-config.weight-mse 0 --distillation-config.temperature 2 --trainer-config.output-dir /tmp/galaxy_srv_disk00/pengchx3/3seed_finals/nt/vanilla_original --trainer-config.early-stop-patience 250 --random-state 1 --slurm-config.mode run
[23:00:19] (3/6) -> laniakea job=246571 :: nt_vanilla --task-names splice_sites_acceptors --distillation-config.weight-ce 0.5 --distillation-config.weight-kl 1 --distillation-config.weight-mse 0 --distillation-config.temperature 2 --trainer-config.output-dir /tmp/galaxy_srv_disk00/pengchx3/3seed_finals/nt/vanilla_original --trainer-config.early-stop-patience 250 --random-state 2 --slurm-config.mode run
[23:00:24] (4/6) -> laniakea job=246572 :: nt_vanilla --task-names splice_sites_donors --distillation-config.weight-ce 0.5 --distillation-config.weight-kl 0.5 --distillation-config.weight-mse 0 --distillation-config.temperature 4 --trainer-config.output-dir /tmp/galaxy_srv_disk00/pengchx3/3seed_finals/nt/vanilla_original --trainer-config.early-stop-patience 250 --random-state 0 --slurm-config.mode run
[23:00:29] (5/6) -> laniakea job=246573 :: nt_vanilla --task-names splice_sites_donors --distillation-config.weight-ce 0.5 --distillation-config.weight-kl 0.5 --distillation-config.weight-mse 0 --distillation-config.temperature 4 --trainer-config.output-dir /tmp/galaxy_srv_disk00/pengchx3/3seed_finals/nt/vanilla_original --trainer-config.early-stop-patience 250 --random-state 1 --slurm-config.mode run
[23:00:34] (6/6) -> laniakea job=246574 :: nt_vanilla --task-names splice_sites_donors --distillation-config.weight-ce 0.5 --distillation-config.weight-kl 0.5 --distillation-config.weight-mse 0 --distillation-config.temperature 4 --trainer-config.output-dir /tmp/galaxy_srv_disk00/pengchx3/3seed_finals/nt/vanilla_original --trainer-config.early-stop-patience 250 --random-state 2 --slurm-config.mode run
[specs 23:00:39] all 6 submitted
===== round 5 Fri 03 Jul 2026 11:05:39 PM PDT =====
carbon=0 3seed=6 total_gaps=6
[specs 23:05:43] _dispatch_all.txt: 6 jobs to submit
[23:05:43] (1/6) -> laniakea job=246575 :: nt_vanilla --task-names splice_sites_acceptors --distillation-config.weight-ce 0.5 --distillation-config.weight-kl 1 --distillation-config.weight-mse 0 --distillation-config.temperature 2 --trainer-config.output-dir /tmp/galaxy_srv_disk00/pengchx3/3seed_finals/nt/vanilla_original --trainer-config.early-stop-patience 250 --random-state 0 --slurm-config.mode run
[23:05:48] (2/6) -> laniakea job=246576 :: nt_vanilla --task-names splice_sites_acceptors --distillation-config.weight-ce 0.5 --distillation-config.weight-kl 1 --distillation-config.weight-mse 0 --distillation-config.temperature 2 --trainer-config.output-dir /tmp/galaxy_srv_disk00/pengchx3/3seed_finals/nt/vanilla_original --trainer-config.early-stop-patience 250 --random-state 1 --slurm-config.mode run
[23:05:53] (3/6) -> laniakea job=246577 :: nt_vanilla --task-names splice_sites_acceptors --distillation-config.weight-ce 0.5 --distillation-config.weight-kl 1 --distillation-config.weight-mse 0 --distillation-config.temperature 2 --trainer-config.output-dir /tmp/galaxy_srv_disk00/pengchx3/3seed_finals/nt/vanilla_original --trainer-config.early-stop-patience 250 --random-state 2 --slurm-config.mode run
[23:05:58] (4/6) -> galaxy job=246578 :: nt_vanilla --task-names splice_sites_donors --distillation-config.weight-ce 0.5 --distillation-config.weight-kl 0.5 --distillation-config.weight-mse 0 --distillation-config.temperature 4 --trainer-config.output-dir /tmp/galaxy_srv_disk00/pengchx3/3seed_finals/nt/vanilla_original --trainer-config.early-stop-patience 250 --random-state 0 --slurm-config.mode run
[23:06:03] (5/6) -> laniakea job=246579 :: nt_vanilla --task-names splice_sites_donors --distillation-config.weight-ce 0.5 --distillation-config.weight-kl 0.5 --distillation-config.weight-mse 0 --distillation-config.temperature 4 --trainer-config.output-dir /tmp/galaxy_srv_disk00/pengchx3/3seed_finals/nt/vanilla_original --trainer-config.early-stop-patience 250 --random-state 1 --slurm-config.mode run
[23:06:09] (6/6) -> laniakea job=246580 :: nt_vanilla --task-names splice_sites_donors --distillation-config.weight-ce 0.5 --distillation-config.weight-kl 0.5 --distillation-config.weight-mse 0 --distillation-config.temperature 4 --trainer-config.output-dir /tmp/galaxy_srv_disk00/pengchx3/3seed_finals/nt/vanilla_original --trainer-config.early-stop-patience 250 --random-state 2 --slurm-config.mode run
[specs 23:06:14] all 6 submitted
===== round 6 Fri 03 Jul 2026 11:11:14 PM PDT =====
carbon=0 3seed=6 total_gaps=6
[specs 23:11:17] _dispatch_all.txt: 6 jobs to submit
[23:11:17] (1/6) -> laniakea job=246581 :: nt_vanilla --task-names splice_sites_acceptors --distillation-config.weight-ce 0.5 --distillation-config.weight-kl 1 --distillation-config.weight-mse 0 --distillation-config.temperature 2 --trainer-config.output-dir /tmp/galaxy_srv_disk00/pengchx3/3seed_finals/nt/vanilla_original --trainer-config.early-stop-patience 250 --random-state 0 --slurm-config.mode run
[23:11:23] (2/6) -> laniakea job=246582 :: nt_vanilla --task-names splice_sites_acceptors --distillation-config.weight-ce 0.5 --distillation-config.weight-kl 1 --distillation-config.weight-mse 0 --distillation-config.temperature 2 --trainer-config.output-dir /tmp/galaxy_srv_disk00/pengchx3/3seed_finals/nt/vanilla_original --trainer-config.early-stop-patience 250 --random-state 1 --slurm-config.mode run
[23:11:28] (3/6) -> laniakea job=246583 :: nt_vanilla --task-names splice_sites_acceptors --distillation-config.weight-ce 0.5 --distillation-config.weight-kl 1 --distillation-config.weight-mse 0 --distillation-config.temperature 2 --trainer-config.output-dir /tmp/galaxy_srv_disk00/pengchx3/3seed_finals/nt/vanilla_original --trainer-config.early-stop-patience 250 --random-state 2 --slurm-config.mode run
[23:11:33] (4/6) -> galaxy job=246584 :: nt_vanilla --task-names splice_sites_donors --distillation-config.weight-ce 0.5 --distillation-config.weight-kl 0.5 --distillation-config.weight-mse 0 --distillation-config.temperature 4 --trainer-config.output-dir /tmp/galaxy_srv_disk00/pengchx3/3seed_finals/nt/vanilla_original --trainer-config.early-stop-patience 250 --random-state 0 --slurm-config.mode run
[23:11:38] (5/6) -> laniakea job=246585 :: nt_vanilla --task-names splice_sites_donors --distillation-config.weight-ce 0.5 --distillation-config.weight-kl 0.5 --distillation-config.weight-mse 0 --distillation-config.temperature 4 --trainer-config.output-dir /tmp/galaxy_srv_disk00/pengchx3/3seed_finals/nt/vanilla_original --trainer-config.early-stop-patience 250 --random-state 1 --slurm-config.mode run
[23:11:43] (6/6) -> laniakea job=246586 :: nt_vanilla --task-names splice_sites_donors --distillation-config.weight-ce 0.5 --distillation-config.weight-kl 0.5 --distillation-config.weight-mse 0 --distillation-config.temperature 4 --trainer-config.output-dir /tmp/galaxy_srv_disk00/pengchx3/3seed_finals/nt/vanilla_original --trainer-config.early-stop-patience 250 --random-state 2 --slurm-config.mode run
[specs 23:11:48] all 6 submitted
===== round 7 Fri 03 Jul 2026 11:16:48 PM PDT =====
carbon=0 3seed=6 total_gaps=6
[specs 23:16:52] _dispatch_all.txt: 6 jobs to submit
[23:16:52] (1/6) -> laniakea job=246587 :: nt_vanilla --task-names splice_sites_acceptors --distillation-config.weight-ce 0.5 --distillation-config.weight-kl 1 --distillation-config.weight-mse 0 --distillation-config.temperature 2 --trainer-config.output-dir /tmp/galaxy_srv_disk00/pengchx3/3seed_finals/nt/vanilla_original --trainer-config.early-stop-patience 250 --random-state 0 --slurm-config.mode run
[23:16:57] (2/6) -> laniakea job=246588 :: nt_vanilla --task-names splice_sites_acceptors --distillation-config.weight-ce 0.5 --distillation-config.weight-kl 1 --distillation-config.weight-mse 0 --distillation-config.temperature 2 --trainer-config.output-dir /tmp/galaxy_srv_disk00/pengchx3/3seed_finals/nt/vanilla_original --trainer-config.early-stop-patience 250 --random-state 1 --slurm-config.mode run
[23:17:02] (3/6) -> laniakea job=246589 :: nt_vanilla --task-names splice_sites_acceptors --distillation-config.weight-ce 0.5 --distillation-config.weight-kl 1 --distillation-config.weight-mse 0 --distillation-config.temperature 2 --trainer-config.output-dir /tmp/galaxy_srv_disk00/pengchx3/3seed_finals/nt/vanilla_original --trainer-config.early-stop-patience 250 --random-state 2 --slurm-config.mode run
[23:17:07] (4/6) -> laniakea job=246590 :: nt_vanilla --task-names splice_sites_donors --distillation-config.weight-ce 0.5 --distillation-config.weight-kl 0.5 --distillation-config.weight-mse 0 --distillation-config.temperature 4 --trainer-config.output-dir /tmp/galaxy_srv_disk00/pengchx3/3seed_finals/nt/vanilla_original --trainer-config.early-stop-patience 250 --random-state 0 --slurm-config.mode run
[23:17:12] (5/6) -> laniakea job=246591 :: nt_vanilla --task-names splice_sites_donors --distillation-config.weight-ce 0.5 --distillation-config.weight-kl 0.5 --distillation-config.weight-mse 0 --distillation-config.temperature 4 --trainer-config.output-dir /tmp/galaxy_srv_disk00/pengchx3/3seed_finals/nt/vanilla_original --trainer-config.early-stop-patience 250 --random-state 1 --slurm-config.mode run
[23:17:17] (6/6) -> laniakea job=246592 :: nt_vanilla --task-names splice_sites_donors --distillation-config.weight-ce 0.5 --distillation-config.weight-kl 0.5 --distillation-config.weight-mse 0 --distillation-config.temperature 4 --trainer-config.output-dir /tmp/galaxy_srv_disk00/pengchx3/3seed_finals/nt/vanilla_original --trainer-config.early-stop-patience 250 --random-state 2 --slurm-config.mode run
[specs 23:17:22] all 6 submitted
===== round 8 Fri 03 Jul 2026 11:22:22 PM PDT =====
carbon=0 3seed=6 total_gaps=6
[specs 23:22:26] _dispatch_all.txt: 6 jobs to submit
[23:22:26] (1/6) -> laniakea job=246593 :: nt_vanilla --task-names splice_sites_acceptors --distillation-config.weight-ce 0.5 --distillation-config.weight-kl 1 --distillation-config.weight-mse 0 --distillation-config.temperature 2 --trainer-config.output-dir /tmp/galaxy_srv_disk00/pengchx3/3seed_finals/nt/vanilla_original --trainer-config.early-stop-patience 250 --random-state 0 --slurm-config.mode run
[23:22:31] (2/6) -> laniakea job=246594 :: nt_vanilla --task-names splice_sites_acceptors --distillation-config.weight-ce 0.5 --distillation-config.weight-kl 1 --distillation-config.weight-mse 0 --distillation-config.temperature 2 --trainer-config.output-dir /tmp/galaxy_srv_disk00/pengchx3/3seed_finals/nt/vanilla_original --trainer-config.early-stop-patience 250 --random-state 1 --slurm-config.mode run
[23:22:36] (3/6) -> laniakea job=246595 :: nt_vanilla --task-names splice_sites_acceptors --distillation-config.weight-ce 0.5 --distillation-config.weight-kl 1 --distillation-config.weight-mse 0 --distillation-config.temperature 2 --trainer-config.output-dir /tmp/galaxy_srv_disk00/pengchx3/3seed_finals/nt/vanilla_original --trainer-config.early-stop-patience 250 --random-state 2 --slurm-config.mode run
[23:22:41] (4/6) -> laniakea job=246596 :: nt_vanilla --task-names splice_sites_donors --distillation-config.weight-ce 0.5 --distillation-config.weight-kl 0.5 --distillation-config.weight-mse 0 --distillation-config.temperature 4 --trainer-config.output-dir /tmp/galaxy_srv_disk00/pengchx3/3seed_finals/nt/vanilla_original --trainer-config.early-stop-patience 250 --random-state 0 --slurm-config.mode run
[23:22:46] (5/6) -> laniakea job=246597 :: nt_vanilla --task-names splice_sites_donors --distillation-config.weight-ce 0.5 --distillation-config.weight-kl 0.5 --distillation-config.weight-mse 0 --distillation-config.temperature 4 --trainer-config.output-dir /tmp/galaxy_srv_disk00/pengchx3/3seed_finals/nt/vanilla_original --trainer-config.early-stop-patience 250 --random-state 1 --slurm-config.mode run
[23:22:51] (6/6) -> laniakea job=246598 :: nt_vanilla --task-names splice_sites_donors --distillation-config.weight-ce 0.5 --distillation-config.weight-kl 0.5 --distillation-config.weight-mse 0 --distillation-config.temperature 4 --trainer-config.output-dir /tmp/galaxy_srv_disk00/pengchx3/3seed_finals/nt/vanilla_original --trainer-config.early-stop-patience 250 --random-state 2 --slurm-config.mode run
[specs 23:22:56] all 6 submitted
===== round 9 Fri 03 Jul 2026 11:27:56 PM PDT =====
carbon=0 3seed=6 total_gaps=6
[specs 23:28:00] _dispatch_all.txt: 6 jobs to submit
[23:28:00] (1/6) -> laniakea job=246599 :: nt_vanilla --task-names splice_sites_acceptors --distillation-config.weight-ce 0.5 --distillation-config.weight-kl 1 --distillation-config.weight-mse 0 --distillation-config.temperature 2 --trainer-config.output-dir /tmp/galaxy_srv_disk00/pengchx3/3seed_finals/nt/vanilla_original --trainer-config.early-stop-patience 250 --random-state 0 --slurm-config.mode run
[23:28:05] (2/6) -> laniakea job=246600 :: nt_vanilla --task-names splice_sites_acceptors --distillation-config.weight-ce 0.5 --distillation-config.weight-kl 1 --distillation-config.weight-mse 0 --distillation-config.temperature 2 --trainer-config.output-dir /tmp/galaxy_srv_disk00/pengchx3/3seed_finals/nt/vanilla_original --trainer-config.early-stop-patience 250 --random-state 1 --slurm-config.mode run
[23:28:10] (3/6) -> laniakea job=246601 :: nt_vanilla --task-names splice_sites_acceptors --distillation-config.weight-ce 0.5 --distillation-config.weight-kl 1 --distillation-config.weight-mse 0 --distillation-config.temperature 2 --trainer-config.output-dir /tmp/galaxy_srv_disk00/pengchx3/3seed_finals/nt/vanilla_original --trainer-config.early-stop-patience 250 --random-state 2 --slurm-config.mode run
[23:28:15] (4/6) -> laniakea job=246602 :: nt_vanilla --task-names splice_sites_donors --distillation-config.weight-ce 0.5 --distillation-config.weight-kl 0.5 --distillation-config.weight-mse 0 --distillation-config.temperature 4 --trainer-config.output-dir /tmp/galaxy_srv_disk00/pengchx3/3seed_finals/nt/vanilla_original --trainer-config.early-stop-patience 250 --random-state 0 --slurm-config.mode run
[23:28:21] (5/6) -> laniakea job=246603 :: nt_vanilla --task-names splice_sites_donors --distillation-config.weight-ce 0.5 --distillation-config.weight-kl 0.5 --distillation-config.weight-mse 0 --distillation-config.temperature 4 --trainer-config.output-dir /tmp/galaxy_srv_disk00/pengchx3/3seed_finals/nt/vanilla_original --trainer-config.early-stop-patience 250 --random-state 1 --slurm-config.mode run
[23:28:26] (6/6) -> laniakea job=246604 :: nt_vanilla --task-names splice_sites_donors --distillation-config.weight-ce 0.5 --distillation-config.weight-kl 0.5 --distillation-config.weight-mse 0 --distillation-config.temperature 4 --trainer-config.output-dir /tmp/galaxy_srv_disk00/pengchx3/3seed_finals/nt/vanilla_original --trainer-config.early-stop-patience 250 --random-state 2 --slurm-config.mode run
[specs 23:28:31] all 6 submitted
===== round 10 Fri 03 Jul 2026 11:33:31 PM PDT =====
carbon=0 3seed=6 total_gaps=6
[specs 23:33:34] _dispatch_all.txt: 6 jobs to submit
[23:33:35] (1/6) -> laniakea job=246605 :: nt_vanilla --task-names splice_sites_acceptors --distillation-config.weight-ce 0.5 --distillation-config.weight-kl 1 --distillation-config.weight-mse 0 --distillation-config.temperature 2 --trainer-config.output-dir /tmp/galaxy_srv_disk00/pengchx3/3seed_finals/nt/vanilla_original --trainer-config.early-stop-patience 250 --random-state 0 --slurm-config.mode run
[23:33:40] (2/6) -> laniakea job=246606 :: nt_vanilla --task-names splice_sites_acceptors --distillation-config.weight-ce 0.5 --distillation-config.weight-kl 1 --distillation-config.weight-mse 0 --distillation-config.temperature 2 --trainer-config.output-dir /tmp/galaxy_srv_disk00/pengchx3/3seed_finals/nt/vanilla_original --trainer-config.early-stop-patience 250 --random-state 1 --slurm-config.mode run
[23:33:45] (3/6) -> laniakea job=246607 :: nt_vanilla --task-names splice_sites_acceptors --distillation-config.weight-ce 0.5 --distillation-config.weight-kl 1 --distillation-config.weight-mse 0 --distillation-config.temperature 2 --trainer-config.output-dir /tmp/galaxy_srv_disk00/pengchx3/3seed_finals/nt/vanilla_original --trainer-config.early-stop-patience 250 --random-state 2 --slurm-config.mode run
[23:33:50] (4/6) -> laniakea job=246608 :: nt_vanilla --task-names splice_sites_donors --distillation-config.weight-ce 0.5 --distillation-config.weight-kl 0.5 --distillation-config.weight-mse 0 --distillation-config.temperature 4 --trainer-config.output-dir /tmp/galaxy_srv_disk00/pengchx3/3seed_finals/nt/vanilla_original --trainer-config.early-stop-patience 250 --random-state 0 --slurm-config.mode run
[23:33:55] (5/6) -> laniakea job=246609 :: nt_vanilla --task-names splice_sites_donors --distillation-config.weight-ce 0.5 --distillation-config.weight-kl 0.5 --distillation-config.weight-mse 0 --distillation-config.temperature 4 --trainer-config.output-dir /tmp/galaxy_srv_disk00/pengchx3/3seed_finals/nt/vanilla_original --trainer-config.early-stop-patience 250 --random-state 1 --slurm-config.mode run
[23:34:00] (6/6) -> laniakea job=246610 :: nt_vanilla --task-names splice_sites_donors --distillation-config.weight-ce 0.5 --distillation-config.weight-kl 0.5 --distillation-config.weight-mse 0 --distillation-config.temperature 4 --trainer-config.output-dir /tmp/galaxy_srv_disk00/pengchx3/3seed_finals/nt/vanilla_original --trainer-config.early-stop-patience 250 --random-state 2 --slurm-config.mode run
[specs 23:34:05] all 6 submitted
===== round 11 Fri 03 Jul 2026 11:39:05 PM PDT =====
carbon=0 3seed=6 total_gaps=6
[specs 23:39:09] _dispatch_all.txt: 6 jobs to submit
[23:39:09] (1/6) -> laniakea job=246611 :: nt_vanilla --task-names splice_sites_acceptors --distillation-config.weight-ce 0.5 --distillation-config.weight-kl 1 --distillation-config.weight-mse 0 --distillation-config.temperature 2 --trainer-config.output-dir /tmp/galaxy_srv_disk00/pengchx3/3seed_finals/nt/vanilla_original --trainer-config.early-stop-patience 250 --random-state 0 --slurm-config.mode run
[23:39:14] (2/6) -> laniakea job=246612 :: nt_vanilla --task-names splice_sites_acceptors --distillation-config.weight-ce 0.5 --distillation-config.weight-kl 1 --distillation-config.weight-mse 0 --distillation-config.temperature 2 --trainer-config.output-dir /tmp/galaxy_srv_disk00/pengchx3/3seed_finals/nt/vanilla_original --trainer-config.early-stop-patience 250 --random-state 1 --slurm-config.mode run
[23:39:19] (3/6) -> laniakea job=246613 :: nt_vanilla --task-names splice_sites_acceptors --distillation-config.weight-ce 0.5 --distillation-config.weight-kl 1 --distillation-config.weight-mse 0 --distillation-config.temperature 2 --trainer-config.output-dir /tmp/galaxy_srv_disk00/pengchx3/3seed_finals/nt/vanilla_original --trainer-config.early-stop-patience 250 --random-state 2 --slurm-config.mode run
[23:39:24] (4/6) -> laniakea job=246614 :: nt_vanilla --task-names splice_sites_donors --distillation-config.weight-ce 0.5 --distillation-config.weight-kl 0.5 --distillation-config.weight-mse 0 --distillation-config.temperature 4 --trainer-config.output-dir /tmp/galaxy_srv_disk00/pengchx3/3seed_finals/nt/vanilla_original --trainer-config.early-stop-patience 250 --random-state 0 --slurm-config.mode run
[23:39:29] (5/6) -> laniakea job=246615 :: nt_vanilla --task-names splice_sites_donors --distillation-config.weight-ce 0.5 --distillation-config.weight-kl 0.5 --distillation-config.weight-mse 0 --distillation-config.temperature 4 --trainer-config.output-dir /tmp/galaxy_srv_disk00/pengchx3/3seed_finals/nt/vanilla_original --trainer-config.early-stop-patience 250 --random-state 1 --slurm-config.mode run
[23:39:34] (6/6) -> laniakea job=246616 :: nt_vanilla --task-names splice_sites_donors --distillation-config.weight-ce 0.5 --distillation-config.weight-kl 0.5 --distillation-config.weight-mse 0 --distillation-config.temperature 4 --trainer-config.output-dir /tmp/galaxy_srv_disk00/pengchx3/3seed_finals/nt/vanilla_original --trainer-config.early-stop-patience 250 --random-state 2 --slurm-config.mode run
[specs 23:39:39] all 6 submitted
===== round 12 Fri 03 Jul 2026 11:44:39 PM PDT =====
carbon=0 3seed=6 total_gaps=6
[specs 23:44:43] _dispatch_all.txt: 6 jobs to submit
[23:44:43] (1/6) -> laniakea job=246617 :: nt_vanilla --task-names splice_sites_acceptors --distillation-config.weight-ce 0.5 --distillation-config.weight-kl 1 --distillation-config.weight-mse 0 --distillation-config.temperature 2 --trainer-config.output-dir /tmp/galaxy_srv_disk00/pengchx3/3seed_finals/nt/vanilla_original --trainer-config.early-stop-patience 250 --random-state 0 --slurm-config.mode run
[23:44:48] (2/6) -> laniakea job=246618 :: nt_vanilla --task-names splice_sites_acceptors --distillation-config.weight-ce 0.5 --distillation-config.weight-kl 1 --distillation-config.weight-mse 0 --distillation-config.temperature 2 --trainer-config.output-dir /tmp/galaxy_srv_disk00/pengchx3/3seed_finals/nt/vanilla_original --trainer-config.early-stop-patience 250 --random-state 1 --slurm-config.mode run
[23:44:53] (3/6) -> laniakea job=246619 :: nt_vanilla --task-names splice_sites_acceptors --distillation-config.weight-ce 0.5 --distillation-config.weight-kl 1 --distillation-config.weight-mse 0 --distillation-config.temperature 2 --trainer-config.output-dir /tmp/galaxy_srv_disk00/pengchx3/3seed_finals/nt/vanilla_original --trainer-config.early-stop-patience 250 --random-state 2 --slurm-config.mode run
[23:44:58] (4/6) -> laniakea job=246620 :: nt_vanilla --task-names splice_sites_donors --distillation-config.weight-ce 0.5 --distillation-config.weight-kl 0.5 --distillation-config.weight-mse 0 --distillation-config.temperature 4 --trainer-config.output-dir /tmp/galaxy_srv_disk00/pengchx3/3seed_finals/nt/vanilla_original --trainer-config.early-stop-patience 250 --random-state 0 --slurm-config.mode run
[23:45:03] (5/6) -> laniakea job=246621 :: nt_vanilla --task-names splice_sites_donors --distillation-config.weight-ce 0.5 --distillation-config.weight-kl 0.5 --distillation-config.weight-mse 0 --distillation-config.temperature 4 --trainer-config.output-dir /tmp/galaxy_srv_disk00/pengchx3/3seed_finals/nt/vanilla_original --trainer-config.early-stop-patience 250 --random-state 1 --slurm-config.mode run
[23:45:08] (6/6) -> laniakea job=246622 :: nt_vanilla --task-names splice_sites_donors --distillation-config.weight-ce 0.5 --distillation-config.weight-kl 0.5 --distillation-config.weight-mse 0 --distillation-config.temperature 4 --trainer-config.output-dir /tmp/galaxy_srv_disk00/pengchx3/3seed_finals/nt/vanilla_original --trainer-config.early-stop-patience 250 --random-state 2 --slurm-config.mode run
[specs 23:45:13] all 6 submitted
===== round 13 Fri 03 Jul 2026 11:50:13 PM PDT =====
carbon=0 3seed=6 total_gaps=6
[specs 23:50:17] _dispatch_all.txt: 6 jobs to submit
[23:50:17] (1/6) -> laniakea job=246623 :: nt_vanilla --task-names splice_sites_acceptors --distillation-config.weight-ce 0.5 --distillation-config.weight-kl 1 --distillation-config.weight-mse 0 --distillation-config.temperature 2 --trainer-config.output-dir /tmp/galaxy_srv_disk00/pengchx3/3seed_finals/nt/vanilla_original --trainer-config.early-stop-patience 250 --random-state 0 --slurm-config.mode run
[23:50:22] (2/6) -> laniakea job=246624 :: nt_vanilla --task-names splice_sites_acceptors --distillation-config.weight-ce 0.5 --distillation-config.weight-kl 1 --distillation-config.weight-mse 0 --distillation-config.temperature 2 --trainer-config.output-dir /tmp/galaxy_srv_disk00/pengchx3/3seed_finals/nt/vanilla_original --trainer-config.early-stop-patience 250 --random-state 1 --slurm-config.mode run
[23:50:27] (3/6) -> laniakea job=246625 :: nt_vanilla --task-names splice_sites_acceptors --distillation-config.weight-ce 0.5 --distillation-config.weight-kl 1 --distillation-config.weight-mse 0 --distillation-config.temperature 2 --trainer-config.output-dir /tmp/galaxy_srv_disk00/pengchx3/3seed_finals/nt/vanilla_original --trainer-config.early-stop-patience 250 --random-state 2 --slurm-config.mode run
[23:50:32] (4/6) -> laniakea job=246626 :: nt_vanilla --task-names splice_sites_donors --distillation-config.weight-ce 0.5 --distillation-config.weight-kl 0.5 --distillation-config.weight-mse 0 --distillation-config.temperature 4 --trainer-config.output-dir /tmp/galaxy_srv_disk00/pengchx3/3seed_finals/nt/vanilla_original --trainer-config.early-stop-patience 250 --random-state 0 --slurm-config.mode run
[23:50:37] (5/6) -> laniakea job=246627 :: nt_vanilla --task-names splice_sites_donors --distillation-config.weight-ce 0.5 --distillation-config.weight-kl 0.5 --distillation-config.weight-mse 0 --distillation-config.temperature 4 --trainer-config.output-dir /tmp/galaxy_srv_disk00/pengchx3/3seed_finals/nt/vanilla_original --trainer-config.early-stop-patience 250 --random-state 1 --slurm-config.mode run
[23:50:42] (6/6) -> laniakea job=246628 :: nt_vanilla --task-names splice_sites_donors --distillation-config.weight-ce 0.5 --distillation-config.weight-kl 0.5 --distillation-config.weight-mse 0 --distillation-config.temperature 4 --trainer-config.output-dir /tmp/galaxy_srv_disk00/pengchx3/3seed_finals/nt/vanilla_original --trainer-config.early-stop-patience 250 --random-state 2 --slurm-config.mode run
[specs 23:50:47] all 6 submitted
===== round 14 Fri 03 Jul 2026 11:55:47 PM PDT =====
carbon=0 3seed=6 total_gaps=6
[specs 23:55:51] _dispatch_all.txt: 6 jobs to submit
[23:55:51] (1/6) -> laniakea job=246629 :: nt_vanilla --task-names splice_sites_acceptors --distillation-config.weight-ce 0.5 --distillation-config.weight-kl 1 --distillation-config.weight-mse 0 --distillation-config.temperature 2 --trainer-config.output-dir /tmp/galaxy_srv_disk00/pengchx3/3seed_finals/nt/vanilla_original --trainer-config.early-stop-patience 250 --random-state 0 --slurm-config.mode run
[23:55:56] (2/6) -> laniakea job=246630 :: nt_vanilla --task-names splice_sites_acceptors --distillation-config.weight-ce 0.5 --distillation-config.weight-kl 1 --distillation-config.weight-mse 0 --distillation-config.temperature 2 --trainer-config.output-dir /tmp/galaxy_srv_disk00/pengchx3/3seed_finals/nt/vanilla_original --trainer-config.early-stop-patience 250 --random-state 1 --slurm-config.mode run
[23:56:01] (3/6) -> laniakea job=246631 :: nt_vanilla --task-names splice_sites_acceptors --distillation-config.weight-ce 0.5 --distillation-config.weight-kl 1 --distillation-config.weight-mse 0 --distillation-config.temperature 2 --trainer-config.output-dir /tmp/galaxy_srv_disk00/pengchx3/3seed_finals/nt/vanilla_original --trainer-config.early-stop-patience 250 --random-state 2 --slurm-config.mode run
[23:56:07] (4/6) -> laniakea job=246632 :: nt_vanilla --task-names splice_sites_donors --distillation-config.weight-ce 0.5 --distillation-config.weight-kl 0.5 --distillation-config.weight-mse 0 --distillation-config.temperature 4 --trainer-config.output-dir /tmp/galaxy_srv_disk00/pengchx3/3seed_finals/nt/vanilla_original --trainer-config.early-stop-patience 250 --random-state 0 --slurm-config.mode run
[23:56:12] (5/6) -> laniakea job=246633 :: nt_vanilla --task-names splice_sites_donors --distillation-config.weight-ce 0.5 --distillation-config.weight-kl 0.5 --distillation-config.weight-mse 0 --distillation-config.temperature 4 --trainer-config.output-dir /tmp/galaxy_srv_disk00/pengchx3/3seed_finals/nt/vanilla_original --trainer-config.early-stop-patience 250 --random-state 1 --slurm-config.mode run
[23:56:17] (6/6) -> laniakea job=246634 :: nt_vanilla --task-names splice_sites_donors --distillation-config.weight-ce 0.5 --distillation-config.weight-kl 0.5 --distillation-config.weight-mse 0 --distillation-config.temperature 4 --trainer-config.output-dir /tmp/galaxy_srv_disk00/pengchx3/3seed_finals/nt/vanilla_original --trainer-config.early-stop-patience 250 --random-state 2 --slurm-config.mode run
[specs 23:56:22] all 6 submitted
===== round 15 Sat 04 Jul 2026 12:01:22 AM PDT =====
carbon=0 3seed=6 total_gaps=6
[specs 00:01:25] _dispatch_all.txt: 6 jobs to submit
[00:01:26] (1/6) -> laniakea job=246636 :: nt_vanilla --task-names splice_sites_acceptors --distillation-config.weight-ce 0.5 --distillation-config.weight-kl 1 --distillation-config.weight-mse 0 --distillation-config.temperature 2 --trainer-config.output-dir /tmp/galaxy_srv_disk00/pengchx3/3seed_finals/nt/vanilla_original --trainer-config.early-stop-patience 250 --random-state 0 --slurm-config.mode run
[00:01:31] (2/6) -> laniakea job=246637 :: nt_vanilla --task-names splice_sites_acceptors --distillation-config.weight-ce 0.5 --distillation-config.weight-kl 1 --distillation-config.weight-mse 0 --distillation-config.temperature 2 --trainer-config.output-dir /tmp/galaxy_srv_disk00/pengchx3/3seed_finals/nt/vanilla_original --trainer-config.early-stop-patience 250 --random-state 1 --slurm-config.mode run
[00:01:36] (3/6) -> laniakea job=246638 :: nt_vanilla --task-names splice_sites_acceptors --distillation-config.weight-ce 0.5 --distillation-config.weight-kl 1 --distillation-config.weight-mse 0 --distillation-config.temperature 2 --trainer-config.output-dir /tmp/galaxy_srv_disk00/pengchx3/3seed_finals/nt/vanilla_original --trainer-config.early-stop-patience 250 --random-state 2 --slurm-config.mode run
[00:01:41] (4/6) -> laniakea job=246639 :: nt_vanilla --task-names splice_sites_donors --distillation-config.weight-ce 0.5 --distillation-config.weight-kl 0.5 --distillation-config.weight-mse 0 --distillation-config.temperature 4 --trainer-config.output-dir /tmp/galaxy_srv_disk00/pengchx3/3seed_finals/nt/vanilla_original --trainer-config.early-stop-patience 250 --random-state 0 --slurm-config.mode run
[00:01:46] (5/6) -> laniakea job=246640 :: nt_vanilla --task-names splice_sites_donors --distillation-config.weight-ce 0.5 --distillation-config.weight-kl 0.5 --distillation-config.weight-mse 0 --distillation-config.temperature 4 --trainer-config.output-dir /tmp/galaxy_srv_disk00/pengchx3/3seed_finals/nt/vanilla_original --trainer-config.early-stop-patience 250 --random-state 1 --slurm-config.mode run
[00:01:51] (6/6) -> laniakea job=246641 :: nt_vanilla --task-names splice_sites_donors --distillation-config.weight-ce 0.5 --distillation-config.weight-kl 0.5 --distillation-config.weight-mse 0 --distillation-config.temperature 4 --trainer-config.output-dir /tmp/galaxy_srv_disk00/pengchx3/3seed_finals/nt/vanilla_original --trainer-config.early-stop-patience 250 --random-state 2 --slurm-config.mode run
[specs 00:01:56] all 6 submitted
===== round 16 Sat 04 Jul 2026 12:06:56 AM PDT =====
carbon=0 3seed=6 total_gaps=6
[specs 00:07:00] _dispatch_all.txt: 6 jobs to submit
[00:07:00] (1/6) -> laniakea job=246642 :: nt_vanilla --task-names splice_sites_acceptors --distillation-config.weight-ce 0.5 --distillation-config.weight-kl 1 --distillation-config.weight-mse 0 --distillation-config.temperature 2 --trainer-config.output-dir /tmp/galaxy_srv_disk00/pengchx3/3seed_finals/nt/vanilla_original --trainer-config.early-stop-patience 250 --random-state 0 --slurm-config.mode run
[00:07:05] (2/6) -> laniakea job=246643 :: nt_vanilla --task-names splice_sites_acceptors --distillation-config.weight-ce 0.5 --distillation-config.weight-kl 1 --distillation-config.weight-mse 0 --distillation-config.temperature 2 --trainer-config.output-dir /tmp/galaxy_srv_disk00/pengchx3/3seed_finals/nt/vanilla_original --trainer-config.early-stop-patience 250 --random-state 1 --slurm-config.mode run
[00:07:10] (3/6) -> laniakea job=246644 :: nt_vanilla --task-names splice_sites_acceptors --distillation-config.weight-ce 0.5 --distillation-config.weight-kl 1 --distillation-config.weight-mse 0 --distillation-config.temperature 2 --trainer-config.output-dir /tmp/galaxy_srv_disk00/pengchx3/3seed_finals/nt/vanilla_original --trainer-config.early-stop-patience 250 --random-state 2 --slurm-config.mode run
[00:07:15] (4/6) -> laniakea job=246645 :: nt_vanilla --task-names splice_sites_donors --distillation-config.weight-ce 0.5 --distillation-config.weight-kl 0.5 --distillation-config.weight-mse 0 --distillation-config.temperature 4 --trainer-config.output-dir /tmp/galaxy_srv_disk00/pengchx3/3seed_finals/nt/vanilla_original --trainer-config.early-stop-patience 250 --random-state 0 --slurm-config.mode run
[00:07:20] (5/6) -> laniakea job=246646 :: nt_vanilla --task-names splice_sites_donors --distillation-config.weight-ce 0.5 --distillation-config.weight-kl 0.5 --distillation-config.weight-mse 0 --distillation-config.temperature 4 --trainer-config.output-dir /tmp/galaxy_srv_disk00/pengchx3/3seed_finals/nt/vanilla_original --trainer-config.early-stop-patience 250 --random-state 1 --slurm-config.mode run
[00:07:25] (6/6) -> laniakea job=246647 :: nt_vanilla --task-names splice_sites_donors --distillation-config.weight-ce 0.5 --distillation-config.weight-kl 0.5 --distillation-config.weight-mse 0 --distillation-config.temperature 4 --trainer-config.output-dir /tmp/galaxy_srv_disk00/pengchx3/3seed_finals/nt/vanilla_original --trainer-config.early-stop-patience 250 --random-state 2 --slurm-config.mode run
[specs 00:07:30] all 6 submitted
===== round 17 Sat 04 Jul 2026 12:12:30 AM PDT =====
carbon=0 3seed=6 total_gaps=6
[specs 00:12:34] _dispatch_all.txt: 6 jobs to submit
[00:12:34] (1/6) -> laniakea job=246649 :: nt_vanilla --task-names splice_sites_acceptors --distillation-config.weight-ce 0.5 --distillation-config.weight-kl 1 --distillation-config.weight-mse 0 --distillation-config.temperature 2 --trainer-config.output-dir /tmp/galaxy_srv_disk00/pengchx3/3seed_finals/nt/vanilla_original --trainer-config.early-stop-patience 250 --random-state 0 --slurm-config.mode run
[00:12:39] (2/6) -> laniakea job=246650 :: nt_vanilla --task-names splice_sites_acceptors --distillation-config.weight-ce 0.5 --distillation-config.weight-kl 1 --distillation-config.weight-mse 0 --distillation-config.temperature 2 --trainer-config.output-dir /tmp/galaxy_srv_disk00/pengchx3/3seed_finals/nt/vanilla_original --trainer-config.early-stop-patience 250 --random-state 1 --slurm-config.mode run
[00:12:44] (3/6) -> laniakea job=246651 :: nt_vanilla --task-names splice_sites_acceptors --distillation-config.weight-ce 0.5 --distillation-config.weight-kl 1 --distillation-config.weight-mse 0 --distillation-config.temperature 2 --trainer-config.output-dir /tmp/galaxy_srv_disk00/pengchx3/3seed_finals/nt/vanilla_original --trainer-config.early-stop-patience 250 --random-state 2 --slurm-config.mode run
[00:12:49] (4/6) -> laniakea job=246652 :: nt_vanilla --task-names splice_sites_donors --distillation-config.weight-ce 0.5 --distillation-config.weight-kl 0.5 --distillation-config.weight-mse 0 --distillation-config.temperature 4 --trainer-config.output-dir /tmp/galaxy_srv_disk00/pengchx3/3seed_finals/nt/vanilla_original --trainer-config.early-stop-patience 250 --random-state 0 --slurm-config.mode run
[00:12:54] (5/6) -> laniakea job=246653 :: nt_vanilla --task-names splice_sites_donors --distillation-config.weight-ce 0.5 --distillation-config.weight-kl 0.5 --distillation-config.weight-mse 0 --distillation-config.temperature 4 --trainer-config.output-dir /tmp/galaxy_srv_disk00/pengchx3/3seed_finals/nt/vanilla_original --trainer-config.early-stop-patience 250 --random-state 1 --slurm-config.mode run
[00:12:59] (6/6) -> laniakea job=246654 :: nt_vanilla --task-names splice_sites_donors --distillation-config.weight-ce 0.5 --distillation-config.weight-kl 0.5 --distillation-config.weight-mse 0 --distillation-config.temperature 4 --trainer-config.output-dir /tmp/galaxy_srv_disk00/pengchx3/3seed_finals/nt/vanilla_original --trainer-config.early-stop-patience 250 --random-state 2 --slurm-config.mode run
[specs 00:13:04] all 6 submitted
===== round 18 Sat 04 Jul 2026 12:18:04 AM PDT =====
carbon=0 3seed=6 total_gaps=6
[specs 00:18:08] _dispatch_all.txt: 6 jobs to submit
[00:18:08] (1/6) -> laniakea job=246655 :: nt_vanilla --task-names splice_sites_acceptors --distillation-config.weight-ce 0.5 --distillation-config.weight-kl 1 --distillation-config.weight-mse 0 --distillation-config.temperature 2 --trainer-config.output-dir /tmp/galaxy_srv_disk00/pengchx3/3seed_finals/nt/vanilla_original --trainer-config.early-stop-patience 250 --random-state 0 --slurm-config.mode run
[00:18:14] (2/6) -> laniakea job=246656 :: nt_vanilla --task-names splice_sites_acceptors --distillation-config.weight-ce 0.5 --distillation-config.weight-kl 1 --distillation-config.weight-mse 0 --distillation-config.temperature 2 --trainer-config.output-dir /tmp/galaxy_srv_disk00/pengchx3/3seed_finals/nt/vanilla_original --trainer-config.early-stop-patience 250 --random-state 1 --slurm-config.mode run
[00:18:19] (3/6) -> laniakea job=246657 :: nt_vanilla --task-names splice_sites_acceptors --distillation-config.weight-ce 0.5 --distillation-config.weight-kl 1 --distillation-config.weight-mse 0 --distillation-config.temperature 2 --trainer-config.output-dir /tmp/galaxy_srv_disk00/pengchx3/3seed_finals/nt/vanilla_original --trainer-config.early-stop-patience 250 --random-state 2 --slurm-config.mode run
[00:18:24] (4/6) -> laniakea job=246658 :: nt_vanilla --task-names splice_sites_donors --distillation-config.weight-ce 0.5 --distillation-config.weight-kl 0.5 --distillation-config.weight-mse 0 --distillation-config.temperature 4 --trainer-config.output-dir /tmp/galaxy_srv_disk00/pengchx3/3seed_finals/nt/vanilla_original --trainer-config.early-stop-patience 250 --random-state 0 --slurm-config.mode run
[00:18:29] (5/6) -> laniakea job=246659 :: nt_vanilla --task-names splice_sites_donors --distillation-config.weight-ce 0.5 --distillation-config.weight-kl 0.5 --distillation-config.weight-mse 0 --distillation-config.temperature 4 --trainer-config.output-dir /tmp/galaxy_srv_disk00/pengchx3/3seed_finals/nt/vanilla_original --trainer-config.early-stop-patience 250 --random-state 1 --slurm-config.mode run
[00:18:34] (6/6) -> laniakea job=246660 :: nt_vanilla --task-names splice_sites_donors --distillation-config.weight-ce 0.5 --distillation-config.weight-kl 0.5 --distillation-config.weight-mse 0 --distillation-config.temperature 4 --trainer-config.output-dir /tmp/galaxy_srv_disk00/pengchx3/3seed_finals/nt/vanilla_original --trainer-config.early-stop-patience 250 --random-state 2 --slurm-config.mode run
[specs 00:18:39] all 6 submitted
===== round 19 Sat 04 Jul 2026 12:23:39 AM PDT =====
carbon=0 3seed=6 total_gaps=6
[specs 00:23:43] _dispatch_all.txt: 6 jobs to submit
[00:23:43] (1/6) -> laniakea job=246661 :: nt_vanilla --task-names splice_sites_acceptors --distillation-config.weight-ce 0.5 --distillation-config.weight-kl 1 --distillation-config.weight-mse 0 --distillation-config.temperature 2 --trainer-config.output-dir /tmp/galaxy_srv_disk00/pengchx3/3seed_finals/nt/vanilla_original --trainer-config.early-stop-patience 250 --random-state 0 --slurm-config.mode run
[00:23:48] (2/6) -> laniakea job=246662 :: nt_vanilla --task-names splice_sites_acceptors --distillation-config.weight-ce 0.5 --distillation-config.weight-kl 1 --distillation-config.weight-mse 0 --distillation-config.temperature 2 --trainer-config.output-dir /tmp/galaxy_srv_disk00/pengchx3/3seed_finals/nt/vanilla_original --trainer-config.early-stop-patience 250 --random-state 1 --slurm-config.mode run
[00:23:53] (3/6) -> laniakea job=246663 :: nt_vanilla --task-names splice_sites_acceptors --distillation-config.weight-ce 0.5 --distillation-config.weight-kl 1 --distillation-config.weight-mse 0 --distillation-config.temperature 2 --trainer-config.output-dir /tmp/galaxy_srv_disk00/pengchx3/3seed_finals/nt/vanilla_original --trainer-config.early-stop-patience 250 --random-state 2 --slurm-config.mode run
[00:23:58] (4/6) -> laniakea job=246664 :: nt_vanilla --task-names splice_sites_donors --distillation-config.weight-ce 0.5 --distillation-config.weight-kl 0.5 --distillation-config.weight-mse 0 --distillation-config.temperature 4 --trainer-config.output-dir /tmp/galaxy_srv_disk00/pengchx3/3seed_finals/nt/vanilla_original --trainer-config.early-stop-patience 250 --random-state 0 --slurm-config.mode run
[00:24:03] (5/6) -> laniakea job=246665 :: nt_vanilla --task-names splice_sites_donors --distillation-config.weight-ce 0.5 --distillation-config.weight-kl 0.5 --distillation-config.weight-mse 0 --distillation-config.temperature 4 --trainer-config.output-dir /tmp/galaxy_srv_disk00/pengchx3/3seed_finals/nt/vanilla_original --trainer-config.early-stop-patience 250 --random-state 1 --slurm-config.mode run
[00:24:08] (6/6) -> laniakea job=246666 :: nt_vanilla --task-names splice_sites_donors --distillation-config.weight-ce 0.5 --distillation-config.weight-kl 0.5 --distillation-config.weight-mse 0 --distillation-config.temperature 4 --trainer-config.output-dir /tmp/galaxy_srv_disk00/pengchx3/3seed_finals/nt/vanilla_original --trainer-config.early-stop-patience 250 --random-state 2 --slurm-config.mode run
[specs 00:24:13] all 6 submitted
===== round 20 Sat 04 Jul 2026 12:29:13 AM PDT =====
carbon=0 3seed=6 total_gaps=6
[specs 00:29:17] _dispatch_all.txt: 6 jobs to submit
[00:29:17] (1/6) -> laniakea job=246667 :: nt_vanilla --task-names splice_sites_acceptors --distillation-config.weight-ce 0.5 --distillation-config.weight-kl 1 --distillation-config.weight-mse 0 --distillation-config.temperature 2 --trainer-config.output-dir /tmp/galaxy_srv_disk00/pengchx3/3seed_finals/nt/vanilla_original --trainer-config.early-stop-patience 250 --random-state 0 --slurm-config.mode run
[00:29:22] (2/6) -> laniakea job=246668 :: nt_vanilla --task-names splice_sites_acceptors --distillation-config.weight-ce 0.5 --distillation-config.weight-kl 1 --distillation-config.weight-mse 0 --distillation-config.temperature 2 --trainer-config.output-dir /tmp/galaxy_srv_disk00/pengchx3/3seed_finals/nt/vanilla_original --trainer-config.early-stop-patience 250 --random-state 1 --slurm-config.mode run
[00:29:27] (3/6) -> laniakea job=246669 :: nt_vanilla --task-names splice_sites_acceptors --distillation-config.weight-ce 0.5 --distillation-config.weight-kl 1 --distillation-config.weight-mse 0 --distillation-config.temperature 2 --trainer-config.output-dir /tmp/galaxy_srv_disk00/pengchx3/3seed_finals/nt/vanilla_original --trainer-config.early-stop-patience 250 --random-state 2 --slurm-config.mode run
[00:29:32] (4/6) -> laniakea job=246670 :: nt_vanilla --task-names splice_sites_donors --distillation-config.weight-ce 0.5 --distillation-config.weight-kl 0.5 --distillation-config.weight-mse 0 --distillation-config.temperature 4 --trainer-config.output-dir /tmp/galaxy_srv_disk00/pengchx3/3seed_finals/nt/vanilla_original --trainer-config.early-stop-patience 250 --random-state 0 --slurm-config.mode run
[00:29:37] (5/6) -> laniakea job=246671 :: nt_vanilla --task-names splice_sites_donors --distillation-config.weight-ce 0.5 --distillation-config.weight-kl 0.5 --distillation-config.weight-mse 0 --distillation-config.temperature 4 --trainer-config.output-dir /tmp/galaxy_srv_disk00/pengchx3/3seed_finals/nt/vanilla_original --trainer-config.early-stop-patience 250 --random-state 1 --slurm-config.mode run
[00:29:42] (6/6) -> laniakea job=246672 :: nt_vanilla --task-names splice_sites_donors --distillation-config.weight-ce 0.5 --distillation-config.weight-kl 0.5 --distillation-config.weight-mse 0 --distillation-config.temperature 4 --trainer-config.output-dir /tmp/galaxy_srv_disk00/pengchx3/3seed_finals/nt/vanilla_original --trainer-config.early-stop-patience 250 --random-state 2 --slurm-config.mode run
[specs 00:29:47] all 6 submitted
===== round 21 Sat 04 Jul 2026 12:34:47 AM PDT =====
carbon=0 3seed=6 total_gaps=6
[specs 00:34:51] _dispatch_all.txt: 6 jobs to submit
[00:34:51] (1/6) -> laniakea job=246673 :: nt_vanilla --task-names splice_sites_acceptors --distillation-config.weight-ce 0.5 --distillation-config.weight-kl 1 --distillation-config.weight-mse 0 --distillation-config.temperature 2 --trainer-config.output-dir /tmp/galaxy_srv_disk00/pengchx3/3seed_finals/nt/vanilla_original --trainer-config.early-stop-patience 250 --random-state 0 --slurm-config.mode run
[00:34:56] (2/6) -> laniakea job=246674 :: nt_vanilla --task-names splice_sites_acceptors --distillation-config.weight-ce 0.5 --distillation-config.weight-kl 1 --distillation-config.weight-mse 0 --distillation-config.temperature 2 --trainer-config.output-dir /tmp/galaxy_srv_disk00/pengchx3/3seed_finals/nt/vanilla_original --trainer-config.early-stop-patience 250 --random-state 1 --slurm-config.mode run
[00:35:01] (3/6) -> laniakea job=246675 :: nt_vanilla --task-names splice_sites_acceptors --distillation-config.weight-ce 0.5 --distillation-config.weight-kl 1 --distillation-config.weight-mse 0 --distillation-config.temperature 2 --trainer-config.output-dir /tmp/galaxy_srv_disk00/pengchx3/3seed_finals/nt/vanilla_original --trainer-config.early-stop-patience 250 --random-state 2 --slurm-config.mode run
[00:35:06] (4/6) -> laniakea job=246676 :: nt_vanilla --task-names splice_sites_donors --distillation-config.weight-ce 0.5 --distillation-config.weight-kl 0.5 --distillation-config.weight-mse 0 --distillation-config.temperature 4 --trainer-config.output-dir /tmp/galaxy_srv_disk00/pengchx3/3seed_finals/nt/vanilla_original --trainer-config.early-stop-patience 250 --random-state 0 --slurm-config.mode run
[00:35:11] (5/6) -> laniakea job=246677 :: nt_vanilla --task-names splice_sites_donors --distillation-config.weight-ce 0.5 --distillation-config.weight-kl 0.5 --distillation-config.weight-mse 0 --distillation-config.temperature 4 --trainer-config.output-dir /tmp/galaxy_srv_disk00/pengchx3/3seed_finals/nt/vanilla_original --trainer-config.early-stop-patience 250 --random-state 1 --slurm-config.mode run
[00:35:16] (6/6) -> laniakea job=246678 :: nt_vanilla --task-names splice_sites_donors --distillation-config.weight-ce 0.5 --distillation-config.weight-kl 0.5 --distillation-config.weight-mse 0 --distillation-config.temperature 4 --trainer-config.output-dir /tmp/galaxy_srv_disk00/pengchx3/3seed_finals/nt/vanilla_original --trainer-config.early-stop-patience 250 --random-state 2 --slurm-config.mode run
[specs 00:35:21] all 6 submitted
===== round 22 Sat 04 Jul 2026 12:40:21 AM PDT =====
carbon=0 3seed=6 total_gaps=6
[specs 00:40:25] _dispatch_all.txt: 6 jobs to submit
[00:40:25] (1/6) -> laniakea job=246679 :: nt_vanilla --task-names splice_sites_acceptors --distillation-config.weight-ce 0.5 --distillation-config.weight-kl 1 --distillation-config.weight-mse 0 --distillation-config.temperature 2 --trainer-config.output-dir /tmp/galaxy_srv_disk00/pengchx3/3seed_finals/nt/vanilla_original --trainer-config.early-stop-patience 250 --random-state 0 --slurm-config.mode run
[00:40:30] (2/6) -> laniakea job=246680 :: nt_vanilla --task-names splice_sites_acceptors --distillation-config.weight-ce 0.5 --distillation-config.weight-kl 1 --distillation-config.weight-mse 0 --distillation-config.temperature 2 --trainer-config.output-dir /tmp/galaxy_srv_disk00/pengchx3/3seed_finals/nt/vanilla_original --trainer-config.early-stop-patience 250 --random-state 1 --slurm-config.mode run
[00:40:35] (3/6) -> laniakea job=246681 :: nt_vanilla --task-names splice_sites_acceptors --distillation-config.weight-ce 0.5 --distillation-config.weight-kl 1 --distillation-config.weight-mse 0 --distillation-config.temperature 2 --trainer-config.output-dir /tmp/galaxy_srv_disk00/pengchx3/3seed_finals/nt/vanilla_original --trainer-config.early-stop-patience 250 --random-state 2 --slurm-config.mode run
[00:40:41] (4/6) -> laniakea job=246682 :: nt_vanilla --task-names splice_sites_donors --distillation-config.weight-ce 0.5 --distillation-config.weight-kl 0.5 --distillation-config.weight-mse 0 --distillation-config.temperature 4 --trainer-config.output-dir /tmp/galaxy_srv_disk00/pengchx3/3seed_finals/nt/vanilla_original --trainer-config.early-stop-patience 250 --random-state 0 --slurm-config.mode run
[00:40:46] (5/6) -> laniakea job=246683 :: nt_vanilla --task-names splice_sites_donors --distillation-config.weight-ce 0.5 --distillation-config.weight-kl 0.5 --distillation-config.weight-mse 0 --distillation-config.temperature 4 --trainer-config.output-dir /tmp/galaxy_srv_disk00/pengchx3/3seed_finals/nt/vanilla_original --trainer-config.early-stop-patience 250 --random-state 1 --slurm-config.mode run
[00:40:51] (6/6) -> laniakea job=246684 :: nt_vanilla --task-names splice_sites_donors --distillation-config.weight-ce 0.5 --distillation-config.weight-kl 0.5 --distillation-config.weight-mse 0 --distillation-config.temperature 4 --trainer-config.output-dir /tmp/galaxy_srv_disk00/pengchx3/3seed_finals/nt/vanilla_original --trainer-config.early-stop-patience 250 --random-state 2 --slurm-config.mode run
[specs 00:40:56] all 6 submitted
===== round 23 Sat 04 Jul 2026 12:45:56 AM PDT =====
carbon=0 3seed=6 total_gaps=6
[specs 00:45:59] _dispatch_all.txt: 6 jobs to submit
[00:46:00] (1/6) -> laniakea job=246685 :: nt_vanilla --task-names splice_sites_acceptors --distillation-config.weight-ce 0.5 --distillation-config.weight-kl 1 --distillation-config.weight-mse 0 --distillation-config.temperature 2 --trainer-config.output-dir /tmp/galaxy_srv_disk00/pengchx3/3seed_finals/nt/vanilla_original --trainer-config.early-stop-patience 250 --random-state 0 --slurm-config.mode run
[00:46:05] (2/6) -> laniakea job=246686 :: nt_vanilla --task-names splice_sites_acceptors --distillation-config.weight-ce 0.5 --distillation-config.weight-kl 1 --distillation-config.weight-mse 0 --distillation-config.temperature 2 --trainer-config.output-dir /tmp/galaxy_srv_disk00/pengchx3/3seed_finals/nt/vanilla_original --trainer-config.early-stop-patience 250 --random-state 1 --slurm-config.mode run
[00:46:10] (3/6) -> laniakea job=246687 :: nt_vanilla --task-names splice_sites_acceptors --distillation-config.weight-ce 0.5 --distillation-config.weight-kl 1 --distillation-config.weight-mse 0 --distillation-config.temperature 2 --trainer-config.output-dir /tmp/galaxy_srv_disk00/pengchx3/3seed_finals/nt/vanilla_original --trainer-config.early-stop-patience 250 --random-state 2 --slurm-config.mode run
[00:46:15] (4/6) -> laniakea job=246688 :: nt_vanilla --task-names splice_sites_donors --distillation-config.weight-ce 0.5 --distillation-config.weight-kl 0.5 --distillation-config.weight-mse 0 --distillation-config.temperature 4 --trainer-config.output-dir /tmp/galaxy_srv_disk00/pengchx3/3seed_finals/nt/vanilla_original --trainer-config.early-stop-patience 250 --random-state 0 --slurm-config.mode run
[00:46:20] (5/6) -> laniakea job=246689 :: nt_vanilla --task-names splice_sites_donors --distillation-config.weight-ce 0.5 --distillation-config.weight-kl 0.5 --distillation-config.weight-mse 0 --distillation-config.temperature 4 --trainer-config.output-dir /tmp/galaxy_srv_disk00/pengchx3/3seed_finals/nt/vanilla_original --trainer-config.early-stop-patience 250 --random-state 1 --slurm-config.mode run
[00:46:25] (6/6) -> laniakea job=246690 :: nt_vanilla --task-names splice_sites_donors --distillation-config.weight-ce 0.5 --distillation-config.weight-kl 0.5 --distillation-config.weight-mse 0 --distillation-config.temperature 4 --trainer-config.output-dir /tmp/galaxy_srv_disk00/pengchx3/3seed_finals/nt/vanilla_original --trainer-config.early-stop-patience 250 --random-state 2 --slurm-config.mode run
[specs 00:46:30] all 6 submitted
===== round 24 Sat 04 Jul 2026 12:51:30 AM PDT =====
carbon=0 3seed=6 total_gaps=6
[specs 00:51:34] _dispatch_all.txt: 6 jobs to submit
[00:51:34] (1/6) -> laniakea job=246691 :: nt_vanilla --task-names splice_sites_acceptors --distillation-config.weight-ce 0.5 --distillation-config.weight-kl 1 --distillation-config.weight-mse 0 --distillation-config.temperature 2 --trainer-config.output-dir /tmp/galaxy_srv_disk00/pengchx3/3seed_finals/nt/vanilla_original --trainer-config.early-stop-patience 250 --random-state 0 --slurm-config.mode run
[00:51:39] (2/6) -> laniakea job=246692 :: nt_vanilla --task-names splice_sites_acceptors --distillation-config.weight-ce 0.5 --distillation-config.weight-kl 1 --distillation-config.weight-mse 0 --distillation-config.temperature 2 --trainer-config.output-dir /tmp/galaxy_srv_disk00/pengchx3/3seed_finals/nt/vanilla_original --trainer-config.early-stop-patience 250 --random-state 1 --slurm-config.mode run
[00:51:44] (3/6) -> laniakea job=246693 :: nt_vanilla --task-names splice_sites_acceptors --distillation-config.weight-ce 0.5 --distillation-config.weight-kl 1 --distillation-config.weight-mse 0 --distillation-config.temperature 2 --trainer-config.output-dir /tmp/galaxy_srv_disk00/pengchx3/3seed_finals/nt/vanilla_original --trainer-config.early-stop-patience 250 --random-state 2 --slurm-config.mode run
[00:51:49] (4/6) -> laniakea job=246694 :: nt_vanilla --task-names splice_sites_donors --distillation-config.weight-ce 0.5 --distillation-config.weight-kl 0.5 --distillation-config.weight-mse 0 --distillation-config.temperature 4 --trainer-config.output-dir /tmp/galaxy_srv_disk00/pengchx3/3seed_finals/nt/vanilla_original --trainer-config.early-stop-patience 250 --random-state 0 --slurm-config.mode run
[00:51:54] (5/6) -> laniakea job=246695 :: nt_vanilla --task-names splice_sites_donors --distillation-config.weight-ce 0.5 --distillation-config.weight-kl 0.5 --distillation-config.weight-mse 0 --distillation-config.temperature 4 --trainer-config.output-dir /tmp/galaxy_srv_disk00/pengchx3/3seed_finals/nt/vanilla_original --trainer-config.early-stop-patience 250 --random-state 1 --slurm-config.mode run
[00:51:59] (6/6) -> laniakea job=246696 :: nt_vanilla --task-names splice_sites_donors --distillation-config.weight-ce 0.5 --distillation-config.weight-kl 0.5 --distillation-config.weight-mse 0 --distillation-config.temperature 4 --trainer-config.output-dir /tmp/galaxy_srv_disk00/pengchx3/3seed_finals/nt/vanilla_original --trainer-config.early-stop-patience 250 --random-state 2 --slurm-config.mode run
[specs 00:52:04] all 6 submitted
===== round 25 Sat 04 Jul 2026 12:57:04 AM PDT =====
carbon=0 3seed=6 total_gaps=6
[specs 00:57:08] _dispatch_all.txt: 6 jobs to submit
[00:57:08] (1/6) -> laniakea job=246697 :: nt_vanilla --task-names splice_sites_acceptors --distillation-config.weight-ce 0.5 --distillation-config.weight-kl 1 --distillation-config.weight-mse 0 --distillation-config.temperature 2 --trainer-config.output-dir /tmp/galaxy_srv_disk00/pengchx3/3seed_finals/nt/vanilla_original --trainer-config.early-stop-patience 250 --random-state 0 --slurm-config.mode run
[00:57:13] (2/6) -> laniakea job=246698 :: nt_vanilla --task-names splice_sites_acceptors --distillation-config.weight-ce 0.5 --distillation-config.weight-kl 1 --distillation-config.weight-mse 0 --distillation-config.temperature 2 --trainer-config.output-dir /tmp/galaxy_srv_disk00/pengchx3/3seed_finals/nt/vanilla_original --trainer-config.early-stop-patience 250 --random-state 1 --slurm-config.mode run
[00:57:18] (3/6) -> laniakea job=246699 :: nt_vanilla --task-names splice_sites_acceptors --distillation-config.weight-ce 0.5 --distillation-config.weight-kl 1 --distillation-config.weight-mse 0 --distillation-config.temperature 2 --trainer-config.output-dir /tmp/galaxy_srv_disk00/pengchx3/3seed_finals/nt/vanilla_original --trainer-config.early-stop-patience 250 --random-state 2 --slurm-config.mode run
[00:57:23] (4/6) -> laniakea job=246700 :: nt_vanilla --task-names splice_sites_donors --distillation-config.weight-ce 0.5 --distillation-config.weight-kl 0.5 --distillation-config.weight-mse 0 --distillation-config.temperature 4 --trainer-config.output-dir /tmp/galaxy_srv_disk00/pengchx3/3seed_finals/nt/vanilla_original --trainer-config.early-stop-patience 250 --random-state 0 --slurm-config.mode run
[00:57:28] (5/6) -> laniakea job=246701 :: nt_vanilla --task-names splice_sites_donors --distillation-config.weight-ce 0.5 --distillation-config.weight-kl 0.5 --distillation-config.weight-mse 0 --distillation-config.temperature 4 --trainer-config.output-dir /tmp/galaxy_srv_disk00/pengchx3/3seed_finals/nt/vanilla_original --trainer-config.early-stop-patience 250 --random-state 1 --slurm-config.mode run
[00:57:33] (6/6) -> laniakea job=246702 :: nt_vanilla --task-names splice_sites_donors --distillation-config.weight-ce 0.5 --distillation-config.weight-kl 0.5 --distillation-config.weight-mse 0 --distillation-config.temperature 4 --trainer-config.output-dir /tmp/galaxy_srv_disk00/pengchx3/3seed_finals/nt/vanilla_original --trainer-config.early-stop-patience 250 --random-state 2 --slurm-config.mode run
[specs 00:57:38] all 6 submitted
===== round 26 Sat 04 Jul 2026 01:02:38 AM PDT =====
carbon=0 3seed=6 total_gaps=6
[specs 01:02:42] _dispatch_all.txt: 6 jobs to submit
[01:02:42] (1/6) -> laniakea job=246703 :: nt_vanilla --task-names splice_sites_acceptors --distillation-config.weight-ce 0.5 --distillation-config.weight-kl 1 --distillation-config.weight-mse 0 --distillation-config.temperature 2 --trainer-config.output-dir /tmp/galaxy_srv_disk00/pengchx3/3seed_finals/nt/vanilla_original --trainer-config.early-stop-patience 250 --random-state 0 --slurm-config.mode run
[01:02:47] (2/6) -> laniakea job=246704 :: nt_vanilla --task-names splice_sites_acceptors --distillation-config.weight-ce 0.5 --distillation-config.weight-kl 1 --distillation-config.weight-mse 0 --distillation-config.temperature 2 --trainer-config.output-dir /tmp/galaxy_srv_disk00/pengchx3/3seed_finals/nt/vanilla_original --trainer-config.early-stop-patience 250 --random-state 1 --slurm-config.mode run
[01:02:52] (3/6) -> laniakea job=246705 :: nt_vanilla --task-names splice_sites_acceptors --distillation-config.weight-ce 0.5 --distillation-config.weight-kl 1 --distillation-config.weight-mse 0 --distillation-config.temperature 2 --trainer-config.output-dir /tmp/galaxy_srv_disk00/pengchx3/3seed_finals/nt/vanilla_original --trainer-config.early-stop-patience 250 --random-state 2 --slurm-config.mode run
[01:02:57] (4/6) -> laniakea job=246706 :: nt_vanilla --task-names splice_sites_donors --distillation-config.weight-ce 0.5 --distillation-config.weight-kl 0.5 --distillation-config.weight-mse 0 --distillation-config.temperature 4 --trainer-config.output-dir /tmp/galaxy_srv_disk00/pengchx3/3seed_finals/nt/vanilla_original --trainer-config.early-stop-patience 250 --random-state 0 --slurm-config.mode run
[01:03:02] (5/6) -> laniakea job=246707 :: nt_vanilla --task-names splice_sites_donors --distillation-config.weight-ce 0.5 --distillation-config.weight-kl 0.5 --distillation-config.weight-mse 0 --distillation-config.temperature 4 --trainer-config.output-dir /tmp/galaxy_srv_disk00/pengchx3/3seed_finals/nt/vanilla_original --trainer-config.early-stop-patience 250 --random-state 1 --slurm-config.mode run
[01:03:07] (6/6) -> laniakea job=246708 :: nt_vanilla --task-names splice_sites_donors --distillation-config.weight-ce 0.5 --distillation-config.weight-kl 0.5 --distillation-config.weight-mse 0 --distillation-config.temperature 4 --trainer-config.output-dir /tmp/galaxy_srv_disk00/pengchx3/3seed_finals/nt/vanilla_original --trainer-config.early-stop-patience 250 --random-state 2 --slurm-config.mode run
[specs 01:03:12] all 6 submitted
===== round 27 Sat 04 Jul 2026 01:08:12 AM PDT =====
carbon=0 3seed=6 total_gaps=6
[specs 01:08:16] _dispatch_all.txt: 6 jobs to submit
[01:08:16] (1/6) -> laniakea job=246709 :: nt_vanilla --task-names splice_sites_acceptors --distillation-config.weight-ce 0.5 --distillation-config.weight-kl 1 --distillation-config.weight-mse 0 --distillation-config.temperature 2 --trainer-config.output-dir /tmp/galaxy_srv_disk00/pengchx3/3seed_finals/nt/vanilla_original --trainer-config.early-stop-patience 250 --random-state 0 --slurm-config.mode run
[01:08:21] (2/6) -> laniakea job=246710 :: nt_vanilla --task-names splice_sites_acceptors --distillation-config.weight-ce 0.5 --distillation-config.weight-kl 1 --distillation-config.weight-mse 0 --distillation-config.temperature 2 --trainer-config.output-dir /tmp/galaxy_srv_disk00/pengchx3/3seed_finals/nt/vanilla_original --trainer-config.early-stop-patience 250 --random-state 1 --slurm-config.mode run
[01:08:26] (3/6) -> laniakea job=246711 :: nt_vanilla --task-names splice_sites_acceptors --distillation-config.weight-ce 0.5 --distillation-config.weight-kl 1 --distillation-config.weight-mse 0 --distillation-config.temperature 2 --trainer-config.output-dir /tmp/galaxy_srv_disk00/pengchx3/3seed_finals/nt/vanilla_original --trainer-config.early-stop-patience 250 --random-state 2 --slurm-config.mode run
[01:08:31] (4/6) -> laniakea job=246712 :: nt_vanilla --task-names splice_sites_donors --distillation-config.weight-ce 0.5 --distillation-config.weight-kl 0.5 --distillation-config.weight-mse 0 --distillation-config.temperature 4 --trainer-config.output-dir /tmp/galaxy_srv_disk00/pengchx3/3seed_finals/nt/vanilla_original --trainer-config.early-stop-patience 250 --random-state 0 --slurm-config.mode run
[01:08:36] (5/6) -> laniakea job=246713 :: nt_vanilla --task-names splice_sites_donors --distillation-config.weight-ce 0.5 --distillation-config.weight-kl 0.5 --distillation-config.weight-mse 0 --distillation-config.temperature 4 --trainer-config.output-dir /tmp/galaxy_srv_disk00/pengchx3/3seed_finals/nt/vanilla_original --trainer-config.early-stop-patience 250 --random-state 1 --slurm-config.mode run
[01:08:42] (6/6) -> laniakea job=246714 :: nt_vanilla --task-names splice_sites_donors --distillation-config.weight-ce 0.5 --distillation-config.weight-kl 0.5 --distillation-config.weight-mse 0 --distillation-config.temperature 4 --trainer-config.output-dir /tmp/galaxy_srv_disk00/pengchx3/3seed_finals/nt/vanilla_original --trainer-config.early-stop-patience 250 --random-state 2 --slurm-config.mode run
[specs 01:08:47] all 6 submitted
===== round 28 Sat 04 Jul 2026 01:13:47 AM PDT =====
carbon=0 3seed=6 total_gaps=6
[specs 01:13:50] _dispatch_all.txt: 6 jobs to submit
[01:13:50] (1/6) -> laniakea job=246715 :: nt_vanilla --task-names splice_sites_acceptors --distillation-config.weight-ce 0.5 --distillation-config.weight-kl 1 --distillation-config.weight-mse 0 --distillation-config.temperature 2 --trainer-config.output-dir /tmp/galaxy_srv_disk00/pengchx3/3seed_finals/nt/vanilla_original --trainer-config.early-stop-patience 250 --random-state 0 --slurm-config.mode run
[01:13:55] (2/6) -> laniakea job=246716 :: nt_vanilla --task-names splice_sites_acceptors --distillation-config.weight-ce 0.5 --distillation-config.weight-kl 1 --distillation-config.weight-mse 0 --distillation-config.temperature 2 --trainer-config.output-dir /tmp/galaxy_srv_disk00/pengchx3/3seed_finals/nt/vanilla_original --trainer-config.early-stop-patience 250 --random-state 1 --slurm-config.mode run
[01:14:01] (3/6) -> laniakea job=246717 :: nt_vanilla --task-names splice_sites_acceptors --distillation-config.weight-ce 0.5 --distillation-config.weight-kl 1 --distillation-config.weight-mse 0 --distillation-config.temperature 2 --trainer-config.output-dir /tmp/galaxy_srv_disk00/pengchx3/3seed_finals/nt/vanilla_original --trainer-config.early-stop-patience 250 --random-state 2 --slurm-config.mode run
[01:14:06] (4/6) -> laniakea job=246718 :: nt_vanilla --task-names splice_sites_donors --distillation-config.weight-ce 0.5 --distillation-config.weight-kl 0.5 --distillation-config.weight-mse 0 --distillation-config.temperature 4 --trainer-config.output-dir /tmp/galaxy_srv_disk00/pengchx3/3seed_finals/nt/vanilla_original --trainer-config.early-stop-patience 250 --random-state 0 --slurm-config.mode run
[01:14:11] (5/6) -> laniakea job=246719 :: nt_vanilla --task-names splice_sites_donors --distillation-config.weight-ce 0.5 --distillation-config.weight-kl 0.5 --distillation-config.weight-mse 0 --distillation-config.temperature 4 --trainer-config.output-dir /tmp/galaxy_srv_disk00/pengchx3/3seed_finals/nt/vanilla_original --trainer-config.early-stop-patience 250 --random-state 1 --slurm-config.mode run
[01:14:16] (6/6) -> laniakea job=246720 :: nt_vanilla --task-names splice_sites_donors --distillation-config.weight-ce 0.5 --distillation-config.weight-kl 0.5 --distillation-config.weight-mse 0 --distillation-config.temperature 4 --trainer-config.output-dir /tmp/galaxy_srv_disk00/pengchx3/3seed_finals/nt/vanilla_original --trainer-config.early-stop-patience 250 --random-state 2 --slurm-config.mode run
[specs 01:14:21] all 6 submitted
===== round 29 Sat 04 Jul 2026 01:19:21 AM PDT =====
carbon=0 3seed=6 total_gaps=6
[specs 01:19:25] _dispatch_all.txt: 6 jobs to submit
[01:19:25] (1/6) -> laniakea job=246721 :: nt_vanilla --task-names splice_sites_acceptors --distillation-config.weight-ce 0.5 --distillation-config.weight-kl 1 --distillation-config.weight-mse 0 --distillation-config.temperature 2 --trainer-config.output-dir /tmp/galaxy_srv_disk00/pengchx3/3seed_finals/nt/vanilla_original --trainer-config.early-stop-patience 250 --random-state 0 --slurm-config.mode run
[01:19:30] (2/6) -> laniakea job=246722 :: nt_vanilla --task-names splice_sites_acceptors --distillation-config.weight-ce 0.5 --distillation-config.weight-kl 1 --distillation-config.weight-mse 0 --distillation-config.temperature 2 --trainer-config.output-dir /tmp/galaxy_srv_disk00/pengchx3/3seed_finals/nt/vanilla_original --trainer-config.early-stop-patience 250 --random-state 1 --slurm-config.mode run
[01:19:35] (3/6) -> laniakea job=246723 :: nt_vanilla --task-names splice_sites_acceptors --distillation-config.weight-ce 0.5 --distillation-config.weight-kl 1 --distillation-config.weight-mse 0 --distillation-config.temperature 2 --trainer-config.output-dir /tmp/galaxy_srv_disk00/pengchx3/3seed_finals/nt/vanilla_original --trainer-config.early-stop-patience 250 --random-state 2 --slurm-config.mode run
[01:19:40] (4/6) -> laniakea job=246724 :: nt_vanilla --task-names splice_sites_donors --distillation-config.weight-ce 0.5 --distillation-config.weight-kl 0.5 --distillation-config.weight-mse 0 --distillation-config.temperature 4 --trainer-config.output-dir /tmp/galaxy_srv_disk00/pengchx3/3seed_finals/nt/vanilla_original --trainer-config.early-stop-patience 250 --random-state 0 --slurm-config.mode run
[01:19:45] (5/6) -> laniakea job=246725 :: nt_vanilla --task-names splice_sites_donors --distillation-config.weight-ce 0.5 --distillation-config.weight-kl 0.5 --distillation-config.weight-mse 0 --distillation-config.temperature 4 --trainer-config.output-dir /tmp/galaxy_srv_disk00/pengchx3/3seed_finals/nt/vanilla_original --trainer-config.early-stop-patience 250 --random-state 1 --slurm-config.mode run
[01:19:50] (6/6) -> laniakea job=246726 :: nt_vanilla --task-names splice_sites_donors --distillation-config.weight-ce 0.5 --distillation-config.weight-kl 0.5 --distillation-config.weight-mse 0 --distillation-config.temperature 4 --trainer-config.output-dir /tmp/galaxy_srv_disk00/pengchx3/3seed_finals/nt/vanilla_original --trainer-config.early-stop-patience 250 --random-state 2 --slurm-config.mode run
[specs 01:19:55] all 6 submitted
===== round 30 Sat 04 Jul 2026 01:24:55 AM PDT =====
carbon=0 3seed=6 total_gaps=6
[specs 01:24:59] _dispatch_all.txt: 6 jobs to submit
[01:24:59] (1/6) -> laniakea job=246727 :: nt_vanilla --task-names splice_sites_acceptors --distillation-config.weight-ce 0.5 --distillation-config.weight-kl 1 --distillation-config.weight-mse 0 --distillation-config.temperature 2 --trainer-config.output-dir /tmp/galaxy_srv_disk00/pengchx3/3seed_finals/nt/vanilla_original --trainer-config.early-stop-patience 250 --random-state 0 --slurm-config.mode run
[01:25:04] (2/6) -> laniakea job=246728 :: nt_vanilla --task-names splice_sites_acceptors --distillation-config.weight-ce 0.5 --distillation-config.weight-kl 1 --distillation-config.weight-mse 0 --distillation-config.temperature 2 --trainer-config.output-dir /tmp/galaxy_srv_disk00/pengchx3/3seed_finals/nt/vanilla_original --trainer-config.early-stop-patience 250 --random-state 1 --slurm-config.mode run
[01:25:09] (3/6) -> laniakea job=246729 :: nt_vanilla --task-names splice_sites_acceptors --distillation-config.weight-ce 0.5 --distillation-config.weight-kl 1 --distillation-config.weight-mse 0 --distillation-config.temperature 2 --trainer-config.output-dir /tmp/galaxy_srv_disk00/pengchx3/3seed_finals/nt/vanilla_original --trainer-config.early-stop-patience 250 --random-state 2 --slurm-config.mode run
[01:25:14] (4/6) -> laniakea job=246730 :: nt_vanilla --task-names splice_sites_donors --distillation-config.weight-ce 0.5 --distillation-config.weight-kl 0.5 --distillation-config.weight-mse 0 --distillation-config.temperature 4 --trainer-config.output-dir /tmp/galaxy_srv_disk00/pengchx3/3seed_finals/nt/vanilla_original --trainer-config.early-stop-patience 250 --random-state 0 --slurm-config.mode run
[01:25:19] (5/6) -> laniakea job=246731 :: nt_vanilla --task-names splice_sites_donors --distillation-config.weight-ce 0.5 --distillation-config.weight-kl 0.5 --distillation-config.weight-mse 0 --distillation-config.temperature 4 --trainer-config.output-dir /tmp/galaxy_srv_disk00/pengchx3/3seed_finals/nt/vanilla_original --trainer-config.early-stop-patience 250 --random-state 1 --slurm-config.mode run
[01:25:24] (6/6) -> laniakea job=246732 :: nt_vanilla --task-names splice_sites_donors --distillation-config.weight-ce 0.5 --distillation-config.weight-kl 0.5 --distillation-config.weight-mse 0 --distillation-config.temperature 4 --trainer-config.output-dir /tmp/galaxy_srv_disk00/pengchx3/3seed_finals/nt/vanilla_original --trainer-config.early-stop-patience 250 --random-state 2 --slurm-config.mode run
[specs 01:25:29] all 6 submitted
===== round 31 Sat 04 Jul 2026 01:30:29 AM PDT =====
carbon=0 3seed=6 total_gaps=6
[specs 01:30:33] _dispatch_all.txt: 6 jobs to submit
[01:30:33] (1/6) -> laniakea job=246733 :: nt_vanilla --task-names splice_sites_acceptors --distillation-config.weight-ce 0.5 --distillation-config.weight-kl 1 --distillation-config.weight-mse 0 --distillation-config.temperature 2 --trainer-config.output-dir /tmp/galaxy_srv_disk00/pengchx3/3seed_finals/nt/vanilla_original --trainer-config.early-stop-patience 250 --random-state 0 --slurm-config.mode run
[01:30:38] (2/6) -> laniakea job=246734 :: nt_vanilla --task-names splice_sites_acceptors --distillation-config.weight-ce 0.5 --distillation-config.weight-kl 1 --distillation-config.weight-mse 0 --distillation-config.temperature 2 --trainer-config.output-dir /tmp/galaxy_srv_disk00/pengchx3/3seed_finals/nt/vanilla_original --trainer-config.early-stop-patience 250 --random-state 1 --slurm-config.mode run
[01:30:43] (3/6) -> laniakea job=246735 :: nt_vanilla --task-names splice_sites_acceptors --distillation-config.weight-ce 0.5 --distillation-config.weight-kl 1 --distillation-config.weight-mse 0 --distillation-config.temperature 2 --trainer-config.output-dir /tmp/galaxy_srv_disk00/pengchx3/3seed_finals/nt/vanilla_original --trainer-config.early-stop-patience 250 --random-state 2 --slurm-config.mode run
[01:30:48] (4/6) -> laniakea job=246736 :: nt_vanilla --task-names splice_sites_donors --distillation-config.weight-ce 0.5 --distillation-config.weight-kl 0.5 --distillation-config.weight-mse 0 --distillation-config.temperature 4 --trainer-config.output-dir /tmp/galaxy_srv_disk00/pengchx3/3seed_finals/nt/vanilla_original --trainer-config.early-stop-patience 250 --random-state 0 --slurm-config.mode run
[01:30:53] (5/6) -> laniakea job=246737 :: nt_vanilla --task-names splice_sites_donors --distillation-config.weight-ce 0.5 --distillation-config.weight-kl 0.5 --distillation-config.weight-mse 0 --distillation-config.temperature 4 --trainer-config.output-dir /tmp/galaxy_srv_disk00/pengchx3/3seed_finals/nt/vanilla_original --trainer-config.early-stop-patience 250 --random-state 1 --slurm-config.mode run
[01:30:58] (6/6) -> laniakea job=246738 :: nt_vanilla --task-names splice_sites_donors --distillation-config.weight-ce 0.5 --distillation-config.weight-kl 0.5 --distillation-config.weight-mse 0 --distillation-config.temperature 4 --trainer-config.output-dir /tmp/galaxy_srv_disk00/pengchx3/3seed_finals/nt/vanilla_original --trainer-config.early-stop-patience 250 --random-state 2 --slurm-config.mode run
[specs 01:31:03] all 6 submitted
===== round 32 Sat 04 Jul 2026 01:36:03 AM PDT =====
carbon=0 3seed=6 total_gaps=6
[specs 01:36:07] _dispatch_all.txt: 6 jobs to submit
[01:36:07] (1/6) -> laniakea job=246739 :: nt_vanilla --task-names splice_sites_acceptors --distillation-config.weight-ce 0.5 --distillation-config.weight-kl 1 --distillation-config.weight-mse 0 --distillation-config.temperature 2 --trainer-config.output-dir /tmp/galaxy_srv_disk00/pengchx3/3seed_finals/nt/vanilla_original --trainer-config.early-stop-patience 250 --random-state 0 --slurm-config.mode run
[01:36:12] (2/6) -> laniakea job=246740 :: nt_vanilla --task-names splice_sites_acceptors --distillation-config.weight-ce 0.5 --distillation-config.weight-kl 1 --distillation-config.weight-mse 0 --distillation-config.temperature 2 --trainer-config.output-dir /tmp/galaxy_srv_disk00/pengchx3/3seed_finals/nt/vanilla_original --trainer-config.early-stop-patience 250 --random-state 1 --slurm-config.mode run
[01:36:18] (3/6) -> laniakea job=246741 :: nt_vanilla --task-names splice_sites_acceptors --distillation-config.weight-ce 0.5 --distillation-config.weight-kl 1 --distillation-config.weight-mse 0 --distillation-config.temperature 2 --trainer-config.output-dir /tmp/galaxy_srv_disk00/pengchx3/3seed_finals/nt/vanilla_original --trainer-config.early-stop-patience 250 --random-state 2 --slurm-config.mode run
[01:36:23] (4/6) -> laniakea job=246742 :: nt_vanilla --task-names splice_sites_donors --distillation-config.weight-ce 0.5 --distillation-config.weight-kl 0.5 --distillation-config.weight-mse 0 --distillation-config.temperature 4 --trainer-config.output-dir /tmp/galaxy_srv_disk00/pengchx3/3seed_finals/nt/vanilla_original --trainer-config.early-stop-patience 250 --random-state 0 --slurm-config.mode run
[01:36:28] (5/6) -> laniakea job=246743 :: nt_vanilla --task-names splice_sites_donors --distillation-config.weight-ce 0.5 --distillation-config.weight-kl 0.5 --distillation-config.weight-mse 0 --distillation-config.temperature 4 --trainer-config.output-dir /tmp/galaxy_srv_disk00/pengchx3/3seed_finals/nt/vanilla_original --trainer-config.early-stop-patience 250 --random-state 1 --slurm-config.mode run
[01:36:33] (6/6) -> laniakea job=246744 :: nt_vanilla --task-names splice_sites_donors --distillation-config.weight-ce 0.5 --distillation-config.weight-kl 0.5 --distillation-config.weight-mse 0 --distillation-config.temperature 4 --trainer-config.output-dir /tmp/galaxy_srv_disk00/pengchx3/3seed_finals/nt/vanilla_original --trainer-config.early-stop-patience 250 --random-state 2 --slurm-config.mode run
[specs 01:36:38] all 6 submitted
===== round 33 Sat 04 Jul 2026 01:41:38 AM PDT =====
carbon=0 3seed=6 total_gaps=6
[specs 01:41:41] _dispatch_all.txt: 6 jobs to submit
[01:41:41] (1/6) -> laniakea job=246745 :: nt_vanilla --task-names splice_sites_acceptors --distillation-config.weight-ce 0.5 --distillation-config.weight-kl 1 --distillation-config.weight-mse 0 --distillation-config.temperature 2 --trainer-config.output-dir /tmp/galaxy_srv_disk00/pengchx3/3seed_finals/nt/vanilla_original --trainer-config.early-stop-patience 250 --random-state 0 --slurm-config.mode run
[01:41:47] (2/6) -> laniakea job=246746 :: nt_vanilla --task-names splice_sites_acceptors --distillation-config.weight-ce 0.5 --distillation-config.weight-kl 1 --distillation-config.weight-mse 0 --distillation-config.temperature 2 --trainer-config.output-dir /tmp/galaxy_srv_disk00/pengchx3/3seed_finals/nt/vanilla_original --trainer-config.early-stop-patience 250 --random-state 1 --slurm-config.mode run
[01:41:52] (3/6) -> laniakea job=246747 :: nt_vanilla --task-names splice_sites_acceptors --distillation-config.weight-ce 0.5 --distillation-config.weight-kl 1 --distillation-config.weight-mse 0 --distillation-config.temperature 2 --trainer-config.output-dir /tmp/galaxy_srv_disk00/pengchx3/3seed_finals/nt/vanilla_original --trainer-config.early-stop-patience 250 --random-state 2 --slurm-config.mode run
[01:41:57] (4/6) -> laniakea job=246748 :: nt_vanilla --task-names splice_sites_donors --distillation-config.weight-ce 0.5 --distillation-config.weight-kl 0.5 --distillation-config.weight-mse 0 --distillation-config.temperature 4 --trainer-config.output-dir /tmp/galaxy_srv_disk00/pengchx3/3seed_finals/nt/vanilla_original --trainer-config.early-stop-patience 250 --random-state 0 --slurm-config.mode run
[01:42:02] (5/6) -> laniakea job=246749 :: nt_vanilla --task-names splice_sites_donors --distillation-config.weight-ce 0.5 --distillation-config.weight-kl 0.5 --distillation-config.weight-mse 0 --distillation-config.temperature 4 --trainer-config.output-dir /tmp/galaxy_srv_disk00/pengchx3/3seed_finals/nt/vanilla_original --trainer-config.early-stop-patience 250 --random-state 1 --slurm-config.mode run
[01:42:07] (6/6) -> laniakea job=246750 :: nt_vanilla --task-names splice_sites_donors --distillation-config.weight-ce 0.5 --distillation-config.weight-kl 0.5 --distillation-config.weight-mse 0 --distillation-config.temperature 4 --trainer-config.output-dir /tmp/galaxy_srv_disk00/pengchx3/3seed_finals/nt/vanilla_original --trainer-config.early-stop-patience 250 --random-state 2 --slurm-config.mode run
[specs 01:42:12] all 6 submitted
===== round 34 Sat 04 Jul 2026 01:47:12 AM PDT =====
carbon=0 3seed=6 total_gaps=6
[specs 01:47:16] _dispatch_all.txt: 6 jobs to submit
[01:47:16] (1/6) -> laniakea job=246751 :: nt_vanilla --task-names splice_sites_acceptors --distillation-config.weight-ce 0.5 --distillation-config.weight-kl 1 --distillation-config.weight-mse 0 --distillation-config.temperature 2 --trainer-config.output-dir /tmp/galaxy_srv_disk00/pengchx3/3seed_finals/nt/vanilla_original --trainer-config.early-stop-patience 250 --random-state 0 --slurm-config.mode run
[01:47:21] (2/6) -> laniakea job=246752 :: nt_vanilla --task-names splice_sites_acceptors --distillation-config.weight-ce 0.5 --distillation-config.weight-kl 1 --distillation-config.weight-mse 0 --distillation-config.temperature 2 --trainer-config.output-dir /tmp/galaxy_srv_disk00/pengchx3/3seed_finals/nt/vanilla_original --trainer-config.early-stop-patience 250 --random-state 1 --slurm-config.mode run
[01:47:26] (3/6) -> laniakea job=246753 :: nt_vanilla --task-names splice_sites_acceptors --distillation-config.weight-ce 0.5 --distillation-config.weight-kl 1 --distillation-config.weight-mse 0 --distillation-config.temperature 2 --trainer-config.output-dir /tmp/galaxy_srv_disk00/pengchx3/3seed_finals/nt/vanilla_original --trainer-config.early-stop-patience 250 --random-state 2 --slurm-config.mode run
[01:47:31] (4/6) -> laniakea job=246754 :: nt_vanilla --task-names splice_sites_donors --distillation-config.weight-ce 0.5 --distillation-config.weight-kl 0.5 --distillation-config.weight-mse 0 --distillation-config.temperature 4 --trainer-config.output-dir /tmp/galaxy_srv_disk00/pengchx3/3seed_finals/nt/vanilla_original --trainer-config.early-stop-patience 250 --random-state 0 --slurm-config.mode run
[01:47:36] (5/6) -> laniakea job=246755 :: nt_vanilla --task-names splice_sites_donors --distillation-config.weight-ce 0.5 --distillation-config.weight-kl 0.5 --distillation-config.weight-mse 0 --distillation-config.temperature 4 --trainer-config.output-dir /tmp/galaxy_srv_disk00/pengchx3/3seed_finals/nt/vanilla_original --trainer-config.early-stop-patience 250 --random-state 1 --slurm-config.mode run
[01:47:41] (6/6) -> laniakea job=246756 :: nt_vanilla --task-names splice_sites_donors --distillation-config.weight-ce 0.5 --distillation-config.weight-kl 0.5 --distillation-config.weight-mse 0 --distillation-config.temperature 4 --trainer-config.output-dir /tmp/galaxy_srv_disk00/pengchx3/3seed_finals/nt/vanilla_original --trainer-config.early-stop-patience 250 --random-state 2 --slurm-config.mode run
[specs 01:47:46] all 6 submitted
===== round 35 Sat 04 Jul 2026 01:52:46 AM PDT =====
carbon=0 3seed=6 total_gaps=6
[specs 01:52:50] _dispatch_all.txt: 6 jobs to submit
[01:52:50] (1/6) -> laniakea job=246757 :: nt_vanilla --task-names splice_sites_acceptors --distillation-config.weight-ce 0.5 --distillation-config.weight-kl 1 --distillation-config.weight-mse 0 --distillation-config.temperature 2 --trainer-config.output-dir /tmp/galaxy_srv_disk00/pengchx3/3seed_finals/nt/vanilla_original --trainer-config.early-stop-patience 250 --random-state 0 --slurm-config.mode run
[01:52:55] (2/6) -> laniakea job=246758 :: nt_vanilla --task-names splice_sites_acceptors --distillation-config.weight-ce 0.5 --distillation-config.weight-kl 1 --distillation-config.weight-mse 0 --distillation-config.temperature 2 --trainer-config.output-dir /tmp/galaxy_srv_disk00/pengchx3/3seed_finals/nt/vanilla_original --trainer-config.early-stop-patience 250 --random-state 1 --slurm-config.mode run
[01:53:00] (3/6) -> laniakea job=246759 :: nt_vanilla --task-names splice_sites_acceptors --distillation-config.weight-ce 0.5 --distillation-config.weight-kl 1 --distillation-config.weight-mse 0 --distillation-config.temperature 2 --trainer-config.output-dir /tmp/galaxy_srv_disk00/pengchx3/3seed_finals/nt/vanilla_original --trainer-config.early-stop-patience 250 --random-state 2 --slurm-config.mode run
[01:53:05] (4/6) -> laniakea job=246760 :: nt_vanilla --task-names splice_sites_donors --distillation-config.weight-ce 0.5 --distillation-config.weight-kl 0.5 --distillation-config.weight-mse 0 --distillation-config.temperature 4 --trainer-config.output-dir /tmp/galaxy_srv_disk00/pengchx3/3seed_finals/nt/vanilla_original --trainer-config.early-stop-patience 250 --random-state 0 --slurm-config.mode run
[01:53:10] (5/6) -> laniakea job=246761 :: nt_vanilla --task-names splice_sites_donors --distillation-config.weight-ce 0.5 --distillation-config.weight-kl 0.5 --distillation-config.weight-mse 0 --distillation-config.temperature 4 --trainer-config.output-dir /tmp/galaxy_srv_disk00/pengchx3/3seed_finals/nt/vanilla_original --trainer-config.early-stop-patience 250 --random-state 1 --slurm-config.mode run
[01:53:15] (6/6) -> laniakea job=246762 :: nt_vanilla --task-names splice_sites_donors --distillation-config.weight-ce 0.5 --distillation-config.weight-kl 0.5 --distillation-config.weight-mse 0 --distillation-config.temperature 4 --trainer-config.output-dir /tmp/galaxy_srv_disk00/pengchx3/3seed_finals/nt/vanilla_original --trainer-config.early-stop-patience 250 --random-state 2 --slurm-config.mode run
[specs 01:53:20] all 6 submitted
===== round 36 Sat 04 Jul 2026 01:58:20 AM PDT =====
carbon=0 3seed=6 total_gaps=6
[specs 01:58:24] _dispatch_all.txt: 6 jobs to submit
[01:58:24] (1/6) -> laniakea job=246763 :: nt_vanilla --task-names splice_sites_acceptors --distillation-config.weight-ce 0.5 --distillation-config.weight-kl 1 --distillation-config.weight-mse 0 --distillation-config.temperature 2 --trainer-config.output-dir /tmp/galaxy_srv_disk00/pengchx3/3seed_finals/nt/vanilla_original --trainer-config.early-stop-patience 250 --random-state 0 --slurm-config.mode run
[01:58:29] (2/6) -> laniakea job=246764 :: nt_vanilla --task-names splice_sites_acceptors --distillation-config.weight-ce 0.5 --distillation-config.weight-kl 1 --distillation-config.weight-mse 0 --distillation-config.temperature 2 --trainer-config.output-dir /tmp/galaxy_srv_disk00/pengchx3/3seed_finals/nt/vanilla_original --trainer-config.early-stop-patience 250 --random-state 1 --slurm-config.mode run
[01:58:34] (3/6) -> laniakea job=246765 :: nt_vanilla --task-names splice_sites_acceptors --distillation-config.weight-ce 0.5 --distillation-config.weight-kl 1 --distillation-config.weight-mse 0 --distillation-config.temperature 2 --trainer-config.output-dir /tmp/galaxy_srv_disk00/pengchx3/3seed_finals/nt/vanilla_original --trainer-config.early-stop-patience 250 --random-state 2 --slurm-config.mode run
[01:58:39] (4/6) -> laniakea job=246766 :: nt_vanilla --task-names splice_sites_donors --distillation-config.weight-ce 0.5 --distillation-config.weight-kl 0.5 --distillation-config.weight-mse 0 --distillation-config.temperature 4 --trainer-config.output-dir /tmp/galaxy_srv_disk00/pengchx3/3seed_finals/nt/vanilla_original --trainer-config.early-stop-patience 250 --random-state 0 --slurm-config.mode run
[01:58:45] (5/6) -> laniakea job=246767 :: nt_vanilla --task-names splice_sites_donors --distillation-config.weight-ce 0.5 --distillation-config.weight-kl 0.5 --distillation-config.weight-mse 0 --distillation-config.temperature 4 --trainer-config.output-dir /tmp/galaxy_srv_disk00/pengchx3/3seed_finals/nt/vanilla_original --trainer-config.early-stop-patience 250 --random-state 1 --slurm-config.mode run
[01:58:50] (6/6) -> laniakea job=246768 :: nt_vanilla --task-names splice_sites_donors --distillation-config.weight-ce 0.5 --distillation-config.weight-kl 0.5 --distillation-config.weight-mse 0 --distillation-config.temperature 4 --trainer-config.output-dir /tmp/galaxy_srv_disk00/pengchx3/3seed_finals/nt/vanilla_original --trainer-config.early-stop-patience 250 --random-state 2 --slurm-config.mode run
[specs 01:58:55] all 6 submitted
===== round 37 Sat 04 Jul 2026 02:03:55 AM PDT =====
carbon=0 3seed=6 total_gaps=6
[specs 02:03:58] _dispatch_all.txt: 6 jobs to submit
[02:03:58] (1/6) -> laniakea job=246770 :: nt_vanilla --task-names splice_sites_acceptors --distillation-config.weight-ce 0.5 --distillation-config.weight-kl 1 --distillation-config.weight-mse 0 --distillation-config.temperature 2 --trainer-config.output-dir /tmp/galaxy_srv_disk00/pengchx3/3seed_finals/nt/vanilla_original --trainer-config.early-stop-patience 250 --random-state 0 --slurm-config.mode run
[02:04:03] (2/6) -> laniakea job=246771 :: nt_vanilla --task-names splice_sites_acceptors --distillation-config.weight-ce 0.5 --distillation-config.weight-kl 1 --distillation-config.weight-mse 0 --distillation-config.temperature 2 --trainer-config.output-dir /tmp/galaxy_srv_disk00/pengchx3/3seed_finals/nt/vanilla_original --trainer-config.early-stop-patience 250 --random-state 1 --slurm-config.mode run
[02:04:09] (3/6) -> laniakea job=246772 :: nt_vanilla --task-names splice_sites_acceptors --distillation-config.weight-ce 0.5 --distillation-config.weight-kl 1 --distillation-config.weight-mse 0 --distillation-config.temperature 2 --trainer-config.output-dir /tmp/galaxy_srv_disk00/pengchx3/3seed_finals/nt/vanilla_original --trainer-config.early-stop-patience 250 --random-state 2 --slurm-config.mode run
[02:04:14] (4/6) -> laniakea job=246773 :: nt_vanilla --task-names splice_sites_donors --distillation-config.weight-ce 0.5 --distillation-config.weight-kl 0.5 --distillation-config.weight-mse 0 --distillation-config.temperature 4 --trainer-config.output-dir /tmp/galaxy_srv_disk00/pengchx3/3seed_finals/nt/vanilla_original --trainer-config.early-stop-patience 250 --random-state 0 --slurm-config.mode run
[02:04:19] (5/6) -> laniakea job=246774 :: nt_vanilla --task-names splice_sites_donors --distillation-config.weight-ce 0.5 --distillation-config.weight-kl 0.5 --distillation-config.weight-mse 0 --distillation-config.temperature 4 --trainer-config.output-dir /tmp/galaxy_srv_disk00/pengchx3/3seed_finals/nt/vanilla_original --trainer-config.early-stop-patience 250 --random-state 1 --slurm-config.mode run
[02:04:24] (6/6) -> laniakea job=246775 :: nt_vanilla --task-names splice_sites_donors --distillation-config.weight-ce 0.5 --distillation-config.weight-kl 0.5 --distillation-config.weight-mse 0 --distillation-config.temperature 4 --trainer-config.output-dir /tmp/galaxy_srv_disk00/pengchx3/3seed_finals/nt/vanilla_original --trainer-config.early-stop-patience 250 --random-state 2 --slurm-config.mode run
[specs 02:04:29] all 6 submitted
===== round 38 Sat 04 Jul 2026 02:09:29 AM PDT =====
carbon=0 3seed=6 total_gaps=6
[specs 02:09:32] _dispatch_all.txt: 6 jobs to submit
[02:09:33] (1/6) -> laniakea job=246776 :: nt_vanilla --task-names splice_sites_acceptors --distillation-config.weight-ce 0.5 --distillation-config.weight-kl 1 --distillation-config.weight-mse 0 --distillation-config.temperature 2 --trainer-config.output-dir /tmp/galaxy_srv_disk00/pengchx3/3seed_finals/nt/vanilla_original --trainer-config.early-stop-patience 250 --random-state 0 --slurm-config.mode run
[02:09:38] (2/6) -> laniakea job=246777 :: nt_vanilla --task-names splice_sites_acceptors --distillation-config.weight-ce 0.5 --distillation-config.weight-kl 1 --distillation-config.weight-mse 0 --distillation-config.temperature 2 --trainer-config.output-dir /tmp/galaxy_srv_disk00/pengchx3/3seed_finals/nt/vanilla_original --trainer-config.early-stop-patience 250 --random-state 1 --slurm-config.mode run
[02:09:43] (3/6) -> laniakea job=246778 :: nt_vanilla --task-names splice_sites_acceptors --distillation-config.weight-ce 0.5 --distillation-config.weight-kl 1 --distillation-config.weight-mse 0 --distillation-config.temperature 2 --trainer-config.output-dir /tmp/galaxy_srv_disk00/pengchx3/3seed_finals/nt/vanilla_original --trainer-config.early-stop-patience 250 --random-state 2 --slurm-config.mode run
[02:09:48] (4/6) -> laniakea job=246779 :: nt_vanilla --task-names splice_sites_donors --distillation-config.weight-ce 0.5 --distillation-config.weight-kl 0.5 --distillation-config.weight-mse 0 --distillation-config.temperature 4 --trainer-config.output-dir /tmp/galaxy_srv_disk00/pengchx3/3seed_finals/nt/vanilla_original --trainer-config.early-stop-patience 250 --random-state 0 --slurm-config.mode run
[02:09:53] (5/6) -> laniakea job=246780 :: nt_vanilla --task-names splice_sites_donors --distillation-config.weight-ce 0.5 --distillation-config.weight-kl 0.5 --distillation-config.weight-mse 0 --distillation-config.temperature 4 --trainer-config.output-dir /tmp/galaxy_srv_disk00/pengchx3/3seed_finals/nt/vanilla_original --trainer-config.early-stop-patience 250 --random-state 1 --slurm-config.mode run
[02:09:58] (6/6) -> laniakea job=246781 :: nt_vanilla --task-names splice_sites_donors --distillation-config.weight-ce 0.5 --distillation-config.weight-kl 0.5 --distillation-config.weight-mse 0 --distillation-config.temperature 4 --trainer-config.output-dir /tmp/galaxy_srv_disk00/pengchx3/3seed_finals/nt/vanilla_original --trainer-config.early-stop-patience 250 --random-state 2 --slurm-config.mode run
[specs 02:10:03] all 6 submitted
===== round 39 Sat 04 Jul 2026 02:15:03 AM PDT =====
carbon=0 3seed=6 total_gaps=6
[specs 02:15:07] _dispatch_all.txt: 6 jobs to submit
[02:15:07] (1/6) -> laniakea job=246782 :: nt_vanilla --task-names splice_sites_acceptors --distillation-config.weight-ce 0.5 --distillation-config.weight-kl 1 --distillation-config.weight-mse 0 --distillation-config.temperature 2 --trainer-config.output-dir /tmp/galaxy_srv_disk00/pengchx3/3seed_finals/nt/vanilla_original --trainer-config.early-stop-patience 250 --random-state 0 --slurm-config.mode run
[02:15:12] (2/6) -> laniakea job=246783 :: nt_vanilla --task-names splice_sites_acceptors --distillation-config.weight-ce 0.5 --distillation-config.weight-kl 1 --distillation-config.weight-mse 0 --distillation-config.temperature 2 --trainer-config.output-dir /tmp/galaxy_srv_disk00/pengchx3/3seed_finals/nt/vanilla_original --trainer-config.early-stop-patience 250 --random-state 1 --slurm-config.mode run
[02:15:17] (3/6) -> laniakea job=246784 :: nt_vanilla --task-names splice_sites_acceptors --distillation-config.weight-ce 0.5 --distillation-config.weight-kl 1 --distillation-config.weight-mse 0 --distillation-config.temperature 2 --trainer-config.output-dir /tmp/galaxy_srv_disk00/pengchx3/3seed_finals/nt/vanilla_original --trainer-config.early-stop-patience 250 --random-state 2 --slurm-config.mode run
[02:15:22] (4/6) -> laniakea job=246785 :: nt_vanilla --task-names splice_sites_donors --distillation-config.weight-ce 0.5 --distillation-config.weight-kl 0.5 --distillation-config.weight-mse 0 --distillation-config.temperature 4 --trainer-config.output-dir /tmp/galaxy_srv_disk00/pengchx3/3seed_finals/nt/vanilla_original --trainer-config.early-stop-patience 250 --random-state 0 --slurm-config.mode run
[02:15:27] (5/6) -> laniakea job=246786 :: nt_vanilla --task-names splice_sites_donors --distillation-config.weight-ce 0.5 --distillation-config.weight-kl 0.5 --distillation-config.weight-mse 0 --distillation-config.temperature 4 --trainer-config.output-dir /tmp/galaxy_srv_disk00/pengchx3/3seed_finals/nt/vanilla_original --trainer-config.early-stop-patience 250 --random-state 1 --slurm-config.mode run
[02:15:32] (6/6) -> laniakea job=246787 :: nt_vanilla --task-names splice_sites_donors --distillation-config.weight-ce 0.5 --distillation-config.weight-kl 0.5 --distillation-config.weight-mse 0 --distillation-config.temperature 4 --trainer-config.output-dir /tmp/galaxy_srv_disk00/pengchx3/3seed_finals/nt/vanilla_original --trainer-config.early-stop-patience 250 --random-state 2 --slurm-config.mode run
[specs 02:15:37] all 6 submitted
===== round 40 Sat 04 Jul 2026 02:20:37 AM PDT =====
carbon=0 3seed=6 total_gaps=6
[specs 02:20:41] _dispatch_all.txt: 6 jobs to submit
[02:20:41] (1/6) -> laniakea job=246788 :: nt_vanilla --task-names splice_sites_acceptors --distillation-config.weight-ce 0.5 --distillation-config.weight-kl 1 --distillation-config.weight-mse 0 --distillation-config.temperature 2 --trainer-config.output-dir /tmp/galaxy_srv_disk00/pengchx3/3seed_finals/nt/vanilla_original --trainer-config.early-stop-patience 250 --random-state 0 --slurm-config.mode run
[02:20:46] (2/6) -> laniakea job=246789 :: nt_vanilla --task-names splice_sites_acceptors --distillation-config.weight-ce 0.5 --distillation-config.weight-kl 1 --distillation-config.weight-mse 0 --distillation-config.temperature 2 --trainer-config.output-dir /tmp/galaxy_srv_disk00/pengchx3/3seed_finals/nt/vanilla_original --trainer-config.early-stop-patience 250 --random-state 1 --slurm-config.mode run
[02:20:51] (3/6) -> laniakea job=246790 :: nt_vanilla --task-names splice_sites_acceptors --distillation-config.weight-ce 0.5 --distillation-config.weight-kl 1 --distillation-config.weight-mse 0 --distillation-config.temperature 2 --trainer-config.output-dir /tmp/galaxy_srv_disk00/pengchx3/3seed_finals/nt/vanilla_original --trainer-config.early-stop-patience 250 --random-state 2 --slurm-config.mode run
[02:20:56] (4/6) -> laniakea job=246791 :: nt_vanilla --task-names splice_sites_donors --distillation-config.weight-ce 0.5 --distillation-config.weight-kl 0.5 --distillation-config.weight-mse 0 --distillation-config.temperature 4 --trainer-config.output-dir /tmp/galaxy_srv_disk00/pengchx3/3seed_finals/nt/vanilla_original --trainer-config.early-stop-patience 250 --random-state 0 --slurm-config.mode run
[02:21:01] (5/6) -> laniakea job=246792 :: nt_vanilla --task-names splice_sites_donors --distillation-config.weight-ce 0.5 --distillation-config.weight-kl 0.5 --distillation-config.weight-mse 0 --distillation-config.temperature 4 --trainer-config.output-dir /tmp/galaxy_srv_disk00/pengchx3/3seed_finals/nt/vanilla_original --trainer-config.early-stop-patience 250 --random-state 1 --slurm-config.mode run
[02:21:06] (6/6) -> laniakea job=246793 :: nt_vanilla --task-names splice_sites_donors --distillation-config.weight-ce 0.5 --distillation-config.weight-kl 0.5 --distillation-config.weight-mse 0 --distillation-config.temperature 4 --trainer-config.output-dir /tmp/galaxy_srv_disk00/pengchx3/3seed_finals/nt/vanilla_original --trainer-config.early-stop-patience 250 --random-state 2 --slurm-config.mode run
[specs 02:21:11] all 6 submitted
===== round 41 Sat 04 Jul 2026 02:26:11 AM PDT =====
carbon=0 3seed=6 total_gaps=6
[specs 02:26:15] _dispatch_all.txt: 6 jobs to submit
[02:26:15] (1/6) -> laniakea job=246794 :: nt_vanilla --task-names splice_sites_acceptors --distillation-config.weight-ce 0.5 --distillation-config.weight-kl 1 --distillation-config.weight-mse 0 --distillation-config.temperature 2 --trainer-config.output-dir /tmp/galaxy_srv_disk00/pengchx3/3seed_finals/nt/vanilla_original --trainer-config.early-stop-patience 250 --random-state 0 --slurm-config.mode run
[02:26:20] (2/6) -> laniakea job=246795 :: nt_vanilla --task-names splice_sites_acceptors --distillation-config.weight-ce 0.5 --distillation-config.weight-kl 1 --distillation-config.weight-mse 0 --distillation-config.temperature 2 --trainer-config.output-dir /tmp/galaxy_srv_disk00/pengchx3/3seed_finals/nt/vanilla_original --trainer-config.early-stop-patience 250 --random-state 1 --slurm-config.mode run
[02:26:25] (3/6) -> laniakea job=246796 :: nt_vanilla --task-names splice_sites_acceptors --distillation-config.weight-ce 0.5 --distillation-config.weight-kl 1 --distillation-config.weight-mse 0 --distillation-config.temperature 2 --trainer-config.output-dir /tmp/galaxy_srv_disk00/pengchx3/3seed_finals/nt/vanilla_original --trainer-config.early-stop-patience 250 --random-state 2 --slurm-config.mode run
[02:26:30] (4/6) -> laniakea job=246797 :: nt_vanilla --task-names splice_sites_donors --distillation-config.weight-ce 0.5 --distillation-config.weight-kl 0.5 --distillation-config.weight-mse 0 --distillation-config.temperature 4 --trainer-config.output-dir /tmp/galaxy_srv_disk00/pengchx3/3seed_finals/nt/vanilla_original --trainer-config.early-stop-patience 250 --random-state 0 --slurm-config.mode run
[02:26:35] (5/6) -> laniakea job=246798 :: nt_vanilla --task-names splice_sites_donors --distillation-config.weight-ce 0.5 --distillation-config.weight-kl 0.5 --distillation-config.weight-mse 0 --distillation-config.temperature 4 --trainer-config.output-dir /tmp/galaxy_srv_disk00/pengchx3/3seed_finals/nt/vanilla_original --trainer-config.early-stop-patience 250 --random-state 1 --slurm-config.mode run
[02:26:41] (6/6) -> laniakea job=246799 :: nt_vanilla --task-names splice_sites_donors --distillation-config.weight-ce 0.5 --distillation-config.weight-kl 0.5 --distillation-config.weight-mse 0 --distillation-config.temperature 4 --trainer-config.output-dir /tmp/galaxy_srv_disk00/pengchx3/3seed_finals/nt/vanilla_original --trainer-config.early-stop-patience 250 --random-state 2 --slurm-config.mode run
[specs 02:26:46] all 6 submitted
===== round 42 Sat 04 Jul 2026 02:31:46 AM PDT =====
carbon=0 3seed=6 total_gaps=6
[specs 02:31:49] _dispatch_all.txt: 6 jobs to submit
[02:31:49] (1/6) -> laniakea job=246800 :: nt_vanilla --task-names splice_sites_acceptors --distillation-config.weight-ce 0.5 --distillation-config.weight-kl 1 --distillation-config.weight-mse 0 --distillation-config.temperature 2 --trainer-config.output-dir /tmp/galaxy_srv_disk00/pengchx3/3seed_finals/nt/vanilla_original --trainer-config.early-stop-patience 250 --random-state 0 --slurm-config.mode run
[02:31:54] (2/6) -> laniakea job=246801 :: nt_vanilla --task-names splice_sites_acceptors --distillation-config.weight-ce 0.5 --distillation-config.weight-kl 1 --distillation-config.weight-mse 0 --distillation-config.temperature 2 --trainer-config.output-dir /tmp/galaxy_srv_disk00/pengchx3/3seed_finals/nt/vanilla_original --trainer-config.early-stop-patience 250 --random-state 1 --slurm-config.mode run
[02:31:59] (3/6) -> laniakea job=246802 :: nt_vanilla --task-names splice_sites_acceptors --distillation-config.weight-ce 0.5 --distillation-config.weight-kl 1 --distillation-config.weight-mse 0 --distillation-config.temperature 2 --trainer-config.output-dir /tmp/galaxy_srv_disk00/pengchx3/3seed_finals/nt/vanilla_original --trainer-config.early-stop-patience 250 --random-state 2 --slurm-config.mode run
[02:32:04] (4/6) -> laniakea job=246803 :: nt_vanilla --task-names splice_sites_donors --distillation-config.weight-ce 0.5 --distillation-config.weight-kl 0.5 --distillation-config.weight-mse 0 --distillation-config.temperature 4 --trainer-config.output-dir /tmp/galaxy_srv_disk00/pengchx3/3seed_finals/nt/vanilla_original --trainer-config.early-stop-patience 250 --random-state 0 --slurm-config.mode run
[02:32:10] (5/6) -> laniakea job=246804 :: nt_vanilla --task-names splice_sites_donors --distillation-config.weight-ce 0.5 --distillation-config.weight-kl 0.5 --distillation-config.weight-mse 0 --distillation-config.temperature 4 --trainer-config.output-dir /tmp/galaxy_srv_disk00/pengchx3/3seed_finals/nt/vanilla_original --trainer-config.early-stop-patience 250 --random-state 1 --slurm-config.mode run
[02:32:15] (6/6) -> laniakea job=246805 :: nt_vanilla --task-names splice_sites_donors --distillation-config.weight-ce 0.5 --distillation-config.weight-kl 0.5 --distillation-config.weight-mse 0 --distillation-config.temperature 4 --trainer-config.output-dir /tmp/galaxy_srv_disk00/pengchx3/3seed_finals/nt/vanilla_original --trainer-config.early-stop-patience 250 --random-state 2 --slurm-config.mode run
[specs 02:32:20] all 6 submitted
===== round 43 Sat 04 Jul 2026 02:37:20 AM PDT =====
carbon=0 3seed=6 total_gaps=6
[specs 02:37:23] _dispatch_all.txt: 6 jobs to submit
[02:37:23] (1/6) -> laniakea job=246806 :: nt_vanilla --task-names splice_sites_acceptors --distillation-config.weight-ce 0.5 --distillation-config.weight-kl 1 --distillation-config.weight-mse 0 --distillation-config.temperature 2 --trainer-config.output-dir /tmp/galaxy_srv_disk00/pengchx3/3seed_finals/nt/vanilla_original --trainer-config.early-stop-patience 250 --random-state 0 --slurm-config.mode run
[02:37:29] (2/6) -> laniakea job=246807 :: nt_vanilla --task-names splice_sites_acceptors --distillation-config.weight-ce 0.5 --distillation-config.weight-kl 1 --distillation-config.weight-mse 0 --distillation-config.temperature 2 --trainer-config.output-dir /tmp/galaxy_srv_disk00/pengchx3/3seed_finals/nt/vanilla_original --trainer-config.early-stop-patience 250 --random-state 1 --slurm-config.mode run
[02:37:34] (3/6) -> laniakea job=246808 :: nt_vanilla --task-names splice_sites_acceptors --distillation-config.weight-ce 0.5 --distillation-config.weight-kl 1 --distillation-config.weight-mse 0 --distillation-config.temperature 2 --trainer-config.output-dir /tmp/galaxy_srv_disk00/pengchx3/3seed_finals/nt/vanilla_original --trainer-config.early-stop-patience 250 --random-state 2 --slurm-config.mode run
[02:37:39] (4/6) -> laniakea job=246809 :: nt_vanilla --task-names splice_sites_donors --distillation-config.weight-ce 0.5 --distillation-config.weight-kl 0.5 --distillation-config.weight-mse 0 --distillation-config.temperature 4 --trainer-config.output-dir /tmp/galaxy_srv_disk00/pengchx3/3seed_finals/nt/vanilla_original --trainer-config.early-stop-patience 250 --random-state 0 --slurm-config.mode run
[02:37:44] (5/6) -> laniakea job=246810 :: nt_vanilla --task-names splice_sites_donors --distillation-config.weight-ce 0.5 --distillation-config.weight-kl 0.5 --distillation-config.weight-mse 0 --distillation-config.temperature 4 --trainer-config.output-dir /tmp/galaxy_srv_disk00/pengchx3/3seed_finals/nt/vanilla_original --trainer-config.early-stop-patience 250 --random-state 1 --slurm-config.mode run
[02:37:49] (6/6) -> laniakea job=246811 :: nt_vanilla --task-names splice_sites_donors --distillation-config.weight-ce 0.5 --distillation-config.weight-kl 0.5 --distillation-config.weight-mse 0 --distillation-config.temperature 4 --trainer-config.output-dir /tmp/galaxy_srv_disk00/pengchx3/3seed_finals/nt/vanilla_original --trainer-config.early-stop-patience 250 --random-state 2 --slurm-config.mode run
[specs 02:37:54] all 6 submitted
===== round 44 Sat 04 Jul 2026 02:42:54 AM PDT =====
carbon=0 3seed=6 total_gaps=6
[specs 02:42:58] _dispatch_all.txt: 6 jobs to submit
[02:42:58] (1/6) -> laniakea job=246812 :: nt_vanilla --task-names splice_sites_acceptors --distillation-config.weight-ce 0.5 --distillation-config.weight-kl 1 --distillation-config.weight-mse 0 --distillation-config.temperature 2 --trainer-config.output-dir /tmp/galaxy_srv_disk00/pengchx3/3seed_finals/nt/vanilla_original --trainer-config.early-stop-patience 250 --random-state 0 --slurm-config.mode run
[02:43:03] (2/6) -> laniakea job=246813 :: nt_vanilla --task-names splice_sites_acceptors --distillation-config.weight-ce 0.5 --distillation-config.weight-kl 1 --distillation-config.weight-mse 0 --distillation-config.temperature 2 --trainer-config.output-dir /tmp/galaxy_srv_disk00/pengchx3/3seed_finals/nt/vanilla_original --trainer-config.early-stop-patience 250 --random-state 1 --slurm-config.mode run
[02:43:08] (3/6) -> laniakea job=246814 :: nt_vanilla --task-names splice_sites_acceptors --distillation-config.weight-ce 0.5 --distillation-config.weight-kl 1 --distillation-config.weight-mse 0 --distillation-config.temperature 2 --trainer-config.output-dir /tmp/galaxy_srv_disk00/pengchx3/3seed_finals/nt/vanilla_original --trainer-config.early-stop-patience 250 --random-state 2 --slurm-config.mode run
[02:43:13] (4/6) -> laniakea job=246815 :: nt_vanilla --task-names splice_sites_donors --distillation-config.weight-ce 0.5 --distillation-config.weight-kl 0.5 --distillation-config.weight-mse 0 --distillation-config.temperature 4 --trainer-config.output-dir /tmp/galaxy_srv_disk00/pengchx3/3seed_finals/nt/vanilla_original --trainer-config.early-stop-patience 250 --random-state 0 --slurm-config.mode run
[02:43:18] (5/6) -> laniakea job=246816 :: nt_vanilla --task-names splice_sites_donors --distillation-config.weight-ce 0.5 --distillation-config.weight-kl 0.5 --distillation-config.weight-mse 0 --distillation-config.temperature 4 --trainer-config.output-dir /tmp/galaxy_srv_disk00/pengchx3/3seed_finals/nt/vanilla_original --trainer-config.early-stop-patience 250 --random-state 1 --slurm-config.mode run
[02:43:23] (6/6) -> laniakea job=246817 :: nt_vanilla --task-names splice_sites_donors --distillation-config.weight-ce 0.5 --distillation-config.weight-kl 0.5 --distillation-config.weight-mse 0 --distillation-config.temperature 4 --trainer-config.output-dir /tmp/galaxy_srv_disk00/pengchx3/3seed_finals/nt/vanilla_original --trainer-config.early-stop-patience 250 --random-state 2 --slurm-config.mode run
[specs 02:43:28] all 6 submitted
===== round 45 Sat 04 Jul 2026 02:48:28 AM PDT =====
carbon=0 3seed=6 total_gaps=6
[specs 02:48:32] _dispatch_all.txt: 6 jobs to submit
[02:48:32] (1/6) -> laniakea job=246818 :: nt_vanilla --task-names splice_sites_acceptors --distillation-config.weight-ce 0.5 --distillation-config.weight-kl 1 --distillation-config.weight-mse 0 --distillation-config.temperature 2 --trainer-config.output-dir /tmp/galaxy_srv_disk00/pengchx3/3seed_finals/nt/vanilla_original --trainer-config.early-stop-patience 250 --random-state 0 --slurm-config.mode run
[02:48:37] (2/6) -> laniakea job=246819 :: nt_vanilla --task-names splice_sites_acceptors --distillation-config.weight-ce 0.5 --distillation-config.weight-kl 1 --distillation-config.weight-mse 0 --distillation-config.temperature 2 --trainer-config.output-dir /tmp/galaxy_srv_disk00/pengchx3/3seed_finals/nt/vanilla_original --trainer-config.early-stop-patience 250 --random-state 1 --slurm-config.mode run
[02:48:42] (3/6) -> laniakea job=246820 :: nt_vanilla --task-names splice_sites_acceptors --distillation-config.weight-ce 0.5 --distillation-config.weight-kl 1 --distillation-config.weight-mse 0 --distillation-config.temperature 2 --trainer-config.output-dir /tmp/galaxy_srv_disk00/pengchx3/3seed_finals/nt/vanilla_original --trainer-config.early-stop-patience 250 --random-state 2 --slurm-config.mode run
[02:48:47] (4/6) -> laniakea job=246821 :: nt_vanilla --task-names splice_sites_donors --distillation-config.weight-ce 0.5 --distillation-config.weight-kl 0.5 --distillation-config.weight-mse 0 --distillation-config.temperature 4 --trainer-config.output-dir /tmp/galaxy_srv_disk00/pengchx3/3seed_finals/nt/vanilla_original --trainer-config.early-stop-patience 250 --random-state 0 --slurm-config.mode run
[02:48:52] (5/6) -> laniakea job=246822 :: nt_vanilla --task-names splice_sites_donors --distillation-config.weight-ce 0.5 --distillation-config.weight-kl 0.5 --distillation-config.weight-mse 0 --distillation-config.temperature 4 --trainer-config.output-dir /tmp/galaxy_srv_disk00/pengchx3/3seed_finals/nt/vanilla_original --trainer-config.early-stop-patience 250 --random-state 1 --slurm-config.mode run
[02:48:57] (6/6) -> laniakea job=246823 :: nt_vanilla --task-names splice_sites_donors --distillation-config.weight-ce 0.5 --distillation-config.weight-kl 0.5 --distillation-config.weight-mse 0 --distillation-config.temperature 4 --trainer-config.output-dir /tmp/galaxy_srv_disk00/pengchx3/3seed_finals/nt/vanilla_original --trainer-config.early-stop-patience 250 --random-state 2 --slurm-config.mode run
[specs 02:49:02] all 6 submitted
===== round 46 Sat 04 Jul 2026 02:54:02 AM PDT =====
carbon=0 3seed=6 total_gaps=6
[specs 02:54:06] _dispatch_all.txt: 6 jobs to submit
[02:54:06] (1/6) -> laniakea job=246824 :: nt_vanilla --task-names splice_sites_acceptors --distillation-config.weight-ce 0.5 --distillation-config.weight-kl 1 --distillation-config.weight-mse 0 --distillation-config.temperature 2 --trainer-config.output-dir /tmp/galaxy_srv_disk00/pengchx3/3seed_finals/nt/vanilla_original --trainer-config.early-stop-patience 250 --random-state 0 --slurm-config.mode run
[02:54:11] (2/6) -> laniakea job=246825 :: nt_vanilla --task-names splice_sites_acceptors --distillation-config.weight-ce 0.5 --distillation-config.weight-kl 1 --distillation-config.weight-mse 0 --distillation-config.temperature 2 --trainer-config.output-dir /tmp/galaxy_srv_disk00/pengchx3/3seed_finals/nt/vanilla_original --trainer-config.early-stop-patience 250 --random-state 1 --slurm-config.mode run
[02:54:16] (3/6) -> laniakea job=246826 :: nt_vanilla --task-names splice_sites_acceptors --distillation-config.weight-ce 0.5 --distillation-config.weight-kl 1 --distillation-config.weight-mse 0 --distillation-config.temperature 2 --trainer-config.output-dir /tmp/galaxy_srv_disk00/pengchx3/3seed_finals/nt/vanilla_original --trainer-config.early-stop-patience 250 --random-state 2 --slurm-config.mode run
[02:54:21] (4/6) -> laniakea job=246827 :: nt_vanilla --task-names splice_sites_donors --distillation-config.weight-ce 0.5 --distillation-config.weight-kl 0.5 --distillation-config.weight-mse 0 --distillation-config.temperature 4 --trainer-config.output-dir /tmp/galaxy_srv_disk00/pengchx3/3seed_finals/nt/vanilla_original --trainer-config.early-stop-patience 250 --random-state 0 --slurm-config.mode run
[02:54:26] (5/6) -> laniakea job=246828 :: nt_vanilla --task-names splice_sites_donors --distillation-config.weight-ce 0.5 --distillation-config.weight-kl 0.5 --distillation-config.weight-mse 0 --distillation-config.temperature 4 --trainer-config.output-dir /tmp/galaxy_srv_disk00/pengchx3/3seed_finals/nt/vanilla_original --trainer-config.early-stop-patience 250 --random-state 1 --slurm-config.mode run
[02:54:31] (6/6) -> laniakea job=246829 :: nt_vanilla --task-names splice_sites_donors --distillation-config.weight-ce 0.5 --distillation-config.weight-kl 0.5 --distillation-config.weight-mse 0 --distillation-config.temperature 4 --trainer-config.output-dir /tmp/galaxy_srv_disk00/pengchx3/3seed_finals/nt/vanilla_original --trainer-config.early-stop-patience 250 --random-state 2 --slurm-config.mode run
[specs 02:54:36] all 6 submitted
===== round 47 Sat 04 Jul 2026 02:59:36 AM PDT =====
carbon=0 3seed=6 total_gaps=6
[specs 02:59:40] _dispatch_all.txt: 6 jobs to submit
[02:59:40] (1/6) -> laniakea job=246830 :: nt_vanilla --task-names splice_sites_acceptors --distillation-config.weight-ce 0.5 --distillation-config.weight-kl 1 --distillation-config.weight-mse 0 --distillation-config.temperature 2 --trainer-config.output-dir /tmp/galaxy_srv_disk00/pengchx3/3seed_finals/nt/vanilla_original --trainer-config.early-stop-patience 250 --random-state 0 --slurm-config.mode run
[02:59:45] (2/6) -> laniakea job=246831 :: nt_vanilla --task-names splice_sites_acceptors --distillation-config.weight-ce 0.5 --distillation-config.weight-kl 1 --distillation-config.weight-mse 0 --distillation-config.temperature 2 --trainer-config.output-dir /tmp/galaxy_srv_disk00/pengchx3/3seed_finals/nt/vanilla_original --trainer-config.early-stop-patience 250 --random-state 1 --slurm-config.mode run
[02:59:50] (3/6) -> laniakea job=246832 :: nt_vanilla --task-names splice_sites_acceptors --distillation-config.weight-ce 0.5 --distillation-config.weight-kl 1 --distillation-config.weight-mse 0 --distillation-config.temperature 2 --trainer-config.output-dir /tmp/galaxy_srv_disk00/pengchx3/3seed_finals/nt/vanilla_original --trainer-config.early-stop-patience 250 --random-state 2 --slurm-config.mode run
[02:59:55] (4/6) -> laniakea job=246833 :: nt_vanilla --task-names splice_sites_donors --distillation-config.weight-ce 0.5 --distillation-config.weight-kl 0.5 --distillation-config.weight-mse 0 --distillation-config.temperature 4 --trainer-config.output-dir /tmp/galaxy_srv_disk00/pengchx3/3seed_finals/nt/vanilla_original --trainer-config.early-stop-patience 250 --random-state 0 --slurm-config.mode run
[03:00:00] (5/6) -> laniakea job=246834 :: nt_vanilla --task-names splice_sites_donors --distillation-config.weight-ce 0.5 --distillation-config.weight-kl 0.5 --distillation-config.weight-mse 0 --distillation-config.temperature 4 --trainer-config.output-dir /tmp/galaxy_srv_disk00/pengchx3/3seed_finals/nt/vanilla_original --trainer-config.early-stop-patience 250 --random-state 1 --slurm-config.mode run
[03:00:06] (6/6) -> laniakea job=246835 :: nt_vanilla --task-names splice_sites_donors --distillation-config.weight-ce 0.5 --distillation-config.weight-kl 0.5 --distillation-config.weight-mse 0 --distillation-config.temperature 4 --trainer-config.output-dir /tmp/galaxy_srv_disk00/pengchx3/3seed_finals/nt/vanilla_original --trainer-config.early-stop-patience 250 --random-state 2 --slurm-config.mode run
[specs 03:00:11] all 6 submitted
===== round 48 Sat 04 Jul 2026 03:05:11 AM PDT =====
carbon=0 3seed=6 total_gaps=6
[specs 03:05:14] _dispatch_all.txt: 6 jobs to submit
[03:05:14] (1/6) -> laniakea job=246836 :: nt_vanilla --task-names splice_sites_acceptors --distillation-config.weight-ce 0.5 --distillation-config.weight-kl 1 --distillation-config.weight-mse 0 --distillation-config.temperature 2 --trainer-config.output-dir /tmp/galaxy_srv_disk00/pengchx3/3seed_finals/nt/vanilla_original --trainer-config.early-stop-patience 250 --random-state 0 --slurm-config.mode run
[03:05:19] (2/6) -> laniakea job=246837 :: nt_vanilla --task-names splice_sites_acceptors --distillation-config.weight-ce 0.5 --distillation-config.weight-kl 1 --distillation-config.weight-mse 0 --distillation-config.temperature 2 --trainer-config.output-dir /tmp/galaxy_srv_disk00/pengchx3/3seed_finals/nt/vanilla_original --trainer-config.early-stop-patience 250 --random-state 1 --slurm-config.mode run
[03:05:25] (3/6) -> laniakea job=246838 :: nt_vanilla --task-names splice_sites_acceptors --distillation-config.weight-ce 0.5 --distillation-config.weight-kl 1 --distillation-config.weight-mse 0 --distillation-config.temperature 2 --trainer-config.output-dir /tmp/galaxy_srv_disk00/pengchx3/3seed_finals/nt/vanilla_original --trainer-config.early-stop-patience 250 --random-state 2 --slurm-config.mode run
[03:05:30] (4/6) -> laniakea job=246839 :: nt_vanilla --task-names splice_sites_donors --distillation-config.weight-ce 0.5 --distillation-config.weight-kl 0.5 --distillation-config.weight-mse 0 --distillation-config.temperature 4 --trainer-config.output-dir /tmp/galaxy_srv_disk00/pengchx3/3seed_finals/nt/vanilla_original --trainer-config.early-stop-patience 250 --random-state 0 --slurm-config.mode run
[03:05:35] (5/6) -> laniakea job=246840 :: nt_vanilla --task-names splice_sites_donors --distillation-config.weight-ce 0.5 --distillation-config.weight-kl 0.5 --distillation-config.weight-mse 0 --distillation-config.temperature 4 --trainer-config.output-dir /tmp/galaxy_srv_disk00/pengchx3/3seed_finals/nt/vanilla_original --trainer-config.early-stop-patience 250 --random-state 1 --slurm-config.mode run
[03:05:40] (6/6) -> laniakea job=246841 :: nt_vanilla --task-names splice_sites_donors --distillation-config.weight-ce 0.5 --distillation-config.weight-kl 0.5 --distillation-config.weight-mse 0 --distillation-config.temperature 4 --trainer-config.output-dir /tmp/galaxy_srv_disk00/pengchx3/3seed_finals/nt/vanilla_original --trainer-config.early-stop-patience 250 --random-state 2 --slurm-config.mode run
[specs 03:05:45] all 6 submitted
===== round 49 Sat 04 Jul 2026 03:10:45 AM PDT =====
carbon=0 3seed=6 total_gaps=6
[specs 03:10:48] _dispatch_all.txt: 6 jobs to submit
[03:10:49] (1/6) -> laniakea job=246842 :: nt_vanilla --task-names splice_sites_acceptors --distillation-config.weight-ce 0.5 --distillation-config.weight-kl 1 --distillation-config.weight-mse 0 --distillation-config.temperature 2 --trainer-config.output-dir /tmp/galaxy_srv_disk00/pengchx3/3seed_finals/nt/vanilla_original --trainer-config.early-stop-patience 250 --random-state 0 --slurm-config.mode run
[03:10:54] (2/6) -> laniakea job=246843 :: nt_vanilla --task-names splice_sites_acceptors --distillation-config.weight-ce 0.5 --distillation-config.weight-kl 1 --distillation-config.weight-mse 0 --distillation-config.temperature 2 --trainer-config.output-dir /tmp/galaxy_srv_disk00/pengchx3/3seed_finals/nt/vanilla_original --trainer-config.early-stop-patience 250 --random-state 1 --slurm-config.mode run
[03:10:59] (3/6) -> laniakea job=246844 :: nt_vanilla --task-names splice_sites_acceptors --distillation-config.weight-ce 0.5 --distillation-config.weight-kl 1 --distillation-config.weight-mse 0 --distillation-config.temperature 2 --trainer-config.output-dir /tmp/galaxy_srv_disk00/pengchx3/3seed_finals/nt/vanilla_original --trainer-config.early-stop-patience 250 --random-state 2 --slurm-config.mode run
[03:11:04] (4/6) -> laniakea job=246845 :: nt_vanilla --task-names splice_sites_donors --distillation-config.weight-ce 0.5 --distillation-config.weight-kl 0.5 --distillation-config.weight-mse 0 --distillation-config.temperature 4 --trainer-config.output-dir /tmp/galaxy_srv_disk00/pengchx3/3seed_finals/nt/vanilla_original --trainer-config.early-stop-patience 250 --random-state 0 --slurm-config.mode run
[03:11:09] (5/6) -> laniakea job=246846 :: nt_vanilla --task-names splice_sites_donors --distillation-config.weight-ce 0.5 --distillation-config.weight-kl 0.5 --distillation-config.weight-mse 0 --distillation-config.temperature 4 --trainer-config.output-dir /tmp/galaxy_srv_disk00/pengchx3/3seed_finals/nt/vanilla_original --trainer-config.early-stop-patience 250 --random-state 1 --slurm-config.mode run
[03:11:14] (6/6) -> laniakea job=246847 :: nt_vanilla --task-names splice_sites_donors --distillation-config.weight-ce 0.5 --distillation-config.weight-kl 0.5 --distillation-config.weight-mse 0 --distillation-config.temperature 4 --trainer-config.output-dir /tmp/galaxy_srv_disk00/pengchx3/3seed_finals/nt/vanilla_original --trainer-config.early-stop-patience 250 --random-state 2 --slurm-config.mode run
[specs 03:11:19] all 6 submitted
===== round 50 Sat 04 Jul 2026 03:16:19 AM PDT =====
carbon=0 3seed=6 total_gaps=6
[specs 03:16:23] _dispatch_all.txt: 6 jobs to submit
[03:16:23] (1/6) -> laniakea job=246848 :: nt_vanilla --task-names splice_sites_acceptors --distillation-config.weight-ce 0.5 --distillation-config.weight-kl 1 --distillation-config.weight-mse 0 --distillation-config.temperature 2 --trainer-config.output-dir /tmp/galaxy_srv_disk00/pengchx3/3seed_finals/nt/vanilla_original --trainer-config.early-stop-patience 250 --random-state 0 --slurm-config.mode run
[03:16:28] (2/6) -> laniakea job=246849 :: nt_vanilla --task-names splice_sites_acceptors --distillation-config.weight-ce 0.5 --distillation-config.weight-kl 1 --distillation-config.weight-mse 0 --distillation-config.temperature 2 --trainer-config.output-dir /tmp/galaxy_srv_disk00/pengchx3/3seed_finals/nt/vanilla_original --trainer-config.early-stop-patience 250 --random-state 1 --slurm-config.mode run
[03:16:33] (3/6) -> laniakea job=246850 :: nt_vanilla --task-names splice_sites_acceptors --distillation-config.weight-ce 0.5 --distillation-config.weight-kl 1 --distillation-config.weight-mse 0 --distillation-config.temperature 2 --trainer-config.output-dir /tmp/galaxy_srv_disk00/pengchx3/3seed_finals/nt/vanilla_original --trainer-config.early-stop-patience 250 --random-state 2 --slurm-config.mode run
[03:16:38] (4/6) -> laniakea job=246851 :: nt_vanilla --task-names splice_sites_donors --distillation-config.weight-ce 0.5 --distillation-config.weight-kl 0.5 --distillation-config.weight-mse 0 --distillation-config.temperature 4 --trainer-config.output-dir /tmp/galaxy_srv_disk00/pengchx3/3seed_finals/nt/vanilla_original --trainer-config.early-stop-patience 250 --random-state 0 --slurm-config.mode run
[03:16:43] (5/6) -> laniakea job=246852 :: nt_vanilla --task-names splice_sites_donors --distillation-config.weight-ce 0.5 --distillation-config.weight-kl 0.5 --distillation-config.weight-mse 0 --distillation-config.temperature 4 --trainer-config.output-dir /tmp/galaxy_srv_disk00/pengchx3/3seed_finals/nt/vanilla_original --trainer-config.early-stop-patience 250 --random-state 1 --slurm-config.mode run
[03:16:48] (6/6) -> laniakea job=246853 :: nt_vanilla --task-names splice_sites_donors --distillation-config.weight-ce 0.5 --distillation-config.weight-kl 0.5 --distillation-config.weight-mse 0 --distillation-config.temperature 4 --trainer-config.output-dir /tmp/galaxy_srv_disk00/pengchx3/3seed_finals/nt/vanilla_original --trainer-config.early-stop-patience 250 --random-state 2 --slurm-config.mode run
[specs 03:16:53] all 6 submitted
===== round 51 Sat 04 Jul 2026 03:21:53 AM PDT =====
carbon=0 3seed=6 total_gaps=6
[specs 03:21:57] _dispatch_all.txt: 6 jobs to submit
[03:21:57] (1/6) -> laniakea job=246854 :: nt_vanilla --task-names splice_sites_acceptors --distillation-config.weight-ce 0.5 --distillation-config.weight-kl 1 --distillation-config.weight-mse 0 --distillation-config.temperature 2 --trainer-config.output-dir /tmp/galaxy_srv_disk00/pengchx3/3seed_finals/nt/vanilla_original --trainer-config.early-stop-patience 250 --random-state 0 --slurm-config.mode run
[03:22:02] (2/6) -> laniakea job=246855 :: nt_vanilla --task-names splice_sites_acceptors --distillation-config.weight-ce 0.5 --distillation-config.weight-kl 1 --distillation-config.weight-mse 0 --distillation-config.temperature 2 --trainer-config.output-dir /tmp/galaxy_srv_disk00/pengchx3/3seed_finals/nt/vanilla_original --trainer-config.early-stop-patience 250 --random-state 1 --slurm-config.mode run
[03:22:07] (3/6) -> laniakea job=246856 :: nt_vanilla --task-names splice_sites_acceptors --distillation-config.weight-ce 0.5 --distillation-config.weight-kl 1 --distillation-config.weight-mse 0 --distillation-config.temperature 2 --trainer-config.output-dir /tmp/galaxy_srv_disk00/pengchx3/3seed_finals/nt/vanilla_original --trainer-config.early-stop-patience 250 --random-state 2 --slurm-config.mode run
[03:22:12] (4/6) -> laniakea job=246857 :: nt_vanilla --task-names splice_sites_donors --distillation-config.weight-ce 0.5 --distillation-config.weight-kl 0.5 --distillation-config.weight-mse 0 --distillation-config.temperature 4 --trainer-config.output-dir /tmp/galaxy_srv_disk00/pengchx3/3seed_finals/nt/vanilla_original --trainer-config.early-stop-patience 250 --random-state 0 --slurm-config.mode run
[03:22:17] (5/6) -> laniakea job=246858 :: nt_vanilla --task-names splice_sites_donors --distillation-config.weight-ce 0.5 --distillation-config.weight-kl 0.5 --distillation-config.weight-mse 0 --distillation-config.temperature 4 --trainer-config.output-dir /tmp/galaxy_srv_disk00/pengchx3/3seed_finals/nt/vanilla_original --trainer-config.early-stop-patience 250 --random-state 1 --slurm-config.mode run
[03:22:22] (6/6) -> laniakea job=246859 :: nt_vanilla --task-names splice_sites_donors --distillation-config.weight-ce 0.5 --distillation-config.weight-kl 0.5 --distillation-config.weight-mse 0 --distillation-config.temperature 4 --trainer-config.output-dir /tmp/galaxy_srv_disk00/pengchx3/3seed_finals/nt/vanilla_original --trainer-config.early-stop-patience 250 --random-state 2 --slurm-config.mode run
[specs 03:22:27] all 6 submitted
===== round 52 Sat 04 Jul 2026 03:27:27 AM PDT =====
carbon=0 3seed=6 total_gaps=6
[specs 03:27:31] _dispatch_all.txt: 6 jobs to submit
[03:27:31] (1/6) -> laniakea job=246860 :: nt_vanilla --task-names splice_sites_acceptors --distillation-config.weight-ce 0.5 --distillation-config.weight-kl 1 --distillation-config.weight-mse 0 --distillation-config.temperature 2 --trainer-config.output-dir /tmp/galaxy_srv_disk00/pengchx3/3seed_finals/nt/vanilla_original --trainer-config.early-stop-patience 250 --random-state 0 --slurm-config.mode run
[03:27:36] (2/6) -> laniakea job=246861 :: nt_vanilla --task-names splice_sites_acceptors --distillation-config.weight-ce 0.5 --distillation-config.weight-kl 1 --distillation-config.weight-mse 0 --distillation-config.temperature 2 --trainer-config.output-dir /tmp/galaxy_srv_disk00/pengchx3/3seed_finals/nt/vanilla_original --trainer-config.early-stop-patience 250 --random-state 1 --slurm-config.mode run
[03:27:41] (3/6) -> laniakea job=246862 :: nt_vanilla --task-names splice_sites_acceptors --distillation-config.weight-ce 0.5 --distillation-config.weight-kl 1 --distillation-config.weight-mse 0 --distillation-config.temperature 2 --trainer-config.output-dir /tmp/galaxy_srv_disk00/pengchx3/3seed_finals/nt/vanilla_original --trainer-config.early-stop-patience 250 --random-state 2 --slurm-config.mode run
[03:27:46] (4/6) -> laniakea job=246863 :: nt_vanilla --task-names splice_sites_donors --distillation-config.weight-ce 0.5 --distillation-config.weight-kl 0.5 --distillation-config.weight-mse 0 --distillation-config.temperature 4 --trainer-config.output-dir /tmp/galaxy_srv_disk00/pengchx3/3seed_finals/nt/vanilla_original --trainer-config.early-stop-patience 250 --random-state 0 --slurm-config.mode run
[03:27:51] (5/6) -> laniakea job=246864 :: nt_vanilla --task-names splice_sites_donors --distillation-config.weight-ce 0.5 --distillation-config.weight-kl 0.5 --distillation-config.weight-mse 0 --distillation-config.temperature 4 --trainer-config.output-dir /tmp/galaxy_srv_disk00/pengchx3/3seed_finals/nt/vanilla_original --trainer-config.early-stop-patience 250 --random-state 1 --slurm-config.mode run
[03:27:56] (6/6) -> laniakea job=246865 :: nt_vanilla --task-names splice_sites_donors --distillation-config.weight-ce 0.5 --distillation-config.weight-kl 0.5 --distillation-config.weight-mse 0 --distillation-config.temperature 4 --trainer-config.output-dir /tmp/galaxy_srv_disk00/pengchx3/3seed_finals/nt/vanilla_original --trainer-config.early-stop-patience 250 --random-state 2 --slurm-config.mode run
[specs 03:28:01] all 6 submitted
===== round 53 Sat 04 Jul 2026 03:33:01 AM PDT =====
carbon=0 3seed=6 total_gaps=6
[specs 03:33:05] _dispatch_all.txt: 6 jobs to submit
[03:33:05] (1/6) -> laniakea job=246866 :: nt_vanilla --task-names splice_sites_acceptors --distillation-config.weight-ce 0.5 --distillation-config.weight-kl 1 --distillation-config.weight-mse 0 --distillation-config.temperature 2 --trainer-config.output-dir /tmp/galaxy_srv_disk00/pengchx3/3seed_finals/nt/vanilla_original --trainer-config.early-stop-patience 250 --random-state 0 --slurm-config.mode run
[03:33:10] (2/6) -> laniakea job=246867 :: nt_vanilla --task-names splice_sites_acceptors --distillation-config.weight-ce 0.5 --distillation-config.weight-kl 1 --distillation-config.weight-mse 0 --distillation-config.temperature 2 --trainer-config.output-dir /tmp/galaxy_srv_disk00/pengchx3/3seed_finals/nt/vanilla_original --trainer-config.early-stop-patience 250 --random-state 1 --slurm-config.mode run
[03:33:15] (3/6) -> laniakea job=246868 :: nt_vanilla --task-names splice_sites_acceptors --distillation-config.weight-ce 0.5 --distillation-config.weight-kl 1 --distillation-config.weight-mse 0 --distillation-config.temperature 2 --trainer-config.output-dir /tmp/galaxy_srv_disk00/pengchx3/3seed_finals/nt/vanilla_original --trainer-config.early-stop-patience 250 --random-state 2 --slurm-config.mode run
[03:33:20] (4/6) -> laniakea job=246869 :: nt_vanilla --task-names splice_sites_donors --distillation-config.weight-ce 0.5 --distillation-config.weight-kl 0.5 --distillation-config.weight-mse 0 --distillation-config.temperature 4 --trainer-config.output-dir /tmp/galaxy_srv_disk00/pengchx3/3seed_finals/nt/vanilla_original --trainer-config.early-stop-patience 250 --random-state 0 --slurm-config.mode run
[03:33:25] (5/6) -> laniakea job=246870 :: nt_vanilla --task-names splice_sites_donors --distillation-config.weight-ce 0.5 --distillation-config.weight-kl 0.5 --distillation-config.weight-mse 0 --distillation-config.temperature 4 --trainer-config.output-dir /tmp/galaxy_srv_disk00/pengchx3/3seed_finals/nt/vanilla_original --trainer-config.early-stop-patience 250 --random-state 1 --slurm-config.mode run
[03:33:31] (6/6) -> laniakea job=246871 :: nt_vanilla --task-names splice_sites_donors --distillation-config.weight-ce 0.5 --distillation-config.weight-kl 0.5 --distillation-config.weight-mse 0 --distillation-config.temperature 4 --trainer-config.output-dir /tmp/galaxy_srv_disk00/pengchx3/3seed_finals/nt/vanilla_original --trainer-config.early-stop-patience 250 --random-state 2 --slurm-config.mode run
[specs 03:33:36] all 6 submitted
slurmstepd: error: *** JOB 246507 ON galaxy CANCELLED AT 2026-07-04T03:35:42 ***
