[08-06 17:58:47] === fs_grid_loop v2 start (DRYRUN=0): 54 arms; cache-file gate + per-arm CSVs ===
  splice_sites_donors        replace4  INFLIGHT(264048)
  splice_sites_all           replace4  INFLIGHT(264049)
  promoter_all               replace4  READY
  promoter_tata              replace4  INFLIGHT(264035)
  promoter_no_tata           replace4  READY
  H3K4me3                    replace4  READY
  H2AFZ                      replaceK  INFLIGHT(264037)
  H2AFZ                      onehot    READY
  H2AFZ                      replace4  WAIT(cache)
  H2AFZ                      latefuse  WAIT(cache)
  H3K27ac                    replaceK  INFLIGHT(264038)
  H3K27ac                    onehot    READY
  H3K27ac                    replace4  WAIT(cache)
  H3K27ac                    latefuse  WAIT(cache)
  H3K27me3                   replaceK  INFLIGHT(264039)
  H3K27me3                   onehot    READY
  H3K27me3                   replace4  WAIT(cache)
  H3K27me3                   latefuse  WAIT(cache)
  H3K36me3                   replaceK  INFLIGHT(264040)
  H3K36me3                   onehot    READY
  H3K36me3                   replace4  WAIT(cache)
  H3K36me3                   latefuse  WAIT(cache)
  H3K4me1                    replaceK  INFLIGHT(264041)
  H3K4me1                    onehot    READY
  H3K4me1                    replace4  WAIT(cache)
  H3K4me1                    latefuse  WAIT(cache)
  H3K4me2                    replaceK  INFLIGHT(264042)
  H3K4me2                    onehot    READY
  H3K4me2                    replace4  WAIT(cache)
  H3K4me2                    latefuse  WAIT(cache)
  H3K9ac                     replaceK  INFLIGHT(264043)
  H3K9ac                     onehot    READY
  H3K9ac                     replace4  WAIT(cache)
  H3K9ac                     latefuse  WAIT(cache)
  H3K9me3                    replaceK  INFLIGHT(264044)
  H3K9me3                    onehot    READY
  H3K9me3                    replace4  WAIT(cache)
  H3K9me3                    latefuse  WAIT(cache)
  H4K20me1                   replaceK  INFLIGHT(264045)
  H4K20me1                   onehot    READY
  H4K20me1                   replace4  WAIT(cache)
  H4K20me1                   latefuse  WAIT(cache)
  enhancers                  replaceK  INFLIGHT(264036)
  enhancers                  onehot    READY
  enhancers                  replace4  WAIT(cache)
  enhancers                  latefuse  WAIT(cache)
  enhancers_types            replaceK  INFLIGHT(264046)
  enhancers_types            onehot    READY
  enhancers_types            replace4  WAIT(cache)
  enhancers_types            latefuse  WAIT(cache)
  splice_sites_acceptors     replaceK  INFLIGHT(264047)
  splice_sites_acceptors     onehot    READY
  splice_sites_acceptors     replace4  WAIT(cache)
  splice_sites_acceptors     latefuse  WAIT(cache)
[08-06 17:58:49] CLASSIFY totals: DONE=0 INFLIGHT=15 READY=15 WAIT=24  (of 54)
[08-06 17:58:51] remaining=54 submitted_this_pass=0 | galaxy=5/5 laniakea=7/7 voyager=3/3
[08-06 18:00:24] remaining=54 submitted_this_pass=0 | galaxy=5/5 laniakea=7/7 voyager=3/3
[08-06 18:01:56] remaining=54 submitted_this_pass=0 | galaxy=5/5 laniakea=7/7 voyager=4/3
[08-06 18:03:29] remaining=54 submitted_this_pass=0 | galaxy=5/5 laniakea=7/7 voyager=4/3
[08-06 18:05:01] remaining=54 submitted_this_pass=0 | galaxy=5/5 laniakea=7/7 voyager=4/3
[08-06 18:06:33] remaining=54 submitted_this_pass=0 | galaxy=5/5 laniakea=7/7 voyager=4/3
[08-06 18:08:06] remaining=54 submitted_this_pass=0 | galaxy=5/5 laniakea=7/7 voyager=4/3
[08-06 18:09:38] remaining=54 submitted_this_pass=0 | galaxy=5/5 laniakea=7/7 voyager=4/3
[08-06 18:11:10] remaining=54 submitted_this_pass=0 | galaxy=5/5 laniakea=7/7 voyager=4/3
[08-06 18:12:42] remaining=54 submitted_this_pass=0 | galaxy=5/5 laniakea=7/7 voyager=4/3
[08-06 18:14:15] remaining=54 submitted_this_pass=0 | galaxy=5/5 laniakea=7/7 voyager=3/3
[08-06 18:15:47] remaining=54 submitted_this_pass=0 | galaxy=5/5 laniakea=7/7 voyager=3/3
[08-06 18:17:20] remaining=54 submitted_this_pass=0 | galaxy=5/5 laniakea=7/7 voyager=3/3
[08-06 18:18:52] remaining=54 submitted_this_pass=0 | galaxy=5/5 laniakea=7/7 voyager=3/3
[08-06 18:20:24] remaining=54 submitted_this_pass=0 | galaxy=5/5 laniakea=7/7 voyager=3/3
[08-06 18:21:56] remaining=54 submitted_this_pass=0 | galaxy=5/5 laniakea=7/7 voyager=3/3
[08-06 18:23:28] remaining=54 submitted_this_pass=0 | galaxy=5/5 laniakea=7/7 voyager=3/3
[08-06 18:25:00] remaining=54 submitted_this_pass=0 | galaxy=5/5 laniakea=7/7 voyager=3/3
[08-06 18:26:32] remaining=54 submitted_this_pass=0 | galaxy=5/5 laniakea=7/7 voyager=3/3
[08-06 18:28:04] remaining=54 submitted_this_pass=0 | galaxy=5/5 laniakea=7/7 voyager=3/3
[08-06 18:29:37] remaining=54 submitted_this_pass=0 | galaxy=5/5 laniakea=7/7 voyager=3/3
[08-06 18:31:09] remaining=54 submitted_this_pass=0 | galaxy=5/5 laniakea=7/7 voyager=3/3
[08-06 18:32:41] remaining=54 submitted_this_pass=0 | galaxy=5/5 laniakea=7/7 voyager=3/3
[08-06 18:34:13] remaining=54 submitted_this_pass=0 | galaxy=5/5 laniakea=7/7 voyager=3/3
[08-06 18:35:46] remaining=54 submitted_this_pass=0 | galaxy=5/5 laniakea=7/7 voyager=3/3
[08-06 18:37:18] remaining=54 submitted_this_pass=0 | galaxy=5/5 laniakea=7/7 voyager=3/3
[08-06 18:38:50] remaining=54 submitted_this_pass=0 | galaxy=5/5 laniakea=7/7 voyager=3/3
[08-06 18:40:22] remaining=54 submitted_this_pass=0 | galaxy=5/5 laniakea=7/7 voyager=3/3
[08-06 18:41:54] remaining=54 submitted_this_pass=0 | galaxy=5/5 laniakea=7/7 voyager=3/3
[08-06 18:43:27] remaining=54 submitted_this_pass=0 | galaxy=5/5 laniakea=7/7 voyager=3/3
[08-06 18:45:01] remaining=54 submitted_this_pass=0 | galaxy=5/5 laniakea=7/7 voyager=3/3
[08-06 18:46:33] remaining=54 submitted_this_pass=0 | galaxy=5/5 laniakea=7/7 voyager=3/3
[08-06 18:48:05] remaining=54 submitted_this_pass=0 | galaxy=5/5 laniakea=7/7 voyager=3/3
[08-06 18:49:38] remaining=54 submitted_this_pass=0 | galaxy=5/5 laniakea=7/7 voyager=3/3
[08-06 18:51:10] remaining=54 submitted_this_pass=0 | galaxy=5/5 laniakea=7/7 voyager=3/3
[08-06 18:52:42] remaining=54 submitted_this_pass=0 | galaxy=5/5 laniakea=7/7 voyager=3/3
[08-06 18:54:15] remaining=54 submitted_this_pass=0 | galaxy=5/5 laniakea=7/7 voyager=3/3
[08-06 18:55:47] remaining=54 submitted_this_pass=0 | galaxy=5/5 laniakea=7/7 voyager=3/3
[08-06 18:57:19] remaining=54 submitted_this_pass=0 | galaxy=5/5 laniakea=7/7 voyager=3/3
[08-07 03:42:32] === fs_grid_loop v2 start (DRYRUN=0): 54 arms; cache-file gate + per-arm CSVs ===
  splice_sites_donors        replace4  INFLIGHT(264048)
  splice_sites_all           replace4  INFLIGHT(264049)
  promoter_all               replace4  READY
  promoter_tata              replace4  DONE
  promoter_no_tata           replace4  READY
  H3K4me3                    replace4  READY
  H2AFZ                      replaceK  DONE
  H2AFZ                      onehot    READY
  H2AFZ                      replace4  READY
  H2AFZ                      latefuse  READY
  H3K27ac                    replaceK  DONE
  H3K27ac                    onehot    READY
  H3K27ac                    replace4  READY
  H3K27ac                    latefuse  READY
  H3K27me3                   replaceK  INFLIGHT(264039)
  H3K27me3                   onehot    READY
  H3K27me3                   replace4  READY
  H3K27me3                   latefuse  READY
  H3K36me3                   replaceK  INFLIGHT(264040)
  H3K36me3                   onehot    READY
  H3K36me3                   replace4  READY
  H3K36me3                   latefuse  READY
  H3K4me1                    replaceK  INFLIGHT(264041)
  H3K4me1                    onehot    READY
  H3K4me1                    replace4  READY
  H3K4me1                    latefuse  READY
  H3K4me2                    replaceK  INFLIGHT(264042)
  H3K4me2                    onehot    READY
  H3K4me2                    replace4  READY
  H3K4me2                    latefuse  READY
  H3K9ac                     replaceK  INFLIGHT(264043)
  H3K9ac                     onehot    READY
  H3K9ac                     replace4  READY
  H3K9ac                     latefuse  READY
  H3K9me3                    replaceK  INFLIGHT(264044)
  H3K9me3                    onehot    READY
  H3K9me3                    replace4  READY
  H3K9me3                    latefuse  READY
  H4K20me1                   replaceK  INFLIGHT(264045)
  H4K20me1                   onehot    READY
  H4K20me1                   replace4  READY
  H4K20me1                   latefuse  READY
  enhancers                  replaceK  DONE
  enhancers                  onehot    READY
  enhancers                  replace4  READY
  enhancers                  latefuse  READY
  enhancers_types            replaceK  INFLIGHT(264046)
  enhancers_types            onehot    READY
  enhancers_types            replace4  READY
  enhancers_types            latefuse  READY
  splice_sites_acceptors     replaceK  INFLIGHT(264047)
  splice_sites_acceptors     onehot    READY
  splice_sites_acceptors     replace4  READY
  splice_sites_acceptors     latefuse  READY
[08-07 03:42:34] CLASSIFY totals: DONE=4 INFLIGHT=11 READY=39 WAIT=0  (of 54)
[submit] fs13_promoter_all_replace4 -> node=galaxy jid=264248 csv=/srv/disk00/sshfs/pengchx3/rebuttal_nt/run_fromscratch/results/r13_fromscratch_promoter_all_replace4.csv
[08-07 03:42:35] submitted promoter_all:replace4 -> node=galaxy jid=264248 (attempt 1)
[submit] fs13_promoter_no_tata_replace4 -> node=voyager jid=264249 csv=/tmp/galaxy_srv_disk00/pengchx3/rebuttal_nt/run_fromscratch/results/r13_fromscratch_promoter_no_tata_replace4.csv
[08-07 03:42:38] submitted promoter_no_tata:replace4 -> node=voyager jid=264249 (attempt 1)
[08-07 03:42:45] remaining=50 submitted_this_pass=2 | galaxy=5/5 laniakea=7/7 voyager=3/3
[08-07 03:44:11] === fs_grid_loop v2 start (DRYRUN=0): 54 arms; cache-file gate + per-arm CSVs ===
  splice_sites_donors        replace4  INFLIGHT(264048)
  splice_sites_all           replace4  INFLIGHT(264049)
  promoter_all               replace4  INFLIGHT(264248)
  promoter_tata              replace4  DONE
  promoter_no_tata           replace4  INFLIGHT(264249)
  H3K4me3                    replace4  READY
  H2AFZ                      replaceK  DONE
  H2AFZ                      onehot    READY
  H2AFZ                      replace4  READY
  H2AFZ                      latefuse  READY
  H3K27ac                    replaceK  DONE
  H3K27ac                    onehot    READY
  H3K27ac                    replace4  READY
  H3K27ac                    latefuse  READY
  H3K27me3                   replaceK  INFLIGHT(264039)
  H3K27me3                   onehot    READY
  H3K27me3                   replace4  READY
  H3K27me3                   latefuse  READY
  H3K36me3                   replaceK  INFLIGHT(264040)
  H3K36me3                   onehot    READY
  H3K36me3                   replace4  READY
  H3K36me3                   latefuse  READY
  H3K4me1                    replaceK  INFLIGHT(264041)
  H3K4me1                    onehot    READY
  H3K4me1                    replace4  READY
  H3K4me1                    latefuse  READY
  H3K4me2                    replaceK  INFLIGHT(264042)
  H3K4me2                    onehot    READY
  H3K4me2                    replace4  READY
  H3K4me2                    latefuse  READY
  H3K9ac                     replaceK  INFLIGHT(264043)
  H3K9ac                     onehot    READY
  H3K9ac                     replace4  READY
  H3K9ac                     latefuse  READY
  H3K9me3                    replaceK  INFLIGHT(264044)
  H3K9me3                    onehot    READY
  H3K9me3                    replace4  READY
  H3K9me3                    latefuse  READY
  H4K20me1                   replaceK  INFLIGHT(264045)
  H4K20me1                   onehot    READY
  H4K20me1                   replace4  READY
  H4K20me1                   latefuse  READY
  enhancers                  replaceK  DONE
  enhancers                  onehot    READY
  enhancers                  replace4  READY
  enhancers                  latefuse  READY
  enhancers_types            replaceK  INFLIGHT(264046)
  enhancers_types            onehot    READY
  enhancers_types            replace4  READY
  enhancers_types            latefuse  READY
  splice_sites_acceptors     replaceK  INFLIGHT(264047)
  splice_sites_acceptors     onehot    READY
  splice_sites_acceptors     replace4  READY
  splice_sites_acceptors     latefuse  READY
[08-07 03:44:13] CLASSIFY totals: DONE=4 INFLIGHT=13 READY=37 WAIT=0  (of 54)
[08-07 03:44:17] remaining=50 submitted_this_pass=0 | galaxy=5/5 laniakea=7/7 voyager=3/3
[submit] fs13_enhancers_latefuse -> node=voyager jid=264250 csv=/tmp/galaxy_srv_disk00/pengchx3/rebuttal_nt/run_fromscratch/results/r13_fromscratch_enhancers_latefuse.csv
[08-07 03:48:08] submitted enhancers:latefuse -> node=voyager jid=264250 (attempt 1)
[08-07 03:50:42] remaining=50 submitted_this_pass=1 | galaxy=5/5 laniakea=7/7 voyager=4/3
[08-07 03:54:49] remaining=50 submitted_this_pass=0 | galaxy=5/5 laniakea=7/7 voyager=4/3
[08-07 03:56:23] remaining=50 submitted_this_pass=0 | galaxy=5/5 laniakea=7/7 voyager=4/3
[08-07 03:57:57] remaining=50 submitted_this_pass=0 | galaxy=5/5 laniakea=7/7 voyager=4/3
[08-07 03:59:33] remaining=50 submitted_this_pass=0 | galaxy=5/5 laniakea=7/7 voyager=4/3
[08-07 04:01:07] remaining=50 submitted_this_pass=0 | galaxy=6/5 laniakea=7/7 voyager=4/3
[08-07 04:02:42] remaining=50 submitted_this_pass=0 | galaxy=6/5 laniakea=7/7 voyager=4/3
[08-07 04:04:16] remaining=50 submitted_this_pass=0 | galaxy=6/5 laniakea=7/7 voyager=4/3
[08-07 04:05:51] remaining=50 submitted_this_pass=0 | galaxy=6/5 laniakea=7/7 voyager=4/3
[08-07 04:07:25] remaining=50 submitted_this_pass=0 | galaxy=6/5 laniakea=7/7 voyager=4/3
[08-07 04:08:59] remaining=50 submitted_this_pass=0 | galaxy=6/5 laniakea=7/7 voyager=4/3
[08-07 04:10:33] remaining=50 submitted_this_pass=0 | galaxy=6/5 laniakea=7/7 voyager=4/3
[08-07 04:12:07] remaining=50 submitted_this_pass=0 | galaxy=6/5 laniakea=7/7 voyager=4/3
[08-07 04:13:41] remaining=50 submitted_this_pass=0 | galaxy=6/5 laniakea=7/7 voyager=4/3
[08-07 04:15:15] remaining=50 submitted_this_pass=0 | galaxy=6/5 laniakea=7/7 voyager=4/3
[08-07 04:16:49] remaining=50 submitted_this_pass=0 | galaxy=6/5 laniakea=7/7 voyager=4/3
[08-07 04:18:23] remaining=50 submitted_this_pass=0 | galaxy=6/5 laniakea=7/7 voyager=4/3
[08-07 04:19:57] remaining=50 submitted_this_pass=0 | galaxy=5/5 laniakea=7/7 voyager=4/3
[08-07 04:21:32] remaining=50 submitted_this_pass=0 | galaxy=5/5 laniakea=7/7 voyager=4/3
[08-07 04:23:06] remaining=50 submitted_this_pass=0 | galaxy=5/5 laniakea=7/7 voyager=4/3
[08-07 04:24:41] remaining=50 submitted_this_pass=0 | galaxy=5/5 laniakea=7/7 voyager=4/3
[08-07 04:26:16] remaining=50 submitted_this_pass=0 | galaxy=5/5 laniakea=7/7 voyager=4/3
[08-07 04:27:49] remaining=50 submitted_this_pass=0 | galaxy=5/5 laniakea=7/7 voyager=4/3
[08-07 04:29:23] remaining=50 submitted_this_pass=0 | galaxy=5/5 laniakea=7/7 voyager=4/3
[08-07 04:30:58] remaining=50 submitted_this_pass=0 | galaxy=5/5 laniakea=7/7 voyager=4/3
[08-07 04:32:33] remaining=50 submitted_this_pass=0 | galaxy=5/5 laniakea=7/7 voyager=4/3
[08-07 04:34:07] remaining=50 submitted_this_pass=0 | galaxy=5/5 laniakea=7/7 voyager=4/3
[08-07 04:35:40] remaining=50 submitted_this_pass=0 | galaxy=5/5 laniakea=7/7 voyager=4/3
[08-07 04:37:14] remaining=50 submitted_this_pass=0 | galaxy=5/5 laniakea=7/7 voyager=4/3
[08-07 04:38:49] remaining=50 submitted_this_pass=0 | galaxy=5/5 laniakea=7/7 voyager=4/3
[08-07 04:40:25] remaining=50 submitted_this_pass=0 | galaxy=5/5 laniakea=7/7 voyager=4/3
[08-07 04:42:00] remaining=50 submitted_this_pass=0 | galaxy=5/5 laniakea=7/7 voyager=4/3
[08-07 04:43:36] remaining=50 submitted_this_pass=0 | galaxy=5/5 laniakea=7/7 voyager=4/3
[08-07 04:45:10] remaining=50 submitted_this_pass=0 | galaxy=5/5 laniakea=7/7 voyager=4/3
[08-07 04:46:44] remaining=50 submitted_this_pass=0 | galaxy=5/5 laniakea=7/7 voyager=4/3
[08-07 04:48:19] remaining=50 submitted_this_pass=0 | galaxy=5/5 laniakea=7/7 voyager=4/3
[08-07 04:49:55] remaining=50 submitted_this_pass=0 | galaxy=5/5 laniakea=7/7 voyager=4/3
[08-07 04:51:28] remaining=50 submitted_this_pass=0 | galaxy=5/5 laniakea=7/7 voyager=4/3
[08-07 04:53:02] remaining=50 submitted_this_pass=0 | galaxy=5/5 laniakea=7/7 voyager=4/3
[08-07 04:54:35] remaining=50 submitted_this_pass=0 | galaxy=5/5 laniakea=7/7 voyager=4/3
[08-07 04:56:09] remaining=50 submitted_this_pass=0 | galaxy=5/5 laniakea=7/7 voyager=4/3
[08-07 04:57:43] remaining=50 submitted_this_pass=0 | galaxy=5/5 laniakea=7/7 voyager=4/3
[08-07 04:59:16] remaining=50 submitted_this_pass=0 | galaxy=5/5 laniakea=7/7 voyager=4/3
[08-07 05:00:49] remaining=50 submitted_this_pass=0 | galaxy=5/5 laniakea=7/7 voyager=4/3
[08-07 05:02:23] remaining=50 submitted_this_pass=0 | galaxy=5/5 laniakea=7/7 voyager=4/3
[08-07 05:03:57] remaining=50 submitted_this_pass=0 | galaxy=5/5 laniakea=7/7 voyager=4/3
[08-07 05:05:31] remaining=50 submitted_this_pass=0 | galaxy=5/5 laniakea=7/7 voyager=4/3
[08-07 05:07:04] remaining=50 submitted_this_pass=0 | galaxy=5/5 laniakea=7/7 voyager=4/3
[08-07 05:08:37] remaining=50 submitted_this_pass=0 | galaxy=5/5 laniakea=7/7 voyager=4/3
[08-07 05:10:11] remaining=50 submitted_this_pass=0 | galaxy=5/5 laniakea=7/7 voyager=4/3
[08-07 05:11:44] remaining=50 submitted_this_pass=0 | galaxy=5/5 laniakea=7/7 voyager=4/3
[08-07 05:13:18] remaining=50 submitted_this_pass=0 | galaxy=5/5 laniakea=7/7 voyager=4/3
[08-07 05:14:52] remaining=50 submitted_this_pass=0 | galaxy=5/5 laniakea=7/7 voyager=4/3
[08-07 05:16:25] remaining=50 submitted_this_pass=0 | galaxy=5/5 laniakea=7/7 voyager=4/3
[08-07 05:17:58] remaining=50 submitted_this_pass=0 | galaxy=5/5 laniakea=7/7 voyager=4/3
[08-07 05:19:32] remaining=50 submitted_this_pass=0 | galaxy=5/5 laniakea=7/7 voyager=4/3
[08-07 05:21:06] remaining=50 submitted_this_pass=0 | galaxy=5/5 laniakea=7/7 voyager=4/3
[08-07 05:22:39] remaining=50 submitted_this_pass=0 | galaxy=5/5 laniakea=7/7 voyager=4/3
[08-07 05:24:13] remaining=50 submitted_this_pass=0 | galaxy=5/5 laniakea=7/7 voyager=4/3
[08-07 05:25:47] remaining=50 submitted_this_pass=0 | galaxy=5/5 laniakea=7/7 voyager=4/3
[08-07 05:27:21] remaining=50 submitted_this_pass=0 | galaxy=5/5 laniakea=7/7 voyager=4/3
[08-07 05:28:55] remaining=50 submitted_this_pass=0 | galaxy=5/5 laniakea=7/7 voyager=4/3
[08-07 05:30:29] remaining=50 submitted_this_pass=0 | galaxy=5/5 laniakea=7/7 voyager=4/3
[08-07 05:32:02] remaining=50 submitted_this_pass=0 | galaxy=5/5 laniakea=7/7 voyager=4/3
[08-07 05:33:36] remaining=50 submitted_this_pass=0 | galaxy=5/5 laniakea=7/7 voyager=4/3
[08-07 05:35:10] remaining=50 submitted_this_pass=0 | galaxy=5/5 laniakea=7/7 voyager=4/3
[08-07 05:36:44] remaining=50 submitted_this_pass=0 | galaxy=5/5 laniakea=7/7 voyager=4/3
[08-07 05:38:17] remaining=50 submitted_this_pass=0 | galaxy=5/5 laniakea=7/7 voyager=4/3
[08-07 05:39:51] remaining=50 submitted_this_pass=0 | galaxy=5/5 laniakea=7/7 voyager=4/3
[08-07 05:41:26] remaining=50 submitted_this_pass=0 | galaxy=5/5 laniakea=7/7 voyager=4/3
[08-07 05:43:00] remaining=50 submitted_this_pass=0 | galaxy=5/5 laniakea=7/7 voyager=4/3
[08-07 05:44:35] remaining=50 submitted_this_pass=0 | galaxy=5/5 laniakea=7/7 voyager=4/3
[08-07 05:46:09] remaining=50 submitted_this_pass=0 | galaxy=5/5 laniakea=7/7 voyager=4/3
[08-07 05:47:42] remaining=50 submitted_this_pass=0 | galaxy=5/5 laniakea=7/7 voyager=4/3
[08-07 05:49:16] remaining=50 submitted_this_pass=0 | galaxy=5/5 laniakea=7/7 voyager=4/3
[08-07 05:50:50] remaining=50 submitted_this_pass=0 | galaxy=5/5 laniakea=7/7 voyager=4/3
[08-07 05:52:24] remaining=50 submitted_this_pass=0 | galaxy=5/5 laniakea=7/7 voyager=4/3
[08-07 05:53:58] remaining=50 submitted_this_pass=0 | galaxy=5/5 laniakea=7/7 voyager=4/3
[08-07 05:55:33] remaining=50 submitted_this_pass=0 | galaxy=5/5 laniakea=7/7 voyager=4/3
[08-07 05:57:07] remaining=50 submitted_this_pass=0 | galaxy=5/5 laniakea=7/7 voyager=4/3
[08-07 05:58:40] remaining=50 submitted_this_pass=0 | galaxy=5/5 laniakea=7/7 voyager=4/3
[08-07 06:00:14] remaining=50 submitted_this_pass=0 | galaxy=5/5 laniakea=7/7 voyager=4/3
[08-07 06:01:48] remaining=50 submitted_this_pass=0 | galaxy=6/5 laniakea=7/7 voyager=4/3
[08-07 06:03:22] remaining=50 submitted_this_pass=0 | galaxy=6/5 laniakea=7/7 voyager=4/3
[08-07 06:04:56] remaining=50 submitted_this_pass=0 | galaxy=6/5 laniakea=7/7 voyager=4/3
[08-07 06:06:30] remaining=50 submitted_this_pass=0 | galaxy=6/5 laniakea=7/7 voyager=4/3
[08-07 06:08:04] remaining=50 submitted_this_pass=0 | galaxy=6/5 laniakea=7/7 voyager=4/3
[08-07 06:09:37] remaining=50 submitted_this_pass=0 | galaxy=6/5 laniakea=7/7 voyager=4/3
[08-07 06:11:11] remaining=50 submitted_this_pass=0 | galaxy=6/5 laniakea=7/7 voyager=4/3
[08-07 06:12:45] remaining=50 submitted_this_pass=0 | galaxy=6/5 laniakea=7/7 voyager=4/3
[08-07 06:14:18] remaining=50 submitted_this_pass=0 | galaxy=6/5 laniakea=7/7 voyager=4/3
[08-07 06:15:52] remaining=50 submitted_this_pass=0 | galaxy=6/5 laniakea=7/7 voyager=4/3
[08-07 06:17:26] remaining=50 submitted_this_pass=0 | galaxy=6/5 laniakea=7/7 voyager=4/3
[08-07 06:18:59] remaining=50 submitted_this_pass=0 | galaxy=6/5 laniakea=7/7 voyager=4/3
[08-07 06:20:33] remaining=50 submitted_this_pass=0 | galaxy=5/5 laniakea=7/7 voyager=4/3
[08-07 06:22:06] remaining=50 submitted_this_pass=0 | galaxy=5/5 laniakea=7/7 voyager=4/3
[08-07 06:23:40] remaining=50 submitted_this_pass=0 | galaxy=6/5 laniakea=7/7 voyager=4/3
[08-07 06:25:13] remaining=50 submitted_this_pass=0 | galaxy=6/5 laniakea=7/7 voyager=4/3
[08-07 06:26:47] remaining=50 submitted_this_pass=0 | galaxy=6/5 laniakea=7/7 voyager=4/3
[08-07 06:28:20] remaining=50 submitted_this_pass=0 | galaxy=6/5 laniakea=7/7 voyager=4/3
[08-07 06:29:53] remaining=50 submitted_this_pass=0 | galaxy=6/5 laniakea=7/7 voyager=4/3
[08-07 06:31:27] remaining=50 submitted_this_pass=0 | galaxy=6/5 laniakea=7/7 voyager=4/3
[08-07 06:33:00] remaining=50 submitted_this_pass=0 | galaxy=6/5 laniakea=7/7 voyager=4/3
[08-07 06:34:34] remaining=50 submitted_this_pass=0 | galaxy=6/5 laniakea=7/7 voyager=4/3
[08-07 06:36:07] remaining=50 submitted_this_pass=0 | galaxy=6/5 laniakea=7/7 voyager=4/3
[08-07 06:37:40] remaining=50 submitted_this_pass=0 | galaxy=6/5 laniakea=7/7 voyager=4/3
[08-07 06:39:14] remaining=50 submitted_this_pass=0 | galaxy=6/5 laniakea=7/7 voyager=4/3
[08-07 06:40:47] remaining=50 submitted_this_pass=0 | galaxy=6/5 laniakea=7/7 voyager=4/3
[submit] fs13_H3K4me3_replace4 -> node=laniakea jid=264256 csv=/tmp/galaxy_srv_disk00/pengchx3/rebuttal_nt/run_fromscratch/results/r13_fromscratch_H3K4me3_replace4.csv
[08-07 06:42:18] submitted H3K4me3:replace4 -> node=laniakea jid=264256 (attempt 1)
[08-07 06:42:24] remaining=49 submitted_this_pass=1 | galaxy=6/5 laniakea=7/7 voyager=4/3
[08-07 06:43:57] remaining=49 submitted_this_pass=0 | galaxy=6/5 laniakea=7/7 voyager=4/3
[08-07 06:45:31] remaining=49 submitted_this_pass=0 | galaxy=6/5 laniakea=7/7 voyager=4/3
[08-07 06:47:05] remaining=49 submitted_this_pass=0 | galaxy=6/5 laniakea=7/7 voyager=4/3
[08-07 06:48:38] remaining=49 submitted_this_pass=0 | galaxy=6/5 laniakea=7/7 voyager=4/3
[08-07 06:50:12] remaining=49 submitted_this_pass=0 | galaxy=6/5 laniakea=7/7 voyager=4/3
[08-07 06:51:46] remaining=49 submitted_this_pass=0 | galaxy=6/5 laniakea=8/7 voyager=4/3
[08-07 06:53:20] remaining=49 submitted_this_pass=0 | galaxy=6/5 laniakea=8/7 voyager=4/3
[08-07 06:54:53] remaining=49 submitted_this_pass=0 | galaxy=6/5 laniakea=7/7 voyager=4/3
[08-07 06:56:27] remaining=49 submitted_this_pass=0 | galaxy=6/5 laniakea=7/7 voyager=4/3
[08-07 06:58:00] remaining=49 submitted_this_pass=0 | galaxy=6/5 laniakea=7/7 voyager=4/3
[08-07 06:59:34] remaining=49 submitted_this_pass=0 | galaxy=6/5 laniakea=7/7 voyager=4/3
[08-07 07:01:07] remaining=49 submitted_this_pass=0 | galaxy=6/5 laniakea=7/7 voyager=4/3
[08-07 07:02:41] remaining=49 submitted_this_pass=0 | galaxy=6/5 laniakea=7/7 voyager=4/3
[08-07 07:04:14] remaining=49 submitted_this_pass=0 | galaxy=6/5 laniakea=7/7 voyager=4/3
[08-07 07:05:47] remaining=49 submitted_this_pass=0 | galaxy=6/5 laniakea=7/7 voyager=4/3
[08-07 07:07:21] remaining=49 submitted_this_pass=0 | galaxy=6/5 laniakea=7/7 voyager=4/3
[08-07 07:08:54] remaining=49 submitted_this_pass=0 | galaxy=6/5 laniakea=7/7 voyager=4/3
[08-07 07:10:28] remaining=49 submitted_this_pass=0 | galaxy=6/5 laniakea=7/7 voyager=4/3
[08-07 07:12:01] remaining=49 submitted_this_pass=0 | galaxy=6/5 laniakea=7/7 voyager=4/3
[08-07 07:13:34] remaining=49 submitted_this_pass=0 | galaxy=6/5 laniakea=7/7 voyager=4/3
[08-07 07:15:07] remaining=49 submitted_this_pass=0 | galaxy=6/5 laniakea=7/7 voyager=4/3
[08-07 07:16:41] remaining=49 submitted_this_pass=0 | galaxy=6/5 laniakea=7/7 voyager=4/3
[08-07 07:18:14] remaining=49 submitted_this_pass=0 | galaxy=6/5 laniakea=7/7 voyager=4/3
[08-07 07:19:47] remaining=49 submitted_this_pass=0 | galaxy=6/5 laniakea=7/7 voyager=4/3
[08-07 07:21:21] remaining=49 submitted_this_pass=0 | galaxy=6/5 laniakea=7/7 voyager=4/3
[08-07 07:22:54] remaining=49 submitted_this_pass=0 | galaxy=6/5 laniakea=7/7 voyager=4/3
[08-07 07:24:27] remaining=49 submitted_this_pass=0 | galaxy=6/5 laniakea=7/7 voyager=4/3
[08-07 07:26:00] remaining=49 submitted_this_pass=0 | galaxy=6/5 laniakea=7/7 voyager=4/3
[08-07 07:27:34] remaining=49 submitted_this_pass=0 | galaxy=6/5 laniakea=7/7 voyager=4/3
[08-07 07:29:07] remaining=49 submitted_this_pass=0 | galaxy=6/5 laniakea=7/7 voyager=4/3
[08-07 07:30:40] remaining=48 submitted_this_pass=0 | galaxy=5/5 laniakea=7/7 voyager=4/3
[08-07 07:32:13] remaining=48 submitted_this_pass=0 | galaxy=5/5 laniakea=7/7 voyager=4/3
[08-07 07:33:47] remaining=48 submitted_this_pass=0 | galaxy=5/5 laniakea=7/7 voyager=4/3
[08-07 07:35:20] remaining=48 submitted_this_pass=0 | galaxy=5/5 laniakea=7/7 voyager=4/3
[08-07 07:36:53] remaining=48 submitted_this_pass=0 | galaxy=5/5 laniakea=7/7 voyager=4/3
[08-07 07:38:26] remaining=48 submitted_this_pass=0 | galaxy=5/5 laniakea=7/7 voyager=4/3
[08-07 07:40:00] remaining=48 submitted_this_pass=0 | galaxy=5/5 laniakea=7/7 voyager=4/3
[08-07 07:41:33] remaining=48 submitted_this_pass=0 | galaxy=5/5 laniakea=7/7 voyager=4/3
[08-07 07:43:06] remaining=48 submitted_this_pass=0 | galaxy=5/5 laniakea=7/7 voyager=4/3
[08-07 07:44:39] remaining=48 submitted_this_pass=0 | galaxy=5/5 laniakea=7/7 voyager=4/3
[08-07 07:46:13] remaining=48 submitted_this_pass=0 | galaxy=5/5 laniakea=7/7 voyager=4/3
[08-07 07:47:46] remaining=48 submitted_this_pass=0 | galaxy=5/5 laniakea=7/7 voyager=4/3
[08-07 07:49:19] remaining=48 submitted_this_pass=0 | galaxy=5/5 laniakea=7/7 voyager=4/3
[08-07 07:50:53] remaining=48 submitted_this_pass=0 | galaxy=5/5 laniakea=7/7 voyager=4/3
[08-07 07:52:26] remaining=48 submitted_this_pass=0 | galaxy=5/5 laniakea=7/7 voyager=4/3
[08-07 07:53:59] remaining=48 submitted_this_pass=0 | galaxy=5/5 laniakea=7/7 voyager=4/3
[08-07 07:55:33] remaining=48 submitted_this_pass=0 | galaxy=5/5 laniakea=7/7 voyager=4/3
[08-07 07:57:06] remaining=48 submitted_this_pass=0 | galaxy=5/5 laniakea=7/7 voyager=4/3
[08-07 07:58:40] remaining=48 submitted_this_pass=0 | galaxy=5/5 laniakea=7/7 voyager=4/3
[08-07 08:00:13] remaining=48 submitted_this_pass=0 | galaxy=5/5 laniakea=7/7 voyager=4/3
[08-07 08:01:46] remaining=48 submitted_this_pass=0 | galaxy=6/5 laniakea=7/7 voyager=4/3
[08-07 08:03:20] remaining=48 submitted_this_pass=0 | galaxy=6/5 laniakea=7/7 voyager=4/3
[08-07 08:04:53] remaining=48 submitted_this_pass=0 | galaxy=6/5 laniakea=7/7 voyager=4/3
[08-07 08:06:26] remaining=48 submitted_this_pass=0 | galaxy=6/5 laniakea=7/7 voyager=4/3
[08-07 08:08:00] remaining=48 submitted_this_pass=0 | galaxy=6/5 laniakea=7/7 voyager=4/3
[08-07 08:09:34] remaining=48 submitted_this_pass=0 | galaxy=6/5 laniakea=7/7 voyager=4/3
[08-07 08:11:07] remaining=48 submitted_this_pass=0 | galaxy=6/5 laniakea=7/7 voyager=4/3
[08-07 08:12:41] remaining=48 submitted_this_pass=0 | galaxy=6/5 laniakea=7/7 voyager=4/3
[08-07 08:14:15] remaining=48 submitted_this_pass=0 | galaxy=6/5 laniakea=7/7 voyager=4/3
[08-07 08:15:48] remaining=48 submitted_this_pass=0 | galaxy=6/5 laniakea=7/7 voyager=4/3
[08-07 08:17:22] remaining=48 submitted_this_pass=0 | galaxy=6/5 laniakea=7/7 voyager=4/3
[08-07 08:18:55] remaining=48 submitted_this_pass=0 | galaxy=6/5 laniakea=7/7 voyager=4/3
[08-07 08:20:28] remaining=48 submitted_this_pass=0 | galaxy=5/5 laniakea=7/7 voyager=4/3
[08-07 08:22:12] remaining=48 submitted_this_pass=0 | galaxy=5/5 laniakea=7/7 voyager=4/3
[08-07 08:24:02] remaining=48 submitted_this_pass=0 | galaxy=5/5 laniakea=7/7 voyager=4/3
[08-07 08:25:35] remaining=48 submitted_this_pass=0 | galaxy=5/5 laniakea=7/7 voyager=4/3
[submit] fs13_H2AFZ_onehot -> node=galaxy jid=264261 csv=/srv/disk00/sshfs/pengchx3/rebuttal_nt/run_fromscratch/results/r13_fromscratch_H2AFZ_onehot.csv
[08-07 08:27:06] submitted H2AFZ:onehot -> node=galaxy jid=264261 (attempt 1)
[08-07 08:27:12] remaining=47 submitted_this_pass=1 | galaxy=5/5 laniakea=7/7 voyager=4/3
[08-07 08:28:46] remaining=47 submitted_this_pass=0 | galaxy=5/5 laniakea=7/7 voyager=4/3
[08-07 08:30:20] remaining=47 submitted_this_pass=0 | galaxy=5/5 laniakea=7/7 voyager=4/3
[08-07 08:31:53] remaining=46 submitted_this_pass=0 | galaxy=5/5 laniakea=7/7 voyager=3/3
[08-07 08:33:26] remaining=46 submitted_this_pass=0 | galaxy=5/5 laniakea=7/7 voyager=3/3
[submit] fs13_H2AFZ_latefuse -> node=galaxy jid=264262 csv=/srv/disk00/sshfs/pengchx3/rebuttal_nt/run_fromscratch/results/r13_fromscratch_H2AFZ_latefuse.csv
[08-07 08:34:56] submitted H2AFZ:latefuse -> node=galaxy jid=264262 (attempt 1)
[08-07 08:35:02] remaining=45 submitted_this_pass=1 | galaxy=5/5 laniakea=7/7 voyager=3/3
[08-07 08:36:35] remaining=45 submitted_this_pass=0 | galaxy=5/5 laniakea=7/7 voyager=3/3
[08-07 08:38:09] remaining=45 submitted_this_pass=0 | galaxy=5/5 laniakea=7/7 voyager=3/3
[08-07 08:39:42] remaining=45 submitted_this_pass=0 | galaxy=5/5 laniakea=7/7 voyager=3/3
[08-07 08:41:15] remaining=45 submitted_this_pass=0 | galaxy=5/5 laniakea=7/7 voyager=3/3
[08-07 08:42:48] remaining=45 submitted_this_pass=0 | galaxy=5/5 laniakea=7/7 voyager=3/3
[08-07 08:44:21] remaining=45 submitted_this_pass=0 | galaxy=5/5 laniakea=7/7 voyager=3/3
[08-07 08:45:54] remaining=45 submitted_this_pass=0 | galaxy=5/5 laniakea=7/7 voyager=3/3
[08-07 08:47:27] remaining=45 submitted_this_pass=0 | galaxy=5/5 laniakea=7/7 voyager=3/3
[08-07 08:49:01] remaining=45 submitted_this_pass=0 | galaxy=5/5 laniakea=7/7 voyager=3/3
[08-07 08:50:35] remaining=45 submitted_this_pass=0 | galaxy=5/5 laniakea=7/7 voyager=3/3
[08-07 08:52:07] remaining=45 submitted_this_pass=0 | galaxy=5/5 laniakea=7/7 voyager=3/3
[08-07 08:53:41] remaining=45 submitted_this_pass=0 | galaxy=5/5 laniakea=7/7 voyager=3/3
[08-07 08:55:14] remaining=45 submitted_this_pass=0 | galaxy=5/5 laniakea=7/7 voyager=3/3
[08-07 08:56:47] remaining=45 submitted_this_pass=0 | galaxy=5/5 laniakea=7/7 voyager=3/3
[08-07 08:58:20] remaining=45 submitted_this_pass=0 | galaxy=5/5 laniakea=7/7 voyager=3/3
[08-07 08:59:53] remaining=45 submitted_this_pass=0 | galaxy=5/5 laniakea=7/7 voyager=3/3
[submit] fs13_H3K27ac_onehot -> node=galaxy jid=264263 csv=/srv/disk00/sshfs/pengchx3/rebuttal_nt/run_fromscratch/results/r13_fromscratch_H3K27ac_onehot.csv
[08-07 09:01:24] submitted H3K27ac:onehot -> node=galaxy jid=264263 (attempt 1)
[08-07 09:01:30] remaining=44 submitted_this_pass=1 | galaxy=5/5 laniakea=7/7 voyager=3/3
[08-07 09:03:03] remaining=44 submitted_this_pass=0 | galaxy=5/5 laniakea=7/7 voyager=3/3
[08-07 09:04:36] remaining=44 submitted_this_pass=0 | galaxy=5/5 laniakea=7/7 voyager=3/3
[submit] fs13_H3K27ac_replace4 -> node=laniakea jid=264264 csv=/tmp/galaxy_srv_disk00/pengchx3/rebuttal_nt/run_fromscratch/results/r13_fromscratch_H3K27ac_replace4.csv
[08-07 09:06:06] submitted H3K27ac:replace4 -> node=laniakea jid=264264 (attempt 1)
[08-07 09:06:12] remaining=43 submitted_this_pass=1 | galaxy=5/5 laniakea=7/7 voyager=3/3
[08-07 09:07:45] remaining=43 submitted_this_pass=0 | galaxy=5/5 laniakea=7/7 voyager=3/3
[08-07 09:09:19] remaining=43 submitted_this_pass=0 | galaxy=5/5 laniakea=7/7 voyager=3/3
[08-07 09:10:53] remaining=43 submitted_this_pass=0 | galaxy=5/5 laniakea=7/7 voyager=3/3
[08-07 09:12:26] remaining=43 submitted_this_pass=0 | galaxy=5/5 laniakea=7/7 voyager=3/3
[08-07 09:13:59] remaining=43 submitted_this_pass=0 | galaxy=5/5 laniakea=7/7 voyager=3/3
[08-07 09:15:33] remaining=43 submitted_this_pass=0 | galaxy=5/5 laniakea=7/7 voyager=3/3
[08-07 09:17:06] remaining=43 submitted_this_pass=0 | galaxy=5/5 laniakea=7/7 voyager=3/3
[08-07 09:18:39] remaining=43 submitted_this_pass=0 | galaxy=5/5 laniakea=7/7 voyager=3/3
[08-07 09:20:12] remaining=43 submitted_this_pass=0 | galaxy=5/5 laniakea=7/7 voyager=3/3
[08-07 09:21:45] remaining=43 submitted_this_pass=0 | galaxy=5/5 laniakea=7/7 voyager=3/3
[08-07 09:23:18] remaining=43 submitted_this_pass=0 | galaxy=5/5 laniakea=7/7 voyager=3/3
[08-07 09:24:50] remaining=43 submitted_this_pass=0 | galaxy=5/5 laniakea=7/7 voyager=3/3
[08-07 09:26:23] remaining=43 submitted_this_pass=0 | galaxy=5/5 laniakea=7/7 voyager=3/3
[08-07 09:27:56] remaining=43 submitted_this_pass=0 | galaxy=5/5 laniakea=7/7 voyager=3/3
[08-07 09:29:29] remaining=43 submitted_this_pass=0 | galaxy=5/5 laniakea=7/7 voyager=3/3
[08-07 09:31:02] remaining=43 submitted_this_pass=0 | galaxy=5/5 laniakea=7/7 voyager=3/3
[08-07 09:32:36] remaining=43 submitted_this_pass=0 | galaxy=5/5 laniakea=7/7 voyager=3/3
[08-07 09:34:09] remaining=43 submitted_this_pass=0 | galaxy=5/5 laniakea=7/7 voyager=3/3
[08-07 09:35:41] remaining=43 submitted_this_pass=0 | galaxy=5/5 laniakea=7/7 voyager=3/3
[08-07 09:37:14] remaining=43 submitted_this_pass=0 | galaxy=5/5 laniakea=7/7 voyager=3/3
[08-07 09:38:47] remaining=43 submitted_this_pass=0 | galaxy=5/5 laniakea=7/7 voyager=3/3
[08-07 09:40:20] remaining=43 submitted_this_pass=0 | galaxy=5/5 laniakea=7/7 voyager=3/3
[08-07 09:41:53] remaining=43 submitted_this_pass=0 | galaxy=5/5 laniakea=7/7 voyager=3/3
[08-07 09:43:26] remaining=43 submitted_this_pass=0 | galaxy=5/5 laniakea=7/7 voyager=3/3
[08-07 09:44:59] remaining=43 submitted_this_pass=0 | galaxy=5/5 laniakea=7/7 voyager=3/3
[08-07 09:46:32] remaining=43 submitted_this_pass=0 | galaxy=5/5 laniakea=7/7 voyager=3/3
[08-07 09:48:04] remaining=43 submitted_this_pass=0 | galaxy=5/5 laniakea=7/7 voyager=3/3
[08-07 09:49:37] remaining=43 submitted_this_pass=0 | galaxy=5/5 laniakea=7/7 voyager=3/3
[08-07 09:51:10] remaining=43 submitted_this_pass=0 | galaxy=5/5 laniakea=7/7 voyager=3/3
[08-07 09:52:43] remaining=43 submitted_this_pass=0 | galaxy=5/5 laniakea=7/7 voyager=3/3
[08-07 09:54:17] remaining=43 submitted_this_pass=0 | galaxy=5/5 laniakea=7/7 voyager=3/3
[08-07 09:55:49] remaining=43 submitted_this_pass=0 | galaxy=5/5 laniakea=7/7 voyager=3/3
[08-07 09:57:22] remaining=43 submitted_this_pass=0 | galaxy=5/5 laniakea=7/7 voyager=3/3
[08-07 09:58:55] remaining=43 submitted_this_pass=0 | galaxy=5/5 laniakea=7/7 voyager=3/3
[08-07 10:00:28] remaining=43 submitted_this_pass=0 | galaxy=5/5 laniakea=7/7 voyager=3/3
[08-07 10:02:01] remaining=43 submitted_this_pass=0 | galaxy=6/5 laniakea=7/7 voyager=3/3
[08-07 10:03:34] remaining=43 submitted_this_pass=0 | galaxy=6/5 laniakea=7/7 voyager=3/3
[08-07 10:05:07] remaining=43 submitted_this_pass=0 | galaxy=6/5 laniakea=7/7 voyager=3/3
[08-07 10:06:40] remaining=43 submitted_this_pass=0 | galaxy=6/5 laniakea=7/7 voyager=3/3
[08-07 10:08:13] remaining=43 submitted_this_pass=0 | galaxy=6/5 laniakea=7/7 voyager=3/3
[08-07 10:09:46] remaining=43 submitted_this_pass=0 | galaxy=6/5 laniakea=7/7 voyager=3/3
[08-07 10:11:19] remaining=43 submitted_this_pass=0 | galaxy=6/5 laniakea=7/7 voyager=3/3
[08-07 10:12:52] remaining=43 submitted_this_pass=0 | galaxy=6/5 laniakea=7/7 voyager=3/3
[08-07 10:14:25] remaining=43 submitted_this_pass=0 | galaxy=6/5 laniakea=7/7 voyager=3/3
[08-07 10:15:58] remaining=43 submitted_this_pass=0 | galaxy=6/5 laniakea=7/7 voyager=3/3
[08-07 10:17:31] remaining=43 submitted_this_pass=0 | galaxy=6/5 laniakea=7/7 voyager=3/3
[08-07 10:19:04] remaining=43 submitted_this_pass=0 | galaxy=5/5 laniakea=7/7 voyager=3/3
[08-07 10:20:37] remaining=43 submitted_this_pass=0 | galaxy=5/5 laniakea=7/7 voyager=3/3
[08-07 10:22:10] remaining=43 submitted_this_pass=0 | galaxy=5/5 laniakea=7/7 voyager=3/3
[08-07 10:23:43] remaining=43 submitted_this_pass=0 | galaxy=5/5 laniakea=7/7 voyager=3/3
[08-07 10:25:16] remaining=43 submitted_this_pass=0 | galaxy=5/5 laniakea=7/7 voyager=3/3
[08-07 10:26:49] remaining=43 submitted_this_pass=0 | galaxy=5/5 laniakea=7/7 voyager=3/3
[08-07 10:28:22] remaining=43 submitted_this_pass=0 | galaxy=5/5 laniakea=7/7 voyager=3/3
[08-07 10:29:55] remaining=43 submitted_this_pass=0 | galaxy=5/5 laniakea=7/7 voyager=3/3
[08-07 10:31:28] remaining=43 submitted_this_pass=0 | galaxy=5/5 laniakea=7/7 voyager=3/3
[08-07 10:33:01] remaining=43 submitted_this_pass=0 | galaxy=5/5 laniakea=7/7 voyager=3/3
[08-07 10:34:34] remaining=43 submitted_this_pass=0 | galaxy=5/5 laniakea=7/7 voyager=3/3
[08-07 10:36:07] remaining=43 submitted_this_pass=0 | galaxy=5/5 laniakea=7/7 voyager=3/3
[submit] fs13_H3K27ac_latefuse -> node=laniakea jid=264266 csv=/tmp/galaxy_srv_disk00/pengchx3/rebuttal_nt/run_fromscratch/results/r13_fromscratch_H3K27ac_latefuse.csv
[08-07 10:37:37] submitted H3K27ac:latefuse -> node=laniakea jid=264266 (attempt 1)
[08-07 10:37:43] remaining=42 submitted_this_pass=1 | galaxy=5/5 laniakea=7/7 voyager=3/3
[08-07 10:39:16] remaining=42 submitted_this_pass=0 | galaxy=5/5 laniakea=7/7 voyager=3/3
[submit] fs13_H3K27me3_onehot -> node=laniakea jid=264267 csv=/tmp/galaxy_srv_disk00/pengchx3/rebuttal_nt/run_fromscratch/results/r13_fromscratch_H3K27me3_onehot.csv
[08-07 10:40:47] submitted H3K27me3:onehot -> node=laniakea jid=264267 (attempt 1)
[08-07 10:40:52] remaining=41 submitted_this_pass=1 | galaxy=5/5 laniakea=7/7 voyager=3/3
[08-07 10:42:26] remaining=41 submitted_this_pass=0 | galaxy=5/5 laniakea=7/7 voyager=3/3
[08-07 10:44:01] remaining=41 submitted_this_pass=0 | galaxy=5/5 laniakea=7/7 voyager=3/3
[08-07 10:45:35] remaining=41 submitted_this_pass=0 | galaxy=5/5 laniakea=7/7 voyager=3/3
[08-07 10:47:08] remaining=40 submitted_this_pass=0 | galaxy=5/5 laniakea=7/7 voyager=3/3
[submit] fs13_H3K27me3_replace4 -> node=laniakea jid=264268 csv=/tmp/galaxy_srv_disk00/pengchx3/rebuttal_nt/run_fromscratch/results/r13_fromscratch_H3K27me3_replace4.csv
[08-07 10:48:39] submitted H3K27me3:replace4 -> node=laniakea jid=264268 (attempt 1)
[submit] fs13_H3K27me3_latefuse -> node=laniakea jid=264269 csv=/tmp/galaxy_srv_disk00/pengchx3/rebuttal_nt/run_fromscratch/results/r13_fromscratch_H3K27me3_latefuse.csv
[08-07 10:48:42] submitted H3K27me3:latefuse -> node=laniakea jid=264269 (attempt 1)
[08-07 10:48:47] remaining=39 submitted_this_pass=2 | galaxy=5/5 laniakea=7/7 voyager=3/3
[08-07 10:50:20] remaining=39 submitted_this_pass=0 | galaxy=5/5 laniakea=7/7 voyager=3/3
[08-07 10:51:53] remaining=39 submitted_this_pass=0 | galaxy=5/5 laniakea=7/7 voyager=3/3
[08-07 10:53:27] remaining=39 submitted_this_pass=0 | galaxy=5/5 laniakea=7/7 voyager=3/3
[08-07 10:55:01] remaining=39 submitted_this_pass=0 | galaxy=5/5 laniakea=7/7 voyager=3/3
[08-07 10:56:34] remaining=39 submitted_this_pass=0 | galaxy=5/5 laniakea=7/7 voyager=3/3
[08-07 10:58:07] remaining=39 submitted_this_pass=0 | galaxy=5/5 laniakea=7/7 voyager=3/3
[08-07 10:59:39] remaining=39 submitted_this_pass=0 | galaxy=5/5 laniakea=7/7 voyager=3/3
[08-07 11:01:12] remaining=39 submitted_this_pass=0 | galaxy=5/5 laniakea=7/7 voyager=3/3
[08-07 11:02:45] remaining=39 submitted_this_pass=0 | galaxy=5/5 laniakea=7/7 voyager=3/3
[08-07 11:04:17] remaining=39 submitted_this_pass=0 | galaxy=5/5 laniakea=7/7 voyager=3/3
[08-07 11:05:50] remaining=39 submitted_this_pass=0 | galaxy=5/5 laniakea=7/7 voyager=3/3
[submit] fs13_H3K36me3_onehot -> node=laniakea jid=264270 csv=/tmp/galaxy_srv_disk00/pengchx3/rebuttal_nt/run_fromscratch/results/r13_fromscratch_H3K36me3_onehot.csv
[08-07 11:07:20] submitted H3K36me3:onehot -> node=laniakea jid=264270 (attempt 1)
[08-07 11:07:26] remaining=38 submitted_this_pass=1 | galaxy=5/5 laniakea=7/7 voyager=3/3
[08-07 11:08:59] remaining=38 submitted_this_pass=0 | galaxy=5/5 laniakea=7/7 voyager=3/3
[submit] fs13_H3K36me3_replace4 -> node=galaxy jid=264271 csv=/srv/disk00/sshfs/pengchx3/rebuttal_nt/run_fromscratch/results/r13_fromscratch_H3K36me3_replace4.csv
[08-07 11:10:29] submitted H3K36me3:replace4 -> node=galaxy jid=264271 (attempt 1)
[08-07 11:10:35] remaining=37 submitted_this_pass=1 | galaxy=5/5 laniakea=7/7 voyager=3/3
[08-07 11:12:07] remaining=37 submitted_this_pass=0 | galaxy=5/5 laniakea=7/7 voyager=3/3
[08-07 11:13:40] remaining=37 submitted_this_pass=0 | galaxy=5/5 laniakea=7/7 voyager=3/3
[submit] fs13_H3K36me3_latefuse -> node=laniakea jid=264272 csv=/tmp/galaxy_srv_disk00/pengchx3/rebuttal_nt/run_fromscratch/results/r13_fromscratch_H3K36me3_latefuse.csv
[08-07 11:15:10] submitted H3K36me3:latefuse -> node=laniakea jid=264272 (attempt 1)
[08-07 11:15:15] remaining=36 submitted_this_pass=1 | galaxy=5/5 laniakea=7/7 voyager=3/3
[08-07 11:16:48] remaining=36 submitted_this_pass=0 | galaxy=5/5 laniakea=7/7 voyager=3/3
[08-07 11:18:20] remaining=36 submitted_this_pass=0 | galaxy=5/5 laniakea=7/7 voyager=3/3
[08-07 11:19:53] remaining=36 submitted_this_pass=0 | galaxy=5/5 laniakea=7/7 voyager=3/3
[08-07 11:21:26] remaining=36 submitted_this_pass=0 | galaxy=5/5 laniakea=7/7 voyager=3/3
[08-07 11:22:59] remaining=36 submitted_this_pass=0 | galaxy=5/5 laniakea=7/7 voyager=3/3
[08-07 11:24:31] remaining=36 submitted_this_pass=0 | galaxy=5/5 laniakea=7/7 voyager=3/3
[08-07 11:26:04] remaining=36 submitted_this_pass=0 | galaxy=5/5 laniakea=7/7 voyager=3/3
[08-07 11:27:36] remaining=36 submitted_this_pass=0 | galaxy=5/5 laniakea=7/7 voyager=3/3
[submit] fs13_H3K4me1_onehot -> node=laniakea jid=264273 csv=/tmp/galaxy_srv_disk00/pengchx3/rebuttal_nt/run_fromscratch/results/r13_fromscratch_H3K4me1_onehot.csv
[08-07 11:29:07] submitted H3K4me1:onehot -> node=laniakea jid=264273 (attempt 1)
[08-07 11:29:12] remaining=35 submitted_this_pass=1 | galaxy=5/5 laniakea=7/7 voyager=3/3
[08-07 11:30:45] remaining=35 submitted_this_pass=0 | galaxy=5/5 laniakea=7/7 voyager=3/3
[08-07 11:32:19] remaining=35 submitted_this_pass=0 | galaxy=5/5 laniakea=7/7 voyager=3/3
[submit] fs13_H3K4me1_onehot -> node=laniakea jid=264274 csv=/tmp/galaxy_srv_disk00/pengchx3/rebuttal_nt/run_fromscratch/results/r13_fromscratch_H3K4me1_onehot.csv
[08-07 11:33:49] submitted H3K4me1:onehot -> node=laniakea jid=264274 (attempt 2)
[08-07 11:33:54] remaining=35 submitted_this_pass=1 | galaxy=5/5 laniakea=7/7 voyager=3/3
[08-07 11:35:27] remaining=35 submitted_this_pass=0 | galaxy=5/5 laniakea=7/7 voyager=3/3
[08-07 11:37:00] remaining=35 submitted_this_pass=0 | galaxy=5/5 laniakea=7/7 voyager=3/3
[submit] fs13_H3K4me1_onehot -> node=laniakea jid=264275 csv=/tmp/galaxy_srv_disk00/pengchx3/rebuttal_nt/run_fromscratch/results/r13_fromscratch_H3K4me1_onehot.csv
[08-07 11:38:30] submitted H3K4me1:onehot -> node=laniakea jid=264275 (attempt 3)
[08-07 11:38:36] remaining=35 submitted_this_pass=1 | galaxy=5/5 laniakea=7/7 voyager=3/3
[08-07 11:40:08] remaining=35 submitted_this_pass=0 | galaxy=5/5 laniakea=7/7 voyager=3/3
[08-07 11:41:41] remaining=35 submitted_this_pass=0 | galaxy=5/5 laniakea=7/7 voyager=3/3
[submit] fs13_H3K4me1_replace4 -> node=laniakea jid=264276 csv=/tmp/galaxy_srv_disk00/pengchx3/rebuttal_nt/run_fromscratch/results/r13_fromscratch_H3K4me1_replace4.csv
[08-07 11:43:11] submitted H3K4me1:replace4 -> node=laniakea jid=264276 (attempt 1)
[08-07 11:43:16] remaining=35 submitted_this_pass=1 | galaxy=5/5 laniakea=7/7 voyager=3/3
[submit] fs13_H3K4me1_latefuse -> node=laniakea jid=264277 csv=/tmp/galaxy_srv_disk00/pengchx3/rebuttal_nt/run_fromscratch/results/r13_fromscratch_H3K4me1_latefuse.csv
[08-07 11:44:47] submitted H3K4me1:latefuse -> node=laniakea jid=264277 (attempt 1)
[08-07 11:44:52] remaining=34 submitted_this_pass=1 | galaxy=5/5 laniakea=7/7 voyager=3/3
[08-07 11:46:26] remaining=34 submitted_this_pass=0 | galaxy=5/5 laniakea=7/7 voyager=3/3
[submit] fs13_H3K4me2_onehot -> node=galaxy jid=264278 csv=/srv/disk00/sshfs/pengchx3/rebuttal_nt/run_fromscratch/results/r13_fromscratch_H3K4me2_onehot.csv
[08-07 11:47:57] submitted H3K4me2:onehot -> node=galaxy jid=264278 (attempt 1)
[08-07 11:48:02] remaining=33 submitted_this_pass=1 | galaxy=5/5 laniakea=7/7 voyager=3/3
[08-07 11:49:34] remaining=33 submitted_this_pass=0 | galaxy=5/5 laniakea=7/7 voyager=3/3
[08-07 11:51:06] remaining=33 submitted_this_pass=0 | galaxy=5/5 laniakea=7/7 voyager=3/3
[08-07 11:52:39] remaining=33 submitted_this_pass=0 | galaxy=5/5 laniakea=7/7 voyager=3/3
[08-07 11:54:11] remaining=33 submitted_this_pass=0 | galaxy=5/5 laniakea=7/7 voyager=3/3
[08-07 11:55:43] remaining=33 submitted_this_pass=0 | galaxy=5/5 laniakea=7/7 voyager=3/3
[08-07 11:57:15] remaining=33 submitted_this_pass=0 | galaxy=5/5 laniakea=7/7 voyager=3/3
[08-07 11:58:47] remaining=33 submitted_this_pass=0 | galaxy=5/5 laniakea=7/7 voyager=3/3
[08-07 12:00:19] remaining=33 submitted_this_pass=0 | galaxy=5/5 laniakea=7/7 voyager=3/3
[08-07 12:01:51] remaining=33 submitted_this_pass=0 | galaxy=6/5 laniakea=7/7 voyager=3/3
[08-07 12:03:24] remaining=33 submitted_this_pass=0 | galaxy=6/5 laniakea=7/7 voyager=3/3
[08-07 12:04:56] remaining=33 submitted_this_pass=0 | galaxy=6/5 laniakea=7/7 voyager=3/3
[08-07 12:06:28] remaining=33 submitted_this_pass=0 | galaxy=6/5 laniakea=7/7 voyager=3/3
[08-07 12:08:00] remaining=33 submitted_this_pass=0 | galaxy=6/5 laniakea=7/7 voyager=3/3
[08-07 12:09:32] remaining=33 submitted_this_pass=0 | galaxy=6/5 laniakea=7/7 voyager=3/3
[08-07 12:11:04] remaining=33 submitted_this_pass=0 | galaxy=6/5 laniakea=7/7 voyager=3/3
[08-07 12:12:36] remaining=33 submitted_this_pass=0 | galaxy=6/5 laniakea=7/7 voyager=3/3
[08-07 12:14:09] remaining=33 submitted_this_pass=0 | galaxy=6/5 laniakea=7/7 voyager=3/3
[08-07 12:15:41] remaining=33 submitted_this_pass=0 | galaxy=6/5 laniakea=7/7 voyager=3/3
[08-07 12:17:13] remaining=33 submitted_this_pass=0 | galaxy=6/5 laniakea=7/7 voyager=3/3
[08-07 12:18:46] remaining=33 submitted_this_pass=0 | galaxy=6/5 laniakea=7/7 voyager=3/3
[08-07 12:20:18] remaining=33 submitted_this_pass=0 | galaxy=6/5 laniakea=7/7 voyager=3/3
[08-07 12:21:51] remaining=33 submitted_this_pass=0 | galaxy=6/5 laniakea=7/7 voyager=3/3
[08-07 12:23:24] remaining=33 submitted_this_pass=0 | galaxy=6/5 laniakea=7/7 voyager=3/3
[08-07 12:24:57] remaining=33 submitted_this_pass=0 | galaxy=6/5 laniakea=7/7 voyager=3/3
[08-07 12:26:29] remaining=32 submitted_this_pass=0 | galaxy=5/5 laniakea=7/7 voyager=3/3
[08-07 12:28:01] remaining=32 submitted_this_pass=0 | galaxy=5/5 laniakea=7/7 voyager=3/3
[08-07 12:29:35] remaining=32 submitted_this_pass=0 | galaxy=5/5 laniakea=7/7 voyager=3/3
[submit] fs13_H3K4me2_replace4 -> node=voyager jid=264284 csv=/tmp/galaxy_srv_disk00/pengchx3/rebuttal_nt/run_fromscratch/results/r13_fromscratch_H3K4me2_replace4.csv
[08-07 12:31:05] submitted H3K4me2:replace4 -> node=voyager jid=264284 (attempt 1)
[08-07 12:31:11] remaining=31 submitted_this_pass=1 | galaxy=5/5 laniakea=7/7 voyager=3/3
[08-07 12:32:43] remaining=31 submitted_this_pass=0 | galaxy=5/5 laniakea=7/7 voyager=3/3
[08-07 12:34:16] remaining=31 submitted_this_pass=0 | galaxy=5/5 laniakea=7/7 voyager=3/3
[submit] fs13_H3K4me2_latefuse -> node=galaxy jid=264286 csv=/srv/disk00/sshfs/pengchx3/rebuttal_nt/run_fromscratch/results/r13_fromscratch_H3K4me2_latefuse.csv
[08-07 12:35:46] submitted H3K4me2:latefuse -> node=galaxy jid=264286 (attempt 1)
[08-07 12:35:52] remaining=31 submitted_this_pass=1 | galaxy=5/5 laniakea=7/7 voyager=3/3
[08-07 12:37:24] remaining=31 submitted_this_pass=0 | galaxy=5/5 laniakea=7/7 voyager=3/3
[08-07 12:38:56] remaining=31 submitted_this_pass=0 | galaxy=5/5 laniakea=7/7 voyager=3/3
[08-07 12:40:29] remaining=31 submitted_this_pass=0 | galaxy=5/5 laniakea=7/7 voyager=3/3
[08-07 12:42:01] remaining=31 submitted_this_pass=0 | galaxy=5/5 laniakea=7/7 voyager=3/3
[08-07 12:43:33] remaining=31 submitted_this_pass=0 | galaxy=5/5 laniakea=7/7 voyager=3/3
[08-07 12:45:05] remaining=31 submitted_this_pass=0 | galaxy=5/5 laniakea=7/7 voyager=3/3
[08-07 12:46:37] remaining=31 submitted_this_pass=0 | galaxy=5/5 laniakea=7/7 voyager=3/3
[08-07 12:48:10] remaining=31 submitted_this_pass=0 | galaxy=5/5 laniakea=7/7 voyager=3/3
[08-07 12:49:42] remaining=31 submitted_this_pass=0 | galaxy=5/5 laniakea=7/7 voyager=3/3
[08-07 12:51:14] remaining=31 submitted_this_pass=0 | galaxy=5/5 laniakea=7/7 voyager=3/3
[08-07 12:52:46] remaining=31 submitted_this_pass=0 | galaxy=5/5 laniakea=7/7 voyager=3/3
[08-07 12:54:18] remaining=31 submitted_this_pass=0 | galaxy=5/5 laniakea=7/7 voyager=3/3
[08-07 12:55:50] remaining=31 submitted_this_pass=0 | galaxy=5/5 laniakea=7/7 voyager=3/3
[08-07 12:57:22] remaining=31 submitted_this_pass=0 | galaxy=5/5 laniakea=7/7 voyager=3/3
[08-07 12:58:54] remaining=31 submitted_this_pass=0 | galaxy=5/5 laniakea=7/7 voyager=3/3
[08-07 13:00:27] remaining=31 submitted_this_pass=0 | galaxy=5/5 laniakea=7/7 voyager=3/3
[08-07 13:01:59] remaining=31 submitted_this_pass=0 | galaxy=5/5 laniakea=7/7 voyager=3/3
[08-07 13:03:33] remaining=31 submitted_this_pass=0 | galaxy=5/5 laniakea=7/7 voyager=3/3
[08-07 13:05:05] remaining=31 submitted_this_pass=0 | galaxy=5/5 laniakea=7/7 voyager=3/3
[08-07 13:06:37] remaining=31 submitted_this_pass=0 | galaxy=5/5 laniakea=7/7 voyager=3/3
[08-07 13:08:10] remaining=31 submitted_this_pass=0 | galaxy=5/5 laniakea=7/7 voyager=3/3
[08-07 13:09:44] remaining=31 submitted_this_pass=0 | galaxy=5/5 laniakea=7/7 voyager=3/3
[08-07 13:11:16] remaining=31 submitted_this_pass=0 | galaxy=5/5 laniakea=7/7 voyager=3/3
[08-07 13:12:48] remaining=31 submitted_this_pass=0 | galaxy=5/5 laniakea=7/7 voyager=3/3
[08-07 13:14:20] remaining=31 submitted_this_pass=0 | galaxy=6/5 laniakea=7/7 voyager=3/3
[08-07 13:15:53] remaining=31 submitted_this_pass=0 | galaxy=6/5 laniakea=7/7 voyager=3/3
[08-07 13:17:25] remaining=31 submitted_this_pass=0 | galaxy=6/5 laniakea=7/7 voyager=3/3
[08-07 13:18:57] remaining=31 submitted_this_pass=0 | galaxy=6/5 laniakea=7/7 voyager=3/3
[08-07 13:20:30] remaining=31 submitted_this_pass=0 | galaxy=6/5 laniakea=7/7 voyager=3/3
[08-07 13:22:01] remaining=31 submitted_this_pass=0 | galaxy=6/5 laniakea=7/7 voyager=3/3
[08-07 13:23:34] remaining=31 submitted_this_pass=0 | galaxy=6/5 laniakea=7/7 voyager=3/3
[08-07 13:25:07] remaining=31 submitted_this_pass=0 | galaxy=6/5 laniakea=7/7 voyager=3/3
[08-07 13:26:39] remaining=31 submitted_this_pass=0 | galaxy=6/5 laniakea=7/7 voyager=3/3
[08-07 13:28:11] remaining=31 submitted_this_pass=0 | galaxy=6/5 laniakea=7/7 voyager=3/3
[08-07 13:29:43] remaining=31 submitted_this_pass=0 | galaxy=6/5 laniakea=7/7 voyager=3/3
[08-07 13:31:15] remaining=31 submitted_this_pass=0 | galaxy=6/5 laniakea=7/7 voyager=3/3
[08-07 13:32:47] remaining=31 submitted_this_pass=0 | galaxy=6/5 laniakea=7/7 voyager=3/3
[08-07 13:34:19] remaining=31 submitted_this_pass=0 | galaxy=6/5 laniakea=7/7 voyager=3/3
[08-07 13:35:50] remaining=31 submitted_this_pass=0 | galaxy=6/5 laniakea=7/7 voyager=3/3
[08-07 13:37:24] remaining=31 submitted_this_pass=0 | galaxy=6/5 laniakea=7/7 voyager=3/3
[08-07 13:38:55] remaining=31 submitted_this_pass=0 | galaxy=6/5 laniakea=7/7 voyager=3/3
[08-07 13:40:27] remaining=31 submitted_this_pass=0 | galaxy=6/5 laniakea=7/7 voyager=3/3
[08-07 13:41:59] remaining=31 submitted_this_pass=0 | galaxy=6/5 laniakea=7/7 voyager=3/3
[08-07 13:43:32] remaining=31 submitted_this_pass=0 | galaxy=6/5 laniakea=7/7 voyager=3/3
[08-07 13:45:03] remaining=31 submitted_this_pass=0 | galaxy=6/5 laniakea=7/7 voyager=3/3
[08-07 13:46:35] remaining=31 submitted_this_pass=0 | galaxy=6/5 laniakea=7/7 voyager=3/3
[08-07 13:48:10] remaining=31 submitted_this_pass=0 | galaxy=6/5 laniakea=7/7 voyager=3/3
[08-07 13:49:43] remaining=31 submitted_this_pass=0 | galaxy=6/5 laniakea=7/7 voyager=3/3
[08-07 13:51:16] remaining=31 submitted_this_pass=0 | galaxy=6/5 laniakea=7/7 voyager=3/3
[08-07 13:52:48] remaining=31 submitted_this_pass=0 | galaxy=6/5 laniakea=7/7 voyager=3/3
[08-07 13:54:21] remaining=31 submitted_this_pass=0 | galaxy=6/5 laniakea=7/7 voyager=3/3
[08-07 13:55:52] remaining=31 submitted_this_pass=0 | galaxy=6/5 laniakea=7/7 voyager=3/3
[08-07 13:57:25] remaining=31 submitted_this_pass=0 | galaxy=6/5 laniakea=7/7 voyager=3/3
[08-07 13:58:57] remaining=31 submitted_this_pass=0 | galaxy=6/5 laniakea=7/7 voyager=3/3
[08-07 14:00:29] remaining=31 submitted_this_pass=0 | galaxy=6/5 laniakea=7/7 voyager=3/3
[08-07 14:02:01] remaining=31 submitted_this_pass=0 | galaxy=6/5 laniakea=7/7 voyager=4/3
[08-07 14:03:33] remaining=31 submitted_this_pass=0 | galaxy=6/5 laniakea=7/7 voyager=4/3
[08-07 14:05:05] remaining=31 submitted_this_pass=0 | galaxy=6/5 laniakea=7/7 voyager=4/3
[08-07 14:06:37] remaining=31 submitted_this_pass=0 | galaxy=6/5 laniakea=7/7 voyager=4/3
[08-07 14:08:09] remaining=31 submitted_this_pass=0 | galaxy=6/5 laniakea=7/7 voyager=4/3
[08-07 14:09:41] remaining=31 submitted_this_pass=0 | galaxy=6/5 laniakea=7/7 voyager=4/3
[08-07 14:11:13] remaining=31 submitted_this_pass=0 | galaxy=6/5 laniakea=7/7 voyager=4/3
[08-07 14:12:45] remaining=31 submitted_this_pass=0 | galaxy=6/5 laniakea=7/7 voyager=4/3
[08-07 14:14:17] remaining=31 submitted_this_pass=0 | galaxy=6/5 laniakea=7/7 voyager=4/3
[08-07 14:15:49] remaining=31 submitted_this_pass=0 | galaxy=6/5 laniakea=7/7 voyager=4/3
[08-07 14:17:21] remaining=31 submitted_this_pass=0 | galaxy=6/5 laniakea=7/7 voyager=4/3
[08-07 14:18:53] remaining=31 submitted_this_pass=0 | galaxy=6/5 laniakea=7/7 voyager=4/3
[08-07 14:20:25] remaining=31 submitted_this_pass=0 | galaxy=6/5 laniakea=7/7 voyager=4/3
[08-07 14:21:57] remaining=31 submitted_this_pass=0 | galaxy=6/5 laniakea=7/7 voyager=4/3
[08-07 14:23:29] remaining=31 submitted_this_pass=0 | galaxy=6/5 laniakea=7/7 voyager=4/3
[submit] fs13_H3K9ac_onehot -> node=laniakea jid=264301 csv=/tmp/galaxy_srv_disk00/pengchx3/rebuttal_nt/run_fromscratch/results/r13_fromscratch_H3K9ac_onehot.csv
[08-07 14:24:59] submitted H3K9ac:onehot -> node=laniakea jid=264301 (attempt 1)
[08-07 14:25:04] remaining=30 submitted_this_pass=1 | galaxy=6/5 laniakea=7/7 voyager=4/3
[08-07 14:26:36] remaining=30 submitted_this_pass=0 | galaxy=6/5 laniakea=7/7 voyager=4/3
[submit] fs13_H3K9ac_replace4 -> node=voyager jid=264302 csv=/tmp/galaxy_srv_disk00/pengchx3/rebuttal_nt/run_fromscratch/results/r13_fromscratch_H3K9ac_replace4.csv
[08-07 14:28:07] submitted H3K9ac:replace4 -> node=voyager jid=264302 (attempt 1)
[08-07 14:28:11] remaining=29 submitted_this_pass=1 | galaxy=6/5 laniakea=7/7 voyager=3/3
[08-07 14:29:44] remaining=29 submitted_this_pass=0 | galaxy=6/5 laniakea=7/7 voyager=3/3
[08-07 14:31:16] remaining=29 submitted_this_pass=0 | galaxy=6/5 laniakea=7/7 voyager=3/3
[08-07 14:32:48] remaining=28 submitted_this_pass=0 | galaxy=5/5 laniakea=7/7 voyager=3/3
[08-07 14:34:21] remaining=28 submitted_this_pass=0 | galaxy=5/5 laniakea=7/7 voyager=3/3
[08-07 14:35:53] remaining=28 submitted_this_pass=0 | galaxy=5/5 laniakea=7/7 voyager=3/3
[08-07 14:37:24] remaining=28 submitted_this_pass=0 | galaxy=5/5 laniakea=7/7 voyager=3/3
[08-07 14:38:56] remaining=28 submitted_this_pass=0 | galaxy=5/5 laniakea=7/7 voyager=3/3
[08-07 14:40:28] remaining=28 submitted_this_pass=0 | galaxy=5/5 laniakea=7/7 voyager=3/3
[08-07 14:42:00] remaining=28 submitted_this_pass=0 | galaxy=5/5 laniakea=7/7 voyager=3/3
[08-07 14:43:32] remaining=28 submitted_this_pass=0 | galaxy=5/5 laniakea=7/7 voyager=3/3
[08-07 14:45:04] remaining=28 submitted_this_pass=0 | galaxy=5/5 laniakea=7/7 voyager=3/3
[submit] fs13_H3K9ac_latefuse -> node=laniakea jid=264303 csv=/tmp/galaxy_srv_disk00/pengchx3/rebuttal_nt/run_fromscratch/results/r13_fromscratch_H3K9ac_latefuse.csv
[08-07 14:46:34] submitted H3K9ac:latefuse -> node=laniakea jid=264303 (attempt 1)
[08-07 14:46:39] remaining=27 submitted_this_pass=1 | galaxy=5/5 laniakea=7/7 voyager=3/3
[08-07 14:48:12] remaining=27 submitted_this_pass=0 | galaxy=5/5 laniakea=7/7 voyager=3/3
[08-07 14:49:43] remaining=27 submitted_this_pass=0 | galaxy=5/5 laniakea=7/7 voyager=3/3
[08-07 14:51:15] remaining=27 submitted_this_pass=0 | galaxy=5/5 laniakea=7/7 voyager=3/3
[08-07 14:52:47] remaining=27 submitted_this_pass=0 | galaxy=5/5 laniakea=7/7 voyager=3/3
[08-07 14:54:19] remaining=27 submitted_this_pass=0 | galaxy=5/5 laniakea=7/7 voyager=3/3
[08-07 14:55:51] remaining=27 submitted_this_pass=0 | galaxy=5/5 laniakea=7/7 voyager=3/3
[08-07 14:57:23] remaining=27 submitted_this_pass=0 | galaxy=5/5 laniakea=7/7 voyager=3/3
[08-07 14:58:55] remaining=27 submitted_this_pass=0 | galaxy=5/5 laniakea=7/7 voyager=3/3
[08-07 15:00:26] remaining=27 submitted_this_pass=0 | galaxy=5/5 laniakea=7/7 voyager=3/3
[08-07 15:01:58] remaining=27 submitted_this_pass=0 | galaxy=5/5 laniakea=7/7 voyager=3/3
[08-07 15:03:30] remaining=27 submitted_this_pass=0 | galaxy=5/5 laniakea=7/7 voyager=3/3
[08-07 15:05:02] remaining=27 submitted_this_pass=0 | galaxy=5/5 laniakea=7/7 voyager=3/3
[08-07 15:06:33] remaining=27 submitted_this_pass=0 | galaxy=5/5 laniakea=7/7 voyager=3/3
[08-07 15:08:05] remaining=27 submitted_this_pass=0 | galaxy=5/5 laniakea=7/7 voyager=3/3
[08-07 15:09:37] remaining=27 submitted_this_pass=0 | galaxy=5/5 laniakea=7/7 voyager=3/3
[08-07 15:11:09] remaining=27 submitted_this_pass=0 | galaxy=5/5 laniakea=7/7 voyager=3/3
[submit] fs13_H2AFZ_latefuse -> node=galaxy jid=264305 csv=/srv/disk00/sshfs/pengchx3/rebuttal_nt/run_fromscratch/results/r13_fromscratch_H2AFZ_latefuse.csv
[08-07 15:12:39] submitted H2AFZ:latefuse -> node=galaxy jid=264305 (attempt 2)
[submit] fs13_H3K27ac_latefuse -> node=galaxy jid=264306 csv=/srv/disk00/sshfs/pengchx3/rebuttal_nt/run_fromscratch/results/r13_fromscratch_H3K27ac_latefuse.csv
[08-07 15:12:42] submitted H3K27ac:latefuse -> node=galaxy jid=264306 (attempt 2)
[submit] fs13_H3K27me3_replace4 -> node=galaxy jid=264307 csv=/srv/disk00/sshfs/pengchx3/rebuttal_nt/run_fromscratch/results/r13_fromscratch_H3K27me3_replace4.csv
[08-07 15:12:45] submitted H3K27me3:replace4 -> node=galaxy jid=264307 (attempt 2)
[submit] fs13_H3K27me3_latefuse -> node=laniakea jid=264308 csv=/tmp/galaxy_srv_disk00/pengchx3/rebuttal_nt/run_fromscratch/results/r13_fromscratch_H3K27me3_latefuse.csv
[08-07 15:12:48] submitted H3K27me3:latefuse -> node=laniakea jid=264308 (attempt 2)
[submit] fs13_H3K36me3_replace4 -> node=laniakea jid=264309 csv=/tmp/galaxy_srv_disk00/pengchx3/rebuttal_nt/run_fromscratch/results/r13_fromscratch_H3K36me3_replace4.csv
[08-07 15:12:51] submitted H3K36me3:replace4 -> node=laniakea jid=264309 (attempt 2)
[submit] fs13_H3K36me3_latefuse -> node=laniakea jid=264310 csv=/tmp/galaxy_srv_disk00/pengchx3/rebuttal_nt/run_fromscratch/results/r13_fromscratch_H3K36me3_latefuse.csv
[08-07 15:12:54] submitted H3K36me3:latefuse -> node=laniakea jid=264310 (attempt 2)
[submit] fs13_H3K4me1_replace4 -> node=laniakea jid=264311 csv=/tmp/galaxy_srv_disk00/pengchx3/rebuttal_nt/run_fromscratch/results/r13_fromscratch_H3K4me1_replace4.csv
[08-07 15:12:57] submitted H3K4me1:replace4 -> node=laniakea jid=264311 (attempt 2)
[submit] fs13_H3K4me1_latefuse -> node=laniakea jid=264312 csv=/tmp/galaxy_srv_disk00/pengchx3/rebuttal_nt/run_fromscratch/results/r13_fromscratch_H3K4me1_latefuse.csv
[08-07 15:13:00] submitted H3K4me1:latefuse -> node=laniakea jid=264312 (attempt 2)
[submit] fs13_H3K4me2_latefuse -> node=laniakea jid=264313 csv=/tmp/galaxy_srv_disk00/pengchx3/rebuttal_nt/run_fromscratch/results/r13_fromscratch_H3K4me2_latefuse.csv
[08-07 15:13:03] submitted H3K4me2:latefuse -> node=laniakea jid=264313 (attempt 2)
[submit] fs13_H3K9ac_replace4 -> node=laniakea jid=264314 csv=/tmp/galaxy_srv_disk00/pengchx3/rebuttal_nt/run_fromscratch/results/r13_fromscratch_H3K9ac_replace4.csv
[08-07 15:13:07] submitted H3K9ac:replace4 -> node=laniakea jid=264314 (attempt 2)
[submit] fs13_H3K9ac_latefuse -> node=voyager jid=264315 csv=/tmp/galaxy_srv_disk00/pengchx3/rebuttal_nt/run_fromscratch/results/r13_fromscratch_H3K9ac_latefuse.csv
[08-07 15:13:10] submitted H3K9ac:latefuse -> node=voyager jid=264315 (attempt 2)
[08-07 15:13:14] remaining=27 submitted_this_pass=11 | galaxy=5/5 laniakea=7/7 voyager=3/3
[08-07 15:14:47] remaining=27 submitted_this_pass=0 | galaxy=5/5 laniakea=7/7 voyager=3/3
[08-07 15:16:20] remaining=27 submitted_this_pass=0 | galaxy=5/5 laniakea=7/7 voyager=3/3
[submit] fs13_H2AFZ_latefuse -> node=galaxy jid=264316 csv=/srv/disk00/sshfs/pengchx3/rebuttal_nt/run_fromscratch/results/r13_fromscratch_H2AFZ_latefuse.csv
[08-07 15:17:50] submitted H2AFZ:latefuse -> node=galaxy jid=264316 (attempt 3)
[submit] fs13_H3K27ac_latefuse -> node=galaxy jid=264317 csv=/srv/disk00/sshfs/pengchx3/rebuttal_nt/run_fromscratch/results/r13_fromscratch_H3K27ac_latefuse.csv
[08-07 15:17:53] submitted H3K27ac:latefuse -> node=galaxy jid=264317 (attempt 3)
[submit] fs13_H3K27me3_replace4 -> node=galaxy jid=264318 csv=/srv/disk00/sshfs/pengchx3/rebuttal_nt/run_fromscratch/results/r13_fromscratch_H3K27me3_replace4.csv
[08-07 15:17:56] submitted H3K27me3:replace4 -> node=galaxy jid=264318 (attempt 3)
[submit] fs13_H3K27me3_latefuse -> node=laniakea jid=264319 csv=/tmp/galaxy_srv_disk00/pengchx3/rebuttal_nt/run_fromscratch/results/r13_fromscratch_H3K27me3_latefuse.csv
[08-07 15:17:59] submitted H3K27me3:latefuse -> node=laniakea jid=264319 (attempt 3)
[submit] fs13_H3K36me3_replace4 -> node=laniakea jid=264320 csv=/tmp/galaxy_srv_disk00/pengchx3/rebuttal_nt/run_fromscratch/results/r13_fromscratch_H3K36me3_replace4.csv
[08-07 15:18:03] submitted H3K36me3:replace4 -> node=laniakea jid=264320 (attempt 3)
[submit] fs13_H3K36me3_latefuse -> node=laniakea jid=264321 csv=/tmp/galaxy_srv_disk00/pengchx3/rebuttal_nt/run_fromscratch/results/r13_fromscratch_H3K36me3_latefuse.csv
[08-07 15:18:06] submitted H3K36me3:latefuse -> node=laniakea jid=264321 (attempt 3)
[submit] fs13_H3K4me1_replace4 -> node=laniakea jid=264322 csv=/tmp/galaxy_srv_disk00/pengchx3/rebuttal_nt/run_fromscratch/results/r13_fromscratch_H3K4me1_replace4.csv
[08-07 15:18:09] submitted H3K4me1:replace4 -> node=laniakea jid=264322 (attempt 3)
[submit] fs13_H3K4me1_latefuse -> node=laniakea jid=264323 csv=/tmp/galaxy_srv_disk00/pengchx3/rebuttal_nt/run_fromscratch/results/r13_fromscratch_H3K4me1_latefuse.csv
[08-07 15:18:12] submitted H3K4me1:latefuse -> node=laniakea jid=264323 (attempt 3)
[submit] fs13_H3K4me2_latefuse -> node=laniakea jid=264324 csv=/tmp/galaxy_srv_disk00/pengchx3/rebuttal_nt/run_fromscratch/results/r13_fromscratch_H3K4me2_latefuse.csv
[08-07 15:18:15] submitted H3K4me2:latefuse -> node=laniakea jid=264324 (attempt 3)
[submit] fs13_H3K9ac_replace4 -> node=laniakea jid=264325 csv=/tmp/galaxy_srv_disk00/pengchx3/rebuttal_nt/run_fromscratch/results/r13_fromscratch_H3K9ac_replace4.csv
[08-07 15:18:18] submitted H3K9ac:replace4 -> node=laniakea jid=264325 (attempt 3)
[submit] fs13_H3K9ac_latefuse -> node=voyager jid=264326 csv=/tmp/galaxy_srv_disk00/pengchx3/rebuttal_nt/run_fromscratch/results/r13_fromscratch_H3K9ac_latefuse.csv
[08-07 15:18:21] submitted H3K9ac:latefuse -> node=voyager jid=264326 (attempt 3)
[08-07 15:18:26] remaining=27 submitted_this_pass=11 | galaxy=5/5 laniakea=7/7 voyager=3/3
[08-07 15:19:59] remaining=27 submitted_this_pass=0 | galaxy=5/5 laniakea=7/7 voyager=3/3
[08-07 15:21:32] remaining=27 submitted_this_pass=0 | galaxy=5/5 laniakea=7/7 voyager=3/3
[08-07 15:23:04] remaining=27 submitted_this_pass=0 | galaxy=5/5 laniakea=7/7 voyager=3/3
[08-07 15:24:39] remaining=27 submitted_this_pass=0 | galaxy=5/5 laniakea=7/7 voyager=3/3
[08-07 15:26:13] remaining=27 submitted_this_pass=0 | galaxy=5/5 laniakea=7/7 voyager=3/3
[08-07 15:27:45] remaining=27 submitted_this_pass=0 | galaxy=5/5 laniakea=7/7 voyager=3/3
[08-07 15:29:18] remaining=27 submitted_this_pass=0 | galaxy=5/5 laniakea=7/7 voyager=3/3
[08-07 15:30:50] remaining=27 submitted_this_pass=0 | galaxy=5/5 laniakea=7/7 voyager=3/3
[08-07 15:32:23] remaining=27 submitted_this_pass=0 | galaxy=5/5 laniakea=7/7 voyager=3/3
[08-07 15:33:55] remaining=27 submitted_this_pass=0 | galaxy=5/5 laniakea=7/7 voyager=3/3
[08-07 15:35:27] remaining=27 submitted_this_pass=0 | galaxy=5/5 laniakea=7/7 voyager=3/3
[08-07 15:37:00] remaining=27 submitted_this_pass=0 | galaxy=5/5 laniakea=7/7 voyager=3/3
[08-07 15:38:32] remaining=27 submitted_this_pass=0 | galaxy=5/5 laniakea=7/7 voyager=3/3
[08-07 15:40:04] remaining=27 submitted_this_pass=0 | galaxy=5/5 laniakea=7/7 voyager=3/3
[08-07 15:41:37] remaining=27 submitted_this_pass=0 | galaxy=5/5 laniakea=7/7 voyager=3/3
[08-07 15:43:09] remaining=27 submitted_this_pass=0 | galaxy=5/5 laniakea=7/7 voyager=3/3
[08-07 15:44:41] remaining=27 submitted_this_pass=0 | galaxy=5/5 laniakea=7/7 voyager=3/3
[08-07 15:46:13] remaining=27 submitted_this_pass=0 | galaxy=5/5 laniakea=7/7 voyager=3/3
[08-07 15:48:13] remaining=27 submitted_this_pass=0 | galaxy=5/5 laniakea=7/7 voyager=3/3
[08-07 15:50:07] remaining=27 submitted_this_pass=0 | galaxy=5/5 laniakea=7/7 voyager=3/3
[08-07 15:51:39] remaining=27 submitted_this_pass=0 | galaxy=5/5 laniakea=7/7 voyager=3/3
[submit] fs13_H3K9me3_onehot -> node=galaxy jid=264330 csv=/srv/disk00/sshfs/pengchx3/rebuttal_nt/run_fromscratch/results/r13_fromscratch_H3K9me3_onehot.csv
[08-07 15:53:09] submitted H3K9me3:onehot -> node=galaxy jid=264330 (attempt 1)
[08-07 15:53:14] remaining=27 submitted_this_pass=1 | galaxy=5/5 laniakea=7/7 voyager=3/3
[08-07 15:54:46] remaining=27 submitted_this_pass=0 | galaxy=5/5 laniakea=7/7 voyager=3/3
[submit] fs13_H3K9me3_replace4 -> node=galaxy jid=264332 csv=/srv/disk00/sshfs/pengchx3/rebuttal_nt/run_fromscratch/results/r13_fromscratch_H3K9me3_replace4.csv
[08-07 15:56:26] submitted H3K9me3:replace4 -> node=galaxy jid=264332 (attempt 1)
[submit] fs13_H3K9me3_latefuse -> node=laniakea jid=264333 csv=/tmp/galaxy_srv_disk00/pengchx3/rebuttal_nt/run_fromscratch/results/r13_fromscratch_H3K9me3_latefuse.csv
[08-07 15:56:31] submitted H3K9me3:latefuse -> node=laniakea jid=264333 (attempt 1)
[submit] fs13_H4K20me1_onehot -> node=laniakea jid=264334 csv=/tmp/galaxy_srv_disk00/pengchx3/rebuttal_nt/run_fromscratch/results/r13_fromscratch_H4K20me1_onehot.csv
[08-07 15:56:36] submitted H4K20me1:onehot -> node=laniakea jid=264334 (attempt 1)
[submit] fs13_H4K20me1_replace4 -> node=laniakea jid=264335 csv=/tmp/galaxy_srv_disk00/pengchx3/rebuttal_nt/run_fromscratch/results/r13_fromscratch_H4K20me1_replace4.csv
[08-07 15:56:45] submitted H4K20me1:replace4 -> node=laniakea jid=264335 (attempt 1)
[submit] fs13_H4K20me1_latefuse -> node=laniakea jid=264336 csv=/tmp/galaxy_srv_disk00/pengchx3/rebuttal_nt/run_fromscratch/results/r13_fromscratch_H4K20me1_latefuse.csv
[08-07 15:56:55] submitted H4K20me1:latefuse -> node=laniakea jid=264336 (attempt 1)
[submit] fs13_enhancers_onehot -> node=voyager jid=264337 csv=/tmp/galaxy_srv_disk00/pengchx3/rebuttal_nt/run_fromscratch/results/r13_fromscratch_enhancers_onehot.csv
[08-07 15:57:00] submitted enhancers:onehot -> node=voyager jid=264337 (attempt 1)
[08-07 15:57:09] remaining=27 submitted_this_pass=6 | galaxy=5/5 laniakea=7/7 voyager=3/3
[08-07 15:58:47] remaining=27 submitted_this_pass=0 | galaxy=5/5 laniakea=7/7 voyager=3/3
[08-07 16:00:19] remaining=27 submitted_this_pass=0 | galaxy=5/5 laniakea=7/7 voyager=3/3
[08-07 16:01:52] remaining=27 submitted_this_pass=0 | galaxy=6/5 laniakea=7/7 voyager=3/3
[08-07 16:03:24] remaining=27 submitted_this_pass=0 | galaxy=6/5 laniakea=7/7 voyager=3/3
[08-07 16:05:03] remaining=27 submitted_this_pass=0 | galaxy=6/5 laniakea=7/7 voyager=3/3
[08-07 16:06:35] remaining=27 submitted_this_pass=0 | galaxy=6/5 laniakea=7/7 voyager=4/3
[08-07 16:08:08] remaining=27 submitted_this_pass=0 | galaxy=6/5 laniakea=7/7 voyager=4/3
[08-07 16:09:40] remaining=27 submitted_this_pass=0 | galaxy=6/5 laniakea=7/7 voyager=4/3
[08-07 16:11:13] remaining=26 submitted_this_pass=0 | galaxy=5/5 laniakea=7/7 voyager=4/3
[08-07 16:12:45] remaining=26 submitted_this_pass=0 | galaxy=5/5 laniakea=7/7 voyager=4/3
[08-07 16:14:17] remaining=26 submitted_this_pass=0 | galaxy=5/5 laniakea=7/7 voyager=4/3
[08-07 16:15:50] remaining=26 submitted_this_pass=0 | galaxy=5/5 laniakea=7/7 voyager=4/3
[08-07 16:17:22] remaining=25 submitted_this_pass=0 | galaxy=5/5 laniakea=7/7 voyager=3/3
[submit] fs13_enhancers_replace4 -> node=galaxy jid=264345 csv=/srv/disk00/sshfs/pengchx3/rebuttal_nt/run_fromscratch/results/r13_fromscratch_enhancers_replace4.csv
[08-07 16:18:52] submitted enhancers:replace4 -> node=galaxy jid=264345 (attempt 1)
[08-07 16:18:56] remaining=25 submitted_this_pass=1 | galaxy=5/5 laniakea=7/7 voyager=3/3
[submit] fs13_enhancers_types_onehot -> node=galaxy jid=264347 csv=/srv/disk00/sshfs/pengchx3/rebuttal_nt/run_fromscratch/results/r13_fromscratch_enhancers_types_onehot.csv
[08-07 16:20:27] submitted enhancers_types:onehot -> node=galaxy jid=264347 (attempt 1)
[08-07 16:20:31] remaining=25 submitted_this_pass=1 | galaxy=5/5 laniakea=7/7 voyager=4/3
[08-07 16:22:02] remaining=25 submitted_this_pass=0 | galaxy=5/5 laniakea=7/7 voyager=4/3
[08-07 16:23:33] remaining=25 submitted_this_pass=0 | galaxy=5/5 laniakea=7/7 voyager=4/3
[08-07 16:25:04] remaining=25 submitted_this_pass=0 | galaxy=5/5 laniakea=7/7 voyager=4/3
[submit] fs13_enhancers_types_replace4 -> node=laniakea jid=264349 csv=/tmp/galaxy_srv_disk00/pengchx3/rebuttal_nt/run_fromscratch/results/r13_fromscratch_enhancers_types_replace4.csv
[08-07 16:26:35] submitted enhancers_types:replace4 -> node=laniakea jid=264349 (attempt 1)
[08-07 16:26:38] remaining=24 submitted_this_pass=1 | galaxy=5/5 laniakea=7/7 voyager=4/3
[submit] fs13_promoter_all_replace4 -> node=galaxy jid=264350 csv=/srv/disk00/sshfs/pengchx3/rebuttal_nt/run_fromscratch/results/r13_fromscratch_promoter_all_replace4.csv
[08-07 16:28:09] submitted promoter_all:replace4 -> node=galaxy jid=264350 (attempt 1)
[08-07 16:28:13] remaining=24 submitted_this_pass=1 | galaxy=5/5 laniakea=7/7 voyager=4/3
[08-07 16:29:44] remaining=24 submitted_this_pass=0 | galaxy=5/5 laniakea=7/7 voyager=4/3
[08-07 16:31:53] === fs_grid_loop v2 start (DRYRUN=0): 54 arms; cache-file gate + per-arm CSVs ===
  splice_sites_donors        replace4  DONE
  splice_sites_all           replace4  DONE
  promoter_all               replace4  INFLIGHT(264350)
  promoter_tata              replace4  DONE
  promoter_no_tata           replace4  DONE
  H3K4me3                    replace4  DONE
  H2AFZ                      replaceK  DONE
  H2AFZ                      onehot    DONE
  H2AFZ                      replace4  DONE
  H2AFZ                      latefuse  READY
  H3K27ac                    replaceK  DONE
  H3K27ac                    onehot    DONE
  H3K27ac                    replace4  DONE
  H3K27ac                    latefuse  READY
  H3K27me3                   replaceK  DONE
  H3K27me3                   onehot    DONE
  H3K27me3                   replace4  INFLIGHT(264318)
  H3K27me3                   latefuse  READY
  H3K36me3                   replaceK  DONE
  H3K36me3                   onehot    DONE
  H3K36me3                   replace4  READY
  H3K36me3                   latefuse  READY
  H3K4me1                    replaceK  DONE
  H3K4me1                    onehot    READY
  H3K4me1                    replace4  READY
  H3K4me1                    latefuse  READY
  H3K4me2                    replaceK  DONE
  H3K4me2                    onehot    DONE
  H3K4me2                    replace4  DONE
  H3K4me2                    latefuse  READY
  H3K9ac                     replaceK  DONE
  H3K9ac                     onehot    DONE
  H3K9ac                     replace4  READY
  H3K9ac                     latefuse  READY
  H3K9me3                    replaceK  DONE
  H3K9me3                    onehot    DONE
  H3K9me3                    replace4  INFLIGHT(264332)
  H3K9me3                    latefuse  READY
  H4K20me1                   replaceK  DONE
  H4K20me1                   onehot    DONE
  H4K20me1                   replace4  READY
  H4K20me1                   latefuse  READY
  enhancers                  replaceK  DONE
  enhancers                  onehot    DONE
  enhancers                  replace4  INFLIGHT(264345)
  enhancers                  latefuse  DONE
  enhancers_types            replaceK  DONE
  enhancers_types            onehot    INFLIGHT(264347)
  enhancers_types            replace4  READY
  enhancers_types            latefuse  READY
  splice_sites_acceptors     replaceK  DONE
  splice_sites_acceptors     onehot    READY
  splice_sites_acceptors     replace4  READY
  splice_sites_acceptors     latefuse  READY
[08-07 16:31:54] CLASSIFY totals: DONE=30 INFLIGHT=5 READY=19 WAIT=0  (of 54)
[submit] fs13_H3K4me1_onehot -> node=laniakea jid=264351 csv=/tmp/galaxy_srv_disk00/pengchx3/rebuttal_nt/run_fromscratch/results/r13_fromscratch_H3K4me1_onehot.csv
[08-07 16:31:54] submitted H3K4me1:onehot -> node=laniakea jid=264351 (attempt 1)
[submit] fs13_splice_sites_acceptors_onehot -> node=laniakea jid=264352 csv=/tmp/galaxy_srv_disk00/pengchx3/rebuttal_nt/run_fromscratch/results/r13_fromscratch_splice_sites_acceptors_onehot.csv
[08-07 16:31:58] submitted splice_sites_acceptors:onehot -> node=laniakea jid=264352 (attempt 1)
[08-07 16:32:02] remaining=24 submitted_this_pass=2 | galaxy=5/5 laniakea=2/7 voyager=4/3
[08-07 16:33:33] remaining=24 submitted_this_pass=0 | galaxy=5/5 laniakea=2/7 voyager=4/3
[08-07 16:35:04] remaining=24 submitted_this_pass=0 | galaxy=5/5 laniakea=2/7 voyager=4/3
[08-07 16:36:36] remaining=24 submitted_this_pass=0 | galaxy=5/5 laniakea=2/7 voyager=4/3
[08-07 16:38:07] remaining=24 submitted_this_pass=0 | galaxy=5/5 laniakea=2/7 voyager=4/3
[08-07 16:39:38] remaining=24 submitted_this_pass=0 | galaxy=5/5 laniakea=2/7 voyager=4/3
[08-07 16:41:09] remaining=24 submitted_this_pass=0 | galaxy=5/5 laniakea=2/7 voyager=4/3
[08-07 16:42:41] remaining=24 submitted_this_pass=0 | galaxy=5/5 laniakea=2/7 voyager=4/3
[08-07 16:44:12] remaining=23 submitted_this_pass=0 | galaxy=5/5 laniakea=2/7 voyager=4/3
[submit] fs13_H2AFZ_latefuse -> node=galaxy jid=264353 csv=/srv/disk00/sshfs/pengchx3/rebuttal_nt/run_fromscratch/results/r13_fromscratch_H2AFZ_latefuse.csv
[08-07 16:45:42] submitted H2AFZ:latefuse -> node=galaxy jid=264353 (attempt 1)
[08-07 16:45:46] remaining=23 submitted_this_pass=1 | galaxy=5/5 laniakea=2/7 voyager=4/3
[submit] fs13_H2AFZ_latefuse -> node=galaxy jid=264354 csv=/srv/disk00/sshfs/pengchx3/rebuttal_nt/run_fromscratch/results/r13_fromscratch_H2AFZ_latefuse.csv
[08-07 16:47:16] submitted H2AFZ:latefuse -> node=galaxy jid=264354 (attempt 2)
[08-07 16:47:20] remaining=23 submitted_this_pass=1 | galaxy=5/5 laniakea=2/7 voyager=4/3
[submit] fs13_H2AFZ_latefuse -> node=galaxy jid=264355 csv=/srv/disk00/sshfs/pengchx3/rebuttal_nt/run_fromscratch/results/r13_fromscratch_H2AFZ_latefuse.csv
[08-07 16:48:51] submitted H2AFZ:latefuse -> node=galaxy jid=264355 (attempt 3)
[08-07 16:48:55] remaining=23 submitted_this_pass=1 | galaxy=5/5 laniakea=2/7 voyager=4/3
[submit] fs13_H3K27ac_latefuse -> node=galaxy jid=264356 csv=/srv/disk00/sshfs/pengchx3/rebuttal_nt/run_fromscratch/results/r13_fromscratch_H3K27ac_latefuse.csv
[08-07 16:50:25] submitted H3K27ac:latefuse -> node=galaxy jid=264356 (attempt 1)
[08-07 16:50:29] remaining=23 submitted_this_pass=1 | galaxy=5/5 laniakea=2/7 voyager=4/3
[08-07 16:52:00] remaining=23 submitted_this_pass=0 | galaxy=5/5 laniakea=2/7 voyager=4/3
[08-07 16:53:31] remaining=23 submitted_this_pass=0 | galaxy=5/5 laniakea=2/7 voyager=4/3
[08-07 16:55:02] remaining=23 submitted_this_pass=0 | galaxy=5/5 laniakea=2/7 voyager=4/3
[08-07 16:56:35] remaining=23 submitted_this_pass=0 | galaxy=5/5 laniakea=2/7 voyager=4/3
[08-07 16:58:07] remaining=23 submitted_this_pass=0 | galaxy=5/5 laniakea=2/7 voyager=4/3
[08-07 16:59:38] remaining=23 submitted_this_pass=0 | galaxy=5/5 laniakea=2/7 voyager=4/3
[08-07 17:01:09] remaining=22 submitted_this_pass=0 | galaxy=5/5 laniakea=1/7 voyager=4/3
[08-07 17:02:41] remaining=21 submitted_this_pass=0 | galaxy=5/5 laniakea=0/7 voyager=4/3
[08-07 17:04:12] remaining=21 submitted_this_pass=0 | galaxy=5/5 laniakea=0/7 voyager=4/3
[08-07 17:05:43] remaining=21 submitted_this_pass=0 | galaxy=5/5 laniakea=0/7 voyager=4/3
[08-07 17:07:15] remaining=21 submitted_this_pass=0 | galaxy=5/5 laniakea=0/7 voyager=4/3
[08-07 17:08:46] remaining=21 submitted_this_pass=0 | galaxy=5/5 laniakea=0/7 voyager=4/3
[08-07 17:10:17] remaining=21 submitted_this_pass=0 | galaxy=5/5 laniakea=0/7 voyager=4/3
[08-07 17:11:48] remaining=21 submitted_this_pass=0 | galaxy=5/5 laniakea=0/7 voyager=4/3
[08-07 17:13:19] remaining=21 submitted_this_pass=0 | galaxy=5/5 laniakea=0/7 voyager=4/3
[08-07 17:14:50] remaining=21 submitted_this_pass=0 | galaxy=5/5 laniakea=0/7 voyager=4/3
[08-07 17:16:21] remaining=21 submitted_this_pass=0 | galaxy=5/5 laniakea=0/7 voyager=4/3
[08-07 17:17:52] remaining=21 submitted_this_pass=0 | galaxy=5/5 laniakea=0/7 voyager=4/3
[08-07 17:19:23] remaining=21 submitted_this_pass=0 | galaxy=5/5 laniakea=0/7 voyager=4/3
[08-07 17:20:55] remaining=21 submitted_this_pass=0 | galaxy=5/5 laniakea=0/7 voyager=4/3
[08-07 17:22:26] remaining=21 submitted_this_pass=0 | galaxy=5/5 laniakea=0/7 voyager=4/3
[08-07 17:23:57] remaining=21 submitted_this_pass=0 | galaxy=5/5 laniakea=0/7 voyager=4/3
[08-07 17:25:28] remaining=21 submitted_this_pass=0 | galaxy=5/5 laniakea=0/7 voyager=4/3
[08-07 17:26:59] remaining=21 submitted_this_pass=0 | galaxy=5/5 laniakea=0/7 voyager=4/3
[08-07 17:28:31] remaining=21 submitted_this_pass=0 | galaxy=5/5 laniakea=0/7 voyager=4/3
[08-07 17:30:02] remaining=21 submitted_this_pass=0 | galaxy=5/5 laniakea=0/7 voyager=4/3
[08-07 17:31:33] remaining=21 submitted_this_pass=0 | galaxy=5/5 laniakea=0/7 voyager=4/3
[08-07 17:33:04] remaining=21 submitted_this_pass=0 | galaxy=5/5 laniakea=0/7 voyager=4/3
[08-07 17:34:35] remaining=21 submitted_this_pass=0 | galaxy=5/5 laniakea=0/7 voyager=4/3
[08-07 17:36:06] remaining=21 submitted_this_pass=0 | galaxy=5/5 laniakea=0/7 voyager=4/3
[08-07 17:37:38] remaining=21 submitted_this_pass=0 | galaxy=5/5 laniakea=0/7 voyager=4/3
[08-07 17:39:09] remaining=21 submitted_this_pass=0 | galaxy=5/5 laniakea=0/7 voyager=4/3
[08-07 17:40:41] remaining=21 submitted_this_pass=0 | galaxy=5/5 laniakea=0/7 voyager=4/3
[08-07 17:42:14] remaining=21 submitted_this_pass=0 | galaxy=5/5 laniakea=0/7 voyager=4/3
[08-07 17:43:46] remaining=21 submitted_this_pass=0 | galaxy=5/5 laniakea=0/7 voyager=4/3
[08-07 17:45:17] remaining=21 submitted_this_pass=0 | galaxy=5/5 laniakea=0/7 voyager=4/3
[08-07 17:46:48] remaining=21 submitted_this_pass=0 | galaxy=5/5 laniakea=0/7 voyager=4/3
[08-07 17:48:19] remaining=21 submitted_this_pass=0 | galaxy=5/5 laniakea=0/7 voyager=4/3
[08-07 17:49:51] remaining=21 submitted_this_pass=0 | galaxy=5/5 laniakea=0/7 voyager=4/3
[08-07 17:51:23] remaining=21 submitted_this_pass=0 | galaxy=5/5 laniakea=0/7 voyager=4/3
[08-07 17:52:54] remaining=21 submitted_this_pass=0 | galaxy=5/5 laniakea=0/7 voyager=4/3
[08-07 17:54:25] remaining=21 submitted_this_pass=0 | galaxy=5/5 laniakea=0/7 voyager=4/3
[08-07 17:55:57] remaining=21 submitted_this_pass=0 | galaxy=5/5 laniakea=0/7 voyager=4/3
[08-07 17:57:30] remaining=21 submitted_this_pass=0 | galaxy=5/5 laniakea=0/7 voyager=4/3
[08-07 17:59:02] remaining=21 submitted_this_pass=0 | galaxy=5/5 laniakea=0/7 voyager=4/3
[08-07 18:00:34] remaining=21 submitted_this_pass=0 | galaxy=5/5 laniakea=1/7 voyager=4/3
[08-07 18:02:05] remaining=21 submitted_this_pass=0 | galaxy=5/5 laniakea=1/7 voyager=4/3
[08-07 18:03:37] remaining=21 submitted_this_pass=0 | galaxy=5/5 laniakea=1/7 voyager=4/3
[08-07 18:05:08] remaining=21 submitted_this_pass=0 | galaxy=5/5 laniakea=1/7 voyager=4/3
[08-07 18:06:39] remaining=21 submitted_this_pass=0 | galaxy=5/5 laniakea=1/7 voyager=4/3
[08-07 18:08:11] remaining=21 submitted_this_pass=0 | galaxy=5/5 laniakea=1/7 voyager=4/3
[08-07 18:09:42] remaining=21 submitted_this_pass=0 | galaxy=5/5 laniakea=1/7 voyager=4/3
[08-07 18:11:14] remaining=21 submitted_this_pass=0 | galaxy=5/5 laniakea=1/7 voyager=4/3
[08-07 18:12:45] remaining=21 submitted_this_pass=0 | galaxy=5/5 laniakea=1/7 voyager=4/3
[08-07 18:14:16] remaining=21 submitted_this_pass=0 | galaxy=5/5 laniakea=1/7 voyager=4/3
[08-07 18:15:48] remaining=21 submitted_this_pass=0 | galaxy=5/5 laniakea=1/7 voyager=4/3
[08-07 18:17:20] remaining=21 submitted_this_pass=0 | galaxy=5/5 laniakea=1/7 voyager=4/3
[08-07 18:18:51] remaining=21 submitted_this_pass=0 | galaxy=5/5 laniakea=0/7 voyager=4/3
[08-07 18:20:23] remaining=21 submitted_this_pass=0 | galaxy=5/5 laniakea=0/7 voyager=4/3
[08-07 18:21:54] remaining=21 submitted_this_pass=0 | galaxy=5/5 laniakea=0/7 voyager=4/3
[08-07 18:23:25] remaining=21 submitted_this_pass=0 | galaxy=5/5 laniakea=0/7 voyager=4/3
[08-07 18:24:58] remaining=21 submitted_this_pass=0 | galaxy=5/5 laniakea=0/7 voyager=4/3
[08-07 18:26:29] remaining=21 submitted_this_pass=0 | galaxy=5/5 laniakea=0/7 voyager=4/3
[08-07 18:28:04] remaining=21 submitted_this_pass=0 | galaxy=5/5 laniakea=0/7 voyager=4/3
[08-07 18:29:35] remaining=21 submitted_this_pass=0 | galaxy=5/5 laniakea=0/7 voyager=4/3
[08-07 18:31:06] remaining=21 submitted_this_pass=0 | galaxy=5/5 laniakea=0/7 voyager=4/3
[08-07 18:32:39] remaining=21 submitted_this_pass=0 | galaxy=5/5 laniakea=0/7 voyager=4/3
[08-07 18:34:10] remaining=21 submitted_this_pass=0 | galaxy=5/5 laniakea=0/7 voyager=4/3
[08-07 18:35:42] remaining=21 submitted_this_pass=0 | galaxy=5/5 laniakea=0/7 voyager=4/3
[08-07 18:37:13] remaining=21 submitted_this_pass=0 | galaxy=5/5 laniakea=0/7 voyager=4/3
[08-07 18:38:44] remaining=21 submitted_this_pass=0 | galaxy=5/5 laniakea=0/7 voyager=4/3
[08-07 18:40:15] remaining=21 submitted_this_pass=0 | galaxy=5/5 laniakea=0/7 voyager=4/3
[08-07 18:41:46] remaining=21 submitted_this_pass=0 | galaxy=5/5 laniakea=0/7 voyager=4/3
[08-07 18:43:17] remaining=21 submitted_this_pass=0 | galaxy=5/5 laniakea=0/7 voyager=4/3
[08-07 18:44:48] remaining=21 submitted_this_pass=0 | galaxy=5/5 laniakea=0/7 voyager=4/3
[08-07 18:46:19] remaining=21 submitted_this_pass=0 | galaxy=5/5 laniakea=0/7 voyager=4/3
[submit] fs13_H3K27me3_latefuse -> node=galaxy jid=264359 csv=/srv/disk00/sshfs/pengchx3/rebuttal_nt/run_fromscratch/results/r13_fromscratch_H3K27me3_latefuse.csv
[08-07 18:47:49] submitted H3K27me3:latefuse -> node=galaxy jid=264359 (attempt 1)
[08-07 18:47:53] remaining=20 submitted_this_pass=1 | galaxy=5/5 laniakea=0/7 voyager=4/3
[08-07 18:49:24] remaining=20 submitted_this_pass=0 | galaxy=5/5 laniakea=0/7 voyager=4/3
[08-07 18:50:55] remaining=20 submitted_this_pass=0 | galaxy=5/5 laniakea=0/7 voyager=4/3
[08-07 18:52:26] remaining=20 submitted_this_pass=0 | galaxy=5/5 laniakea=0/7 voyager=4/3
[08-07 18:53:58] remaining=20 submitted_this_pass=0 | galaxy=5/5 laniakea=0/7 voyager=4/3
[08-07 18:55:29] remaining=20 submitted_this_pass=0 | galaxy=5/5 laniakea=0/7 voyager=4/3
[08-07 18:57:00] remaining=20 submitted_this_pass=0 | galaxy=5/5 laniakea=0/7 voyager=4/3
[08-07 18:58:31] remaining=20 submitted_this_pass=0 | galaxy=5/5 laniakea=0/7 voyager=4/3
[08-07 19:00:02] remaining=20 submitted_this_pass=0 | galaxy=5/5 laniakea=0/7 voyager=4/3
[08-07 19:01:33] remaining=20 submitted_this_pass=0 | galaxy=5/5 laniakea=0/7 voyager=4/3
[08-07 19:03:04] remaining=20 submitted_this_pass=0 | galaxy=5/5 laniakea=0/7 voyager=4/3
[08-07 19:04:35] remaining=20 submitted_this_pass=0 | galaxy=5/5 laniakea=0/7 voyager=4/3
[08-07 19:06:06] remaining=20 submitted_this_pass=0 | galaxy=5/5 laniakea=0/7 voyager=4/3
[08-07 19:07:37] remaining=20 submitted_this_pass=0 | galaxy=5/5 laniakea=0/7 voyager=4/3
[08-07 19:09:08] remaining=20 submitted_this_pass=0 | galaxy=5/5 laniakea=0/7 voyager=4/3
[08-07 19:10:38] remaining=20 submitted_this_pass=0 | galaxy=5/5 laniakea=0/7 voyager=4/3
[08-07 19:12:10] remaining=20 submitted_this_pass=0 | galaxy=5/5 laniakea=0/7 voyager=4/3
[08-07 19:13:41] remaining=20 submitted_this_pass=0 | galaxy=5/5 laniakea=0/7 voyager=4/3
[08-07 19:15:12] remaining=20 submitted_this_pass=0 | galaxy=5/5 laniakea=0/7 voyager=4/3
[08-07 19:16:43] remaining=20 submitted_this_pass=0 | galaxy=5/5 laniakea=0/7 voyager=4/3
[08-07 19:18:14] remaining=20 submitted_this_pass=0 | galaxy=5/5 laniakea=0/7 voyager=4/3
[08-07 19:19:45] remaining=20 submitted_this_pass=0 | galaxy=5/5 laniakea=0/7 voyager=4/3
[08-07 19:21:16] remaining=20 submitted_this_pass=0 | galaxy=5/5 laniakea=0/7 voyager=4/3
[08-07 19:22:47] remaining=20 submitted_this_pass=0 | galaxy=5/5 laniakea=0/7 voyager=4/3
[08-07 19:24:19] remaining=20 submitted_this_pass=0 | galaxy=5/5 laniakea=0/7 voyager=4/3
[08-07 19:25:50] remaining=20 submitted_this_pass=0 | galaxy=5/5 laniakea=0/7 voyager=4/3
[08-07 19:27:21] remaining=20 submitted_this_pass=0 | galaxy=5/5 laniakea=0/7 voyager=4/3
[08-07 19:28:52] remaining=19 submitted_this_pass=0 | galaxy=5/5 laniakea=0/7 voyager=4/3
[submit] fs13_H3K36me3_replace4 -> node=galaxy jid=264411 csv=/srv/disk00/sshfs/pengchx3/rebuttal_nt/run_fromscratch/results/r13_fromscratch_H3K36me3_replace4.csv
[08-07 19:30:23] submitted H3K36me3:replace4 -> node=galaxy jid=264411 (attempt 1)
[08-07 19:30:27] remaining=19 submitted_this_pass=1 | galaxy=5/5 laniakea=0/7 voyager=4/3
[08-07 19:31:59] remaining=19 submitted_this_pass=0 | galaxy=5/5 laniakea=0/7 voyager=4/3
[08-07 19:33:29] remaining=19 submitted_this_pass=0 | galaxy=5/5 laniakea=0/7 voyager=4/3
[08-07 19:35:00] remaining=19 submitted_this_pass=0 | galaxy=5/5 laniakea=0/7 voyager=4/3
[08-07 19:36:31] remaining=19 submitted_this_pass=0 | galaxy=5/5 laniakea=0/7 voyager=4/3
[08-07 19:38:04] remaining=18 submitted_this_pass=0 | galaxy=5/5 laniakea=0/7 voyager=4/3
[08-07 19:39:34] remaining=18 submitted_this_pass=0 | galaxy=5/5 laniakea=0/7 voyager=4/3
[08-07 19:41:06] remaining=18 submitted_this_pass=0 | galaxy=5/5 laniakea=0/7 voyager=4/3
[08-07 19:42:37] remaining=18 submitted_this_pass=0 | galaxy=5/5 laniakea=0/7 voyager=4/3
[08-07 19:44:10] remaining=18 submitted_this_pass=0 | galaxy=5/5 laniakea=0/7 voyager=4/3
[08-07 19:45:40] remaining=18 submitted_this_pass=0 | galaxy=5/5 laniakea=0/7 voyager=4/3
[submit] fs13_H3K36me3_latefuse -> node=galaxy jid=264412 csv=/srv/disk00/sshfs/pengchx3/rebuttal_nt/run_fromscratch/results/r13_fromscratch_H3K36me3_latefuse.csv
[08-07 19:47:11] submitted H3K36me3:latefuse -> node=galaxy jid=264412 (attempt 1)
[08-07 19:47:14] remaining=18 submitted_this_pass=1 | galaxy=5/5 laniakea=0/7 voyager=4/3
[08-07 19:48:46] remaining=18 submitted_this_pass=0 | galaxy=5/5 laniakea=0/7 voyager=4/3
[08-07 19:50:17] remaining=18 submitted_this_pass=0 | galaxy=5/5 laniakea=0/7 voyager=4/3
[08-07 19:51:47] remaining=18 submitted_this_pass=0 | galaxy=5/5 laniakea=0/7 voyager=4/3
[08-07 19:53:18] remaining=18 submitted_this_pass=0 | galaxy=5/5 laniakea=0/7 voyager=4/3
[08-07 19:54:50] remaining=18 submitted_this_pass=0 | galaxy=5/5 laniakea=0/7 voyager=4/3
[08-07 19:56:21] remaining=18 submitted_this_pass=0 | galaxy=5/5 laniakea=0/7 voyager=4/3
[submit] fs13_H3K4me1_replace4 -> node=galaxy jid=264413 csv=/srv/disk00/sshfs/pengchx3/rebuttal_nt/run_fromscratch/results/r13_fromscratch_H3K4me1_replace4.csv
[08-07 19:57:51] submitted H3K4me1:replace4 -> node=galaxy jid=264413 (attempt 1)
[08-07 19:57:55] remaining=17 submitted_this_pass=1 | galaxy=5/5 laniakea=0/7 voyager=4/3
[08-07 19:59:27] remaining=17 submitted_this_pass=0 | galaxy=5/5 laniakea=0/7 voyager=4/3
[08-07 20:00:58] remaining=17 submitted_this_pass=0 | galaxy=5/5 laniakea=1/7 voyager=4/3
[08-07 20:02:29] remaining=17 submitted_this_pass=0 | galaxy=5/5 laniakea=1/7 voyager=4/3
[08-07 20:04:00] remaining=17 submitted_this_pass=0 | galaxy=5/5 laniakea=1/7 voyager=4/3
[08-07 20:05:32] remaining=17 submitted_this_pass=0 | galaxy=5/5 laniakea=1/7 voyager=4/3
[08-07 20:07:03] remaining=17 submitted_this_pass=0 | galaxy=5/5 laniakea=1/7 voyager=4/3
[08-07 20:08:34] remaining=17 submitted_this_pass=0 | galaxy=5/5 laniakea=1/7 voyager=4/3
[08-07 20:10:06] remaining=17 submitted_this_pass=0 | galaxy=5/5 laniakea=1/7 voyager=4/3
[08-07 20:11:37] remaining=17 submitted_this_pass=0 | galaxy=5/5 laniakea=1/7 voyager=4/3
[08-07 20:13:08] remaining=17 submitted_this_pass=0 | galaxy=5/5 laniakea=1/7 voyager=4/3
[08-07 20:14:40] remaining=17 submitted_this_pass=0 | galaxy=5/5 laniakea=1/7 voyager=4/3
[08-07 20:16:11] remaining=17 submitted_this_pass=0 | galaxy=5/5 laniakea=1/7 voyager=4/3
[08-07 20:17:42] remaining=17 submitted_this_pass=0 | galaxy=5/5 laniakea=1/7 voyager=4/3
[08-07 20:19:13] remaining=17 submitted_this_pass=0 | galaxy=5/5 laniakea=0/7 voyager=4/3
[08-07 20:20:45] remaining=17 submitted_this_pass=0 | galaxy=5/5 laniakea=0/7 voyager=4/3
[submit] fs13_H3K4me1_latefuse -> node=galaxy jid=264415 csv=/srv/disk00/sshfs/pengchx3/rebuttal_nt/run_fromscratch/results/r13_fromscratch_H3K4me1_latefuse.csv
[08-07 20:22:15] submitted H3K4me1:latefuse -> node=galaxy jid=264415 (attempt 1)
[08-07 20:22:20] remaining=16 submitted_this_pass=1 | galaxy=5/5 laniakea=0/7 voyager=4/3
[08-07 20:23:51] remaining=16 submitted_this_pass=0 | galaxy=5/5 laniakea=0/7 voyager=4/3
[08-07 20:25:22] remaining=16 submitted_this_pass=0 | galaxy=5/5 laniakea=0/7 voyager=4/3
[08-07 20:26:53] remaining=16 submitted_this_pass=0 | galaxy=5/5 laniakea=0/7 voyager=4/3
[08-07 20:28:24] remaining=16 submitted_this_pass=0 | galaxy=5/5 laniakea=0/7 voyager=4/3
[08-07 20:29:55] remaining=16 submitted_this_pass=0 | galaxy=5/5 laniakea=0/7 voyager=4/3
[08-07 20:31:26] remaining=16 submitted_this_pass=0 | galaxy=5/5 laniakea=0/7 voyager=4/3
[08-07 20:32:58] remaining=16 submitted_this_pass=0 | galaxy=5/5 laniakea=0/7 voyager=4/3
[08-07 20:34:28] remaining=16 submitted_this_pass=0 | galaxy=5/5 laniakea=0/7 voyager=4/3
[08-07 20:36:00] remaining=16 submitted_this_pass=0 | galaxy=5/5 laniakea=0/7 voyager=4/3
[08-07 20:37:31] remaining=16 submitted_this_pass=0 | galaxy=5/5 laniakea=0/7 voyager=4/3
[08-07 20:39:02] remaining=16 submitted_this_pass=0 | galaxy=5/5 laniakea=0/7 voyager=4/3
[08-07 20:40:33] remaining=16 submitted_this_pass=0 | galaxy=5/5 laniakea=0/7 voyager=4/3
[08-07 20:42:04] remaining=16 submitted_this_pass=0 | galaxy=5/5 laniakea=0/7 voyager=4/3
[08-07 20:43:35] remaining=16 submitted_this_pass=0 | galaxy=5/5 laniakea=0/7 voyager=4/3
[08-07 20:45:06] remaining=16 submitted_this_pass=0 | galaxy=5/5 laniakea=0/7 voyager=4/3
[08-07 20:46:37] remaining=16 submitted_this_pass=0 | galaxy=5/5 laniakea=0/7 voyager=4/3
[08-07 20:48:09] remaining=16 submitted_this_pass=0 | galaxy=5/5 laniakea=0/7 voyager=4/3
[08-07 20:49:40] remaining=16 submitted_this_pass=0 | galaxy=5/5 laniakea=0/7 voyager=4/3
[08-07 20:51:11] remaining=16 submitted_this_pass=0 | galaxy=5/5 laniakea=0/7 voyager=4/3
[08-07 20:52:42] remaining=16 submitted_this_pass=0 | galaxy=5/5 laniakea=0/7 voyager=4/3
[08-07 20:54:13] remaining=16 submitted_this_pass=0 | galaxy=5/5 laniakea=0/7 voyager=4/3
[08-07 20:55:43] remaining=16 submitted_this_pass=0 | galaxy=5/5 laniakea=0/7 voyager=4/3
[08-07 20:57:14] remaining=16 submitted_this_pass=0 | galaxy=5/5 laniakea=0/7 voyager=4/3
[08-07 20:58:45] remaining=16 submitted_this_pass=0 | galaxy=5/5 laniakea=0/7 voyager=4/3
[08-07 21:00:16] remaining=16 submitted_this_pass=0 | galaxy=5/5 laniakea=0/7 voyager=4/3
[08-07 21:01:47] remaining=16 submitted_this_pass=0 | galaxy=5/5 laniakea=0/7 voyager=4/3
[08-07 21:03:18] remaining=16 submitted_this_pass=0 | galaxy=5/5 laniakea=0/7 voyager=4/3
[08-07 21:04:48] remaining=16 submitted_this_pass=0 | galaxy=5/5 laniakea=0/7 voyager=4/3
[08-07 21:06:19] remaining=16 submitted_this_pass=0 | galaxy=5/5 laniakea=0/7 voyager=4/3
[08-07 21:07:50] remaining=16 submitted_this_pass=0 | galaxy=5/5 laniakea=0/7 voyager=4/3
[08-07 21:09:21] remaining=16 submitted_this_pass=0 | galaxy=5/5 laniakea=0/7 voyager=4/3
[08-07 21:10:52] remaining=16 submitted_this_pass=0 | galaxy=5/5 laniakea=0/7 voyager=4/3
[08-07 21:12:23] remaining=16 submitted_this_pass=0 | galaxy=5/5 laniakea=0/7 voyager=4/3
[08-07 21:13:54] remaining=16 submitted_this_pass=0 | galaxy=5/5 laniakea=0/7 voyager=4/3
[08-07 21:15:25] remaining=16 submitted_this_pass=0 | galaxy=5/5 laniakea=0/7 voyager=4/3
[08-07 21:16:56] remaining=16 submitted_this_pass=0 | galaxy=5/5 laniakea=0/7 voyager=4/3
[08-07 21:18:27] remaining=16 submitted_this_pass=0 | galaxy=5/5 laniakea=0/7 voyager=4/3
[08-07 21:19:58] remaining=16 submitted_this_pass=0 | galaxy=5/5 laniakea=0/7 voyager=4/3
[08-07 21:21:29] remaining=16 submitted_this_pass=0 | galaxy=5/5 laniakea=0/7 voyager=4/3
[08-07 21:23:00] remaining=16 submitted_this_pass=0 | galaxy=5/5 laniakea=0/7 voyager=4/3
[08-07 21:24:31] remaining=16 submitted_this_pass=0 | galaxy=5/5 laniakea=0/7 voyager=4/3
[08-07 21:26:02] remaining=16 submitted_this_pass=0 | galaxy=5/5 laniakea=0/7 voyager=4/3
[08-07 21:27:32] remaining=16 submitted_this_pass=0 | galaxy=5/5 laniakea=0/7 voyager=4/3
[08-07 21:29:03] remaining=16 submitted_this_pass=0 | galaxy=5/5 laniakea=0/7 voyager=4/3
[08-07 21:30:34] remaining=16 submitted_this_pass=0 | galaxy=5/5 laniakea=0/7 voyager=4/3
[08-07 21:32:05] remaining=16 submitted_this_pass=0 | galaxy=5/5 laniakea=0/7 voyager=4/3
[08-07 21:33:36] remaining=16 submitted_this_pass=0 | galaxy=5/5 laniakea=0/7 voyager=4/3
[08-07 21:35:07] remaining=16 submitted_this_pass=0 | galaxy=5/5 laniakea=0/7 voyager=4/3
[08-07 21:36:38] remaining=16 submitted_this_pass=0 | galaxy=5/5 laniakea=0/7 voyager=4/3
[08-07 21:38:09] remaining=16 submitted_this_pass=0 | galaxy=5/5 laniakea=0/7 voyager=4/3
[08-07 21:39:40] remaining=16 submitted_this_pass=0 | galaxy=5/5 laniakea=0/7 voyager=4/3
[08-07 21:41:11] remaining=16 submitted_this_pass=0 | galaxy=5/5 laniakea=0/7 voyager=4/3
[08-07 21:42:42] remaining=16 submitted_this_pass=0 | galaxy=5/5 laniakea=0/7 voyager=4/3
[08-07 21:44:13] remaining=16 submitted_this_pass=0 | galaxy=5/5 laniakea=0/7 voyager=4/3
[08-07 21:45:44] remaining=16 submitted_this_pass=0 | galaxy=5/5 laniakea=0/7 voyager=4/3
[08-07 21:47:15] remaining=16 submitted_this_pass=0 | galaxy=5/5 laniakea=0/7 voyager=4/3
[08-07 21:48:46] remaining=16 submitted_this_pass=0 | galaxy=5/5 laniakea=0/7 voyager=4/3
[08-07 21:50:17] remaining=16 submitted_this_pass=0 | galaxy=5/5 laniakea=0/7 voyager=4/3
[08-07 21:51:48] remaining=16 submitted_this_pass=0 | galaxy=5/5 laniakea=0/7 voyager=4/3
[08-07 21:53:19] remaining=16 submitted_this_pass=0 | galaxy=5/5 laniakea=0/7 voyager=4/3
[08-07 21:54:50] remaining=16 submitted_this_pass=0 | galaxy=5/5 laniakea=0/7 voyager=4/3
[08-07 21:56:21] remaining=16 submitted_this_pass=0 | galaxy=5/5 laniakea=0/7 voyager=4/3
[08-07 21:57:52] remaining=16 submitted_this_pass=0 | galaxy=5/5 laniakea=0/7 voyager=4/3
[08-07 21:59:22] remaining=16 submitted_this_pass=0 | galaxy=5/5 laniakea=0/7 voyager=4/3
[08-07 22:00:53] remaining=16 submitted_this_pass=0 | galaxy=5/5 laniakea=1/7 voyager=4/3
[08-07 22:02:25] remaining=16 submitted_this_pass=0 | galaxy=5/5 laniakea=1/7 voyager=4/3
[08-07 22:03:56] remaining=16 submitted_this_pass=0 | galaxy=5/5 laniakea=1/7 voyager=4/3
[08-07 22:05:27] remaining=16 submitted_this_pass=0 | galaxy=5/5 laniakea=1/7 voyager=4/3
[08-07 22:06:58] remaining=16 submitted_this_pass=0 | galaxy=5/5 laniakea=1/7 voyager=4/3
[08-07 22:08:29] remaining=16 submitted_this_pass=0 | galaxy=5/5 laniakea=1/7 voyager=4/3
[08-07 22:09:59] remaining=16 submitted_this_pass=0 | galaxy=5/5 laniakea=1/7 voyager=4/3
[08-07 22:11:31] remaining=16 submitted_this_pass=0 | galaxy=5/5 laniakea=1/7 voyager=4/3
[08-07 22:13:02] remaining=16 submitted_this_pass=0 | galaxy=5/5 laniakea=1/7 voyager=4/3
[08-07 22:14:33] remaining=16 submitted_this_pass=0 | galaxy=5/5 laniakea=1/7 voyager=4/3
[08-07 22:16:03] remaining=16 submitted_this_pass=0 | galaxy=5/5 laniakea=1/7 voyager=4/3
[08-07 22:17:35] remaining=16 submitted_this_pass=0 | galaxy=5/5 laniakea=1/7 voyager=4/3
[08-07 22:19:06] remaining=16 submitted_this_pass=0 | galaxy=5/5 laniakea=0/7 voyager=4/3
[08-07 22:20:37] remaining=16 submitted_this_pass=0 | galaxy=5/5 laniakea=0/7 voyager=4/3
[08-07 22:22:08] remaining=16 submitted_this_pass=0 | galaxy=5/5 laniakea=0/7 voyager=4/3
[08-07 22:23:39] remaining=16 submitted_this_pass=0 | galaxy=5/5 laniakea=0/7 voyager=4/3
[08-07 22:25:10] remaining=16 submitted_this_pass=0 | galaxy=5/5 laniakea=0/7 voyager=4/3
[08-07 22:26:41] remaining=16 submitted_this_pass=0 | galaxy=5/5 laniakea=0/7 voyager=4/3
[08-07 22:28:12] remaining=16 submitted_this_pass=0 | galaxy=5/5 laniakea=0/7 voyager=4/3
[08-07 22:29:43] remaining=16 submitted_this_pass=0 | galaxy=5/5 laniakea=0/7 voyager=4/3
[08-07 22:31:14] remaining=16 submitted_this_pass=0 | galaxy=5/5 laniakea=0/7 voyager=4/3
[08-07 22:32:46] remaining=16 submitted_this_pass=0 | galaxy=5/5 laniakea=0/7 voyager=4/3
[08-07 22:34:16] remaining=16 submitted_this_pass=0 | galaxy=5/5 laniakea=0/7 voyager=4/3
[08-07 22:35:47] remaining=16 submitted_this_pass=0 | galaxy=5/5 laniakea=0/7 voyager=4/3
[08-07 22:37:18] remaining=16 submitted_this_pass=0 | galaxy=5/5 laniakea=0/7 voyager=4/3
[08-07 22:38:49] remaining=16 submitted_this_pass=0 | galaxy=5/5 laniakea=0/7 voyager=4/3
[08-07 22:40:20] remaining=16 submitted_this_pass=0 | galaxy=5/5 laniakea=0/7 voyager=4/3
[08-07 22:41:51] remaining=16 submitted_this_pass=0 | galaxy=5/5 laniakea=0/7 voyager=4/3
[08-07 22:43:22] remaining=16 submitted_this_pass=0 | galaxy=5/5 laniakea=0/7 voyager=4/3
[08-07 22:44:53] remaining=16 submitted_this_pass=0 | galaxy=5/5 laniakea=0/7 voyager=4/3
[08-07 22:46:24] remaining=16 submitted_this_pass=0 | galaxy=5/5 laniakea=0/7 voyager=4/3
[08-07 22:47:55] remaining=16 submitted_this_pass=0 | galaxy=5/5 laniakea=0/7 voyager=4/3
[08-07 22:49:26] remaining=16 submitted_this_pass=0 | galaxy=5/5 laniakea=0/7 voyager=4/3
[08-07 22:50:57] remaining=16 submitted_this_pass=0 | galaxy=5/5 laniakea=0/7 voyager=4/3
[08-07 22:52:28] remaining=16 submitted_this_pass=0 | galaxy=5/5 laniakea=0/7 voyager=4/3
[08-07 22:53:59] remaining=16 submitted_this_pass=0 | galaxy=5/5 laniakea=0/7 voyager=4/3
[08-07 22:55:30] remaining=16 submitted_this_pass=0 | galaxy=5/5 laniakea=0/7 voyager=4/3
[submit] fs13_H3K4me2_latefuse -> node=galaxy jid=264425 csv=/srv/disk00/sshfs/pengchx3/rebuttal_nt/run_fromscratch/results/r13_fromscratch_H3K4me2_latefuse.csv
[08-07 22:57:01] submitted H3K4me2:latefuse -> node=galaxy jid=264425 (attempt 1)
[08-07 22:57:04] remaining=15 submitted_this_pass=1 | galaxy=5/5 laniakea=0/7 voyager=4/3
[08-07 22:58:35] remaining=15 submitted_this_pass=0 | galaxy=5/5 laniakea=0/7 voyager=4/3
[08-07 23:00:06] remaining=15 submitted_this_pass=0 | galaxy=5/5 laniakea=0/7 voyager=4/3
[08-07 23:01:37] remaining=15 submitted_this_pass=0 | galaxy=5/5 laniakea=0/7 voyager=4/3
[08-07 23:03:08] remaining=15 submitted_this_pass=0 | galaxy=5/5 laniakea=0/7 voyager=4/3
[08-07 23:04:38] remaining=15 submitted_this_pass=0 | galaxy=5/5 laniakea=0/7 voyager=4/3
[08-07 23:06:09] remaining=15 submitted_this_pass=0 | galaxy=5/5 laniakea=0/7 voyager=4/3
[08-07 23:07:40] remaining=15 submitted_this_pass=0 | galaxy=5/5 laniakea=0/7 voyager=4/3
[08-07 23:09:11] remaining=15 submitted_this_pass=0 | galaxy=5/5 laniakea=0/7 voyager=4/3
[08-07 23:10:41] remaining=15 submitted_this_pass=0 | galaxy=5/5 laniakea=0/7 voyager=4/3
[08-07 23:12:12] remaining=15 submitted_this_pass=0 | galaxy=5/5 laniakea=0/7 voyager=4/3
[08-07 23:13:43] remaining=15 submitted_this_pass=0 | galaxy=5/5 laniakea=0/7 voyager=4/3
[08-07 23:15:14] remaining=15 submitted_this_pass=0 | galaxy=5/5 laniakea=0/7 voyager=4/3
[08-07 23:16:44] remaining=15 submitted_this_pass=0 | galaxy=5/5 laniakea=0/7 voyager=4/3
[08-07 23:18:15] remaining=15 submitted_this_pass=0 | galaxy=5/5 laniakea=0/7 voyager=4/3
[08-07 23:19:46] remaining=15 submitted_this_pass=0 | galaxy=5/5 laniakea=0/7 voyager=4/3
[08-07 23:21:17] remaining=15 submitted_this_pass=0 | galaxy=5/5 laniakea=0/7 voyager=4/3
[08-07 23:22:47] remaining=15 submitted_this_pass=0 | galaxy=5/5 laniakea=0/7 voyager=4/3
[08-07 23:24:18] remaining=15 submitted_this_pass=0 | galaxy=5/5 laniakea=0/7 voyager=4/3
[08-07 23:25:49] remaining=15 submitted_this_pass=0 | galaxy=5/5 laniakea=0/7 voyager=4/3
[08-07 23:27:20] remaining=15 submitted_this_pass=0 | galaxy=5/5 laniakea=0/7 voyager=4/3
[08-07 23:28:50] remaining=15 submitted_this_pass=0 | galaxy=5/5 laniakea=0/7 voyager=4/3
[08-07 23:30:21] remaining=15 submitted_this_pass=0 | galaxy=5/5 laniakea=0/7 voyager=4/3
[08-07 23:31:52] remaining=15 submitted_this_pass=0 | galaxy=5/5 laniakea=0/7 voyager=4/3
[08-07 23:33:22] remaining=15 submitted_this_pass=0 | galaxy=5/5 laniakea=0/7 voyager=4/3
[08-07 23:34:53] remaining=15 submitted_this_pass=0 | galaxy=5/5 laniakea=0/7 voyager=4/3
[08-07 23:36:24] remaining=15 submitted_this_pass=0 | galaxy=5/5 laniakea=0/7 voyager=4/3
[08-07 23:37:55] remaining=15 submitted_this_pass=0 | galaxy=5/5 laniakea=0/7 voyager=4/3
[08-07 23:39:25] remaining=15 submitted_this_pass=0 | galaxy=5/5 laniakea=0/7 voyager=4/3
[08-07 23:40:56] remaining=15 submitted_this_pass=0 | galaxy=5/5 laniakea=0/7 voyager=4/3
[08-07 23:42:27] remaining=15 submitted_this_pass=0 | galaxy=5/5 laniakea=0/7 voyager=4/3
[08-07 23:43:57] remaining=15 submitted_this_pass=0 | galaxy=5/5 laniakea=0/7 voyager=4/3
[08-07 23:45:28] remaining=15 submitted_this_pass=0 | galaxy=5/5 laniakea=0/7 voyager=4/3
[submit] fs13_H3K9ac_replace4 -> node=galaxy jid=264426 csv=/srv/disk00/sshfs/pengchx3/rebuttal_nt/run_fromscratch/results/r13_fromscratch_H3K9ac_replace4.csv
[08-07 23:46:58] submitted H3K9ac:replace4 -> node=galaxy jid=264426 (attempt 1)
[08-07 23:47:02] remaining=14 submitted_this_pass=1 | galaxy=5/5 laniakea=0/7 voyager=4/3
[08-07 23:48:32] remaining=14 submitted_this_pass=0 | galaxy=5/5 laniakea=0/7 voyager=4/3
[08-07 23:50:03] remaining=14 submitted_this_pass=0 | galaxy=5/5 laniakea=0/7 voyager=4/3
[08-07 23:51:34] remaining=14 submitted_this_pass=0 | galaxy=5/5 laniakea=0/7 voyager=4/3
[08-07 23:53:05] remaining=14 submitted_this_pass=0 | galaxy=5/5 laniakea=0/7 voyager=4/3
[submit] fs13_H3K9ac_latefuse -> node=galaxy jid=264427 csv=/srv/disk00/sshfs/pengchx3/rebuttal_nt/run_fromscratch/results/r13_fromscratch_H3K9ac_latefuse.csv
[08-07 23:54:35] submitted H3K9ac:latefuse -> node=galaxy jid=264427 (attempt 1)
[08-07 23:54:38] remaining=13 submitted_this_pass=1 | galaxy=5/5 laniakea=0/7 voyager=4/3
[08-07 23:56:09] remaining=13 submitted_this_pass=0 | galaxy=5/5 laniakea=0/7 voyager=4/3
[08-07 23:57:40] remaining=13 submitted_this_pass=0 | galaxy=5/5 laniakea=0/7 voyager=4/3
[08-07 23:59:10] remaining=13 submitted_this_pass=0 | galaxy=5/5 laniakea=0/7 voyager=4/3
[08-08 00:00:41] remaining=13 submitted_this_pass=0 | galaxy=5/5 laniakea=0/7 voyager=4/3
[08-08 00:02:12] remaining=13 submitted_this_pass=0 | galaxy=5/5 laniakea=1/7 voyager=4/3
[08-08 00:03:42] remaining=13 submitted_this_pass=0 | galaxy=5/5 laniakea=1/7 voyager=4/3
[08-08 00:05:13] remaining=13 submitted_this_pass=0 | galaxy=5/5 laniakea=1/7 voyager=4/3
[08-08 00:06:43] remaining=13 submitted_this_pass=0 | galaxy=5/5 laniakea=1/7 voyager=4/3
[08-08 00:08:14] remaining=12 submitted_this_pass=0 | galaxy=5/5 laniakea=1/7 voyager=4/3
[submit] fs13_H3K9me3_latefuse -> node=galaxy jid=264429 csv=/srv/disk00/sshfs/pengchx3/rebuttal_nt/run_fromscratch/results/r13_fromscratch_H3K9me3_latefuse.csv
[08-08 00:09:44] submitted H3K9me3:latefuse -> node=galaxy jid=264429 (attempt 1)
[08-08 00:09:48] remaining=12 submitted_this_pass=1 | galaxy=5/5 laniakea=1/7 voyager=4/3
[08-08 00:11:18] remaining=12 submitted_this_pass=0 | galaxy=5/5 laniakea=1/7 voyager=4/3
[08-08 00:12:49] remaining=12 submitted_this_pass=0 | galaxy=5/5 laniakea=1/7 voyager=4/3
[08-08 00:14:19] remaining=12 submitted_this_pass=0 | galaxy=5/5 laniakea=1/7 voyager=4/3
[08-08 00:15:50] remaining=12 submitted_this_pass=0 | galaxy=5/5 laniakea=1/7 voyager=4/3
[08-08 00:17:21] remaining=12 submitted_this_pass=0 | galaxy=5/5 laniakea=1/7 voyager=4/3
[08-08 00:18:51] remaining=12 submitted_this_pass=0 | galaxy=5/5 laniakea=1/7 voyager=4/3
[08-08 00:20:22] remaining=12 submitted_this_pass=0 | galaxy=5/5 laniakea=0/7 voyager=4/3
[08-08 00:21:53] remaining=12 submitted_this_pass=0 | galaxy=5/5 laniakea=0/7 voyager=4/3
[submit] fs13_H4K20me1_replace4 -> node=galaxy jid=264430 csv=/srv/disk00/sshfs/pengchx3/rebuttal_nt/run_fromscratch/results/r13_fromscratch_H4K20me1_replace4.csv
[08-08 00:23:23] submitted H4K20me1:replace4 -> node=galaxy jid=264430 (attempt 1)
[08-08 00:23:26] remaining=11 submitted_this_pass=1 | galaxy=5/5 laniakea=0/7 voyager=4/3
[08-08 00:24:57] remaining=11 submitted_this_pass=0 | galaxy=5/5 laniakea=0/7 voyager=4/3
[08-08 00:26:27] remaining=11 submitted_this_pass=0 | galaxy=5/5 laniakea=0/7 voyager=4/3
[08-08 00:27:58] remaining=11 submitted_this_pass=0 | galaxy=5/5 laniakea=0/7 voyager=4/3
[08-08 00:29:28] remaining=11 submitted_this_pass=0 | galaxy=5/5 laniakea=0/7 voyager=3/3
[08-08 00:30:59] remaining=11 submitted_this_pass=0 | galaxy=5/5 laniakea=0/7 voyager=3/3
[08-08 00:32:29] remaining=11 submitted_this_pass=0 | galaxy=5/5 laniakea=0/7 voyager=3/3
[08-08 00:34:00] remaining=11 submitted_this_pass=0 | galaxy=5/5 laniakea=0/7 voyager=3/3
[08-08 00:35:30] remaining=11 submitted_this_pass=0 | galaxy=5/5 laniakea=0/7 voyager=3/3
[08-08 00:37:01] remaining=11 submitted_this_pass=0 | galaxy=5/5 laniakea=0/7 voyager=3/3
[08-08 00:38:31] remaining=11 submitted_this_pass=0 | galaxy=5/5 laniakea=0/7 voyager=3/3
[08-08 00:40:02] remaining=11 submitted_this_pass=0 | galaxy=5/5 laniakea=0/7 voyager=3/3
[08-08 00:41:33] remaining=11 submitted_this_pass=0 | galaxy=5/5 laniakea=0/7 voyager=3/3
[08-08 00:43:03] remaining=11 submitted_this_pass=0 | galaxy=5/5 laniakea=0/7 voyager=3/3
[08-08 00:44:34] remaining=11 submitted_this_pass=0 | galaxy=5/5 laniakea=0/7 voyager=3/3
[08-08 00:46:04] remaining=11 submitted_this_pass=0 | galaxy=5/5 laniakea=0/7 voyager=3/3
[08-08 00:47:35] remaining=11 submitted_this_pass=0 | galaxy=5/5 laniakea=0/7 voyager=3/3
[08-08 00:49:05] remaining=11 submitted_this_pass=0 | galaxy=5/5 laniakea=0/7 voyager=3/3
[08-08 00:50:36] remaining=11 submitted_this_pass=0 | galaxy=5/5 laniakea=0/7 voyager=3/3
[08-08 00:52:06] remaining=11 submitted_this_pass=0 | galaxy=5/5 laniakea=0/7 voyager=3/3
[08-08 00:53:37] remaining=11 submitted_this_pass=0 | galaxy=5/5 laniakea=0/7 voyager=3/3
[08-08 00:55:07] remaining=11 submitted_this_pass=0 | galaxy=5/5 laniakea=0/7 voyager=3/3
[08-08 00:56:38] remaining=11 submitted_this_pass=0 | galaxy=5/5 laniakea=0/7 voyager=3/3
[08-08 00:58:08] remaining=11 submitted_this_pass=0 | galaxy=5/5 laniakea=0/7 voyager=3/3
[08-08 00:59:39] remaining=11 submitted_this_pass=0 | galaxy=5/5 laniakea=0/7 voyager=3/3
[08-08 01:01:10] remaining=11 submitted_this_pass=0 | galaxy=5/5 laniakea=0/7 voyager=3/3
[08-08 01:02:40] remaining=11 submitted_this_pass=0 | galaxy=5/5 laniakea=0/7 voyager=3/3
[08-08 01:04:11] remaining=11 submitted_this_pass=0 | galaxy=5/5 laniakea=0/7 voyager=3/3
[08-08 01:05:41] remaining=11 submitted_this_pass=0 | galaxy=5/5 laniakea=0/7 voyager=3/3
[08-08 01:07:12] remaining=11 submitted_this_pass=0 | galaxy=5/5 laniakea=0/7 voyager=3/3
[08-08 01:08:43] remaining=11 submitted_this_pass=0 | galaxy=5/5 laniakea=0/7 voyager=3/3
[08-08 01:10:13] remaining=11 submitted_this_pass=0 | galaxy=5/5 laniakea=0/7 voyager=3/3
[08-08 01:11:44] remaining=11 submitted_this_pass=0 | galaxy=5/5 laniakea=0/7 voyager=3/3
[08-08 01:13:14] remaining=11 submitted_this_pass=0 | galaxy=5/5 laniakea=0/7 voyager=3/3
[08-08 01:14:45] remaining=11 submitted_this_pass=0 | galaxy=5/5 laniakea=0/7 voyager=3/3
[08-08 01:16:16] remaining=11 submitted_this_pass=0 | galaxy=5/5 laniakea=0/7 voyager=3/3
[08-08 01:17:46] remaining=11 submitted_this_pass=0 | galaxy=5/5 laniakea=0/7 voyager=3/3
[08-08 01:19:17] remaining=11 submitted_this_pass=0 | galaxy=5/5 laniakea=0/7 voyager=3/3
[08-08 01:20:47] remaining=11 submitted_this_pass=0 | galaxy=5/5 laniakea=0/7 voyager=3/3
[08-08 01:22:18] remaining=11 submitted_this_pass=0 | galaxy=5/5 laniakea=0/7 voyager=3/3
[08-08 01:23:48] remaining=11 submitted_this_pass=0 | galaxy=5/5 laniakea=0/7 voyager=3/3
[08-08 01:25:19] remaining=11 submitted_this_pass=0 | galaxy=5/5 laniakea=0/7 voyager=3/3
[08-08 01:26:49] remaining=11 submitted_this_pass=0 | galaxy=5/5 laniakea=0/7 voyager=3/3
[08-08 01:28:20] remaining=11 submitted_this_pass=0 | galaxy=5/5 laniakea=0/7 voyager=3/3
[08-08 01:29:50] remaining=11 submitted_this_pass=0 | galaxy=5/5 laniakea=0/7 voyager=3/3
[08-08 01:31:22] remaining=11 submitted_this_pass=0 | galaxy=5/5 laniakea=0/7 voyager=3/3
[08-08 01:32:53] remaining=11 submitted_this_pass=0 | galaxy=5/5 laniakea=0/7 voyager=3/3
[08-08 01:34:24] remaining=11 submitted_this_pass=0 | galaxy=5/5 laniakea=0/7 voyager=3/3
[08-08 01:35:54] remaining=11 submitted_this_pass=0 | galaxy=5/5 laniakea=0/7 voyager=3/3
[08-08 01:37:25] remaining=11 submitted_this_pass=0 | galaxy=5/5 laniakea=0/7 voyager=3/3
[08-08 01:38:56] remaining=11 submitted_this_pass=0 | galaxy=5/5 laniakea=0/7 voyager=3/3
[08-08 01:40:27] remaining=11 submitted_this_pass=0 | galaxy=5/5 laniakea=0/7 voyager=3/3
[08-08 01:41:58] remaining=11 submitted_this_pass=0 | galaxy=5/5 laniakea=0/7 voyager=3/3
[08-08 01:43:28] remaining=11 submitted_this_pass=0 | galaxy=5/5 laniakea=0/7 voyager=3/3
[08-08 01:44:59] remaining=11 submitted_this_pass=0 | galaxy=5/5 laniakea=0/7 voyager=3/3
[08-08 01:46:30] remaining=11 submitted_this_pass=0 | galaxy=5/5 laniakea=0/7 voyager=3/3
[08-08 01:48:00] remaining=11 submitted_this_pass=0 | galaxy=5/5 laniakea=0/7 voyager=3/3
[08-08 01:49:31] remaining=11 submitted_this_pass=0 | galaxy=5/5 laniakea=0/7 voyager=3/3
[08-08 01:51:02] remaining=11 submitted_this_pass=0 | galaxy=5/5 laniakea=0/7 voyager=3/3
[08-08 01:52:33] remaining=11 submitted_this_pass=0 | galaxy=5/5 laniakea=0/7 voyager=3/3
[08-08 01:54:04] remaining=11 submitted_this_pass=0 | galaxy=5/5 laniakea=0/7 voyager=3/3
[08-08 01:55:35] remaining=11 submitted_this_pass=0 | galaxy=5/5 laniakea=0/7 voyager=3/3
[08-08 01:57:05] remaining=11 submitted_this_pass=0 | galaxy=5/5 laniakea=0/7 voyager=3/3
[08-08 01:58:36] remaining=11 submitted_this_pass=0 | galaxy=5/5 laniakea=0/7 voyager=3/3
[08-08 02:00:07] remaining=11 submitted_this_pass=0 | galaxy=5/5 laniakea=0/7 voyager=3/3
[08-08 02:01:37] remaining=11 submitted_this_pass=0 | galaxy=6/5 laniakea=0/7 voyager=3/3
[08-08 02:03:08] remaining=11 submitted_this_pass=0 | galaxy=6/5 laniakea=0/7 voyager=3/3
[08-08 02:04:38] remaining=11 submitted_this_pass=0 | galaxy=6/5 laniakea=0/7 voyager=3/3
[08-08 02:06:09] remaining=10 submitted_this_pass=0 | galaxy=5/5 laniakea=0/7 voyager=3/3
[08-08 02:07:40] remaining=10 submitted_this_pass=0 | galaxy=5/5 laniakea=0/7 voyager=3/3
[08-08 02:09:10] remaining=10 submitted_this_pass=0 | galaxy=5/5 laniakea=0/7 voyager=3/3
[08-08 02:10:41] remaining=10 submitted_this_pass=0 | galaxy=5/5 laniakea=0/7 voyager=3/3
[08-08 02:12:12] remaining=10 submitted_this_pass=0 | galaxy=5/5 laniakea=0/7 voyager=3/3
[08-08 02:13:42] remaining=10 submitted_this_pass=0 | galaxy=5/5 laniakea=0/7 voyager=3/3
[08-08 02:15:13] remaining=10 submitted_this_pass=0 | galaxy=5/5 laniakea=0/7 voyager=3/3
[08-08 02:16:44] remaining=10 submitted_this_pass=0 | galaxy=5/5 laniakea=0/7 voyager=3/3
[08-08 02:18:14] remaining=10 submitted_this_pass=0 | galaxy=5/5 laniakea=0/7 voyager=3/3
[08-08 02:19:45] remaining=10 submitted_this_pass=0 | galaxy=5/5 laniakea=0/7 voyager=3/3
[08-08 02:21:15] remaining=10 submitted_this_pass=0 | galaxy=5/5 laniakea=0/7 voyager=3/3
[08-08 02:22:46] remaining=10 submitted_this_pass=0 | galaxy=5/5 laniakea=0/7 voyager=3/3
[08-08 02:24:17] remaining=10 submitted_this_pass=0 | galaxy=5/5 laniakea=0/7 voyager=3/3
[08-08 02:25:47] remaining=10 submitted_this_pass=0 | galaxy=5/5 laniakea=0/7 voyager=3/3
[08-08 02:27:18] remaining=10 submitted_this_pass=0 | galaxy=5/5 laniakea=0/7 voyager=3/3
[08-08 02:28:48] remaining=10 submitted_this_pass=0 | galaxy=5/5 laniakea=0/7 voyager=3/3
[08-08 02:30:19] remaining=10 submitted_this_pass=0 | galaxy=5/5 laniakea=0/7 voyager=3/3
[08-08 02:31:49] remaining=10 submitted_this_pass=0 | galaxy=5/5 laniakea=0/7 voyager=3/3
[08-08 02:33:20] remaining=10 submitted_this_pass=0 | galaxy=5/5 laniakea=0/7 voyager=3/3
[08-08 02:34:50] remaining=10 submitted_this_pass=0 | galaxy=5/5 laniakea=0/7 voyager=3/3
[08-08 02:36:21] remaining=10 submitted_this_pass=0 | galaxy=5/5 laniakea=0/7 voyager=3/3
[08-08 02:37:52] remaining=10 submitted_this_pass=0 | galaxy=5/5 laniakea=0/7 voyager=3/3
[submit] fs13_H4K20me1_latefuse -> node=galaxy jid=264675 csv=/srv/disk00/sshfs/pengchx3/rebuttal_nt/run_fromscratch/results/r13_fromscratch_H4K20me1_latefuse.csv
[08-08 02:39:22] submitted H4K20me1:latefuse -> node=galaxy jid=264675 (attempt 1)
[submit] fs13_enhancers_types_replace4 -> node=galaxy jid=264676 csv=/srv/disk00/sshfs/pengchx3/rebuttal_nt/run_fromscratch/results/r13_fromscratch_enhancers_types_replace4.csv
[08-08 02:39:25] submitted enhancers_types:replace4 -> node=galaxy jid=264676 (attempt 1)
[submit] fs13_enhancers_types_latefuse -> node=galaxy jid=264677 csv=/srv/disk00/sshfs/pengchx3/rebuttal_nt/run_fromscratch/results/r13_fromscratch_enhancers_types_latefuse.csv
[08-08 02:39:28] submitted enhancers_types:latefuse -> node=galaxy jid=264677 (attempt 1)
[submit] fs13_splice_sites_acceptors_replace4 -> node=galaxy jid=264678 csv=/srv/disk00/sshfs/pengchx3/rebuttal_nt/run_fromscratch/results/r13_fromscratch_splice_sites_acceptors_replace4.csv
[08-08 02:39:31] submitted splice_sites_acceptors:replace4 -> node=galaxy jid=264678 (attempt 1)
[submit] fs13_splice_sites_acceptors_latefuse -> node=galaxy jid=264679 csv=/srv/disk00/sshfs/pengchx3/rebuttal_nt/run_fromscratch/results/r13_fromscratch_splice_sites_acceptors_latefuse.csv
[08-08 02:39:34] submitted splice_sites_acceptors:latefuse -> node=galaxy jid=264679 (attempt 1)
[08-08 02:39:37] remaining=9 submitted_this_pass=5 | galaxy=4/5 laniakea=0/7 voyager=3/3
[08-08 02:41:08] remaining=9 submitted_this_pass=0 | galaxy=4/5 laniakea=0/7 voyager=3/3
[08-08 02:42:38] remaining=9 submitted_this_pass=0 | galaxy=4/5 laniakea=0/7 voyager=3/3
[08-08 02:44:09] remaining=9 submitted_this_pass=0 | galaxy=4/5 laniakea=0/7 voyager=3/3
[08-08 02:45:40] remaining=9 submitted_this_pass=0 | galaxy=4/5 laniakea=0/7 voyager=3/3
[08-08 02:47:10] remaining=9 submitted_this_pass=0 | galaxy=3/5 laniakea=0/7 voyager=3/3
[08-08 02:48:40] remaining=9 submitted_this_pass=0 | galaxy=3/5 laniakea=0/7 voyager=3/3
[08-08 02:50:11] remaining=9 submitted_this_pass=0 | galaxy=3/5 laniakea=0/7 voyager=3/3
[08-08 02:51:41] remaining=9 submitted_this_pass=0 | galaxy=3/5 laniakea=0/7 voyager=3/3
[08-08 02:53:12] remaining=9 submitted_this_pass=0 | galaxy=3/5 laniakea=0/7 voyager=3/3
[08-08 02:54:42] remaining=9 submitted_this_pass=0 | galaxy=3/5 laniakea=0/7 voyager=3/3
[08-08 02:56:13] remaining=9 submitted_this_pass=0 | galaxy=3/5 laniakea=0/7 voyager=3/3
[08-08 02:57:43] remaining=9 submitted_this_pass=0 | galaxy=3/5 laniakea=0/7 voyager=3/3
[08-08 02:59:14] remaining=9 submitted_this_pass=0 | galaxy=3/5 laniakea=0/7 voyager=3/3
[08-08 03:00:44] remaining=9 submitted_this_pass=0 | galaxy=3/5 laniakea=0/7 voyager=3/3
[08-08 03:02:15] remaining=9 submitted_this_pass=0 | galaxy=3/5 laniakea=0/7 voyager=3/3
[08-08 03:03:45] remaining=9 submitted_this_pass=0 | galaxy=3/5 laniakea=0/7 voyager=3/3
[08-08 03:05:16] remaining=9 submitted_this_pass=0 | galaxy=3/5 laniakea=0/7 voyager=3/3
[08-08 03:06:46] remaining=9 submitted_this_pass=0 | galaxy=3/5 laniakea=0/7 voyager=3/3
[08-08 03:08:16] remaining=9 submitted_this_pass=0 | galaxy=3/5 laniakea=0/7 voyager=3/3
[08-08 03:09:48] remaining=9 submitted_this_pass=0 | galaxy=3/5 laniakea=0/7 voyager=3/3
[08-08 03:11:19] remaining=8 submitted_this_pass=0 | galaxy=3/5 laniakea=0/7 voyager=3/3
[08-08 03:12:49] remaining=8 submitted_this_pass=0 | galaxy=2/5 laniakea=0/7 voyager=3/3
[08-08 03:14:20] remaining=8 submitted_this_pass=0 | galaxy=2/5 laniakea=0/7 voyager=3/3
[08-08 03:15:50] remaining=8 submitted_this_pass=0 | galaxy=2/5 laniakea=0/7 voyager=3/3
[08-08 03:17:21] remaining=8 submitted_this_pass=0 | galaxy=2/5 laniakea=0/7 voyager=3/3
[08-08 03:18:51] remaining=8 submitted_this_pass=0 | galaxy=2/5 laniakea=0/7 voyager=3/3
[08-08 03:20:22] remaining=8 submitted_this_pass=0 | galaxy=2/5 laniakea=0/7 voyager=3/3
[08-08 03:21:52] remaining=8 submitted_this_pass=0 | galaxy=2/5 laniakea=0/7 voyager=3/3
[08-08 03:23:23] remaining=8 submitted_this_pass=0 | galaxy=2/5 laniakea=0/7 voyager=3/3
[08-08 03:24:53] remaining=8 submitted_this_pass=0 | galaxy=2/5 laniakea=0/7 voyager=3/3
[08-08 03:26:24] remaining=8 submitted_this_pass=0 | galaxy=2/5 laniakea=0/7 voyager=3/3
[08-08 03:27:54] remaining=8 submitted_this_pass=0 | galaxy=2/5 laniakea=0/7 voyager=3/3
[08-08 03:29:25] remaining=8 submitted_this_pass=0 | galaxy=2/5 laniakea=0/7 voyager=3/3
[08-08 03:30:55] remaining=8 submitted_this_pass=0 | galaxy=2/5 laniakea=0/7 voyager=3/3
[08-08 03:32:26] remaining=8 submitted_this_pass=0 | galaxy=2/5 laniakea=0/7 voyager=3/3
[08-08 03:33:56] remaining=8 submitted_this_pass=0 | galaxy=2/5 laniakea=0/7 voyager=3/3
[08-08 03:35:27] remaining=8 submitted_this_pass=0 | galaxy=2/5 laniakea=0/7 voyager=3/3
[08-08 03:36:57] remaining=8 submitted_this_pass=0 | galaxy=2/5 laniakea=0/7 voyager=3/3
[08-08 03:38:29] remaining=7 submitted_this_pass=0 | galaxy=1/5 laniakea=0/7 voyager=3/3
[08-08 03:40:00] remaining=7 submitted_this_pass=0 | galaxy=1/5 laniakea=0/7 voyager=3/3
[08-08 03:41:30] remaining=7 submitted_this_pass=0 | galaxy=1/5 laniakea=0/7 voyager=3/3
[08-08 03:43:01] remaining=7 submitted_this_pass=0 | galaxy=1/5 laniakea=0/7 voyager=3/3
[08-08 03:44:31] remaining=6 submitted_this_pass=0 | galaxy=0/5 laniakea=0/7 voyager=3/3
[08-08 03:46:03] remaining=6 submitted_this_pass=0 | galaxy=0/5 laniakea=0/7 voyager=3/3
[08-08 03:47:33] remaining=6 submitted_this_pass=0 | galaxy=0/5 laniakea=0/7 voyager=3/3
[08-08 03:49:04] remaining=6 submitted_this_pass=0 | galaxy=0/5 laniakea=0/7 voyager=3/3
[08-08 03:50:34] remaining=6 submitted_this_pass=0 | galaxy=0/5 laniakea=0/7 voyager=3/3
[08-08 03:52:05] remaining=6 submitted_this_pass=0 | galaxy=1/5 laniakea=0/7 voyager=3/3
[08-08 03:53:35] remaining=6 submitted_this_pass=0 | galaxy=3/5 laniakea=0/7 voyager=3/3
[08-08 03:55:05] remaining=6 submitted_this_pass=0 | galaxy=5/5 laniakea=0/7 voyager=3/3
[08-08 03:56:36] remaining=6 submitted_this_pass=0 | galaxy=5/5 laniakea=0/7 voyager=3/3
[08-08 03:58:06] remaining=6 submitted_this_pass=0 | galaxy=5/5 laniakea=0/7 voyager=3/3
[08-08 03:59:37] remaining=6 submitted_this_pass=0 | galaxy=5/5 laniakea=0/7 voyager=3/3
[08-08 04:01:07] remaining=6 submitted_this_pass=0 | galaxy=5/5 laniakea=1/7 voyager=3/3
[08-08 04:02:37] remaining=6 submitted_this_pass=0 | galaxy=5/5 laniakea=1/7 voyager=3/3
[08-08 04:04:08] remaining=6 submitted_this_pass=0 | galaxy=5/5 laniakea=1/7 voyager=3/3
[08-08 04:05:38] remaining=6 submitted_this_pass=0 | galaxy=5/5 laniakea=1/7 voyager=3/3
[08-08 04:07:08] remaining=6 submitted_this_pass=0 | galaxy=5/5 laniakea=1/7 voyager=3/3
[08-08 04:08:39] remaining=6 submitted_this_pass=0 | galaxy=5/5 laniakea=1/7 voyager=3/3
[08-08 04:10:09] remaining=6 submitted_this_pass=0 | galaxy=5/5 laniakea=1/7 voyager=3/3
[08-08 04:11:39] remaining=6 submitted_this_pass=0 | galaxy=5/5 laniakea=1/7 voyager=3/3
[08-08 04:13:10] remaining=6 submitted_this_pass=0 | galaxy=5/5 laniakea=1/7 voyager=3/3
[08-08 04:14:40] remaining=6 submitted_this_pass=0 | galaxy=5/5 laniakea=1/7 voyager=3/3
[08-08 04:16:10] remaining=6 submitted_this_pass=0 | galaxy=5/5 laniakea=1/7 voyager=3/3
[08-08 04:17:41] remaining=6 submitted_this_pass=0 | galaxy=5/5 laniakea=1/7 voyager=3/3
[08-08 04:19:11] remaining=6 submitted_this_pass=0 | galaxy=5/5 laniakea=0/7 voyager=3/3
[08-08 04:20:42] remaining=6 submitted_this_pass=0 | galaxy=5/5 laniakea=0/7 voyager=3/3
[08-08 04:22:12] remaining=6 submitted_this_pass=0 | galaxy=5/5 laniakea=0/7 voyager=3/3
[08-08 04:23:42] remaining=6 submitted_this_pass=0 | galaxy=5/5 laniakea=0/7 voyager=3/3
[08-08 04:25:13] remaining=6 submitted_this_pass=0 | galaxy=5/5 laniakea=0/7 voyager=3/3
[08-08 04:26:43] remaining=6 submitted_this_pass=0 | galaxy=5/5 laniakea=0/7 voyager=3/3
[08-08 04:28:13] remaining=6 submitted_this_pass=0 | galaxy=5/5 laniakea=0/7 voyager=3/3
[08-08 04:29:44] remaining=6 submitted_this_pass=0 | galaxy=5/5 laniakea=0/7 voyager=3/3
[08-08 04:31:14] remaining=6 submitted_this_pass=0 | galaxy=5/5 laniakea=0/7 voyager=3/3
[08-08 04:32:44] remaining=6 submitted_this_pass=0 | galaxy=5/5 laniakea=0/7 voyager=3/3
[08-08 04:34:15] remaining=6 submitted_this_pass=0 | galaxy=5/5 laniakea=0/7 voyager=3/3
[08-08 04:35:45] remaining=6 submitted_this_pass=0 | galaxy=5/5 laniakea=0/7 voyager=3/3
[08-08 04:37:16] remaining=6 submitted_this_pass=0 | galaxy=5/5 laniakea=0/7 voyager=3/3
[08-08 04:38:46] remaining=6 submitted_this_pass=0 | galaxy=5/5 laniakea=0/7 voyager=3/3
[08-08 04:40:16] remaining=6 submitted_this_pass=0 | galaxy=5/5 laniakea=0/7 voyager=3/3
[08-08 04:41:47] remaining=6 submitted_this_pass=0 | galaxy=5/5 laniakea=0/7 voyager=3/3
[08-08 04:43:17] remaining=6 submitted_this_pass=0 | galaxy=5/5 laniakea=0/7 voyager=3/3
[08-08 04:44:47] remaining=6 submitted_this_pass=0 | galaxy=5/5 laniakea=0/7 voyager=3/3
[08-08 04:46:18] remaining=6 submitted_this_pass=0 | galaxy=5/5 laniakea=0/7 voyager=3/3
[08-08 04:47:48] remaining=6 submitted_this_pass=0 | galaxy=5/5 laniakea=0/7 voyager=3/3
[08-08 04:49:18] remaining=6 submitted_this_pass=0 | galaxy=5/5 laniakea=0/7 voyager=3/3
[08-08 04:50:49] remaining=6 submitted_this_pass=0 | galaxy=5/5 laniakea=0/7 voyager=3/3
[08-08 04:52:19] remaining=6 submitted_this_pass=0 | galaxy=5/5 laniakea=0/7 voyager=3/3
[08-08 04:53:50] remaining=6 submitted_this_pass=0 | galaxy=5/5 laniakea=0/7 voyager=3/3
[08-08 04:55:20] remaining=6 submitted_this_pass=0 | galaxy=5/5 laniakea=0/7 voyager=3/3
[08-08 04:56:50] remaining=6 submitted_this_pass=0 | galaxy=5/5 laniakea=0/7 voyager=3/3
[08-08 04:58:21] remaining=6 submitted_this_pass=0 | galaxy=5/5 laniakea=0/7 voyager=3/3
[08-08 04:59:51] remaining=6 submitted_this_pass=0 | galaxy=5/5 laniakea=0/7 voyager=3/3
[08-08 05:01:21] remaining=6 submitted_this_pass=0 | galaxy=5/5 laniakea=0/7 voyager=3/3
[08-08 05:02:52] remaining=6 submitted_this_pass=0 | galaxy=5/5 laniakea=0/7 voyager=3/3
[08-08 05:04:22] remaining=6 submitted_this_pass=0 | galaxy=5/5 laniakea=0/7 voyager=3/3
[08-08 05:05:53] remaining=6 submitted_this_pass=0 | galaxy=5/5 laniakea=0/7 voyager=3/3
[08-08 05:07:23] remaining=6 submitted_this_pass=0 | galaxy=5/5 laniakea=0/7 voyager=3/3
[08-08 05:08:53] remaining=6 submitted_this_pass=0 | galaxy=5/5 laniakea=0/7 voyager=3/3
[08-08 05:10:24] remaining=6 submitted_this_pass=0 | galaxy=5/5 laniakea=0/7 voyager=3/3
[08-08 05:11:54] remaining=6 submitted_this_pass=0 | galaxy=5/5 laniakea=0/7 voyager=3/3
[08-08 05:13:24] remaining=6 submitted_this_pass=0 | galaxy=5/5 laniakea=0/7 voyager=3/3
[08-08 05:14:55] remaining=6 submitted_this_pass=0 | galaxy=5/5 laniakea=0/7 voyager=3/3
[08-08 05:16:25] remaining=6 submitted_this_pass=0 | galaxy=5/5 laniakea=0/7 voyager=3/3
[08-08 05:17:55] remaining=6 submitted_this_pass=0 | galaxy=5/5 laniakea=0/7 voyager=3/3
[08-08 05:19:26] remaining=6 submitted_this_pass=0 | galaxy=5/5 laniakea=0/7 voyager=3/3
[08-08 05:20:56] remaining=6 submitted_this_pass=0 | galaxy=5/5 laniakea=0/7 voyager=3/3
[08-08 05:22:26] remaining=6 submitted_this_pass=0 | galaxy=5/5 laniakea=0/7 voyager=3/3
[08-08 05:23:57] remaining=6 submitted_this_pass=0 | galaxy=5/5 laniakea=0/7 voyager=3/3
[08-08 05:25:27] remaining=6 submitted_this_pass=0 | galaxy=5/5 laniakea=0/7 voyager=3/3
[08-08 05:26:58] remaining=6 submitted_this_pass=0 | galaxy=5/5 laniakea=0/7 voyager=3/3
[08-08 05:28:28] remaining=6 submitted_this_pass=0 | galaxy=5/5 laniakea=0/7 voyager=3/3
[08-08 05:29:58] remaining=6 submitted_this_pass=0 | galaxy=5/5 laniakea=0/7 voyager=3/3
[08-08 05:31:29] remaining=6 submitted_this_pass=0 | galaxy=5/5 laniakea=0/7 voyager=3/3
[08-08 05:32:59] remaining=6 submitted_this_pass=0 | galaxy=5/5 laniakea=0/7 voyager=3/3
[08-08 05:34:29] remaining=6 submitted_this_pass=0 | galaxy=5/5 laniakea=0/7 voyager=3/3
[08-08 05:36:00] remaining=6 submitted_this_pass=0 | galaxy=5/5 laniakea=0/7 voyager=3/3
[08-08 05:37:30] remaining=6 submitted_this_pass=0 | galaxy=5/5 laniakea=0/7 voyager=3/3
[08-08 05:39:00] remaining=6 submitted_this_pass=0 | galaxy=5/5 laniakea=0/7 voyager=3/3
[08-08 05:40:31] remaining=6 submitted_this_pass=0 | galaxy=5/5 laniakea=0/7 voyager=3/3
[08-08 05:42:01] remaining=6 submitted_this_pass=0 | galaxy=5/5 laniakea=0/7 voyager=3/3
[08-08 05:43:31] remaining=6 submitted_this_pass=0 | galaxy=5/5 laniakea=0/7 voyager=3/3
[08-08 05:45:02] remaining=6 submitted_this_pass=0 | galaxy=5/5 laniakea=0/7 voyager=3/3
[08-08 05:46:32] remaining=6 submitted_this_pass=0 | galaxy=5/5 laniakea=0/7 voyager=3/3
[08-08 05:48:03] remaining=6 submitted_this_pass=0 | galaxy=5/5 laniakea=0/7 voyager=3/3
[08-08 05:49:33] remaining=6 submitted_this_pass=0 | galaxy=5/5 laniakea=0/7 voyager=3/3
[08-08 05:51:03] remaining=6 submitted_this_pass=0 | galaxy=5/5 laniakea=0/7 voyager=3/3
[08-08 05:52:34] remaining=6 submitted_this_pass=0 | galaxy=5/5 laniakea=0/7 voyager=3/3
[08-08 05:54:04] remaining=6 submitted_this_pass=0 | galaxy=5/5 laniakea=0/7 voyager=3/3
[08-08 05:55:34] remaining=6 submitted_this_pass=0 | galaxy=5/5 laniakea=0/7 voyager=3/3
[08-08 05:57:05] remaining=6 submitted_this_pass=0 | galaxy=5/5 laniakea=0/7 voyager=3/3
[08-08 05:58:35] remaining=6 submitted_this_pass=0 | galaxy=5/5 laniakea=0/7 voyager=3/3
[08-08 06:00:05] remaining=6 submitted_this_pass=0 | galaxy=5/5 laniakea=0/7 voyager=3/3
[08-08 06:01:36] remaining=6 submitted_this_pass=0 | galaxy=5/5 laniakea=1/7 voyager=3/3
[08-08 06:03:06] remaining=6 submitted_this_pass=0 | galaxy=5/5 laniakea=1/7 voyager=3/3
[08-08 06:04:37] remaining=6 submitted_this_pass=0 | galaxy=5/5 laniakea=1/7 voyager=3/3
[08-08 06:06:07] remaining=6 submitted_this_pass=0 | galaxy=5/5 laniakea=1/7 voyager=3/3
[08-08 06:07:37] remaining=6 submitted_this_pass=0 | galaxy=5/5 laniakea=1/7 voyager=3/3
[08-08 06:09:08] remaining=6 submitted_this_pass=0 | galaxy=5/5 laniakea=1/7 voyager=3/3
[08-08 06:10:38] remaining=6 submitted_this_pass=0 | galaxy=5/5 laniakea=1/7 voyager=3/3
[08-08 06:12:08] remaining=6 submitted_this_pass=0 | galaxy=5/5 laniakea=1/7 voyager=3/3
[08-08 06:13:39] remaining=6 submitted_this_pass=0 | galaxy=5/5 laniakea=1/7 voyager=3/3
[08-08 06:15:09] remaining=6 submitted_this_pass=0 | galaxy=5/5 laniakea=1/7 voyager=3/3
[08-08 06:16:39] remaining=6 submitted_this_pass=0 | galaxy=5/5 laniakea=1/7 voyager=3/3
[08-08 06:18:10] remaining=6 submitted_this_pass=0 | galaxy=5/5 laniakea=1/7 voyager=3/3
[08-08 06:19:40] remaining=6 submitted_this_pass=0 | galaxy=5/5 laniakea=0/7 voyager=3/3
[08-08 06:21:11] remaining=6 submitted_this_pass=0 | galaxy=5/5 laniakea=0/7 voyager=3/3
[08-08 06:22:41] remaining=6 submitted_this_pass=0 | galaxy=5/5 laniakea=0/7 voyager=3/3
[08-08 06:24:11] remaining=6 submitted_this_pass=0 | galaxy=5/5 laniakea=0/7 voyager=3/3
[08-08 06:25:42] remaining=6 submitted_this_pass=0 | galaxy=5/5 laniakea=0/7 voyager=3/3
[08-08 06:27:12] remaining=6 submitted_this_pass=0 | galaxy=5/5 laniakea=0/7 voyager=3/3
[08-08 06:28:42] remaining=6 submitted_this_pass=0 | galaxy=5/5 laniakea=0/7 voyager=3/3
[08-08 06:30:13] remaining=6 submitted_this_pass=0 | galaxy=5/5 laniakea=0/7 voyager=3/3
[08-08 06:31:43] remaining=6 submitted_this_pass=0 | galaxy=5/5 laniakea=0/7 voyager=3/3
[08-08 06:33:14] remaining=6 submitted_this_pass=0 | galaxy=5/5 laniakea=0/7 voyager=3/3
[08-08 06:34:44] remaining=6 submitted_this_pass=0 | galaxy=5/5 laniakea=0/7 voyager=3/3
[08-08 06:36:14] remaining=6 submitted_this_pass=0 | galaxy=5/5 laniakea=0/7 voyager=3/3
[08-08 06:37:45] remaining=6 submitted_this_pass=0 | galaxy=5/5 laniakea=0/7 voyager=3/3
[08-08 06:39:15] remaining=6 submitted_this_pass=0 | galaxy=5/5 laniakea=0/7 voyager=3/3
[08-08 06:40:45] remaining=6 submitted_this_pass=0 | galaxy=5/5 laniakea=0/7 voyager=3/3
[08-08 06:42:16] remaining=6 submitted_this_pass=0 | galaxy=5/5 laniakea=0/7 voyager=3/3
[08-08 06:43:46] remaining=6 submitted_this_pass=0 | galaxy=5/5 laniakea=0/7 voyager=3/3
[08-08 06:45:16] remaining=6 submitted_this_pass=0 | galaxy=5/5 laniakea=0/7 voyager=3/3
[08-08 06:46:47] remaining=6 submitted_this_pass=0 | galaxy=5/5 laniakea=0/7 voyager=3/3
[08-08 06:48:17] remaining=6 submitted_this_pass=0 | galaxy=5/5 laniakea=0/7 voyager=3/3
[08-08 06:49:48] remaining=6 submitted_this_pass=0 | galaxy=5/5 laniakea=0/7 voyager=3/3
[08-08 06:51:18] remaining=6 submitted_this_pass=0 | galaxy=5/5 laniakea=0/7 voyager=3/3
[08-08 06:52:48] remaining=6 submitted_this_pass=0 | galaxy=5/5 laniakea=0/7 voyager=3/3
[08-08 06:54:19] remaining=6 submitted_this_pass=0 | galaxy=5/5 laniakea=0/7 voyager=3/3
[08-08 06:55:49] remaining=6 submitted_this_pass=0 | galaxy=5/5 laniakea=0/7 voyager=3/3
[08-08 06:57:19] remaining=6 submitted_this_pass=0 | galaxy=5/5 laniakea=0/7 voyager=3/3
[08-08 06:58:50] remaining=6 submitted_this_pass=0 | galaxy=5/5 laniakea=0/7 voyager=3/3
[08-08 07:00:20] remaining=6 submitted_this_pass=0 | galaxy=5/5 laniakea=0/7 voyager=3/3
[08-08 07:01:50] remaining=6 submitted_this_pass=0 | galaxy=5/5 laniakea=0/7 voyager=3/3
[08-08 07:03:21] remaining=6 submitted_this_pass=0 | galaxy=5/5 laniakea=0/7 voyager=3/3
[08-08 07:04:51] remaining=6 submitted_this_pass=0 | galaxy=5/5 laniakea=0/7 voyager=3/3
[08-08 07:06:22] remaining=6 submitted_this_pass=0 | galaxy=5/5 laniakea=0/7 voyager=3/3
[08-08 07:07:52] remaining=6 submitted_this_pass=0 | galaxy=5/5 laniakea=0/7 voyager=3/3
[08-08 07:09:22] remaining=6 submitted_this_pass=0 | galaxy=5/5 laniakea=0/7 voyager=3/3
[08-08 07:10:53] remaining=6 submitted_this_pass=0 | galaxy=5/5 laniakea=0/7 voyager=3/3
[08-08 07:12:23] remaining=6 submitted_this_pass=0 | galaxy=5/5 laniakea=0/7 voyager=3/3
[08-08 07:13:53] remaining=6 submitted_this_pass=0 | galaxy=5/5 laniakea=0/7 voyager=3/3
[08-08 07:15:24] remaining=6 submitted_this_pass=0 | galaxy=5/5 laniakea=0/7 voyager=3/3
[08-08 07:16:54] remaining=6 submitted_this_pass=0 | galaxy=5/5 laniakea=0/7 voyager=3/3
[08-08 07:18:24] remaining=6 submitted_this_pass=0 | galaxy=5/5 laniakea=0/7 voyager=3/3
[08-08 07:19:55] remaining=6 submitted_this_pass=0 | galaxy=5/5 laniakea=0/7 voyager=3/3
[08-08 07:21:25] remaining=6 submitted_this_pass=0 | galaxy=5/5 laniakea=0/7 voyager=3/3
[08-08 07:22:56] remaining=6 submitted_this_pass=0 | galaxy=5/5 laniakea=0/7 voyager=3/3
[08-08 07:24:26] remaining=6 submitted_this_pass=0 | galaxy=5/5 laniakea=0/7 voyager=3/3
[08-08 07:25:56] remaining=5 submitted_this_pass=0 | galaxy=4/5 laniakea=0/7 voyager=3/3
[08-08 07:27:27] remaining=5 submitted_this_pass=0 | galaxy=4/5 laniakea=0/7 voyager=3/3
[08-08 07:28:57] remaining=5 submitted_this_pass=0 | galaxy=4/5 laniakea=0/7 voyager=3/3
[08-08 07:30:27] remaining=5 submitted_this_pass=0 | galaxy=4/5 laniakea=0/7 voyager=3/3
[08-08 07:31:58] remaining=5 submitted_this_pass=0 | galaxy=4/5 laniakea=0/7 voyager=3/3
[08-08 07:33:28] remaining=5 submitted_this_pass=0 | galaxy=4/5 laniakea=0/7 voyager=3/3
[08-08 07:34:58] remaining=5 submitted_this_pass=0 | galaxy=4/5 laniakea=0/7 voyager=3/3
[08-08 07:36:29] remaining=5 submitted_this_pass=0 | galaxy=4/5 laniakea=0/7 voyager=3/3
[08-08 07:37:59] remaining=5 submitted_this_pass=0 | galaxy=4/5 laniakea=0/7 voyager=3/3
[08-08 07:39:29] remaining=5 submitted_this_pass=0 | galaxy=4/5 laniakea=0/7 voyager=3/3
[08-08 07:41:00] remaining=5 submitted_this_pass=0 | galaxy=4/5 laniakea=0/7 voyager=3/3
[08-08 07:42:30] remaining=5 submitted_this_pass=0 | galaxy=4/5 laniakea=0/7 voyager=3/3
[08-08 07:44:00] remaining=5 submitted_this_pass=0 | galaxy=4/5 laniakea=0/7 voyager=3/3
[08-08 07:45:31] remaining=5 submitted_this_pass=0 | galaxy=4/5 laniakea=0/7 voyager=3/3
[08-08 07:47:01] remaining=5 submitted_this_pass=0 | galaxy=4/5 laniakea=0/7 voyager=3/3
[08-08 07:48:31] remaining=5 submitted_this_pass=0 | galaxy=4/5 laniakea=0/7 voyager=3/3
[08-08 07:50:02] remaining=5 submitted_this_pass=0 | galaxy=4/5 laniakea=0/7 voyager=3/3
[08-08 07:51:32] remaining=4 submitted_this_pass=0 | galaxy=3/5 laniakea=0/7 voyager=3/3
[08-08 07:53:02] remaining=4 submitted_this_pass=0 | galaxy=3/5 laniakea=0/7 voyager=3/3
[08-08 07:54:33] remaining=4 submitted_this_pass=0 | galaxy=3/5 laniakea=0/7 voyager=3/3
[08-08 07:56:03] remaining=4 submitted_this_pass=0 | galaxy=3/5 laniakea=0/7 voyager=3/3
[08-08 07:57:33] remaining=3 submitted_this_pass=0 | galaxy=2/5 laniakea=0/7 voyager=3/3
[08-08 07:59:04] remaining=3 submitted_this_pass=0 | galaxy=2/5 laniakea=0/7 voyager=3/3
[08-08 08:00:34] remaining=3 submitted_this_pass=0 | galaxy=2/5 laniakea=1/7 voyager=3/3
[08-08 08:02:04] remaining=2 submitted_this_pass=0 | galaxy=1/5 laniakea=1/7 voyager=3/3
[08-08 08:03:35] remaining=2 submitted_this_pass=0 | galaxy=1/5 laniakea=1/7 voyager=3/3
[08-08 08:05:05] remaining=2 submitted_this_pass=0 | galaxy=1/5 laniakea=1/7 voyager=3/3
[08-08 08:06:35] remaining=2 submitted_this_pass=0 | galaxy=1/5 laniakea=1/7 voyager=3/3
[08-08 08:08:05] remaining=2 submitted_this_pass=0 | galaxy=1/5 laniakea=1/7 voyager=3/3
[08-08 08:09:36] remaining=2 submitted_this_pass=0 | galaxy=1/5 laniakea=1/7 voyager=3/3
[08-08 08:11:06] remaining=2 submitted_this_pass=0 | galaxy=1/5 laniakea=1/7 voyager=3/3
[08-08 08:12:36] remaining=2 submitted_this_pass=0 | galaxy=1/5 laniakea=1/7 voyager=3/3
[08-08 08:14:07] remaining=2 submitted_this_pass=0 | galaxy=1/5 laniakea=1/7 voyager=3/3
[08-08 08:15:37] remaining=2 submitted_this_pass=0 | galaxy=1/5 laniakea=1/7 voyager=3/3
[08-08 08:17:07] remaining=2 submitted_this_pass=0 | galaxy=1/5 laniakea=1/7 voyager=3/3
[08-08 08:18:37] remaining=2 submitted_this_pass=0 | galaxy=1/5 laniakea=1/7 voyager=3/3
[08-08 08:20:08] remaining=2 submitted_this_pass=0 | galaxy=1/5 laniakea=0/7 voyager=3/3
[08-08 08:21:38] remaining=2 submitted_this_pass=0 | galaxy=1/5 laniakea=0/7 voyager=3/3
[08-08 08:23:08] remaining=2 submitted_this_pass=0 | galaxy=1/5 laniakea=0/7 voyager=3/3
[08-08 08:24:39] remaining=2 submitted_this_pass=0 | galaxy=1/5 laniakea=0/7 voyager=3/3
[08-08 08:26:09] remaining=2 submitted_this_pass=0 | galaxy=1/5 laniakea=0/7 voyager=3/3
[08-08 08:27:39] remaining=2 submitted_this_pass=0 | galaxy=1/5 laniakea=0/7 voyager=3/3
[08-08 08:29:10] remaining=2 submitted_this_pass=0 | galaxy=1/5 laniakea=0/7 voyager=3/3
[08-08 08:30:40] remaining=2 submitted_this_pass=0 | galaxy=1/5 laniakea=0/7 voyager=3/3
[08-08 08:32:10] remaining=2 submitted_this_pass=0 | galaxy=1/5 laniakea=0/7 voyager=3/3
[08-08 08:33:41] remaining=2 submitted_this_pass=0 | galaxy=1/5 laniakea=0/7 voyager=3/3
[08-08 08:35:11] remaining=2 submitted_this_pass=0 | galaxy=1/5 laniakea=0/7 voyager=3/3
[08-08 08:36:41] remaining=2 submitted_this_pass=0 | galaxy=1/5 laniakea=0/7 voyager=3/3
[08-08 08:38:11] remaining=2 submitted_this_pass=0 | galaxy=1/5 laniakea=0/7 voyager=3/3
[08-08 08:39:42] remaining=2 submitted_this_pass=0 | galaxy=1/5 laniakea=0/7 voyager=3/3
[08-08 08:41:12] remaining=2 submitted_this_pass=0 | galaxy=1/5 laniakea=0/7 voyager=3/3
[08-08 08:42:42] remaining=2 submitted_this_pass=0 | galaxy=1/5 laniakea=0/7 voyager=3/3
[08-08 08:44:13] remaining=2 submitted_this_pass=0 | galaxy=1/5 laniakea=0/7 voyager=3/3
[08-08 08:45:43] remaining=2 submitted_this_pass=0 | galaxy=1/5 laniakea=0/7 voyager=3/3
[08-08 08:47:13] remaining=1 submitted_this_pass=0 | galaxy=0/5 laniakea=0/7 voyager=3/3
[08-08 08:48:43] remaining=1 submitted_this_pass=0 | galaxy=0/5 laniakea=0/7 voyager=3/3
[08-08 08:50:14] remaining=1 submitted_this_pass=0 | galaxy=0/5 laniakea=0/7 voyager=3/3
[08-08 08:51:44] remaining=1 submitted_this_pass=0 | galaxy=0/5 laniakea=0/7 voyager=3/3
[08-08 08:53:14] remaining=1 submitted_this_pass=0 | galaxy=0/5 laniakea=0/7 voyager=3/3
[08-08 08:54:45] remaining=1 submitted_this_pass=0 | galaxy=0/5 laniakea=0/7 voyager=3/3
[08-08 08:56:15] remaining=1 submitted_this_pass=0 | galaxy=0/5 laniakea=0/7 voyager=3/3
[08-08 08:57:45] remaining=1 submitted_this_pass=0 | galaxy=0/5 laniakea=0/7 voyager=3/3
[08-08 08:59:15] remaining=1 submitted_this_pass=0 | galaxy=0/5 laniakea=0/7 voyager=3/3
[08-08 09:00:46] remaining=1 submitted_this_pass=0 | galaxy=0/5 laniakea=0/7 voyager=3/3
[08-08 09:02:16] remaining=1 submitted_this_pass=0 | galaxy=0/5 laniakea=0/7 voyager=3/3
[08-08 09:03:46] remaining=1 submitted_this_pass=0 | galaxy=0/5 laniakea=0/7 voyager=3/3
[08-08 09:05:16] remaining=1 submitted_this_pass=0 | galaxy=0/5 laniakea=0/7 voyager=3/3
[08-08 09:06:47] remaining=1 submitted_this_pass=0 | galaxy=0/5 laniakea=0/7 voyager=3/3
[08-08 09:08:17] remaining=1 submitted_this_pass=0 | galaxy=0/5 laniakea=0/7 voyager=3/3
[08-08 09:09:47] remaining=1 submitted_this_pass=0 | galaxy=0/5 laniakea=0/7 voyager=3/3
[08-08 09:11:17] remaining=1 submitted_this_pass=0 | galaxy=0/5 laniakea=0/7 voyager=3/3
[08-08 09:12:48] remaining=1 submitted_this_pass=0 | galaxy=0/5 laniakea=0/7 voyager=3/3
[08-08 09:14:18] remaining=1 submitted_this_pass=0 | galaxy=0/5 laniakea=0/7 voyager=3/3
[08-08 09:15:48] remaining=1 submitted_this_pass=0 | galaxy=0/5 laniakea=0/7 voyager=3/3
[08-08 09:17:19] remaining=1 submitted_this_pass=0 | galaxy=0/5 laniakea=0/7 voyager=3/3
[08-08 09:18:49] remaining=1 submitted_this_pass=0 | galaxy=0/5 laniakea=0/7 voyager=3/3
[08-08 09:20:19] remaining=1 submitted_this_pass=0 | galaxy=0/5 laniakea=0/7 voyager=3/3
[08-08 09:21:49] remaining=1 submitted_this_pass=0 | galaxy=0/5 laniakea=0/7 voyager=3/3
[08-08 09:23:20] remaining=1 submitted_this_pass=0 | galaxy=0/5 laniakea=0/7 voyager=3/3
[08-08 09:24:50] remaining=1 submitted_this_pass=0 | galaxy=0/5 laniakea=0/7 voyager=3/3
[08-08 09:26:20] remaining=1 submitted_this_pass=0 | galaxy=0/5 laniakea=0/7 voyager=3/3
[08-08 09:27:50] remaining=1 submitted_this_pass=0 | galaxy=0/5 laniakea=0/7 voyager=3/3
[08-08 09:29:21] remaining=1 submitted_this_pass=0 | galaxy=0/5 laniakea=0/7 voyager=3/3
[08-08 09:30:51] remaining=1 submitted_this_pass=0 | galaxy=0/5 laniakea=0/7 voyager=3/3
[08-08 09:32:21] remaining=1 submitted_this_pass=0 | galaxy=0/5 laniakea=0/7 voyager=3/3
[08-08 09:33:51] remaining=1 submitted_this_pass=0 | galaxy=0/5 laniakea=0/7 voyager=3/3
[08-08 09:35:22] remaining=1 submitted_this_pass=0 | galaxy=0/5 laniakea=0/7 voyager=3/3
[08-08 09:36:52] remaining=1 submitted_this_pass=0 | galaxy=0/5 laniakea=0/7 voyager=3/3
[08-08 09:38:22] remaining=1 submitted_this_pass=0 | galaxy=0/5 laniakea=0/7 voyager=3/3
[08-08 09:39:52] remaining=1 submitted_this_pass=0 | galaxy=0/5 laniakea=0/7 voyager=3/3
[08-08 09:41:23] remaining=1 submitted_this_pass=0 | galaxy=0/5 laniakea=0/7 voyager=3/3
[08-08 09:42:53] remaining=1 submitted_this_pass=0 | galaxy=0/5 laniakea=0/7 voyager=3/3
[08-08 09:44:23] remaining=1 submitted_this_pass=0 | galaxy=0/5 laniakea=0/7 voyager=3/3
[08-08 09:45:53] remaining=1 submitted_this_pass=0 | galaxy=0/5 laniakea=0/7 voyager=3/3
[08-08 09:47:24] remaining=1 submitted_this_pass=0 | galaxy=0/5 laniakea=0/7 voyager=3/3
[08-08 09:48:54] remaining=1 submitted_this_pass=0 | galaxy=0/5 laniakea=0/7 voyager=3/3
[08-08 09:50:24] remaining=1 submitted_this_pass=0 | galaxy=0/5 laniakea=0/7 voyager=3/3
[08-08 09:51:54] remaining=1 submitted_this_pass=0 | galaxy=0/5 laniakea=0/7 voyager=3/3
[08-08 09:53:25] remaining=1 submitted_this_pass=0 | galaxy=0/5 laniakea=0/7 voyager=3/3
[08-08 09:54:55] remaining=1 submitted_this_pass=0 | galaxy=0/5 laniakea=0/7 voyager=3/3
[08-08 09:56:25] remaining=1 submitted_this_pass=0 | galaxy=0/5 laniakea=0/7 voyager=3/3
[08-08 09:57:56] remaining=1 submitted_this_pass=0 | galaxy=0/5 laniakea=0/7 voyager=3/3
[08-08 09:59:26] remaining=1 submitted_this_pass=0 | galaxy=0/5 laniakea=0/7 voyager=3/3
[08-08 10:00:56] remaining=1 submitted_this_pass=0 | galaxy=0/5 laniakea=1/7 voyager=3/3
[08-08 10:02:26] remaining=1 submitted_this_pass=0 | galaxy=0/5 laniakea=1/7 voyager=3/3
[08-08 10:03:57] remaining=1 submitted_this_pass=0 | galaxy=0/5 laniakea=1/7 voyager=3/3
[08-08 10:05:27] remaining=1 submitted_this_pass=0 | galaxy=0/5 laniakea=1/7 voyager=3/3
[08-08 10:06:57] remaining=1 submitted_this_pass=0 | galaxy=0/5 laniakea=1/7 voyager=3/3
[08-08 10:08:28] remaining=1 submitted_this_pass=0 | galaxy=0/5 laniakea=1/7 voyager=3/3
[08-08 10:09:58] remaining=1 submitted_this_pass=0 | galaxy=0/5 laniakea=1/7 voyager=3/3
[08-08 10:11:28] remaining=1 submitted_this_pass=0 | galaxy=0/5 laniakea=1/7 voyager=3/3
[08-08 10:12:58] remaining=1 submitted_this_pass=0 | galaxy=0/5 laniakea=1/7 voyager=3/3
[08-08 10:14:29] remaining=1 submitted_this_pass=0 | galaxy=0/5 laniakea=1/7 voyager=3/3
[08-08 10:15:59] remaining=1 submitted_this_pass=0 | galaxy=0/5 laniakea=1/7 voyager=3/3
[08-08 10:17:29] remaining=1 submitted_this_pass=0 | galaxy=0/5 laniakea=1/7 voyager=3/3
[08-08 10:18:59] remaining=1 submitted_this_pass=0 | galaxy=0/5 laniakea=0/7 voyager=3/3
[08-08 10:20:30] remaining=1 submitted_this_pass=0 | galaxy=0/5 laniakea=0/7 voyager=3/3
[08-08 10:22:00] remaining=1 submitted_this_pass=0 | galaxy=0/5 laniakea=0/7 voyager=3/3
[08-08 10:23:30] remaining=1 submitted_this_pass=0 | galaxy=0/5 laniakea=0/7 voyager=3/3
[08-08 10:25:01] remaining=1 submitted_this_pass=0 | galaxy=0/5 laniakea=0/7 voyager=3/3
[08-08 10:26:31] remaining=1 submitted_this_pass=0 | galaxy=0/5 laniakea=0/7 voyager=3/3
[08-08 10:28:01] remaining=1 submitted_this_pass=0 | galaxy=0/5 laniakea=0/7 voyager=3/3
[08-08 10:29:31] remaining=1 submitted_this_pass=0 | galaxy=0/5 laniakea=0/7 voyager=3/3
[08-08 10:31:02] remaining=1 submitted_this_pass=0 | galaxy=0/5 laniakea=0/7 voyager=3/3
[08-08 10:32:32] remaining=1 submitted_this_pass=0 | galaxy=0/5 laniakea=0/7 voyager=3/3
[08-08 10:34:02] remaining=1 submitted_this_pass=0 | galaxy=0/5 laniakea=0/7 voyager=3/3
[08-08 10:35:33] remaining=1 submitted_this_pass=0 | galaxy=0/5 laniakea=0/7 voyager=3/3
[08-08 10:37:03] remaining=1 submitted_this_pass=0 | galaxy=0/5 laniakea=0/7 voyager=3/3
[08-08 10:38:33] remaining=1 submitted_this_pass=0 | galaxy=0/5 laniakea=0/7 voyager=3/3
[08-08 10:40:03] remaining=1 submitted_this_pass=0 | galaxy=0/5 laniakea=0/7 voyager=3/3
[08-08 10:41:34] remaining=1 submitted_this_pass=0 | galaxy=0/5 laniakea=0/7 voyager=3/3
[08-08 10:43:04] remaining=1 submitted_this_pass=0 | galaxy=0/5 laniakea=0/7 voyager=3/3
[08-08 10:44:34] remaining=1 submitted_this_pass=0 | galaxy=0/5 laniakea=0/7 voyager=3/3
[08-08 10:46:04] remaining=1 submitted_this_pass=0 | galaxy=0/5 laniakea=0/7 voyager=3/3
[08-08 10:47:35] remaining=1 submitted_this_pass=0 | galaxy=0/5 laniakea=0/7 voyager=3/3
[08-08 10:49:05] remaining=1 submitted_this_pass=0 | galaxy=0/5 laniakea=0/7 voyager=3/3
[08-08 10:50:35] remaining=1 submitted_this_pass=0 | galaxy=0/5 laniakea=0/7 voyager=3/3
[08-08 10:52:05] remaining=1 submitted_this_pass=0 | galaxy=0/5 laniakea=0/7 voyager=3/3
[08-08 10:53:36] remaining=1 submitted_this_pass=0 | galaxy=0/5 laniakea=0/7 voyager=3/3
[08-08 10:55:06] remaining=1 submitted_this_pass=0 | galaxy=0/5 laniakea=0/7 voyager=3/3
[08-08 10:56:36] remaining=1 submitted_this_pass=0 | galaxy=0/5 laniakea=0/7 voyager=3/3
[08-08 10:58:06] remaining=1 submitted_this_pass=0 | galaxy=0/5 laniakea=0/7 voyager=3/3
[08-08 10:59:37] remaining=1 submitted_this_pass=0 | galaxy=0/5 laniakea=0/7 voyager=3/3
[08-08 11:01:07] remaining=1 submitted_this_pass=0 | galaxy=0/5 laniakea=0/7 voyager=3/3
[08-08 11:02:37] remaining=1 submitted_this_pass=0 | galaxy=0/5 laniakea=0/7 voyager=3/3
[08-08 11:04:08] remaining=1 submitted_this_pass=0 | galaxy=0/5 laniakea=0/7 voyager=3/3
[08-08 11:05:38] remaining=1 submitted_this_pass=0 | galaxy=0/5 laniakea=0/7 voyager=3/3
[08-08 11:07:09] remaining=1 submitted_this_pass=0 | galaxy=0/5 laniakea=0/7 voyager=3/3
[08-08 11:08:39] remaining=1 submitted_this_pass=0 | galaxy=0/5 laniakea=0/7 voyager=3/3
[08-08 11:10:09] remaining=1 submitted_this_pass=0 | galaxy=0/5 laniakea=0/7 voyager=3/3
[08-08 11:11:40] remaining=1 submitted_this_pass=0 | galaxy=0/5 laniakea=0/7 voyager=3/3
[08-08 11:13:10] remaining=1 submitted_this_pass=0 | galaxy=0/5 laniakea=0/7 voyager=3/3
[08-08 11:14:40] remaining=1 submitted_this_pass=0 | galaxy=0/5 laniakea=0/7 voyager=3/3
[08-08 11:16:11] remaining=1 submitted_this_pass=0 | galaxy=0/5 laniakea=0/7 voyager=3/3
[08-08 11:17:41] remaining=1 submitted_this_pass=0 | galaxy=0/5 laniakea=0/7 voyager=3/3
[08-08 11:19:11] remaining=1 submitted_this_pass=0 | galaxy=0/5 laniakea=0/7 voyager=3/3
[08-08 11:20:41] remaining=1 submitted_this_pass=0 | galaxy=0/5 laniakea=0/7 voyager=3/3
[08-08 11:22:12] remaining=1 submitted_this_pass=0 | galaxy=0/5 laniakea=0/7 voyager=3/3
[08-08 11:23:42] remaining=1 submitted_this_pass=0 | galaxy=0/5 laniakea=0/7 voyager=3/3
[08-08 11:25:12] remaining=1 submitted_this_pass=0 | galaxy=0/5 laniakea=0/7 voyager=3/3
[08-08 11:26:43] remaining=1 submitted_this_pass=0 | galaxy=0/5 laniakea=0/7 voyager=3/3
[08-08 11:28:13] remaining=1 submitted_this_pass=0 | galaxy=0/5 laniakea=0/7 voyager=3/3
[08-08 11:29:43] remaining=1 submitted_this_pass=0 | galaxy=0/5 laniakea=0/7 voyager=3/3
[08-08 11:31:14] remaining=1 submitted_this_pass=0 | galaxy=0/5 laniakea=0/7 voyager=3/3
[08-08 11:32:44] remaining=1 submitted_this_pass=0 | galaxy=0/5 laniakea=0/7 voyager=3/3
[08-08 11:34:14] remaining=1 submitted_this_pass=0 | galaxy=0/5 laniakea=0/7 voyager=3/3
[08-08 11:35:44] remaining=1 submitted_this_pass=0 | galaxy=0/5 laniakea=0/7 voyager=3/3
[08-08 11:37:15] remaining=1 submitted_this_pass=0 | galaxy=0/5 laniakea=0/7 voyager=3/3
[08-08 11:38:45] remaining=1 submitted_this_pass=0 | galaxy=0/5 laniakea=0/7 voyager=3/3
[08-08 11:40:15] remaining=1 submitted_this_pass=0 | galaxy=0/5 laniakea=0/7 voyager=3/3
[08-08 11:41:45] remaining=1 submitted_this_pass=0 | galaxy=0/5 laniakea=0/7 voyager=3/3
[08-08 11:43:16] remaining=1 submitted_this_pass=0 | galaxy=0/5 laniakea=0/7 voyager=3/3
[08-08 11:44:46] remaining=1 submitted_this_pass=0 | galaxy=0/5 laniakea=0/7 voyager=3/3
[08-08 11:46:16] remaining=1 submitted_this_pass=0 | galaxy=0/5 laniakea=0/7 voyager=3/3
[08-08 11:47:46] remaining=1 submitted_this_pass=0 | galaxy=0/5 laniakea=0/7 voyager=3/3
[08-08 11:49:17] remaining=1 submitted_this_pass=0 | galaxy=0/5 laniakea=0/7 voyager=3/3
[08-08 11:50:47] remaining=1 submitted_this_pass=0 | galaxy=0/5 laniakea=0/7 voyager=3/3
[08-08 11:52:17] remaining=1 submitted_this_pass=0 | galaxy=0/5 laniakea=0/7 voyager=3/3
[08-08 11:53:47] remaining=1 submitted_this_pass=0 | galaxy=0/5 laniakea=0/7 voyager=3/3
[08-08 11:55:18] remaining=1 submitted_this_pass=0 | galaxy=0/5 laniakea=0/7 voyager=3/3
[08-08 11:56:48] remaining=1 submitted_this_pass=0 | galaxy=0/5 laniakea=0/7 voyager=3/3
[08-08 11:58:18] remaining=1 submitted_this_pass=0 | galaxy=0/5 laniakea=0/7 voyager=3/3
[08-08 11:59:48] remaining=1 submitted_this_pass=0 | galaxy=0/5 laniakea=0/7 voyager=3/3
[08-08 12:01:19] remaining=1 submitted_this_pass=0 | galaxy=1/5 laniakea=0/7 voyager=3/3
[08-08 12:02:49] remaining=1 submitted_this_pass=0 | galaxy=1/5 laniakea=0/7 voyager=3/3
[08-08 12:04:19] remaining=1 submitted_this_pass=0 | galaxy=1/5 laniakea=0/7 voyager=3/3
[08-08 12:05:49] remaining=1 submitted_this_pass=0 | galaxy=1/5 laniakea=0/7 voyager=3/3
[08-08 12:07:20] remaining=1 submitted_this_pass=0 | galaxy=1/5 laniakea=0/7 voyager=3/3
[08-08 12:08:50] remaining=1 submitted_this_pass=0 | galaxy=1/5 laniakea=0/7 voyager=3/3
[08-08 12:10:20] remaining=1 submitted_this_pass=0 | galaxy=1/5 laniakea=0/7 voyager=3/3
[08-08 12:11:50] remaining=1 submitted_this_pass=0 | galaxy=1/5 laniakea=0/7 voyager=3/3
[08-08 12:13:21] remaining=1 submitted_this_pass=0 | galaxy=1/5 laniakea=0/7 voyager=3/3
[08-08 12:14:51] remaining=1 submitted_this_pass=0 | galaxy=1/5 laniakea=0/7 voyager=3/3
[08-08 12:16:21] remaining=1 submitted_this_pass=0 | galaxy=1/5 laniakea=0/7 voyager=3/3
[08-08 12:17:51] remaining=1 submitted_this_pass=0 | galaxy=1/5 laniakea=0/7 voyager=3/3
[08-08 12:19:22] remaining=1 submitted_this_pass=0 | galaxy=0/5 laniakea=0/7 voyager=3/3
[08-08 12:20:52] remaining=1 submitted_this_pass=0 | galaxy=0/5 laniakea=0/7 voyager=3/3
[08-08 12:22:22] remaining=1 submitted_this_pass=0 | galaxy=0/5 laniakea=0/7 voyager=3/3
[08-08 12:23:53] remaining=1 submitted_this_pass=0 | galaxy=0/5 laniakea=0/7 voyager=3/3
[08-08 12:25:23] remaining=1 submitted_this_pass=0 | galaxy=0/5 laniakea=0/7 voyager=3/3
[08-08 12:26:53] remaining=1 submitted_this_pass=0 | galaxy=0/5 laniakea=0/7 voyager=3/3
[08-08 12:28:24] remaining=1 submitted_this_pass=0 | galaxy=0/5 laniakea=0/7 voyager=3/3
[08-08 12:29:54] remaining=1 submitted_this_pass=0 | galaxy=0/5 laniakea=0/7 voyager=3/3
[08-08 12:31:24] remaining=1 submitted_this_pass=0 | galaxy=0/5 laniakea=0/7 voyager=3/3
[08-08 12:32:56] remaining=1 submitted_this_pass=0 | galaxy=0/5 laniakea=0/7 voyager=3/3
[08-08 12:34:26] remaining=1 submitted_this_pass=0 | galaxy=0/5 laniakea=0/7 voyager=3/3
[08-08 12:35:56] remaining=1 submitted_this_pass=0 | galaxy=0/5 laniakea=0/7 voyager=3/3
[08-08 12:37:27] remaining=1 submitted_this_pass=0 | galaxy=0/5 laniakea=0/7 voyager=3/3
[08-08 12:38:57] remaining=1 submitted_this_pass=0 | galaxy=0/5 laniakea=0/7 voyager=3/3
[08-08 12:40:27] remaining=1 submitted_this_pass=0 | galaxy=0/5 laniakea=0/7 voyager=3/3
[08-08 12:41:57] remaining=1 submitted_this_pass=0 | galaxy=0/5 laniakea=0/7 voyager=3/3
[08-08 12:43:28] remaining=1 submitted_this_pass=0 | galaxy=0/5 laniakea=0/7 voyager=3/3
[08-08 12:44:58] remaining=1 submitted_this_pass=0 | galaxy=0/5 laniakea=0/7 voyager=3/3
[08-08 12:46:28] remaining=1 submitted_this_pass=0 | galaxy=0/5 laniakea=0/7 voyager=3/3
[08-08 12:47:58] remaining=1 submitted_this_pass=0 | galaxy=0/5 laniakea=0/7 voyager=3/3
[08-08 12:49:29] remaining=1 submitted_this_pass=0 | galaxy=0/5 laniakea=0/7 voyager=3/3
[08-08 12:50:59] remaining=1 submitted_this_pass=0 | galaxy=0/5 laniakea=0/7 voyager=3/3
[08-08 12:52:29] remaining=1 submitted_this_pass=0 | galaxy=0/5 laniakea=0/7 voyager=3/3
[08-08 12:53:59] remaining=1 submitted_this_pass=0 | galaxy=0/5 laniakea=0/7 voyager=3/3
[08-08 12:55:30] remaining=1 submitted_this_pass=0 | galaxy=0/5 laniakea=0/7 voyager=3/3
[08-08 12:57:00] remaining=1 submitted_this_pass=0 | galaxy=0/5 laniakea=0/7 voyager=3/3
[08-08 12:58:30] remaining=1 submitted_this_pass=0 | galaxy=0/5 laniakea=0/7 voyager=3/3
[08-08 13:00:01] remaining=1 submitted_this_pass=0 | galaxy=0/5 laniakea=0/7 voyager=3/3
[08-08 13:01:31] remaining=1 submitted_this_pass=0 | galaxy=0/5 laniakea=0/7 voyager=3/3
[08-08 13:03:01] remaining=1 submitted_this_pass=0 | galaxy=0/5 laniakea=0/7 voyager=3/3
[08-08 13:04:31] remaining=1 submitted_this_pass=0 | galaxy=0/5 laniakea=0/7 voyager=3/3
[08-08 13:06:02] remaining=1 submitted_this_pass=0 | galaxy=0/5 laniakea=0/7 voyager=3/3
[08-08 13:07:32] remaining=1 submitted_this_pass=0 | galaxy=0/5 laniakea=0/7 voyager=3/3
[08-08 13:09:03] remaining=1 submitted_this_pass=0 | galaxy=0/5 laniakea=0/7 voyager=3/3
[08-08 13:10:33] remaining=1 submitted_this_pass=0 | galaxy=0/5 laniakea=0/7 voyager=3/3
[08-08 13:12:03] remaining=1 submitted_this_pass=0 | galaxy=0/5 laniakea=0/7 voyager=3/3
[08-08 13:13:34] remaining=1 submitted_this_pass=0 | galaxy=0/5 laniakea=0/7 voyager=3/3
[08-08 13:15:04] remaining=1 submitted_this_pass=0 | galaxy=0/5 laniakea=0/7 voyager=3/3
[08-08 13:16:34] remaining=1 submitted_this_pass=0 | galaxy=0/5 laniakea=0/7 voyager=3/3
[08-08 13:18:05] remaining=1 submitted_this_pass=0 | galaxy=0/5 laniakea=0/7 voyager=3/3
[08-08 13:19:35] remaining=1 submitted_this_pass=0 | galaxy=0/5 laniakea=0/7 voyager=3/3
[08-08 13:21:05] remaining=1 submitted_this_pass=0 | galaxy=0/5 laniakea=0/7 voyager=3/3
[08-08 13:22:36] remaining=1 submitted_this_pass=0 | galaxy=0/5 laniakea=0/7 voyager=2/3
[08-08 13:24:06] remaining=1 submitted_this_pass=0 | galaxy=0/5 laniakea=0/7 voyager=3/3
[08-08 13:25:36] remaining=1 submitted_this_pass=0 | galaxy=0/5 laniakea=0/7 voyager=3/3
[08-08 13:27:07] remaining=1 submitted_this_pass=0 | galaxy=1/5 laniakea=0/7 voyager=3/3
[08-08 13:28:37] remaining=1 submitted_this_pass=0 | galaxy=1/5 laniakea=0/7 voyager=2/3
[08-08 13:30:07] remaining=1 submitted_this_pass=0 | galaxy=1/5 laniakea=0/7 voyager=2/3
[08-08 13:31:38] remaining=1 submitted_this_pass=0 | galaxy=1/5 laniakea=0/7 voyager=2/3
[08-08 13:33:08] remaining=1 submitted_this_pass=0 | galaxy=1/5 laniakea=0/7 voyager=2/3
[08-08 13:34:38] remaining=1 submitted_this_pass=0 | galaxy=1/5 laniakea=0/7 voyager=2/3
[08-08 13:36:09] remaining=1 submitted_this_pass=0 | galaxy=0/5 laniakea=0/7 voyager=3/3
[08-08 13:37:40] remaining=1 submitted_this_pass=0 | galaxy=0/5 laniakea=0/7 voyager=4/3
[08-08 13:39:10] remaining=1 submitted_this_pass=0 | galaxy=0/5 laniakea=0/7 voyager=4/3
[08-08 13:40:41] remaining=1 submitted_this_pass=0 | galaxy=0/5 laniakea=0/7 voyager=4/3
[08-08 13:42:11] remaining=1 submitted_this_pass=0 | galaxy=0/5 laniakea=0/7 voyager=4/3
[08-08 13:43:41] remaining=1 submitted_this_pass=0 | galaxy=0/5 laniakea=0/7 voyager=4/3
[08-08 13:45:12] remaining=1 submitted_this_pass=0 | galaxy=0/5 laniakea=0/7 voyager=4/3
[08-08 13:46:42] remaining=1 submitted_this_pass=0 | galaxy=0/5 laniakea=0/7 voyager=4/3
[08-08 13:48:12] remaining=1 submitted_this_pass=0 | galaxy=0/5 laniakea=0/7 voyager=4/3
[08-08 13:49:43] remaining=1 submitted_this_pass=0 | galaxy=0/5 laniakea=0/7 voyager=4/3
[08-08 13:51:13] remaining=1 submitted_this_pass=0 | galaxy=0/5 laniakea=0/7 voyager=4/3
[08-08 13:52:43] remaining=1 submitted_this_pass=0 | galaxy=0/5 laniakea=0/7 voyager=4/3
[08-08 13:54:14] remaining=1 submitted_this_pass=0 | galaxy=0/5 laniakea=0/7 voyager=4/3
[08-08 13:55:44] remaining=1 submitted_this_pass=0 | galaxy=0/5 laniakea=0/7 voyager=4/3
[08-08 13:57:14] remaining=1 submitted_this_pass=0 | galaxy=0/5 laniakea=0/7 voyager=4/3
[08-08 13:58:45] remaining=1 submitted_this_pass=0 | galaxy=0/5 laniakea=0/7 voyager=4/3
[08-08 14:00:15] remaining=1 submitted_this_pass=0 | galaxy=0/5 laniakea=0/7 voyager=4/3
[08-08 14:01:45] remaining=1 submitted_this_pass=0 | galaxy=1/5 laniakea=0/7 voyager=4/3
[08-08 14:03:15] remaining=1 submitted_this_pass=0 | galaxy=1/5 laniakea=0/7 voyager=4/3
[08-08 14:04:46] remaining=1 submitted_this_pass=0 | galaxy=1/5 laniakea=0/7 voyager=4/3
[08-08 14:06:16] remaining=1 submitted_this_pass=0 | galaxy=1/5 laniakea=0/7 voyager=4/3
[08-08 14:07:46] remaining=1 submitted_this_pass=0 | galaxy=1/5 laniakea=0/7 voyager=4/3
[08-08 14:09:17] remaining=1 submitted_this_pass=0 | galaxy=1/5 laniakea=0/7 voyager=4/3
[08-08 14:10:47] remaining=1 submitted_this_pass=0 | galaxy=1/5 laniakea=0/7 voyager=4/3
[08-08 14:12:17] remaining=1 submitted_this_pass=0 | galaxy=1/5 laniakea=0/7 voyager=4/3
[08-08 14:13:47] remaining=1 submitted_this_pass=0 | galaxy=1/5 laniakea=0/7 voyager=4/3
[08-08 14:15:18] remaining=1 submitted_this_pass=0 | galaxy=1/5 laniakea=0/7 voyager=4/3
[08-08 14:16:48] remaining=1 submitted_this_pass=0 | galaxy=1/5 laniakea=0/7 voyager=4/3
[08-08 14:18:18] remaining=1 submitted_this_pass=0 | galaxy=0/5 laniakea=0/7 voyager=4/3
[08-08 14:19:49] remaining=1 submitted_this_pass=0 | galaxy=0/5 laniakea=0/7 voyager=4/3
[08-08 14:21:19] remaining=1 submitted_this_pass=0 | galaxy=0/5 laniakea=0/7 voyager=4/3
[08-08 14:22:49] remaining=1 submitted_this_pass=0 | galaxy=0/5 laniakea=0/7 voyager=4/3
[08-08 14:24:19] remaining=1 submitted_this_pass=0 | galaxy=0/5 laniakea=0/7 voyager=4/3
[08-08 14:25:50] remaining=1 submitted_this_pass=0 | galaxy=0/5 laniakea=0/7 voyager=4/3
[08-08 14:27:20] remaining=1 submitted_this_pass=0 | galaxy=0/5 laniakea=0/7 voyager=4/3
[08-08 14:28:50] remaining=1 submitted_this_pass=0 | galaxy=0/5 laniakea=0/7 voyager=4/3
[08-08 14:30:20] remaining=1 submitted_this_pass=0 | galaxy=1/5 laniakea=0/7 voyager=3/3
[08-08 14:31:51] remaining=1 submitted_this_pass=0 | galaxy=1/5 laniakea=0/7 voyager=3/3
[08-08 14:33:21] remaining=1 submitted_this_pass=0 | galaxy=1/5 laniakea=0/7 voyager=3/3
[08-08 14:34:51] remaining=1 submitted_this_pass=0 | galaxy=1/5 laniakea=0/7 voyager=3/3
[08-08 14:36:22] remaining=1 submitted_this_pass=0 | galaxy=1/5 laniakea=0/7 voyager=3/3
[08-08 14:37:52] remaining=1 submitted_this_pass=0 | galaxy=1/5 laniakea=0/7 voyager=3/3
[08-08 14:39:22] remaining=1 submitted_this_pass=0 | galaxy=1/5 laniakea=0/7 voyager=3/3
[08-08 14:40:53] remaining=1 submitted_this_pass=0 | galaxy=1/5 laniakea=0/7 voyager=3/3
[08-08 14:42:23] remaining=1 submitted_this_pass=0 | galaxy=1/5 laniakea=2/7 voyager=3/3
[08-08 14:43:53] remaining=1 submitted_this_pass=0 | galaxy=1/5 laniakea=2/7 voyager=3/3
[08-08 14:45:24] remaining=1 submitted_this_pass=0 | galaxy=1/5 laniakea=2/7 voyager=3/3
[08-08 14:46:54] remaining=1 submitted_this_pass=0 | galaxy=1/5 laniakea=2/7 voyager=3/3
[08-08 14:48:24] remaining=1 submitted_this_pass=0 | galaxy=1/5 laniakea=2/7 voyager=3/3
[08-08 14:49:55] remaining=1 submitted_this_pass=0 | galaxy=1/5 laniakea=2/7 voyager=3/3
[08-08 14:51:25] remaining=1 submitted_this_pass=0 | galaxy=1/5 laniakea=2/7 voyager=3/3
[08-08 14:52:55] remaining=1 submitted_this_pass=0 | galaxy=1/5 laniakea=2/7 voyager=3/3
[08-08 14:54:26] remaining=1 submitted_this_pass=0 | galaxy=1/5 laniakea=2/7 voyager=3/3
[08-08 14:55:56] remaining=1 submitted_this_pass=0 | galaxy=1/5 laniakea=2/7 voyager=3/3
[08-08 14:57:26] remaining=1 submitted_this_pass=0 | galaxy=1/5 laniakea=0/7 voyager=3/3
[08-08 14:58:57] remaining=1 submitted_this_pass=0 | galaxy=1/5 laniakea=0/7 voyager=3/3
[08-08 15:00:27] remaining=1 submitted_this_pass=0 | galaxy=1/5 laniakea=0/7 voyager=3/3
[08-08 15:01:58] remaining=1 submitted_this_pass=0 | galaxy=1/5 laniakea=0/7 voyager=3/3
[08-08 15:03:28] remaining=1 submitted_this_pass=0 | galaxy=1/5 laniakea=1/7 voyager=3/3
[08-08 15:04:58] remaining=1 submitted_this_pass=0 | galaxy=1/5 laniakea=1/7 voyager=3/3
[08-08 15:06:29] remaining=1 submitted_this_pass=0 | galaxy=1/5 laniakea=1/7 voyager=3/3
[08-08 15:07:59] remaining=1 submitted_this_pass=0 | galaxy=1/5 laniakea=1/7 voyager=3/3
[08-08 15:09:30] remaining=1 submitted_this_pass=0 | galaxy=1/5 laniakea=1/7 voyager=4/3
[08-08 15:11:00] remaining=1 submitted_this_pass=0 | galaxy=1/5 laniakea=1/7 voyager=4/3
[08-08 15:12:31] remaining=1 submitted_this_pass=0 | galaxy=1/5 laniakea=1/7 voyager=4/3
[08-08 15:14:01] remaining=1 submitted_this_pass=0 | galaxy=1/5 laniakea=1/7 voyager=4/3
[08-08 15:15:33] remaining=1 submitted_this_pass=0 | galaxy=1/5 laniakea=1/7 voyager=4/3
[08-08 15:17:04] remaining=1 submitted_this_pass=0 | galaxy=1/5 laniakea=1/7 voyager=4/3
[08-08 15:18:35] remaining=1 submitted_this_pass=0 | galaxy=1/5 laniakea=1/7 voyager=4/3
[08-08 15:20:05] remaining=1 submitted_this_pass=0 | galaxy=1/5 laniakea=1/7 voyager=4/3
[08-08 15:21:35] remaining=1 submitted_this_pass=0 | galaxy=1/5 laniakea=1/7 voyager=4/3
[08-08 15:23:06] remaining=1 submitted_this_pass=0 | galaxy=1/5 laniakea=1/7 voyager=4/3
[08-08 15:24:36] remaining=1 submitted_this_pass=0 | galaxy=1/5 laniakea=1/7 voyager=4/3
[08-08 15:26:06] remaining=1 submitted_this_pass=0 | galaxy=1/5 laniakea=1/7 voyager=4/3
[08-08 15:27:37] remaining=1 submitted_this_pass=0 | galaxy=1/5 laniakea=1/7 voyager=4/3
[08-08 15:29:07] remaining=1 submitted_this_pass=0 | galaxy=1/5 laniakea=1/7 voyager=4/3
[08-08 15:30:38] remaining=1 submitted_this_pass=0 | galaxy=1/5 laniakea=1/7 voyager=4/3
[08-08 15:32:08] remaining=1 submitted_this_pass=0 | galaxy=1/5 laniakea=1/7 voyager=4/3
[08-08 15:33:38] remaining=1 submitted_this_pass=0 | galaxy=1/5 laniakea=1/7 voyager=4/3
[08-08 15:35:09] remaining=1 submitted_this_pass=0 | galaxy=1/5 laniakea=1/7 voyager=4/3
[08-08 15:36:39] remaining=1 submitted_this_pass=0 | galaxy=1/5 laniakea=1/7 voyager=4/3
[08-08 15:38:09] remaining=1 submitted_this_pass=0 | galaxy=1/5 laniakea=1/7 voyager=4/3
[08-08 15:39:40] remaining=1 submitted_this_pass=0 | galaxy=1/5 laniakea=1/7 voyager=4/3
[08-08 15:41:10] remaining=1 submitted_this_pass=0 | galaxy=1/5 laniakea=1/7 voyager=4/3
[08-08 15:42:40] remaining=1 submitted_this_pass=0 | galaxy=1/5 laniakea=1/7 voyager=4/3
[08-08 15:44:11] remaining=1 submitted_this_pass=0 | galaxy=1/5 laniakea=1/7 voyager=4/3
[08-08 15:45:41] remaining=1 submitted_this_pass=0 | galaxy=1/5 laniakea=1/7 voyager=4/3
[08-08 15:47:11] remaining=1 submitted_this_pass=0 | galaxy=1/5 laniakea=1/7 voyager=4/3
[08-08 15:48:41] remaining=1 submitted_this_pass=0 | galaxy=1/5 laniakea=1/7 voyager=4/3
[08-08 15:50:12] remaining=1 submitted_this_pass=0 | galaxy=1/5 laniakea=0/7 voyager=3/3
[08-08 15:51:42] remaining=1 submitted_this_pass=0 | galaxy=1/5 laniakea=0/7 voyager=3/3
[08-08 15:53:12] remaining=1 submitted_this_pass=0 | galaxy=1/5 laniakea=0/7 voyager=3/3
[08-08 15:54:43] remaining=1 submitted_this_pass=0 | galaxy=1/5 laniakea=0/7 voyager=3/3
[08-08 15:56:13] remaining=1 submitted_this_pass=0 | galaxy=1/5 laniakea=0/7 voyager=3/3
[08-08 15:57:43] remaining=1 submitted_this_pass=0 | galaxy=1/5 laniakea=0/7 voyager=3/3
[08-08 15:59:13] remaining=1 submitted_this_pass=0 | galaxy=1/5 laniakea=0/7 voyager=3/3
[08-08 16:00:44] remaining=1 submitted_this_pass=0 | galaxy=2/5 laniakea=0/7 voyager=3/3
[08-08 16:02:14] remaining=1 submitted_this_pass=0 | galaxy=2/5 laniakea=0/7 voyager=3/3
[08-08 16:03:44] remaining=1 submitted_this_pass=0 | galaxy=2/5 laniakea=0/7 voyager=3/3
[08-08 16:05:15] remaining=1 submitted_this_pass=0 | galaxy=2/5 laniakea=0/7 voyager=3/3
[08-08 16:06:45] remaining=1 submitted_this_pass=0 | galaxy=2/5 laniakea=0/7 voyager=3/3
[08-08 16:08:15] remaining=1 submitted_this_pass=0 | galaxy=2/5 laniakea=0/7 voyager=3/3
[08-08 16:09:46] remaining=1 submitted_this_pass=0 | galaxy=2/5 laniakea=0/7 voyager=3/3
[08-08 16:11:16] remaining=1 submitted_this_pass=0 | galaxy=2/5 laniakea=0/7 voyager=3/3
[08-08 16:12:46] remaining=1 submitted_this_pass=0 | galaxy=2/5 laniakea=0/7 voyager=3/3
[08-08 16:14:17] remaining=1 submitted_this_pass=0 | galaxy=2/5 laniakea=0/7 voyager=3/3
[08-08 16:15:47] remaining=1 submitted_this_pass=0 | galaxy=2/5 laniakea=0/7 voyager=3/3
[08-08 16:17:17] remaining=1 submitted_this_pass=0 | galaxy=2/5 laniakea=0/7 voyager=3/3
[08-08 16:18:48] remaining=1 submitted_this_pass=0 | galaxy=1/5 laniakea=0/7 voyager=3/3
[08-08 16:20:18] remaining=1 submitted_this_pass=0 | galaxy=1/5 laniakea=0/7 voyager=3/3
[08-08 16:21:49] remaining=1 submitted_this_pass=0 | galaxy=1/5 laniakea=0/7 voyager=3/3
[08-08 16:23:19] remaining=1 submitted_this_pass=0 | galaxy=1/5 laniakea=0/7 voyager=3/3
[08-08 16:24:50] remaining=1 submitted_this_pass=0 | galaxy=1/5 laniakea=0/7 voyager=3/3
[08-08 16:26:20] remaining=1 submitted_this_pass=0 | galaxy=1/5 laniakea=0/7 voyager=3/3
[08-08 16:27:50] remaining=1 submitted_this_pass=0 | galaxy=1/5 laniakea=0/7 voyager=3/3
[08-08 16:29:21] remaining=1 submitted_this_pass=0 | galaxy=1/5 laniakea=0/7 voyager=3/3
[08-08 16:30:51] remaining=1 submitted_this_pass=0 | galaxy=1/5 laniakea=0/7 voyager=3/3
[08-08 16:32:21] remaining=1 submitted_this_pass=0 | galaxy=1/5 laniakea=0/7 voyager=3/3
[08-08 16:33:51] remaining=1 submitted_this_pass=0 | galaxy=1/5 laniakea=0/7 voyager=3/3
[08-08 16:35:22] remaining=1 submitted_this_pass=0 | galaxy=1/5 laniakea=0/7 voyager=3/3
[08-08 16:36:52] remaining=1 submitted_this_pass=0 | galaxy=1/5 laniakea=0/7 voyager=3/3
[08-08 16:38:22] remaining=1 submitted_this_pass=0 | galaxy=1/5 laniakea=0/7 voyager=3/3
[08-08 16:39:53] remaining=1 submitted_this_pass=0 | galaxy=1/5 laniakea=0/7 voyager=3/3
[08-08 16:41:23] remaining=1 submitted_this_pass=0 | galaxy=1/5 laniakea=0/7 voyager=3/3
[08-08 16:42:53] remaining=1 submitted_this_pass=0 | galaxy=1/5 laniakea=0/7 voyager=3/3
[08-08 16:44:24] remaining=1 submitted_this_pass=0 | galaxy=1/5 laniakea=0/7 voyager=3/3
[08-08 16:45:54] remaining=1 submitted_this_pass=0 | galaxy=1/5 laniakea=0/7 voyager=3/3
[08-08 16:47:24] remaining=1 submitted_this_pass=0 | galaxy=1/5 laniakea=0/7 voyager=3/3
[08-08 16:48:55] remaining=1 submitted_this_pass=0 | galaxy=1/5 laniakea=0/7 voyager=3/3
[08-08 16:50:25] remaining=1 submitted_this_pass=0 | galaxy=1/5 laniakea=0/7 voyager=3/3
[08-08 16:51:56] remaining=1 submitted_this_pass=0 | galaxy=1/5 laniakea=0/7 voyager=3/3
[08-08 16:53:26] remaining=1 submitted_this_pass=0 | galaxy=1/5 laniakea=0/7 voyager=3/3
[08-08 16:54:56] remaining=1 submitted_this_pass=0 | galaxy=1/5 laniakea=0/7 voyager=3/3
[08-08 16:56:26] remaining=1 submitted_this_pass=0 | galaxy=1/5 laniakea=0/7 voyager=3/3
[08-08 16:57:57] remaining=1 submitted_this_pass=0 | galaxy=1/5 laniakea=0/7 voyager=3/3
[08-08 16:59:27] remaining=1 submitted_this_pass=0 | galaxy=1/5 laniakea=0/7 voyager=3/3
[08-08 17:00:58] remaining=1 submitted_this_pass=0 | galaxy=1/5 laniakea=0/7 voyager=3/3
[08-08 17:02:28] remaining=1 submitted_this_pass=0 | galaxy=1/5 laniakea=0/7 voyager=3/3
[08-08 17:03:58] remaining=1 submitted_this_pass=0 | galaxy=1/5 laniakea=0/7 voyager=3/3
[08-08 17:05:28] remaining=1 submitted_this_pass=0 | galaxy=1/5 laniakea=0/7 voyager=3/3
[08-08 17:06:59] remaining=1 submitted_this_pass=0 | galaxy=1/5 laniakea=0/7 voyager=3/3
[08-08 17:08:29] remaining=1 submitted_this_pass=0 | galaxy=1/5 laniakea=0/7 voyager=3/3
[08-08 17:10:00] remaining=1 submitted_this_pass=0 | galaxy=1/5 laniakea=0/7 voyager=3/3
[08-08 17:11:30] remaining=1 submitted_this_pass=0 | galaxy=1/5 laniakea=0/7 voyager=3/3
[08-08 17:13:01] remaining=1 submitted_this_pass=0 | galaxy=1/5 laniakea=0/7 voyager=3/3
[08-08 17:14:31] remaining=1 submitted_this_pass=0 | galaxy=1/5 laniakea=0/7 voyager=3/3
[08-08 17:16:01] remaining=1 submitted_this_pass=0 | galaxy=1/5 laniakea=0/7 voyager=3/3
[08-08 17:17:32] remaining=1 submitted_this_pass=0 | galaxy=1/5 laniakea=0/7 voyager=3/3
[08-08 17:19:02] remaining=1 submitted_this_pass=0 | galaxy=1/5 laniakea=0/7 voyager=3/3
[08-08 17:20:32] remaining=1 submitted_this_pass=0 | galaxy=1/5 laniakea=0/7 voyager=3/3
[08-08 17:22:03] remaining=1 submitted_this_pass=0 | galaxy=1/5 laniakea=0/7 voyager=3/3
[08-08 17:23:33] remaining=1 submitted_this_pass=0 | galaxy=1/5 laniakea=0/7 voyager=3/3
[08-08 17:25:03] remaining=1 submitted_this_pass=0 | galaxy=1/5 laniakea=0/7 voyager=3/3
[08-08 17:26:34] remaining=1 submitted_this_pass=0 | galaxy=1/5 laniakea=0/7 voyager=3/3
[08-08 17:28:04] remaining=1 submitted_this_pass=0 | galaxy=1/5 laniakea=0/7 voyager=3/3
[08-08 17:29:34] remaining=1 submitted_this_pass=0 | galaxy=1/5 laniakea=0/7 voyager=3/3
[08-08 17:31:05] remaining=1 submitted_this_pass=0 | galaxy=1/5 laniakea=0/7 voyager=3/3
[08-08 17:32:35] remaining=1 submitted_this_pass=0 | galaxy=1/5 laniakea=0/7 voyager=3/3
[08-08 17:34:05] remaining=1 submitted_this_pass=0 | galaxy=1/5 laniakea=0/7 voyager=3/3
[08-08 17:35:35] remaining=1 submitted_this_pass=0 | galaxy=1/5 laniakea=0/7 voyager=3/3
[08-08 17:37:06] remaining=1 submitted_this_pass=0 | galaxy=1/5 laniakea=0/7 voyager=3/3
[08-08 17:38:36] remaining=1 submitted_this_pass=0 | galaxy=1/5 laniakea=0/7 voyager=3/3
[08-08 17:40:06] remaining=1 submitted_this_pass=0 | galaxy=1/5 laniakea=0/7 voyager=3/3
[08-08 17:41:37] remaining=1 submitted_this_pass=0 | galaxy=1/5 laniakea=0/7 voyager=3/3
[08-08 17:43:07] remaining=1 submitted_this_pass=0 | galaxy=1/5 laniakea=0/7 voyager=3/3
[08-08 17:44:37] remaining=1 submitted_this_pass=0 | galaxy=1/5 laniakea=0/7 voyager=3/3
[08-08 17:46:08] remaining=1 submitted_this_pass=0 | galaxy=1/5 laniakea=0/7 voyager=3/3
[08-08 17:47:39] remaining=1 submitted_this_pass=0 | galaxy=1/5 laniakea=0/7 voyager=3/3
[08-08 17:49:09] remaining=1 submitted_this_pass=0 | galaxy=1/5 laniakea=0/7 voyager=3/3
[08-08 17:50:39] remaining=1 submitted_this_pass=0 | galaxy=1/5 laniakea=0/7 voyager=3/3
[08-08 17:52:10] remaining=1 submitted_this_pass=0 | galaxy=1/5 laniakea=0/7 voyager=3/3
[08-08 17:53:40] remaining=1 submitted_this_pass=0 | galaxy=1/5 laniakea=0/7 voyager=3/3
[08-08 17:55:10] remaining=1 submitted_this_pass=0 | galaxy=1/5 laniakea=0/7 voyager=3/3
[08-08 17:56:41] remaining=1 submitted_this_pass=0 | galaxy=1/5 laniakea=0/7 voyager=3/3
[08-08 17:58:11] remaining=1 submitted_this_pass=0 | galaxy=1/5 laniakea=0/7 voyager=3/3
[08-08 17:59:41] remaining=1 submitted_this_pass=0 | galaxy=1/5 laniakea=0/7 voyager=3/3
[08-08 18:01:11] remaining=1 submitted_this_pass=0 | galaxy=1/5 laniakea=1/7 voyager=3/3
[08-08 18:02:42] remaining=1 submitted_this_pass=0 | galaxy=1/5 laniakea=1/7 voyager=3/3
[08-08 18:04:12] remaining=1 submitted_this_pass=0 | galaxy=1/5 laniakea=1/7 voyager=3/3
[08-08 18:05:42] remaining=1 submitted_this_pass=0 | galaxy=1/5 laniakea=1/7 voyager=3/3
[08-08 18:07:12] remaining=1 submitted_this_pass=0 | galaxy=1/5 laniakea=1/7 voyager=3/3
[08-08 18:08:43] remaining=1 submitted_this_pass=0 | galaxy=1/5 laniakea=1/7 voyager=3/3
[08-08 18:10:13] remaining=1 submitted_this_pass=0 | galaxy=1/5 laniakea=1/7 voyager=3/3
[08-08 18:11:43] remaining=1 submitted_this_pass=0 | galaxy=1/5 laniakea=1/7 voyager=3/3
[08-08 18:13:13] remaining=1 submitted_this_pass=0 | galaxy=1/5 laniakea=1/7 voyager=3/3
[08-08 18:14:44] remaining=1 submitted_this_pass=0 | galaxy=1/5 laniakea=1/7 voyager=3/3
[08-08 18:16:14] remaining=1 submitted_this_pass=0 | galaxy=1/5 laniakea=1/7 voyager=3/3
[08-08 18:17:44] remaining=1 submitted_this_pass=0 | galaxy=1/5 laniakea=1/7 voyager=3/3
[08-08 18:19:15] remaining=1 submitted_this_pass=0 | galaxy=1/5 laniakea=0/7 voyager=3/3
[08-08 18:20:45] remaining=1 submitted_this_pass=0 | galaxy=1/5 laniakea=0/7 voyager=3/3
[08-08 18:22:15] remaining=1 submitted_this_pass=0 | galaxy=1/5 laniakea=0/7 voyager=3/3
[08-08 18:23:45] remaining=1 submitted_this_pass=0 | galaxy=1/5 laniakea=0/7 voyager=3/3
[08-08 18:25:16] remaining=1 submitted_this_pass=0 | galaxy=1/5 laniakea=0/7 voyager=3/3
[08-08 18:26:46] remaining=1 submitted_this_pass=0 | galaxy=1/5 laniakea=0/7 voyager=3/3
[08-08 18:28:16] remaining=1 submitted_this_pass=0 | galaxy=1/5 laniakea=0/7 voyager=3/3
[08-08 18:29:46] remaining=1 submitted_this_pass=0 | galaxy=1/5 laniakea=0/7 voyager=3/3
[08-08 18:31:17] remaining=1 submitted_this_pass=0 | galaxy=1/5 laniakea=0/7 voyager=3/3
[08-08 18:32:47] remaining=1 submitted_this_pass=0 | galaxy=1/5 laniakea=0/7 voyager=3/3
[08-08 18:34:17] remaining=1 submitted_this_pass=0 | galaxy=1/5 laniakea=0/7 voyager=3/3
[08-08 18:35:47] remaining=1 submitted_this_pass=0 | galaxy=1/5 laniakea=0/7 voyager=3/3
[08-08 18:37:18] remaining=1 submitted_this_pass=0 | galaxy=1/5 laniakea=0/7 voyager=3/3
[08-08 18:38:48] remaining=1 submitted_this_pass=0 | galaxy=1/5 laniakea=0/7 voyager=3/3
[08-08 18:40:18] remaining=1 submitted_this_pass=0 | galaxy=1/5 laniakea=0/7 voyager=3/3
[08-08 18:41:48] remaining=1 submitted_this_pass=0 | galaxy=1/5 laniakea=0/7 voyager=3/3
[08-08 18:43:19] remaining=1 submitted_this_pass=0 | galaxy=1/5 laniakea=0/7 voyager=3/3
[08-08 18:44:49] remaining=1 submitted_this_pass=0 | galaxy=1/5 laniakea=0/7 voyager=3/3
[08-08 18:46:19] remaining=1 submitted_this_pass=0 | galaxy=1/5 laniakea=0/7 voyager=3/3
[08-08 18:47:49] remaining=1 submitted_this_pass=0 | galaxy=1/5 laniakea=0/7 voyager=3/3
[08-08 18:49:20] remaining=1 submitted_this_pass=0 | galaxy=1/5 laniakea=0/7 voyager=3/3
[08-08 18:50:50] remaining=1 submitted_this_pass=0 | galaxy=1/5 laniakea=0/7 voyager=3/3
[08-08 18:52:20] remaining=1 submitted_this_pass=0 | galaxy=1/5 laniakea=0/7 voyager=3/3
[08-08 18:53:50] remaining=1 submitted_this_pass=0 | galaxy=1/5 laniakea=0/7 voyager=3/3
[08-08 18:55:21] remaining=1 submitted_this_pass=0 | galaxy=1/5 laniakea=0/7 voyager=3/3
[08-08 18:56:51] remaining=1 submitted_this_pass=0 | galaxy=1/5 laniakea=0/7 voyager=3/3
[08-08 18:58:21] remaining=1 submitted_this_pass=0 | galaxy=1/5 laniakea=0/7 voyager=3/3
[08-08 18:59:51] remaining=1 submitted_this_pass=0 | galaxy=1/5 laniakea=0/7 voyager=3/3
[08-08 19:01:22] remaining=1 submitted_this_pass=0 | galaxy=1/5 laniakea=0/7 voyager=3/3
[08-08 19:02:52] remaining=1 submitted_this_pass=0 | galaxy=1/5 laniakea=0/7 voyager=3/3
[08-08 19:04:22] remaining=1 submitted_this_pass=0 | galaxy=1/5 laniakea=0/7 voyager=3/3
[08-08 19:05:52] remaining=1 submitted_this_pass=0 | galaxy=1/5 laniakea=0/7 voyager=3/3
[08-08 19:07:23] remaining=1 submitted_this_pass=0 | galaxy=1/5 laniakea=0/7 voyager=3/3
[08-08 19:08:53] remaining=1 submitted_this_pass=0 | galaxy=1/5 laniakea=0/7 voyager=3/3
[08-08 19:10:23] remaining=1 submitted_this_pass=0 | galaxy=1/5 laniakea=0/7 voyager=3/3
[08-08 19:11:54] remaining=1 submitted_this_pass=0 | galaxy=1/5 laniakea=0/7 voyager=3/3
[08-08 19:13:24] remaining=1 submitted_this_pass=0 | galaxy=1/5 laniakea=0/7 voyager=3/3
[08-08 19:14:54] remaining=1 submitted_this_pass=0 | galaxy=1/5 laniakea=0/7 voyager=3/3
[08-08 19:16:24] remaining=1 submitted_this_pass=0 | galaxy=1/5 laniakea=0/7 voyager=3/3
[08-08 19:17:55] remaining=1 submitted_this_pass=0 | galaxy=1/5 laniakea=0/7 voyager=3/3
[08-08 19:19:25] remaining=1 submitted_this_pass=0 | galaxy=1/5 laniakea=0/7 voyager=3/3
[08-08 19:20:55] remaining=1 submitted_this_pass=0 | galaxy=1/5 laniakea=0/7 voyager=3/3
[08-08 19:22:25] remaining=1 submitted_this_pass=0 | galaxy=1/5 laniakea=0/7 voyager=3/3
[08-08 19:23:56] remaining=1 submitted_this_pass=0 | galaxy=1/5 laniakea=0/7 voyager=3/3
[08-08 19:25:26] remaining=1 submitted_this_pass=0 | galaxy=1/5 laniakea=0/7 voyager=3/3
[08-08 19:26:56] remaining=1 submitted_this_pass=0 | galaxy=1/5 laniakea=0/7 voyager=3/3
[08-08 19:28:27] remaining=1 submitted_this_pass=0 | galaxy=1/5 laniakea=0/7 voyager=3/3
[08-08 19:29:57] remaining=1 submitted_this_pass=0 | galaxy=1/5 laniakea=0/7 voyager=3/3
[08-08 19:31:27] remaining=1 submitted_this_pass=0 | galaxy=1/5 laniakea=0/7 voyager=3/3
[08-08 19:32:57] remaining=1 submitted_this_pass=0 | galaxy=1/5 laniakea=0/7 voyager=3/3
[08-08 19:34:28] remaining=1 submitted_this_pass=0 | galaxy=1/5 laniakea=0/7 voyager=3/3
[08-08 19:35:58] remaining=1 submitted_this_pass=0 | galaxy=1/5 laniakea=0/7 voyager=3/3
[08-08 19:37:28] remaining=1 submitted_this_pass=0 | galaxy=1/5 laniakea=0/7 voyager=3/3
[08-08 19:38:58] === ALL arms have completed rows. done. ===
