[08-07 16:31:53] === fs_grid_loop v2 start (DRYRUN=0): 54 arms; cache-file gate + per-arm CSVs ===
  splice_sites_donors        replace4  DONE
  splice_sites_all           replace4  DONE
  promoter_all               replace4  INFLIGHT(264350)
  promoter_tata              replace4  DONE
  promoter_no_tata           replace4  DONE
  H3K4me3                    replace4  DONE
  H2AFZ                      replaceK  DONE
  H2AFZ                      onehot    DONE
  H2AFZ                      replace4  DONE
  H2AFZ                      latefuse  READY
  H3K27ac                    replaceK  DONE
  H3K27ac                    onehot    DONE
  H3K27ac                    replace4  DONE
  H3K27ac                    latefuse  READY
  H3K27me3                   replaceK  DONE
  H3K27me3                   onehot    DONE
  H3K27me3                   replace4  INFLIGHT(264318)
  H3K27me3                   latefuse  READY
  H3K36me3                   replaceK  DONE
  H3K36me3                   onehot    DONE
  H3K36me3                   replace4  READY
  H3K36me3                   latefuse  READY
  H3K4me1                    replaceK  DONE
  H3K4me1                    onehot    READY
  H3K4me1                    replace4  READY
  H3K4me1                    latefuse  READY
  H3K4me2                    replaceK  DONE
  H3K4me2                    onehot    DONE
  H3K4me2                    replace4  DONE
  H3K4me2                    latefuse  READY
  H3K9ac                     replaceK  DONE
  H3K9ac                     onehot    DONE
  H3K9ac                     replace4  READY
  H3K9ac                     latefuse  READY
  H3K9me3                    replaceK  DONE
  H3K9me3                    onehot    DONE
  H3K9me3                    replace4  INFLIGHT(264332)
  H3K9me3                    latefuse  READY
  H4K20me1                   replaceK  DONE
  H4K20me1                   onehot    DONE
  H4K20me1                   replace4  READY
  H4K20me1                   latefuse  READY
  enhancers                  replaceK  DONE
  enhancers                  onehot    DONE
  enhancers                  replace4  INFLIGHT(264345)
  enhancers                  latefuse  DONE
  enhancers_types            replaceK  DONE
  enhancers_types            onehot    INFLIGHT(264347)
  enhancers_types            replace4  READY
  enhancers_types            latefuse  READY
  splice_sites_acceptors     replaceK  DONE
  splice_sites_acceptors     onehot    READY
  splice_sites_acceptors     replace4  READY
  splice_sites_acceptors     latefuse  READY
[08-07 16:31:54] CLASSIFY totals: DONE=30 INFLIGHT=5 READY=19 WAIT=0  (of 54)
[08-07 16:31:54] submitted H3K4me1:onehot -> node=laniakea jid=264351 (attempt 1)
[08-07 16:31:58] submitted splice_sites_acceptors:onehot -> node=laniakea jid=264352 (attempt 1)
[08-07 16:32:02] remaining=24 submitted_this_pass=2 | galaxy=5/5 laniakea=2/7 voyager=4/3
[08-07 16:33:33] remaining=24 submitted_this_pass=0 | galaxy=5/5 laniakea=2/7 voyager=4/3
[08-07 16:35:04] remaining=24 submitted_this_pass=0 | galaxy=5/5 laniakea=2/7 voyager=4/3
[08-07 16:36:36] remaining=24 submitted_this_pass=0 | galaxy=5/5 laniakea=2/7 voyager=4/3
[08-07 16:38:07] remaining=24 submitted_this_pass=0 | galaxy=5/5 laniakea=2/7 voyager=4/3
[08-07 16:39:38] remaining=24 submitted_this_pass=0 | galaxy=5/5 laniakea=2/7 voyager=4/3
[08-07 16:41:09] remaining=24 submitted_this_pass=0 | galaxy=5/5 laniakea=2/7 voyager=4/3
[08-07 16:42:41] remaining=24 submitted_this_pass=0 | galaxy=5/5 laniakea=2/7 voyager=4/3
[08-07 16:44:12] remaining=23 submitted_this_pass=0 | galaxy=5/5 laniakea=2/7 voyager=4/3
[08-07 16:45:42] submitted H2AFZ:latefuse -> node=galaxy jid=264353 (attempt 1)
[08-07 16:45:46] remaining=23 submitted_this_pass=1 | galaxy=5/5 laniakea=2/7 voyager=4/3
[08-07 16:47:16] submitted H2AFZ:latefuse -> node=galaxy jid=264354 (attempt 2)
[08-07 16:47:20] remaining=23 submitted_this_pass=1 | galaxy=5/5 laniakea=2/7 voyager=4/3
[08-07 16:48:51] submitted H2AFZ:latefuse -> node=galaxy jid=264355 (attempt 3)
[08-07 16:48:55] remaining=23 submitted_this_pass=1 | galaxy=5/5 laniakea=2/7 voyager=4/3
[08-07 16:50:25] submitted H3K27ac:latefuse -> node=galaxy jid=264356 (attempt 1)
[08-07 16:50:29] remaining=23 submitted_this_pass=1 | galaxy=5/5 laniakea=2/7 voyager=4/3
[08-07 16:52:00] remaining=23 submitted_this_pass=0 | galaxy=5/5 laniakea=2/7 voyager=4/3
[08-07 16:53:31] remaining=23 submitted_this_pass=0 | galaxy=5/5 laniakea=2/7 voyager=4/3
[08-07 16:55:02] remaining=23 submitted_this_pass=0 | galaxy=5/5 laniakea=2/7 voyager=4/3
[08-07 16:56:35] remaining=23 submitted_this_pass=0 | galaxy=5/5 laniakea=2/7 voyager=4/3
[08-07 16:58:07] remaining=23 submitted_this_pass=0 | galaxy=5/5 laniakea=2/7 voyager=4/3
[08-07 16:59:38] remaining=23 submitted_this_pass=0 | galaxy=5/5 laniakea=2/7 voyager=4/3
[08-07 17:01:09] remaining=22 submitted_this_pass=0 | galaxy=5/5 laniakea=1/7 voyager=4/3
[08-07 17:02:41] remaining=21 submitted_this_pass=0 | galaxy=5/5 laniakea=0/7 voyager=4/3
[08-07 17:04:12] remaining=21 submitted_this_pass=0 | galaxy=5/5 laniakea=0/7 voyager=4/3
[08-07 17:05:43] remaining=21 submitted_this_pass=0 | galaxy=5/5 laniakea=0/7 voyager=4/3
[08-07 17:07:15] remaining=21 submitted_this_pass=0 | galaxy=5/5 laniakea=0/7 voyager=4/3
[08-07 17:08:46] remaining=21 submitted_this_pass=0 | galaxy=5/5 laniakea=0/7 voyager=4/3
[08-07 17:10:17] remaining=21 submitted_this_pass=0 | galaxy=5/5 laniakea=0/7 voyager=4/3
[08-07 17:11:48] remaining=21 submitted_this_pass=0 | galaxy=5/5 laniakea=0/7 voyager=4/3
[08-07 17:13:19] remaining=21 submitted_this_pass=0 | galaxy=5/5 laniakea=0/7 voyager=4/3
[08-07 17:14:50] remaining=21 submitted_this_pass=0 | galaxy=5/5 laniakea=0/7 voyager=4/3
[08-07 17:16:21] remaining=21 submitted_this_pass=0 | galaxy=5/5 laniakea=0/7 voyager=4/3
[08-07 17:17:52] remaining=21 submitted_this_pass=0 | galaxy=5/5 laniakea=0/7 voyager=4/3
[08-07 17:19:23] remaining=21 submitted_this_pass=0 | galaxy=5/5 laniakea=0/7 voyager=4/3
[08-07 17:20:55] remaining=21 submitted_this_pass=0 | galaxy=5/5 laniakea=0/7 voyager=4/3
[08-07 17:22:26] remaining=21 submitted_this_pass=0 | galaxy=5/5 laniakea=0/7 voyager=4/3
[08-07 17:23:57] remaining=21 submitted_this_pass=0 | galaxy=5/5 laniakea=0/7 voyager=4/3
[08-07 17:25:28] remaining=21 submitted_this_pass=0 | galaxy=5/5 laniakea=0/7 voyager=4/3
[08-07 17:26:59] remaining=21 submitted_this_pass=0 | galaxy=5/5 laniakea=0/7 voyager=4/3
[08-07 17:28:31] remaining=21 submitted_this_pass=0 | galaxy=5/5 laniakea=0/7 voyager=4/3
[08-07 17:30:02] remaining=21 submitted_this_pass=0 | galaxy=5/5 laniakea=0/7 voyager=4/3
[08-07 17:31:33] remaining=21 submitted_this_pass=0 | galaxy=5/5 laniakea=0/7 voyager=4/3
[08-07 17:33:04] remaining=21 submitted_this_pass=0 | galaxy=5/5 laniakea=0/7 voyager=4/3
[08-07 17:34:35] remaining=21 submitted_this_pass=0 | galaxy=5/5 laniakea=0/7 voyager=4/3
[08-07 17:36:06] remaining=21 submitted_this_pass=0 | galaxy=5/5 laniakea=0/7 voyager=4/3
[08-07 17:37:38] remaining=21 submitted_this_pass=0 | galaxy=5/5 laniakea=0/7 voyager=4/3
[08-07 17:39:09] remaining=21 submitted_this_pass=0 | galaxy=5/5 laniakea=0/7 voyager=4/3
[08-07 17:40:41] remaining=21 submitted_this_pass=0 | galaxy=5/5 laniakea=0/7 voyager=4/3
[08-07 17:42:14] remaining=21 submitted_this_pass=0 | galaxy=5/5 laniakea=0/7 voyager=4/3
[08-07 17:43:46] remaining=21 submitted_this_pass=0 | galaxy=5/5 laniakea=0/7 voyager=4/3
[08-07 17:45:17] remaining=21 submitted_this_pass=0 | galaxy=5/5 laniakea=0/7 voyager=4/3
[08-07 17:46:48] remaining=21 submitted_this_pass=0 | galaxy=5/5 laniakea=0/7 voyager=4/3
[08-07 17:48:19] remaining=21 submitted_this_pass=0 | galaxy=5/5 laniakea=0/7 voyager=4/3
[08-07 17:49:51] remaining=21 submitted_this_pass=0 | galaxy=5/5 laniakea=0/7 voyager=4/3
[08-07 17:51:23] remaining=21 submitted_this_pass=0 | galaxy=5/5 laniakea=0/7 voyager=4/3
[08-07 17:52:54] remaining=21 submitted_this_pass=0 | galaxy=5/5 laniakea=0/7 voyager=4/3
[08-07 17:54:25] remaining=21 submitted_this_pass=0 | galaxy=5/5 laniakea=0/7 voyager=4/3
[08-07 17:55:57] remaining=21 submitted_this_pass=0 | galaxy=5/5 laniakea=0/7 voyager=4/3
[08-07 17:57:30] remaining=21 submitted_this_pass=0 | galaxy=5/5 laniakea=0/7 voyager=4/3
[08-07 17:59:02] remaining=21 submitted_this_pass=0 | galaxy=5/5 laniakea=0/7 voyager=4/3
[08-07 18:00:34] remaining=21 submitted_this_pass=0 | galaxy=5/5 laniakea=1/7 voyager=4/3
[08-07 18:02:05] remaining=21 submitted_this_pass=0 | galaxy=5/5 laniakea=1/7 voyager=4/3
[08-07 18:03:37] remaining=21 submitted_this_pass=0 | galaxy=5/5 laniakea=1/7 voyager=4/3
[08-07 18:05:08] remaining=21 submitted_this_pass=0 | galaxy=5/5 laniakea=1/7 voyager=4/3
[08-07 18:06:39] remaining=21 submitted_this_pass=0 | galaxy=5/5 laniakea=1/7 voyager=4/3
[08-07 18:08:11] remaining=21 submitted_this_pass=0 | galaxy=5/5 laniakea=1/7 voyager=4/3
[08-07 18:09:42] remaining=21 submitted_this_pass=0 | galaxy=5/5 laniakea=1/7 voyager=4/3
[08-07 18:11:14] remaining=21 submitted_this_pass=0 | galaxy=5/5 laniakea=1/7 voyager=4/3
[08-07 18:12:45] remaining=21 submitted_this_pass=0 | galaxy=5/5 laniakea=1/7 voyager=4/3
[08-07 18:14:16] remaining=21 submitted_this_pass=0 | galaxy=5/5 laniakea=1/7 voyager=4/3
[08-07 18:15:48] remaining=21 submitted_this_pass=0 | galaxy=5/5 laniakea=1/7 voyager=4/3
[08-07 18:17:20] remaining=21 submitted_this_pass=0 | galaxy=5/5 laniakea=1/7 voyager=4/3
[08-07 18:18:51] remaining=21 submitted_this_pass=0 | galaxy=5/5 laniakea=0/7 voyager=4/3
[08-07 18:20:23] remaining=21 submitted_this_pass=0 | galaxy=5/5 laniakea=0/7 voyager=4/3
[08-07 18:21:54] remaining=21 submitted_this_pass=0 | galaxy=5/5 laniakea=0/7 voyager=4/3
[08-07 18:23:25] remaining=21 submitted_this_pass=0 | galaxy=5/5 laniakea=0/7 voyager=4/3
[08-07 18:24:58] remaining=21 submitted_this_pass=0 | galaxy=5/5 laniakea=0/7 voyager=4/3
[08-07 18:26:29] remaining=21 submitted_this_pass=0 | galaxy=5/5 laniakea=0/7 voyager=4/3
[08-07 18:28:04] remaining=21 submitted_this_pass=0 | galaxy=5/5 laniakea=0/7 voyager=4/3
[08-07 18:29:35] remaining=21 submitted_this_pass=0 | galaxy=5/5 laniakea=0/7 voyager=4/3
[08-07 18:31:06] remaining=21 submitted_this_pass=0 | galaxy=5/5 laniakea=0/7 voyager=4/3
[08-07 18:32:39] remaining=21 submitted_this_pass=0 | galaxy=5/5 laniakea=0/7 voyager=4/3
[08-07 18:34:10] remaining=21 submitted_this_pass=0 | galaxy=5/5 laniakea=0/7 voyager=4/3
[08-07 18:35:42] remaining=21 submitted_this_pass=0 | galaxy=5/5 laniakea=0/7 voyager=4/3
[08-07 18:37:13] remaining=21 submitted_this_pass=0 | galaxy=5/5 laniakea=0/7 voyager=4/3
[08-07 18:38:44] remaining=21 submitted_this_pass=0 | galaxy=5/5 laniakea=0/7 voyager=4/3
[08-07 18:40:15] remaining=21 submitted_this_pass=0 | galaxy=5/5 laniakea=0/7 voyager=4/3
[08-07 18:41:46] remaining=21 submitted_this_pass=0 | galaxy=5/5 laniakea=0/7 voyager=4/3
[08-07 18:43:17] remaining=21 submitted_this_pass=0 | galaxy=5/5 laniakea=0/7 voyager=4/3
[08-07 18:44:48] remaining=21 submitted_this_pass=0 | galaxy=5/5 laniakea=0/7 voyager=4/3
[08-07 18:46:19] remaining=21 submitted_this_pass=0 | galaxy=5/5 laniakea=0/7 voyager=4/3
[08-07 18:47:49] submitted H3K27me3:latefuse -> node=galaxy jid=264359 (attempt 1)
[08-07 18:47:53] remaining=20 submitted_this_pass=1 | galaxy=5/5 laniakea=0/7 voyager=4/3
[08-07 18:49:24] remaining=20 submitted_this_pass=0 | galaxy=5/5 laniakea=0/7 voyager=4/3
[08-07 18:50:55] remaining=20 submitted_this_pass=0 | galaxy=5/5 laniakea=0/7 voyager=4/3
[08-07 18:52:26] remaining=20 submitted_this_pass=0 | galaxy=5/5 laniakea=0/7 voyager=4/3
[08-07 18:53:58] remaining=20 submitted_this_pass=0 | galaxy=5/5 laniakea=0/7 voyager=4/3
[08-07 18:55:29] remaining=20 submitted_this_pass=0 | galaxy=5/5 laniakea=0/7 voyager=4/3
[08-07 18:57:00] remaining=20 submitted_this_pass=0 | galaxy=5/5 laniakea=0/7 voyager=4/3
[08-07 18:58:31] remaining=20 submitted_this_pass=0 | galaxy=5/5 laniakea=0/7 voyager=4/3
[08-07 19:00:02] remaining=20 submitted_this_pass=0 | galaxy=5/5 laniakea=0/7 voyager=4/3
[08-07 19:01:33] remaining=20 submitted_this_pass=0 | galaxy=5/5 laniakea=0/7 voyager=4/3
[08-07 19:03:04] remaining=20 submitted_this_pass=0 | galaxy=5/5 laniakea=0/7 voyager=4/3
[08-07 19:04:35] remaining=20 submitted_this_pass=0 | galaxy=5/5 laniakea=0/7 voyager=4/3
[08-07 19:06:06] remaining=20 submitted_this_pass=0 | galaxy=5/5 laniakea=0/7 voyager=4/3
[08-07 19:07:37] remaining=20 submitted_this_pass=0 | galaxy=5/5 laniakea=0/7 voyager=4/3
[08-07 19:09:08] remaining=20 submitted_this_pass=0 | galaxy=5/5 laniakea=0/7 voyager=4/3
[08-07 19:10:38] remaining=20 submitted_this_pass=0 | galaxy=5/5 laniakea=0/7 voyager=4/3
[08-07 19:12:10] remaining=20 submitted_this_pass=0 | galaxy=5/5 laniakea=0/7 voyager=4/3
[08-07 19:13:41] remaining=20 submitted_this_pass=0 | galaxy=5/5 laniakea=0/7 voyager=4/3
[08-07 19:15:12] remaining=20 submitted_this_pass=0 | galaxy=5/5 laniakea=0/7 voyager=4/3
[08-07 19:16:43] remaining=20 submitted_this_pass=0 | galaxy=5/5 laniakea=0/7 voyager=4/3
[08-07 19:18:14] remaining=20 submitted_this_pass=0 | galaxy=5/5 laniakea=0/7 voyager=4/3
[08-07 19:19:45] remaining=20 submitted_this_pass=0 | galaxy=5/5 laniakea=0/7 voyager=4/3
[08-07 19:21:16] remaining=20 submitted_this_pass=0 | galaxy=5/5 laniakea=0/7 voyager=4/3
[08-07 19:22:47] remaining=20 submitted_this_pass=0 | galaxy=5/5 laniakea=0/7 voyager=4/3
[08-07 19:24:19] remaining=20 submitted_this_pass=0 | galaxy=5/5 laniakea=0/7 voyager=4/3
[08-07 19:25:50] remaining=20 submitted_this_pass=0 | galaxy=5/5 laniakea=0/7 voyager=4/3
[08-07 19:27:21] remaining=20 submitted_this_pass=0 | galaxy=5/5 laniakea=0/7 voyager=4/3
[08-07 19:28:52] remaining=19 submitted_this_pass=0 | galaxy=5/5 laniakea=0/7 voyager=4/3
[08-07 19:30:23] submitted H3K36me3:replace4 -> node=galaxy jid=264411 (attempt 1)
[08-07 19:30:27] remaining=19 submitted_this_pass=1 | galaxy=5/5 laniakea=0/7 voyager=4/3
[08-07 19:31:59] remaining=19 submitted_this_pass=0 | galaxy=5/5 laniakea=0/7 voyager=4/3
[08-07 19:33:29] remaining=19 submitted_this_pass=0 | galaxy=5/5 laniakea=0/7 voyager=4/3
[08-07 19:35:00] remaining=19 submitted_this_pass=0 | galaxy=5/5 laniakea=0/7 voyager=4/3
[08-07 19:36:31] remaining=19 submitted_this_pass=0 | galaxy=5/5 laniakea=0/7 voyager=4/3
[08-07 19:38:04] remaining=18 submitted_this_pass=0 | galaxy=5/5 laniakea=0/7 voyager=4/3
[08-07 19:39:34] remaining=18 submitted_this_pass=0 | galaxy=5/5 laniakea=0/7 voyager=4/3
[08-07 19:41:06] remaining=18 submitted_this_pass=0 | galaxy=5/5 laniakea=0/7 voyager=4/3
[08-07 19:42:37] remaining=18 submitted_this_pass=0 | galaxy=5/5 laniakea=0/7 voyager=4/3
[08-07 19:44:10] remaining=18 submitted_this_pass=0 | galaxy=5/5 laniakea=0/7 voyager=4/3
[08-07 19:45:40] remaining=18 submitted_this_pass=0 | galaxy=5/5 laniakea=0/7 voyager=4/3
[08-07 19:47:11] submitted H3K36me3:latefuse -> node=galaxy jid=264412 (attempt 1)
[08-07 19:47:14] remaining=18 submitted_this_pass=1 | galaxy=5/5 laniakea=0/7 voyager=4/3
[08-07 19:48:46] remaining=18 submitted_this_pass=0 | galaxy=5/5 laniakea=0/7 voyager=4/3
[08-07 19:50:17] remaining=18 submitted_this_pass=0 | galaxy=5/5 laniakea=0/7 voyager=4/3
[08-07 19:51:47] remaining=18 submitted_this_pass=0 | galaxy=5/5 laniakea=0/7 voyager=4/3
[08-07 19:53:18] remaining=18 submitted_this_pass=0 | galaxy=5/5 laniakea=0/7 voyager=4/3
[08-07 19:54:50] remaining=18 submitted_this_pass=0 | galaxy=5/5 laniakea=0/7 voyager=4/3
[08-07 19:56:21] remaining=18 submitted_this_pass=0 | galaxy=5/5 laniakea=0/7 voyager=4/3
[08-07 19:57:51] submitted H3K4me1:replace4 -> node=galaxy jid=264413 (attempt 1)
[08-07 19:57:55] remaining=17 submitted_this_pass=1 | galaxy=5/5 laniakea=0/7 voyager=4/3
[08-07 19:59:27] remaining=17 submitted_this_pass=0 | galaxy=5/5 laniakea=0/7 voyager=4/3
[08-07 20:00:58] remaining=17 submitted_this_pass=0 | galaxy=5/5 laniakea=1/7 voyager=4/3
[08-07 20:02:29] remaining=17 submitted_this_pass=0 | galaxy=5/5 laniakea=1/7 voyager=4/3
[08-07 20:04:00] remaining=17 submitted_this_pass=0 | galaxy=5/5 laniakea=1/7 voyager=4/3
[08-07 20:05:32] remaining=17 submitted_this_pass=0 | galaxy=5/5 laniakea=1/7 voyager=4/3
[08-07 20:07:03] remaining=17 submitted_this_pass=0 | galaxy=5/5 laniakea=1/7 voyager=4/3
[08-07 20:08:34] remaining=17 submitted_this_pass=0 | galaxy=5/5 laniakea=1/7 voyager=4/3
[08-07 20:10:06] remaining=17 submitted_this_pass=0 | galaxy=5/5 laniakea=1/7 voyager=4/3
[08-07 20:11:37] remaining=17 submitted_this_pass=0 | galaxy=5/5 laniakea=1/7 voyager=4/3
[08-07 20:13:08] remaining=17 submitted_this_pass=0 | galaxy=5/5 laniakea=1/7 voyager=4/3
[08-07 20:14:40] remaining=17 submitted_this_pass=0 | galaxy=5/5 laniakea=1/7 voyager=4/3
[08-07 20:16:11] remaining=17 submitted_this_pass=0 | galaxy=5/5 laniakea=1/7 voyager=4/3
[08-07 20:17:42] remaining=17 submitted_this_pass=0 | galaxy=5/5 laniakea=1/7 voyager=4/3
[08-07 20:19:13] remaining=17 submitted_this_pass=0 | galaxy=5/5 laniakea=0/7 voyager=4/3
[08-07 20:20:45] remaining=17 submitted_this_pass=0 | galaxy=5/5 laniakea=0/7 voyager=4/3
[08-07 20:22:15] submitted H3K4me1:latefuse -> node=galaxy jid=264415 (attempt 1)
[08-07 20:22:20] remaining=16 submitted_this_pass=1 | galaxy=5/5 laniakea=0/7 voyager=4/3
[08-07 20:23:51] remaining=16 submitted_this_pass=0 | galaxy=5/5 laniakea=0/7 voyager=4/3
[08-07 20:25:22] remaining=16 submitted_this_pass=0 | galaxy=5/5 laniakea=0/7 voyager=4/3
[08-07 20:26:53] remaining=16 submitted_this_pass=0 | galaxy=5/5 laniakea=0/7 voyager=4/3
[08-07 20:28:24] remaining=16 submitted_this_pass=0 | galaxy=5/5 laniakea=0/7 voyager=4/3
[08-07 20:29:55] remaining=16 submitted_this_pass=0 | galaxy=5/5 laniakea=0/7 voyager=4/3
[08-07 20:31:26] remaining=16 submitted_this_pass=0 | galaxy=5/5 laniakea=0/7 voyager=4/3
[08-07 20:32:58] remaining=16 submitted_this_pass=0 | galaxy=5/5 laniakea=0/7 voyager=4/3
[08-07 20:34:28] remaining=16 submitted_this_pass=0 | galaxy=5/5 laniakea=0/7 voyager=4/3
[08-07 20:36:00] remaining=16 submitted_this_pass=0 | galaxy=5/5 laniakea=0/7 voyager=4/3
[08-07 20:37:31] remaining=16 submitted_this_pass=0 | galaxy=5/5 laniakea=0/7 voyager=4/3
[08-07 20:39:02] remaining=16 submitted_this_pass=0 | galaxy=5/5 laniakea=0/7 voyager=4/3
[08-07 20:40:33] remaining=16 submitted_this_pass=0 | galaxy=5/5 laniakea=0/7 voyager=4/3
[08-07 20:42:04] remaining=16 submitted_this_pass=0 | galaxy=5/5 laniakea=0/7 voyager=4/3
[08-07 20:43:35] remaining=16 submitted_this_pass=0 | galaxy=5/5 laniakea=0/7 voyager=4/3
[08-07 20:45:06] remaining=16 submitted_this_pass=0 | galaxy=5/5 laniakea=0/7 voyager=4/3
[08-07 20:46:37] remaining=16 submitted_this_pass=0 | galaxy=5/5 laniakea=0/7 voyager=4/3
[08-07 20:48:09] remaining=16 submitted_this_pass=0 | galaxy=5/5 laniakea=0/7 voyager=4/3
[08-07 20:49:40] remaining=16 submitted_this_pass=0 | galaxy=5/5 laniakea=0/7 voyager=4/3
[08-07 20:51:11] remaining=16 submitted_this_pass=0 | galaxy=5/5 laniakea=0/7 voyager=4/3
[08-07 20:52:42] remaining=16 submitted_this_pass=0 | galaxy=5/5 laniakea=0/7 voyager=4/3
[08-07 20:54:13] remaining=16 submitted_this_pass=0 | galaxy=5/5 laniakea=0/7 voyager=4/3
[08-07 20:55:43] remaining=16 submitted_this_pass=0 | galaxy=5/5 laniakea=0/7 voyager=4/3
[08-07 20:57:14] remaining=16 submitted_this_pass=0 | galaxy=5/5 laniakea=0/7 voyager=4/3
[08-07 20:58:45] remaining=16 submitted_this_pass=0 | galaxy=5/5 laniakea=0/7 voyager=4/3
[08-07 21:00:16] remaining=16 submitted_this_pass=0 | galaxy=5/5 laniakea=0/7 voyager=4/3
[08-07 21:01:47] remaining=16 submitted_this_pass=0 | galaxy=5/5 laniakea=0/7 voyager=4/3
[08-07 21:03:18] remaining=16 submitted_this_pass=0 | galaxy=5/5 laniakea=0/7 voyager=4/3
[08-07 21:04:48] remaining=16 submitted_this_pass=0 | galaxy=5/5 laniakea=0/7 voyager=4/3
[08-07 21:06:19] remaining=16 submitted_this_pass=0 | galaxy=5/5 laniakea=0/7 voyager=4/3
[08-07 21:07:50] remaining=16 submitted_this_pass=0 | galaxy=5/5 laniakea=0/7 voyager=4/3
[08-07 21:09:21] remaining=16 submitted_this_pass=0 | galaxy=5/5 laniakea=0/7 voyager=4/3
[08-07 21:10:52] remaining=16 submitted_this_pass=0 | galaxy=5/5 laniakea=0/7 voyager=4/3
[08-07 21:12:23] remaining=16 submitted_this_pass=0 | galaxy=5/5 laniakea=0/7 voyager=4/3
[08-07 21:13:54] remaining=16 submitted_this_pass=0 | galaxy=5/5 laniakea=0/7 voyager=4/3
[08-07 21:15:25] remaining=16 submitted_this_pass=0 | galaxy=5/5 laniakea=0/7 voyager=4/3
[08-07 21:16:56] remaining=16 submitted_this_pass=0 | galaxy=5/5 laniakea=0/7 voyager=4/3
[08-07 21:18:27] remaining=16 submitted_this_pass=0 | galaxy=5/5 laniakea=0/7 voyager=4/3
[08-07 21:19:58] remaining=16 submitted_this_pass=0 | galaxy=5/5 laniakea=0/7 voyager=4/3
[08-07 21:21:29] remaining=16 submitted_this_pass=0 | galaxy=5/5 laniakea=0/7 voyager=4/3
[08-07 21:23:00] remaining=16 submitted_this_pass=0 | galaxy=5/5 laniakea=0/7 voyager=4/3
[08-07 21:24:31] remaining=16 submitted_this_pass=0 | galaxy=5/5 laniakea=0/7 voyager=4/3
[08-07 21:26:02] remaining=16 submitted_this_pass=0 | galaxy=5/5 laniakea=0/7 voyager=4/3
[08-07 21:27:32] remaining=16 submitted_this_pass=0 | galaxy=5/5 laniakea=0/7 voyager=4/3
[08-07 21:29:03] remaining=16 submitted_this_pass=0 | galaxy=5/5 laniakea=0/7 voyager=4/3
[08-07 21:30:34] remaining=16 submitted_this_pass=0 | galaxy=5/5 laniakea=0/7 voyager=4/3
[08-07 21:32:05] remaining=16 submitted_this_pass=0 | galaxy=5/5 laniakea=0/7 voyager=4/3
[08-07 21:33:36] remaining=16 submitted_this_pass=0 | galaxy=5/5 laniakea=0/7 voyager=4/3
[08-07 21:35:07] remaining=16 submitted_this_pass=0 | galaxy=5/5 laniakea=0/7 voyager=4/3
[08-07 21:36:38] remaining=16 submitted_this_pass=0 | galaxy=5/5 laniakea=0/7 voyager=4/3
[08-07 21:38:09] remaining=16 submitted_this_pass=0 | galaxy=5/5 laniakea=0/7 voyager=4/3
[08-07 21:39:40] remaining=16 submitted_this_pass=0 | galaxy=5/5 laniakea=0/7 voyager=4/3
[08-07 21:41:11] remaining=16 submitted_this_pass=0 | galaxy=5/5 laniakea=0/7 voyager=4/3
[08-07 21:42:42] remaining=16 submitted_this_pass=0 | galaxy=5/5 laniakea=0/7 voyager=4/3
[08-07 21:44:13] remaining=16 submitted_this_pass=0 | galaxy=5/5 laniakea=0/7 voyager=4/3
[08-07 21:45:44] remaining=16 submitted_this_pass=0 | galaxy=5/5 laniakea=0/7 voyager=4/3
[08-07 21:47:15] remaining=16 submitted_this_pass=0 | galaxy=5/5 laniakea=0/7 voyager=4/3
[08-07 21:48:46] remaining=16 submitted_this_pass=0 | galaxy=5/5 laniakea=0/7 voyager=4/3
[08-07 21:50:17] remaining=16 submitted_this_pass=0 | galaxy=5/5 laniakea=0/7 voyager=4/3
[08-07 21:51:48] remaining=16 submitted_this_pass=0 | galaxy=5/5 laniakea=0/7 voyager=4/3
[08-07 21:53:19] remaining=16 submitted_this_pass=0 | galaxy=5/5 laniakea=0/7 voyager=4/3
[08-07 21:54:50] remaining=16 submitted_this_pass=0 | galaxy=5/5 laniakea=0/7 voyager=4/3
[08-07 21:56:21] remaining=16 submitted_this_pass=0 | galaxy=5/5 laniakea=0/7 voyager=4/3
[08-07 21:57:52] remaining=16 submitted_this_pass=0 | galaxy=5/5 laniakea=0/7 voyager=4/3
[08-07 21:59:22] remaining=16 submitted_this_pass=0 | galaxy=5/5 laniakea=0/7 voyager=4/3
[08-07 22:00:53] remaining=16 submitted_this_pass=0 | galaxy=5/5 laniakea=1/7 voyager=4/3
[08-07 22:02:25] remaining=16 submitted_this_pass=0 | galaxy=5/5 laniakea=1/7 voyager=4/3
[08-07 22:03:56] remaining=16 submitted_this_pass=0 | galaxy=5/5 laniakea=1/7 voyager=4/3
[08-07 22:05:27] remaining=16 submitted_this_pass=0 | galaxy=5/5 laniakea=1/7 voyager=4/3
[08-07 22:06:58] remaining=16 submitted_this_pass=0 | galaxy=5/5 laniakea=1/7 voyager=4/3
[08-07 22:08:29] remaining=16 submitted_this_pass=0 | galaxy=5/5 laniakea=1/7 voyager=4/3
[08-07 22:09:59] remaining=16 submitted_this_pass=0 | galaxy=5/5 laniakea=1/7 voyager=4/3
[08-07 22:11:31] remaining=16 submitted_this_pass=0 | galaxy=5/5 laniakea=1/7 voyager=4/3
[08-07 22:13:02] remaining=16 submitted_this_pass=0 | galaxy=5/5 laniakea=1/7 voyager=4/3
[08-07 22:14:33] remaining=16 submitted_this_pass=0 | galaxy=5/5 laniakea=1/7 voyager=4/3
[08-07 22:16:03] remaining=16 submitted_this_pass=0 | galaxy=5/5 laniakea=1/7 voyager=4/3
[08-07 22:17:35] remaining=16 submitted_this_pass=0 | galaxy=5/5 laniakea=1/7 voyager=4/3
[08-07 22:19:06] remaining=16 submitted_this_pass=0 | galaxy=5/5 laniakea=0/7 voyager=4/3
[08-07 22:20:37] remaining=16 submitted_this_pass=0 | galaxy=5/5 laniakea=0/7 voyager=4/3
[08-07 22:22:08] remaining=16 submitted_this_pass=0 | galaxy=5/5 laniakea=0/7 voyager=4/3
[08-07 22:23:39] remaining=16 submitted_this_pass=0 | galaxy=5/5 laniakea=0/7 voyager=4/3
[08-07 22:25:10] remaining=16 submitted_this_pass=0 | galaxy=5/5 laniakea=0/7 voyager=4/3
[08-07 22:26:41] remaining=16 submitted_this_pass=0 | galaxy=5/5 laniakea=0/7 voyager=4/3
[08-07 22:28:12] remaining=16 submitted_this_pass=0 | galaxy=5/5 laniakea=0/7 voyager=4/3
[08-07 22:29:43] remaining=16 submitted_this_pass=0 | galaxy=5/5 laniakea=0/7 voyager=4/3
[08-07 22:31:14] remaining=16 submitted_this_pass=0 | galaxy=5/5 laniakea=0/7 voyager=4/3
[08-07 22:32:46] remaining=16 submitted_this_pass=0 | galaxy=5/5 laniakea=0/7 voyager=4/3
[08-07 22:34:16] remaining=16 submitted_this_pass=0 | galaxy=5/5 laniakea=0/7 voyager=4/3
[08-07 22:35:47] remaining=16 submitted_this_pass=0 | galaxy=5/5 laniakea=0/7 voyager=4/3
[08-07 22:37:18] remaining=16 submitted_this_pass=0 | galaxy=5/5 laniakea=0/7 voyager=4/3
[08-07 22:38:49] remaining=16 submitted_this_pass=0 | galaxy=5/5 laniakea=0/7 voyager=4/3
[08-07 22:40:20] remaining=16 submitted_this_pass=0 | galaxy=5/5 laniakea=0/7 voyager=4/3
[08-07 22:41:51] remaining=16 submitted_this_pass=0 | galaxy=5/5 laniakea=0/7 voyager=4/3
[08-07 22:43:22] remaining=16 submitted_this_pass=0 | galaxy=5/5 laniakea=0/7 voyager=4/3
[08-07 22:44:53] remaining=16 submitted_this_pass=0 | galaxy=5/5 laniakea=0/7 voyager=4/3
[08-07 22:46:24] remaining=16 submitted_this_pass=0 | galaxy=5/5 laniakea=0/7 voyager=4/3
[08-07 22:47:55] remaining=16 submitted_this_pass=0 | galaxy=5/5 laniakea=0/7 voyager=4/3
[08-07 22:49:26] remaining=16 submitted_this_pass=0 | galaxy=5/5 laniakea=0/7 voyager=4/3
[08-07 22:50:57] remaining=16 submitted_this_pass=0 | galaxy=5/5 laniakea=0/7 voyager=4/3
[08-07 22:52:28] remaining=16 submitted_this_pass=0 | galaxy=5/5 laniakea=0/7 voyager=4/3
[08-07 22:53:59] remaining=16 submitted_this_pass=0 | galaxy=5/5 laniakea=0/7 voyager=4/3
[08-07 22:55:30] remaining=16 submitted_this_pass=0 | galaxy=5/5 laniakea=0/7 voyager=4/3
[08-07 22:57:01] submitted H3K4me2:latefuse -> node=galaxy jid=264425 (attempt 1)
[08-07 22:57:04] remaining=15 submitted_this_pass=1 | galaxy=5/5 laniakea=0/7 voyager=4/3
[08-07 22:58:35] remaining=15 submitted_this_pass=0 | galaxy=5/5 laniakea=0/7 voyager=4/3
[08-07 23:00:06] remaining=15 submitted_this_pass=0 | galaxy=5/5 laniakea=0/7 voyager=4/3
[08-07 23:01:37] remaining=15 submitted_this_pass=0 | galaxy=5/5 laniakea=0/7 voyager=4/3
[08-07 23:03:08] remaining=15 submitted_this_pass=0 | galaxy=5/5 laniakea=0/7 voyager=4/3
[08-07 23:04:38] remaining=15 submitted_this_pass=0 | galaxy=5/5 laniakea=0/7 voyager=4/3
[08-07 23:06:09] remaining=15 submitted_this_pass=0 | galaxy=5/5 laniakea=0/7 voyager=4/3
[08-07 23:07:40] remaining=15 submitted_this_pass=0 | galaxy=5/5 laniakea=0/7 voyager=4/3
[08-07 23:09:11] remaining=15 submitted_this_pass=0 | galaxy=5/5 laniakea=0/7 voyager=4/3
[08-07 23:10:41] remaining=15 submitted_this_pass=0 | galaxy=5/5 laniakea=0/7 voyager=4/3
[08-07 23:12:12] remaining=15 submitted_this_pass=0 | galaxy=5/5 laniakea=0/7 voyager=4/3
[08-07 23:13:43] remaining=15 submitted_this_pass=0 | galaxy=5/5 laniakea=0/7 voyager=4/3
[08-07 23:15:14] remaining=15 submitted_this_pass=0 | galaxy=5/5 laniakea=0/7 voyager=4/3
[08-07 23:16:44] remaining=15 submitted_this_pass=0 | galaxy=5/5 laniakea=0/7 voyager=4/3
[08-07 23:18:15] remaining=15 submitted_this_pass=0 | galaxy=5/5 laniakea=0/7 voyager=4/3
[08-07 23:19:46] remaining=15 submitted_this_pass=0 | galaxy=5/5 laniakea=0/7 voyager=4/3
[08-07 23:21:17] remaining=15 submitted_this_pass=0 | galaxy=5/5 laniakea=0/7 voyager=4/3
[08-07 23:22:47] remaining=15 submitted_this_pass=0 | galaxy=5/5 laniakea=0/7 voyager=4/3
[08-07 23:24:18] remaining=15 submitted_this_pass=0 | galaxy=5/5 laniakea=0/7 voyager=4/3
[08-07 23:25:49] remaining=15 submitted_this_pass=0 | galaxy=5/5 laniakea=0/7 voyager=4/3
[08-07 23:27:20] remaining=15 submitted_this_pass=0 | galaxy=5/5 laniakea=0/7 voyager=4/3
[08-07 23:28:50] remaining=15 submitted_this_pass=0 | galaxy=5/5 laniakea=0/7 voyager=4/3
[08-07 23:30:21] remaining=15 submitted_this_pass=0 | galaxy=5/5 laniakea=0/7 voyager=4/3
[08-07 23:31:52] remaining=15 submitted_this_pass=0 | galaxy=5/5 laniakea=0/7 voyager=4/3
[08-07 23:33:22] remaining=15 submitted_this_pass=0 | galaxy=5/5 laniakea=0/7 voyager=4/3
[08-07 23:34:53] remaining=15 submitted_this_pass=0 | galaxy=5/5 laniakea=0/7 voyager=4/3
[08-07 23:36:24] remaining=15 submitted_this_pass=0 | galaxy=5/5 laniakea=0/7 voyager=4/3
[08-07 23:37:55] remaining=15 submitted_this_pass=0 | galaxy=5/5 laniakea=0/7 voyager=4/3
[08-07 23:39:25] remaining=15 submitted_this_pass=0 | galaxy=5/5 laniakea=0/7 voyager=4/3
[08-07 23:40:56] remaining=15 submitted_this_pass=0 | galaxy=5/5 laniakea=0/7 voyager=4/3
[08-07 23:42:27] remaining=15 submitted_this_pass=0 | galaxy=5/5 laniakea=0/7 voyager=4/3
[08-07 23:43:57] remaining=15 submitted_this_pass=0 | galaxy=5/5 laniakea=0/7 voyager=4/3
[08-07 23:45:28] remaining=15 submitted_this_pass=0 | galaxy=5/5 laniakea=0/7 voyager=4/3
[08-07 23:46:58] submitted H3K9ac:replace4 -> node=galaxy jid=264426 (attempt 1)
[08-07 23:47:02] remaining=14 submitted_this_pass=1 | galaxy=5/5 laniakea=0/7 voyager=4/3
[08-07 23:48:32] remaining=14 submitted_this_pass=0 | galaxy=5/5 laniakea=0/7 voyager=4/3
[08-07 23:50:03] remaining=14 submitted_this_pass=0 | galaxy=5/5 laniakea=0/7 voyager=4/3
[08-07 23:51:34] remaining=14 submitted_this_pass=0 | galaxy=5/5 laniakea=0/7 voyager=4/3
[08-07 23:53:05] remaining=14 submitted_this_pass=0 | galaxy=5/5 laniakea=0/7 voyager=4/3
[08-07 23:54:35] submitted H3K9ac:latefuse -> node=galaxy jid=264427 (attempt 1)
[08-07 23:54:38] remaining=13 submitted_this_pass=1 | galaxy=5/5 laniakea=0/7 voyager=4/3
[08-07 23:56:09] remaining=13 submitted_this_pass=0 | galaxy=5/5 laniakea=0/7 voyager=4/3
[08-07 23:57:40] remaining=13 submitted_this_pass=0 | galaxy=5/5 laniakea=0/7 voyager=4/3
[08-07 23:59:10] remaining=13 submitted_this_pass=0 | galaxy=5/5 laniakea=0/7 voyager=4/3
[08-08 00:00:41] remaining=13 submitted_this_pass=0 | galaxy=5/5 laniakea=0/7 voyager=4/3
[08-08 00:02:12] remaining=13 submitted_this_pass=0 | galaxy=5/5 laniakea=1/7 voyager=4/3
[08-08 00:03:42] remaining=13 submitted_this_pass=0 | galaxy=5/5 laniakea=1/7 voyager=4/3
[08-08 00:05:13] remaining=13 submitted_this_pass=0 | galaxy=5/5 laniakea=1/7 voyager=4/3
[08-08 00:06:43] remaining=13 submitted_this_pass=0 | galaxy=5/5 laniakea=1/7 voyager=4/3
[08-08 00:08:14] remaining=12 submitted_this_pass=0 | galaxy=5/5 laniakea=1/7 voyager=4/3
[08-08 00:09:44] submitted H3K9me3:latefuse -> node=galaxy jid=264429 (attempt 1)
[08-08 00:09:48] remaining=12 submitted_this_pass=1 | galaxy=5/5 laniakea=1/7 voyager=4/3
[08-08 00:11:18] remaining=12 submitted_this_pass=0 | galaxy=5/5 laniakea=1/7 voyager=4/3
[08-08 00:12:49] remaining=12 submitted_this_pass=0 | galaxy=5/5 laniakea=1/7 voyager=4/3
[08-08 00:14:19] remaining=12 submitted_this_pass=0 | galaxy=5/5 laniakea=1/7 voyager=4/3
[08-08 00:15:50] remaining=12 submitted_this_pass=0 | galaxy=5/5 laniakea=1/7 voyager=4/3
[08-08 00:17:21] remaining=12 submitted_this_pass=0 | galaxy=5/5 laniakea=1/7 voyager=4/3
[08-08 00:18:51] remaining=12 submitted_this_pass=0 | galaxy=5/5 laniakea=1/7 voyager=4/3
[08-08 00:20:22] remaining=12 submitted_this_pass=0 | galaxy=5/5 laniakea=0/7 voyager=4/3
[08-08 00:21:53] remaining=12 submitted_this_pass=0 | galaxy=5/5 laniakea=0/7 voyager=4/3
[08-08 00:23:23] submitted H4K20me1:replace4 -> node=galaxy jid=264430 (attempt 1)
[08-08 00:23:26] remaining=11 submitted_this_pass=1 | galaxy=5/5 laniakea=0/7 voyager=4/3
[08-08 00:24:57] remaining=11 submitted_this_pass=0 | galaxy=5/5 laniakea=0/7 voyager=4/3
[08-08 00:26:27] remaining=11 submitted_this_pass=0 | galaxy=5/5 laniakea=0/7 voyager=4/3
[08-08 00:27:58] remaining=11 submitted_this_pass=0 | galaxy=5/5 laniakea=0/7 voyager=4/3
[08-08 00:29:28] remaining=11 submitted_this_pass=0 | galaxy=5/5 laniakea=0/7 voyager=3/3
[08-08 00:30:59] remaining=11 submitted_this_pass=0 | galaxy=5/5 laniakea=0/7 voyager=3/3
[08-08 00:32:29] remaining=11 submitted_this_pass=0 | galaxy=5/5 laniakea=0/7 voyager=3/3
[08-08 00:34:00] remaining=11 submitted_this_pass=0 | galaxy=5/5 laniakea=0/7 voyager=3/3
[08-08 00:35:30] remaining=11 submitted_this_pass=0 | galaxy=5/5 laniakea=0/7 voyager=3/3
[08-08 00:37:01] remaining=11 submitted_this_pass=0 | galaxy=5/5 laniakea=0/7 voyager=3/3
[08-08 00:38:31] remaining=11 submitted_this_pass=0 | galaxy=5/5 laniakea=0/7 voyager=3/3
[08-08 00:40:02] remaining=11 submitted_this_pass=0 | galaxy=5/5 laniakea=0/7 voyager=3/3
[08-08 00:41:33] remaining=11 submitted_this_pass=0 | galaxy=5/5 laniakea=0/7 voyager=3/3
[08-08 00:43:03] remaining=11 submitted_this_pass=0 | galaxy=5/5 laniakea=0/7 voyager=3/3
[08-08 00:44:34] remaining=11 submitted_this_pass=0 | galaxy=5/5 laniakea=0/7 voyager=3/3
[08-08 00:46:04] remaining=11 submitted_this_pass=0 | galaxy=5/5 laniakea=0/7 voyager=3/3
[08-08 00:47:35] remaining=11 submitted_this_pass=0 | galaxy=5/5 laniakea=0/7 voyager=3/3
[08-08 00:49:05] remaining=11 submitted_this_pass=0 | galaxy=5/5 laniakea=0/7 voyager=3/3
[08-08 00:50:36] remaining=11 submitted_this_pass=0 | galaxy=5/5 laniakea=0/7 voyager=3/3
[08-08 00:52:06] remaining=11 submitted_this_pass=0 | galaxy=5/5 laniakea=0/7 voyager=3/3
[08-08 00:53:37] remaining=11 submitted_this_pass=0 | galaxy=5/5 laniakea=0/7 voyager=3/3
[08-08 00:55:07] remaining=11 submitted_this_pass=0 | galaxy=5/5 laniakea=0/7 voyager=3/3
[08-08 00:56:38] remaining=11 submitted_this_pass=0 | galaxy=5/5 laniakea=0/7 voyager=3/3
[08-08 00:58:08] remaining=11 submitted_this_pass=0 | galaxy=5/5 laniakea=0/7 voyager=3/3
[08-08 00:59:39] remaining=11 submitted_this_pass=0 | galaxy=5/5 laniakea=0/7 voyager=3/3
[08-08 01:01:10] remaining=11 submitted_this_pass=0 | galaxy=5/5 laniakea=0/7 voyager=3/3
[08-08 01:02:40] remaining=11 submitted_this_pass=0 | galaxy=5/5 laniakea=0/7 voyager=3/3
[08-08 01:04:11] remaining=11 submitted_this_pass=0 | galaxy=5/5 laniakea=0/7 voyager=3/3
[08-08 01:05:41] remaining=11 submitted_this_pass=0 | galaxy=5/5 laniakea=0/7 voyager=3/3
[08-08 01:07:12] remaining=11 submitted_this_pass=0 | galaxy=5/5 laniakea=0/7 voyager=3/3
[08-08 01:08:43] remaining=11 submitted_this_pass=0 | galaxy=5/5 laniakea=0/7 voyager=3/3
[08-08 01:10:13] remaining=11 submitted_this_pass=0 | galaxy=5/5 laniakea=0/7 voyager=3/3
[08-08 01:11:44] remaining=11 submitted_this_pass=0 | galaxy=5/5 laniakea=0/7 voyager=3/3
[08-08 01:13:14] remaining=11 submitted_this_pass=0 | galaxy=5/5 laniakea=0/7 voyager=3/3
[08-08 01:14:45] remaining=11 submitted_this_pass=0 | galaxy=5/5 laniakea=0/7 voyager=3/3
[08-08 01:16:16] remaining=11 submitted_this_pass=0 | galaxy=5/5 laniakea=0/7 voyager=3/3
[08-08 01:17:46] remaining=11 submitted_this_pass=0 | galaxy=5/5 laniakea=0/7 voyager=3/3
[08-08 01:19:17] remaining=11 submitted_this_pass=0 | galaxy=5/5 laniakea=0/7 voyager=3/3
[08-08 01:20:47] remaining=11 submitted_this_pass=0 | galaxy=5/5 laniakea=0/7 voyager=3/3
[08-08 01:22:18] remaining=11 submitted_this_pass=0 | galaxy=5/5 laniakea=0/7 voyager=3/3
[08-08 01:23:48] remaining=11 submitted_this_pass=0 | galaxy=5/5 laniakea=0/7 voyager=3/3
[08-08 01:25:19] remaining=11 submitted_this_pass=0 | galaxy=5/5 laniakea=0/7 voyager=3/3
[08-08 01:26:49] remaining=11 submitted_this_pass=0 | galaxy=5/5 laniakea=0/7 voyager=3/3
[08-08 01:28:20] remaining=11 submitted_this_pass=0 | galaxy=5/5 laniakea=0/7 voyager=3/3
[08-08 01:29:50] remaining=11 submitted_this_pass=0 | galaxy=5/5 laniakea=0/7 voyager=3/3
[08-08 01:31:22] remaining=11 submitted_this_pass=0 | galaxy=5/5 laniakea=0/7 voyager=3/3
[08-08 01:32:53] remaining=11 submitted_this_pass=0 | galaxy=5/5 laniakea=0/7 voyager=3/3
[08-08 01:34:24] remaining=11 submitted_this_pass=0 | galaxy=5/5 laniakea=0/7 voyager=3/3
[08-08 01:35:54] remaining=11 submitted_this_pass=0 | galaxy=5/5 laniakea=0/7 voyager=3/3
[08-08 01:37:25] remaining=11 submitted_this_pass=0 | galaxy=5/5 laniakea=0/7 voyager=3/3
[08-08 01:38:56] remaining=11 submitted_this_pass=0 | galaxy=5/5 laniakea=0/7 voyager=3/3
[08-08 01:40:27] remaining=11 submitted_this_pass=0 | galaxy=5/5 laniakea=0/7 voyager=3/3
[08-08 01:41:58] remaining=11 submitted_this_pass=0 | galaxy=5/5 laniakea=0/7 voyager=3/3
[08-08 01:43:28] remaining=11 submitted_this_pass=0 | galaxy=5/5 laniakea=0/7 voyager=3/3
[08-08 01:44:59] remaining=11 submitted_this_pass=0 | galaxy=5/5 laniakea=0/7 voyager=3/3
[08-08 01:46:30] remaining=11 submitted_this_pass=0 | galaxy=5/5 laniakea=0/7 voyager=3/3
[08-08 01:48:00] remaining=11 submitted_this_pass=0 | galaxy=5/5 laniakea=0/7 voyager=3/3
[08-08 01:49:31] remaining=11 submitted_this_pass=0 | galaxy=5/5 laniakea=0/7 voyager=3/3
[08-08 01:51:02] remaining=11 submitted_this_pass=0 | galaxy=5/5 laniakea=0/7 voyager=3/3
[08-08 01:52:33] remaining=11 submitted_this_pass=0 | galaxy=5/5 laniakea=0/7 voyager=3/3
[08-08 01:54:04] remaining=11 submitted_this_pass=0 | galaxy=5/5 laniakea=0/7 voyager=3/3
[08-08 01:55:35] remaining=11 submitted_this_pass=0 | galaxy=5/5 laniakea=0/7 voyager=3/3
[08-08 01:57:05] remaining=11 submitted_this_pass=0 | galaxy=5/5 laniakea=0/7 voyager=3/3
[08-08 01:58:36] remaining=11 submitted_this_pass=0 | galaxy=5/5 laniakea=0/7 voyager=3/3
[08-08 02:00:07] remaining=11 submitted_this_pass=0 | galaxy=5/5 laniakea=0/7 voyager=3/3
[08-08 02:01:37] remaining=11 submitted_this_pass=0 | galaxy=6/5 laniakea=0/7 voyager=3/3
[08-08 02:03:08] remaining=11 submitted_this_pass=0 | galaxy=6/5 laniakea=0/7 voyager=3/3
[08-08 02:04:38] remaining=11 submitted_this_pass=0 | galaxy=6/5 laniakea=0/7 voyager=3/3
[08-08 02:06:09] remaining=10 submitted_this_pass=0 | galaxy=5/5 laniakea=0/7 voyager=3/3
[08-08 02:07:40] remaining=10 submitted_this_pass=0 | galaxy=5/5 laniakea=0/7 voyager=3/3
[08-08 02:09:10] remaining=10 submitted_this_pass=0 | galaxy=5/5 laniakea=0/7 voyager=3/3
[08-08 02:10:41] remaining=10 submitted_this_pass=0 | galaxy=5/5 laniakea=0/7 voyager=3/3
[08-08 02:12:12] remaining=10 submitted_this_pass=0 | galaxy=5/5 laniakea=0/7 voyager=3/3
[08-08 02:13:42] remaining=10 submitted_this_pass=0 | galaxy=5/5 laniakea=0/7 voyager=3/3
[08-08 02:15:13] remaining=10 submitted_this_pass=0 | galaxy=5/5 laniakea=0/7 voyager=3/3
[08-08 02:16:44] remaining=10 submitted_this_pass=0 | galaxy=5/5 laniakea=0/7 voyager=3/3
[08-08 02:18:14] remaining=10 submitted_this_pass=0 | galaxy=5/5 laniakea=0/7 voyager=3/3
[08-08 02:19:45] remaining=10 submitted_this_pass=0 | galaxy=5/5 laniakea=0/7 voyager=3/3
[08-08 02:21:15] remaining=10 submitted_this_pass=0 | galaxy=5/5 laniakea=0/7 voyager=3/3
[08-08 02:22:46] remaining=10 submitted_this_pass=0 | galaxy=5/5 laniakea=0/7 voyager=3/3
[08-08 02:24:17] remaining=10 submitted_this_pass=0 | galaxy=5/5 laniakea=0/7 voyager=3/3
[08-08 02:25:47] remaining=10 submitted_this_pass=0 | galaxy=5/5 laniakea=0/7 voyager=3/3
[08-08 02:27:18] remaining=10 submitted_this_pass=0 | galaxy=5/5 laniakea=0/7 voyager=3/3
[08-08 02:28:48] remaining=10 submitted_this_pass=0 | galaxy=5/5 laniakea=0/7 voyager=3/3
[08-08 02:30:19] remaining=10 submitted_this_pass=0 | galaxy=5/5 laniakea=0/7 voyager=3/3
[08-08 02:31:49] remaining=10 submitted_this_pass=0 | galaxy=5/5 laniakea=0/7 voyager=3/3
[08-08 02:33:20] remaining=10 submitted_this_pass=0 | galaxy=5/5 laniakea=0/7 voyager=3/3
[08-08 02:34:50] remaining=10 submitted_this_pass=0 | galaxy=5/5 laniakea=0/7 voyager=3/3
[08-08 02:36:21] remaining=10 submitted_this_pass=0 | galaxy=5/5 laniakea=0/7 voyager=3/3
[08-08 02:37:52] remaining=10 submitted_this_pass=0 | galaxy=5/5 laniakea=0/7 voyager=3/3
[08-08 02:39:22] submitted H4K20me1:latefuse -> node=galaxy jid=264675 (attempt 1)
[08-08 02:39:25] submitted enhancers_types:replace4 -> node=galaxy jid=264676 (attempt 1)
[08-08 02:39:28] submitted enhancers_types:latefuse -> node=galaxy jid=264677 (attempt 1)
[08-08 02:39:31] submitted splice_sites_acceptors:replace4 -> node=galaxy jid=264678 (attempt 1)
[08-08 02:39:34] submitted splice_sites_acceptors:latefuse -> node=galaxy jid=264679 (attempt 1)
[08-08 02:39:37] remaining=9 submitted_this_pass=5 | galaxy=4/5 laniakea=0/7 voyager=3/3
[08-08 02:41:08] remaining=9 submitted_this_pass=0 | galaxy=4/5 laniakea=0/7 voyager=3/3
[08-08 02:42:38] remaining=9 submitted_this_pass=0 | galaxy=4/5 laniakea=0/7 voyager=3/3
[08-08 02:44:09] remaining=9 submitted_this_pass=0 | galaxy=4/5 laniakea=0/7 voyager=3/3
[08-08 02:45:40] remaining=9 submitted_this_pass=0 | galaxy=4/5 laniakea=0/7 voyager=3/3
[08-08 02:47:10] remaining=9 submitted_this_pass=0 | galaxy=3/5 laniakea=0/7 voyager=3/3
[08-08 02:48:40] remaining=9 submitted_this_pass=0 | galaxy=3/5 laniakea=0/7 voyager=3/3
[08-08 02:50:11] remaining=9 submitted_this_pass=0 | galaxy=3/5 laniakea=0/7 voyager=3/3
[08-08 02:51:41] remaining=9 submitted_this_pass=0 | galaxy=3/5 laniakea=0/7 voyager=3/3
[08-08 02:53:12] remaining=9 submitted_this_pass=0 | galaxy=3/5 laniakea=0/7 voyager=3/3
[08-08 02:54:42] remaining=9 submitted_this_pass=0 | galaxy=3/5 laniakea=0/7 voyager=3/3
[08-08 02:56:13] remaining=9 submitted_this_pass=0 | galaxy=3/5 laniakea=0/7 voyager=3/3
[08-08 02:57:43] remaining=9 submitted_this_pass=0 | galaxy=3/5 laniakea=0/7 voyager=3/3
[08-08 02:59:14] remaining=9 submitted_this_pass=0 | galaxy=3/5 laniakea=0/7 voyager=3/3
[08-08 03:00:44] remaining=9 submitted_this_pass=0 | galaxy=3/5 laniakea=0/7 voyager=3/3
[08-08 03:02:15] remaining=9 submitted_this_pass=0 | galaxy=3/5 laniakea=0/7 voyager=3/3
[08-08 03:03:45] remaining=9 submitted_this_pass=0 | galaxy=3/5 laniakea=0/7 voyager=3/3
[08-08 03:05:16] remaining=9 submitted_this_pass=0 | galaxy=3/5 laniakea=0/7 voyager=3/3
[08-08 03:06:46] remaining=9 submitted_this_pass=0 | galaxy=3/5 laniakea=0/7 voyager=3/3
[08-08 03:08:16] remaining=9 submitted_this_pass=0 | galaxy=3/5 laniakea=0/7 voyager=3/3
[08-08 03:09:48] remaining=9 submitted_this_pass=0 | galaxy=3/5 laniakea=0/7 voyager=3/3
[08-08 03:11:19] remaining=8 submitted_this_pass=0 | galaxy=3/5 laniakea=0/7 voyager=3/3
[08-08 03:12:49] remaining=8 submitted_this_pass=0 | galaxy=2/5 laniakea=0/7 voyager=3/3
[08-08 03:14:20] remaining=8 submitted_this_pass=0 | galaxy=2/5 laniakea=0/7 voyager=3/3
[08-08 03:15:50] remaining=8 submitted_this_pass=0 | galaxy=2/5 laniakea=0/7 voyager=3/3
[08-08 03:17:21] remaining=8 submitted_this_pass=0 | galaxy=2/5 laniakea=0/7 voyager=3/3
[08-08 03:18:51] remaining=8 submitted_this_pass=0 | galaxy=2/5 laniakea=0/7 voyager=3/3
[08-08 03:20:22] remaining=8 submitted_this_pass=0 | galaxy=2/5 laniakea=0/7 voyager=3/3
[08-08 03:21:52] remaining=8 submitted_this_pass=0 | galaxy=2/5 laniakea=0/7 voyager=3/3
[08-08 03:23:23] remaining=8 submitted_this_pass=0 | galaxy=2/5 laniakea=0/7 voyager=3/3
[08-08 03:24:53] remaining=8 submitted_this_pass=0 | galaxy=2/5 laniakea=0/7 voyager=3/3
[08-08 03:26:24] remaining=8 submitted_this_pass=0 | galaxy=2/5 laniakea=0/7 voyager=3/3
[08-08 03:27:54] remaining=8 submitted_this_pass=0 | galaxy=2/5 laniakea=0/7 voyager=3/3
[08-08 03:29:25] remaining=8 submitted_this_pass=0 | galaxy=2/5 laniakea=0/7 voyager=3/3
[08-08 03:30:55] remaining=8 submitted_this_pass=0 | galaxy=2/5 laniakea=0/7 voyager=3/3
[08-08 03:32:26] remaining=8 submitted_this_pass=0 | galaxy=2/5 laniakea=0/7 voyager=3/3
[08-08 03:33:56] remaining=8 submitted_this_pass=0 | galaxy=2/5 laniakea=0/7 voyager=3/3
[08-08 03:35:27] remaining=8 submitted_this_pass=0 | galaxy=2/5 laniakea=0/7 voyager=3/3
[08-08 03:36:57] remaining=8 submitted_this_pass=0 | galaxy=2/5 laniakea=0/7 voyager=3/3
[08-08 03:38:29] remaining=7 submitted_this_pass=0 | galaxy=1/5 laniakea=0/7 voyager=3/3
[08-08 03:40:00] remaining=7 submitted_this_pass=0 | galaxy=1/5 laniakea=0/7 voyager=3/3
[08-08 03:41:30] remaining=7 submitted_this_pass=0 | galaxy=1/5 laniakea=0/7 voyager=3/3
[08-08 03:43:01] remaining=7 submitted_this_pass=0 | galaxy=1/5 laniakea=0/7 voyager=3/3
[08-08 03:44:31] remaining=6 submitted_this_pass=0 | galaxy=0/5 laniakea=0/7 voyager=3/3
[08-08 03:46:03] remaining=6 submitted_this_pass=0 | galaxy=0/5 laniakea=0/7 voyager=3/3
[08-08 03:47:33] remaining=6 submitted_this_pass=0 | galaxy=0/5 laniakea=0/7 voyager=3/3
[08-08 03:49:04] remaining=6 submitted_this_pass=0 | galaxy=0/5 laniakea=0/7 voyager=3/3
[08-08 03:50:34] remaining=6 submitted_this_pass=0 | galaxy=0/5 laniakea=0/7 voyager=3/3
[08-08 03:52:05] remaining=6 submitted_this_pass=0 | galaxy=1/5 laniakea=0/7 voyager=3/3
[08-08 03:53:35] remaining=6 submitted_this_pass=0 | galaxy=3/5 laniakea=0/7 voyager=3/3
[08-08 03:55:05] remaining=6 submitted_this_pass=0 | galaxy=5/5 laniakea=0/7 voyager=3/3
[08-08 03:56:36] remaining=6 submitted_this_pass=0 | galaxy=5/5 laniakea=0/7 voyager=3/3
[08-08 03:58:06] remaining=6 submitted_this_pass=0 | galaxy=5/5 laniakea=0/7 voyager=3/3
[08-08 03:59:37] remaining=6 submitted_this_pass=0 | galaxy=5/5 laniakea=0/7 voyager=3/3
[08-08 04:01:07] remaining=6 submitted_this_pass=0 | galaxy=5/5 laniakea=1/7 voyager=3/3
[08-08 04:02:37] remaining=6 submitted_this_pass=0 | galaxy=5/5 laniakea=1/7 voyager=3/3
[08-08 04:04:08] remaining=6 submitted_this_pass=0 | galaxy=5/5 laniakea=1/7 voyager=3/3
[08-08 04:05:38] remaining=6 submitted_this_pass=0 | galaxy=5/5 laniakea=1/7 voyager=3/3
[08-08 04:07:08] remaining=6 submitted_this_pass=0 | galaxy=5/5 laniakea=1/7 voyager=3/3
[08-08 04:08:39] remaining=6 submitted_this_pass=0 | galaxy=5/5 laniakea=1/7 voyager=3/3
[08-08 04:10:09] remaining=6 submitted_this_pass=0 | galaxy=5/5 laniakea=1/7 voyager=3/3
[08-08 04:11:39] remaining=6 submitted_this_pass=0 | galaxy=5/5 laniakea=1/7 voyager=3/3
[08-08 04:13:10] remaining=6 submitted_this_pass=0 | galaxy=5/5 laniakea=1/7 voyager=3/3
[08-08 04:14:40] remaining=6 submitted_this_pass=0 | galaxy=5/5 laniakea=1/7 voyager=3/3
[08-08 04:16:10] remaining=6 submitted_this_pass=0 | galaxy=5/5 laniakea=1/7 voyager=3/3
[08-08 04:17:41] remaining=6 submitted_this_pass=0 | galaxy=5/5 laniakea=1/7 voyager=3/3
[08-08 04:19:11] remaining=6 submitted_this_pass=0 | galaxy=5/5 laniakea=0/7 voyager=3/3
[08-08 04:20:42] remaining=6 submitted_this_pass=0 | galaxy=5/5 laniakea=0/7 voyager=3/3
[08-08 04:22:12] remaining=6 submitted_this_pass=0 | galaxy=5/5 laniakea=0/7 voyager=3/3
[08-08 04:23:42] remaining=6 submitted_this_pass=0 | galaxy=5/5 laniakea=0/7 voyager=3/3
[08-08 04:25:13] remaining=6 submitted_this_pass=0 | galaxy=5/5 laniakea=0/7 voyager=3/3
[08-08 04:26:43] remaining=6 submitted_this_pass=0 | galaxy=5/5 laniakea=0/7 voyager=3/3
[08-08 04:28:13] remaining=6 submitted_this_pass=0 | galaxy=5/5 laniakea=0/7 voyager=3/3
[08-08 04:29:44] remaining=6 submitted_this_pass=0 | galaxy=5/5 laniakea=0/7 voyager=3/3
[08-08 04:31:14] remaining=6 submitted_this_pass=0 | galaxy=5/5 laniakea=0/7 voyager=3/3
[08-08 04:32:44] remaining=6 submitted_this_pass=0 | galaxy=5/5 laniakea=0/7 voyager=3/3
[08-08 04:34:15] remaining=6 submitted_this_pass=0 | galaxy=5/5 laniakea=0/7 voyager=3/3
[08-08 04:35:45] remaining=6 submitted_this_pass=0 | galaxy=5/5 laniakea=0/7 voyager=3/3
[08-08 04:37:16] remaining=6 submitted_this_pass=0 | galaxy=5/5 laniakea=0/7 voyager=3/3
[08-08 04:38:46] remaining=6 submitted_this_pass=0 | galaxy=5/5 laniakea=0/7 voyager=3/3
[08-08 04:40:16] remaining=6 submitted_this_pass=0 | galaxy=5/5 laniakea=0/7 voyager=3/3
[08-08 04:41:47] remaining=6 submitted_this_pass=0 | galaxy=5/5 laniakea=0/7 voyager=3/3
[08-08 04:43:17] remaining=6 submitted_this_pass=0 | galaxy=5/5 laniakea=0/7 voyager=3/3
[08-08 04:44:47] remaining=6 submitted_this_pass=0 | galaxy=5/5 laniakea=0/7 voyager=3/3
[08-08 04:46:18] remaining=6 submitted_this_pass=0 | galaxy=5/5 laniakea=0/7 voyager=3/3
[08-08 04:47:48] remaining=6 submitted_this_pass=0 | galaxy=5/5 laniakea=0/7 voyager=3/3
[08-08 04:49:18] remaining=6 submitted_this_pass=0 | galaxy=5/5 laniakea=0/7 voyager=3/3
[08-08 04:50:49] remaining=6 submitted_this_pass=0 | galaxy=5/5 laniakea=0/7 voyager=3/3
[08-08 04:52:19] remaining=6 submitted_this_pass=0 | galaxy=5/5 laniakea=0/7 voyager=3/3
[08-08 04:53:50] remaining=6 submitted_this_pass=0 | galaxy=5/5 laniakea=0/7 voyager=3/3
[08-08 04:55:20] remaining=6 submitted_this_pass=0 | galaxy=5/5 laniakea=0/7 voyager=3/3
[08-08 04:56:50] remaining=6 submitted_this_pass=0 | galaxy=5/5 laniakea=0/7 voyager=3/3
[08-08 04:58:21] remaining=6 submitted_this_pass=0 | galaxy=5/5 laniakea=0/7 voyager=3/3
[08-08 04:59:51] remaining=6 submitted_this_pass=0 | galaxy=5/5 laniakea=0/7 voyager=3/3
[08-08 05:01:21] remaining=6 submitted_this_pass=0 | galaxy=5/5 laniakea=0/7 voyager=3/3
[08-08 05:02:52] remaining=6 submitted_this_pass=0 | galaxy=5/5 laniakea=0/7 voyager=3/3
[08-08 05:04:22] remaining=6 submitted_this_pass=0 | galaxy=5/5 laniakea=0/7 voyager=3/3
[08-08 05:05:53] remaining=6 submitted_this_pass=0 | galaxy=5/5 laniakea=0/7 voyager=3/3
[08-08 05:07:23] remaining=6 submitted_this_pass=0 | galaxy=5/5 laniakea=0/7 voyager=3/3
[08-08 05:08:53] remaining=6 submitted_this_pass=0 | galaxy=5/5 laniakea=0/7 voyager=3/3
[08-08 05:10:24] remaining=6 submitted_this_pass=0 | galaxy=5/5 laniakea=0/7 voyager=3/3
[08-08 05:11:54] remaining=6 submitted_this_pass=0 | galaxy=5/5 laniakea=0/7 voyager=3/3
[08-08 05:13:24] remaining=6 submitted_this_pass=0 | galaxy=5/5 laniakea=0/7 voyager=3/3
[08-08 05:14:55] remaining=6 submitted_this_pass=0 | galaxy=5/5 laniakea=0/7 voyager=3/3
[08-08 05:16:25] remaining=6 submitted_this_pass=0 | galaxy=5/5 laniakea=0/7 voyager=3/3
[08-08 05:17:55] remaining=6 submitted_this_pass=0 | galaxy=5/5 laniakea=0/7 voyager=3/3
[08-08 05:19:26] remaining=6 submitted_this_pass=0 | galaxy=5/5 laniakea=0/7 voyager=3/3
[08-08 05:20:56] remaining=6 submitted_this_pass=0 | galaxy=5/5 laniakea=0/7 voyager=3/3
[08-08 05:22:26] remaining=6 submitted_this_pass=0 | galaxy=5/5 laniakea=0/7 voyager=3/3
[08-08 05:23:57] remaining=6 submitted_this_pass=0 | galaxy=5/5 laniakea=0/7 voyager=3/3
[08-08 05:25:27] remaining=6 submitted_this_pass=0 | galaxy=5/5 laniakea=0/7 voyager=3/3
[08-08 05:26:58] remaining=6 submitted_this_pass=0 | galaxy=5/5 laniakea=0/7 voyager=3/3
[08-08 05:28:28] remaining=6 submitted_this_pass=0 | galaxy=5/5 laniakea=0/7 voyager=3/3
[08-08 05:29:58] remaining=6 submitted_this_pass=0 | galaxy=5/5 laniakea=0/7 voyager=3/3
[08-08 05:31:29] remaining=6 submitted_this_pass=0 | galaxy=5/5 laniakea=0/7 voyager=3/3
[08-08 05:32:59] remaining=6 submitted_this_pass=0 | galaxy=5/5 laniakea=0/7 voyager=3/3
[08-08 05:34:29] remaining=6 submitted_this_pass=0 | galaxy=5/5 laniakea=0/7 voyager=3/3
[08-08 05:36:00] remaining=6 submitted_this_pass=0 | galaxy=5/5 laniakea=0/7 voyager=3/3
[08-08 05:37:30] remaining=6 submitted_this_pass=0 | galaxy=5/5 laniakea=0/7 voyager=3/3
[08-08 05:39:00] remaining=6 submitted_this_pass=0 | galaxy=5/5 laniakea=0/7 voyager=3/3
[08-08 05:40:31] remaining=6 submitted_this_pass=0 | galaxy=5/5 laniakea=0/7 voyager=3/3
[08-08 05:42:01] remaining=6 submitted_this_pass=0 | galaxy=5/5 laniakea=0/7 voyager=3/3
[08-08 05:43:31] remaining=6 submitted_this_pass=0 | galaxy=5/5 laniakea=0/7 voyager=3/3
[08-08 05:45:02] remaining=6 submitted_this_pass=0 | galaxy=5/5 laniakea=0/7 voyager=3/3
[08-08 05:46:32] remaining=6 submitted_this_pass=0 | galaxy=5/5 laniakea=0/7 voyager=3/3
[08-08 05:48:03] remaining=6 submitted_this_pass=0 | galaxy=5/5 laniakea=0/7 voyager=3/3
[08-08 05:49:33] remaining=6 submitted_this_pass=0 | galaxy=5/5 laniakea=0/7 voyager=3/3
[08-08 05:51:03] remaining=6 submitted_this_pass=0 | galaxy=5/5 laniakea=0/7 voyager=3/3
[08-08 05:52:34] remaining=6 submitted_this_pass=0 | galaxy=5/5 laniakea=0/7 voyager=3/3
[08-08 05:54:04] remaining=6 submitted_this_pass=0 | galaxy=5/5 laniakea=0/7 voyager=3/3
[08-08 05:55:34] remaining=6 submitted_this_pass=0 | galaxy=5/5 laniakea=0/7 voyager=3/3
[08-08 05:57:05] remaining=6 submitted_this_pass=0 | galaxy=5/5 laniakea=0/7 voyager=3/3
[08-08 05:58:35] remaining=6 submitted_this_pass=0 | galaxy=5/5 laniakea=0/7 voyager=3/3
[08-08 06:00:05] remaining=6 submitted_this_pass=0 | galaxy=5/5 laniakea=0/7 voyager=3/3
[08-08 06:01:36] remaining=6 submitted_this_pass=0 | galaxy=5/5 laniakea=1/7 voyager=3/3
[08-08 06:03:06] remaining=6 submitted_this_pass=0 | galaxy=5/5 laniakea=1/7 voyager=3/3
[08-08 06:04:37] remaining=6 submitted_this_pass=0 | galaxy=5/5 laniakea=1/7 voyager=3/3
[08-08 06:06:07] remaining=6 submitted_this_pass=0 | galaxy=5/5 laniakea=1/7 voyager=3/3
[08-08 06:07:37] remaining=6 submitted_this_pass=0 | galaxy=5/5 laniakea=1/7 voyager=3/3
[08-08 06:09:08] remaining=6 submitted_this_pass=0 | galaxy=5/5 laniakea=1/7 voyager=3/3
[08-08 06:10:38] remaining=6 submitted_this_pass=0 | galaxy=5/5 laniakea=1/7 voyager=3/3
[08-08 06:12:08] remaining=6 submitted_this_pass=0 | galaxy=5/5 laniakea=1/7 voyager=3/3
[08-08 06:13:39] remaining=6 submitted_this_pass=0 | galaxy=5/5 laniakea=1/7 voyager=3/3
[08-08 06:15:09] remaining=6 submitted_this_pass=0 | galaxy=5/5 laniakea=1/7 voyager=3/3
[08-08 06:16:39] remaining=6 submitted_this_pass=0 | galaxy=5/5 laniakea=1/7 voyager=3/3
[08-08 06:18:10] remaining=6 submitted_this_pass=0 | galaxy=5/5 laniakea=1/7 voyager=3/3
[08-08 06:19:40] remaining=6 submitted_this_pass=0 | galaxy=5/5 laniakea=0/7 voyager=3/3
[08-08 06:21:11] remaining=6 submitted_this_pass=0 | galaxy=5/5 laniakea=0/7 voyager=3/3
[08-08 06:22:41] remaining=6 submitted_this_pass=0 | galaxy=5/5 laniakea=0/7 voyager=3/3
[08-08 06:24:11] remaining=6 submitted_this_pass=0 | galaxy=5/5 laniakea=0/7 voyager=3/3
[08-08 06:25:42] remaining=6 submitted_this_pass=0 | galaxy=5/5 laniakea=0/7 voyager=3/3
[08-08 06:27:12] remaining=6 submitted_this_pass=0 | galaxy=5/5 laniakea=0/7 voyager=3/3
[08-08 06:28:42] remaining=6 submitted_this_pass=0 | galaxy=5/5 laniakea=0/7 voyager=3/3
[08-08 06:30:13] remaining=6 submitted_this_pass=0 | galaxy=5/5 laniakea=0/7 voyager=3/3
[08-08 06:31:43] remaining=6 submitted_this_pass=0 | galaxy=5/5 laniakea=0/7 voyager=3/3
[08-08 06:33:14] remaining=6 submitted_this_pass=0 | galaxy=5/5 laniakea=0/7 voyager=3/3
[08-08 06:34:44] remaining=6 submitted_this_pass=0 | galaxy=5/5 laniakea=0/7 voyager=3/3
[08-08 06:36:14] remaining=6 submitted_this_pass=0 | galaxy=5/5 laniakea=0/7 voyager=3/3
[08-08 06:37:45] remaining=6 submitted_this_pass=0 | galaxy=5/5 laniakea=0/7 voyager=3/3
[08-08 06:39:15] remaining=6 submitted_this_pass=0 | galaxy=5/5 laniakea=0/7 voyager=3/3
[08-08 06:40:45] remaining=6 submitted_this_pass=0 | galaxy=5/5 laniakea=0/7 voyager=3/3
[08-08 06:42:16] remaining=6 submitted_this_pass=0 | galaxy=5/5 laniakea=0/7 voyager=3/3
[08-08 06:43:46] remaining=6 submitted_this_pass=0 | galaxy=5/5 laniakea=0/7 voyager=3/3
[08-08 06:45:16] remaining=6 submitted_this_pass=0 | galaxy=5/5 laniakea=0/7 voyager=3/3
[08-08 06:46:47] remaining=6 submitted_this_pass=0 | galaxy=5/5 laniakea=0/7 voyager=3/3
[08-08 06:48:17] remaining=6 submitted_this_pass=0 | galaxy=5/5 laniakea=0/7 voyager=3/3
[08-08 06:49:48] remaining=6 submitted_this_pass=0 | galaxy=5/5 laniakea=0/7 voyager=3/3
[08-08 06:51:18] remaining=6 submitted_this_pass=0 | galaxy=5/5 laniakea=0/7 voyager=3/3
[08-08 06:52:48] remaining=6 submitted_this_pass=0 | galaxy=5/5 laniakea=0/7 voyager=3/3
[08-08 06:54:19] remaining=6 submitted_this_pass=0 | galaxy=5/5 laniakea=0/7 voyager=3/3
[08-08 06:55:49] remaining=6 submitted_this_pass=0 | galaxy=5/5 laniakea=0/7 voyager=3/3
[08-08 06:57:19] remaining=6 submitted_this_pass=0 | galaxy=5/5 laniakea=0/7 voyager=3/3
[08-08 06:58:50] remaining=6 submitted_this_pass=0 | galaxy=5/5 laniakea=0/7 voyager=3/3
[08-08 07:00:20] remaining=6 submitted_this_pass=0 | galaxy=5/5 laniakea=0/7 voyager=3/3
[08-08 07:01:50] remaining=6 submitted_this_pass=0 | galaxy=5/5 laniakea=0/7 voyager=3/3
[08-08 07:03:21] remaining=6 submitted_this_pass=0 | galaxy=5/5 laniakea=0/7 voyager=3/3
[08-08 07:04:51] remaining=6 submitted_this_pass=0 | galaxy=5/5 laniakea=0/7 voyager=3/3
[08-08 07:06:22] remaining=6 submitted_this_pass=0 | galaxy=5/5 laniakea=0/7 voyager=3/3
[08-08 07:07:52] remaining=6 submitted_this_pass=0 | galaxy=5/5 laniakea=0/7 voyager=3/3
[08-08 07:09:22] remaining=6 submitted_this_pass=0 | galaxy=5/5 laniakea=0/7 voyager=3/3
[08-08 07:10:53] remaining=6 submitted_this_pass=0 | galaxy=5/5 laniakea=0/7 voyager=3/3
[08-08 07:12:23] remaining=6 submitted_this_pass=0 | galaxy=5/5 laniakea=0/7 voyager=3/3
[08-08 07:13:53] remaining=6 submitted_this_pass=0 | galaxy=5/5 laniakea=0/7 voyager=3/3
[08-08 07:15:24] remaining=6 submitted_this_pass=0 | galaxy=5/5 laniakea=0/7 voyager=3/3
[08-08 07:16:54] remaining=6 submitted_this_pass=0 | galaxy=5/5 laniakea=0/7 voyager=3/3
[08-08 07:18:24] remaining=6 submitted_this_pass=0 | galaxy=5/5 laniakea=0/7 voyager=3/3
[08-08 07:19:55] remaining=6 submitted_this_pass=0 | galaxy=5/5 laniakea=0/7 voyager=3/3
[08-08 07:21:25] remaining=6 submitted_this_pass=0 | galaxy=5/5 laniakea=0/7 voyager=3/3
[08-08 07:22:56] remaining=6 submitted_this_pass=0 | galaxy=5/5 laniakea=0/7 voyager=3/3
[08-08 07:24:26] remaining=6 submitted_this_pass=0 | galaxy=5/5 laniakea=0/7 voyager=3/3
[08-08 07:25:56] remaining=5 submitted_this_pass=0 | galaxy=4/5 laniakea=0/7 voyager=3/3
[08-08 07:27:27] remaining=5 submitted_this_pass=0 | galaxy=4/5 laniakea=0/7 voyager=3/3
[08-08 07:28:57] remaining=5 submitted_this_pass=0 | galaxy=4/5 laniakea=0/7 voyager=3/3
[08-08 07:30:27] remaining=5 submitted_this_pass=0 | galaxy=4/5 laniakea=0/7 voyager=3/3
[08-08 07:31:58] remaining=5 submitted_this_pass=0 | galaxy=4/5 laniakea=0/7 voyager=3/3
[08-08 07:33:28] remaining=5 submitted_this_pass=0 | galaxy=4/5 laniakea=0/7 voyager=3/3
[08-08 07:34:58] remaining=5 submitted_this_pass=0 | galaxy=4/5 laniakea=0/7 voyager=3/3
[08-08 07:36:29] remaining=5 submitted_this_pass=0 | galaxy=4/5 laniakea=0/7 voyager=3/3
[08-08 07:37:59] remaining=5 submitted_this_pass=0 | galaxy=4/5 laniakea=0/7 voyager=3/3
[08-08 07:39:29] remaining=5 submitted_this_pass=0 | galaxy=4/5 laniakea=0/7 voyager=3/3
[08-08 07:41:00] remaining=5 submitted_this_pass=0 | galaxy=4/5 laniakea=0/7 voyager=3/3
[08-08 07:42:30] remaining=5 submitted_this_pass=0 | galaxy=4/5 laniakea=0/7 voyager=3/3
[08-08 07:44:00] remaining=5 submitted_this_pass=0 | galaxy=4/5 laniakea=0/7 voyager=3/3
[08-08 07:45:31] remaining=5 submitted_this_pass=0 | galaxy=4/5 laniakea=0/7 voyager=3/3
[08-08 07:47:01] remaining=5 submitted_this_pass=0 | galaxy=4/5 laniakea=0/7 voyager=3/3
[08-08 07:48:31] remaining=5 submitted_this_pass=0 | galaxy=4/5 laniakea=0/7 voyager=3/3
[08-08 07:50:02] remaining=5 submitted_this_pass=0 | galaxy=4/5 laniakea=0/7 voyager=3/3
[08-08 07:51:32] remaining=4 submitted_this_pass=0 | galaxy=3/5 laniakea=0/7 voyager=3/3
[08-08 07:53:02] remaining=4 submitted_this_pass=0 | galaxy=3/5 laniakea=0/7 voyager=3/3
[08-08 07:54:33] remaining=4 submitted_this_pass=0 | galaxy=3/5 laniakea=0/7 voyager=3/3
[08-08 07:56:03] remaining=4 submitted_this_pass=0 | galaxy=3/5 laniakea=0/7 voyager=3/3
[08-08 07:57:33] remaining=3 submitted_this_pass=0 | galaxy=2/5 laniakea=0/7 voyager=3/3
[08-08 07:59:04] remaining=3 submitted_this_pass=0 | galaxy=2/5 laniakea=0/7 voyager=3/3
[08-08 08:00:34] remaining=3 submitted_this_pass=0 | galaxy=2/5 laniakea=1/7 voyager=3/3
[08-08 08:02:04] remaining=2 submitted_this_pass=0 | galaxy=1/5 laniakea=1/7 voyager=3/3
[08-08 08:03:35] remaining=2 submitted_this_pass=0 | galaxy=1/5 laniakea=1/7 voyager=3/3
[08-08 08:05:05] remaining=2 submitted_this_pass=0 | galaxy=1/5 laniakea=1/7 voyager=3/3
[08-08 08:06:35] remaining=2 submitted_this_pass=0 | galaxy=1/5 laniakea=1/7 voyager=3/3
[08-08 08:08:05] remaining=2 submitted_this_pass=0 | galaxy=1/5 laniakea=1/7 voyager=3/3
[08-08 08:09:36] remaining=2 submitted_this_pass=0 | galaxy=1/5 laniakea=1/7 voyager=3/3
[08-08 08:11:06] remaining=2 submitted_this_pass=0 | galaxy=1/5 laniakea=1/7 voyager=3/3
[08-08 08:12:36] remaining=2 submitted_this_pass=0 | galaxy=1/5 laniakea=1/7 voyager=3/3
[08-08 08:14:07] remaining=2 submitted_this_pass=0 | galaxy=1/5 laniakea=1/7 voyager=3/3
[08-08 08:15:37] remaining=2 submitted_this_pass=0 | galaxy=1/5 laniakea=1/7 voyager=3/3
[08-08 08:17:07] remaining=2 submitted_this_pass=0 | galaxy=1/5 laniakea=1/7 voyager=3/3
[08-08 08:18:37] remaining=2 submitted_this_pass=0 | galaxy=1/5 laniakea=1/7 voyager=3/3
[08-08 08:20:08] remaining=2 submitted_this_pass=0 | galaxy=1/5 laniakea=0/7 voyager=3/3
[08-08 08:21:38] remaining=2 submitted_this_pass=0 | galaxy=1/5 laniakea=0/7 voyager=3/3
[08-08 08:23:08] remaining=2 submitted_this_pass=0 | galaxy=1/5 laniakea=0/7 voyager=3/3
[08-08 08:24:39] remaining=2 submitted_this_pass=0 | galaxy=1/5 laniakea=0/7 voyager=3/3
[08-08 08:26:09] remaining=2 submitted_this_pass=0 | galaxy=1/5 laniakea=0/7 voyager=3/3
[08-08 08:27:39] remaining=2 submitted_this_pass=0 | galaxy=1/5 laniakea=0/7 voyager=3/3
[08-08 08:29:10] remaining=2 submitted_this_pass=0 | galaxy=1/5 laniakea=0/7 voyager=3/3
[08-08 08:30:40] remaining=2 submitted_this_pass=0 | galaxy=1/5 laniakea=0/7 voyager=3/3
[08-08 08:32:10] remaining=2 submitted_this_pass=0 | galaxy=1/5 laniakea=0/7 voyager=3/3
[08-08 08:33:41] remaining=2 submitted_this_pass=0 | galaxy=1/5 laniakea=0/7 voyager=3/3
[08-08 08:35:11] remaining=2 submitted_this_pass=0 | galaxy=1/5 laniakea=0/7 voyager=3/3
[08-08 08:36:41] remaining=2 submitted_this_pass=0 | galaxy=1/5 laniakea=0/7 voyager=3/3
[08-08 08:38:11] remaining=2 submitted_this_pass=0 | galaxy=1/5 laniakea=0/7 voyager=3/3
[08-08 08:39:42] remaining=2 submitted_this_pass=0 | galaxy=1/5 laniakea=0/7 voyager=3/3
[08-08 08:41:12] remaining=2 submitted_this_pass=0 | galaxy=1/5 laniakea=0/7 voyager=3/3
[08-08 08:42:42] remaining=2 submitted_this_pass=0 | galaxy=1/5 laniakea=0/7 voyager=3/3
[08-08 08:44:13] remaining=2 submitted_this_pass=0 | galaxy=1/5 laniakea=0/7 voyager=3/3
[08-08 08:45:43] remaining=2 submitted_this_pass=0 | galaxy=1/5 laniakea=0/7 voyager=3/3
[08-08 08:47:13] remaining=1 submitted_this_pass=0 | galaxy=0/5 laniakea=0/7 voyager=3/3
[08-08 08:48:43] remaining=1 submitted_this_pass=0 | galaxy=0/5 laniakea=0/7 voyager=3/3
[08-08 08:50:14] remaining=1 submitted_this_pass=0 | galaxy=0/5 laniakea=0/7 voyager=3/3
[08-08 08:51:44] remaining=1 submitted_this_pass=0 | galaxy=0/5 laniakea=0/7 voyager=3/3
[08-08 08:53:14] remaining=1 submitted_this_pass=0 | galaxy=0/5 laniakea=0/7 voyager=3/3
[08-08 08:54:45] remaining=1 submitted_this_pass=0 | galaxy=0/5 laniakea=0/7 voyager=3/3
[08-08 08:56:15] remaining=1 submitted_this_pass=0 | galaxy=0/5 laniakea=0/7 voyager=3/3
[08-08 08:57:45] remaining=1 submitted_this_pass=0 | galaxy=0/5 laniakea=0/7 voyager=3/3
[08-08 08:59:15] remaining=1 submitted_this_pass=0 | galaxy=0/5 laniakea=0/7 voyager=3/3
[08-08 09:00:46] remaining=1 submitted_this_pass=0 | galaxy=0/5 laniakea=0/7 voyager=3/3
[08-08 09:02:16] remaining=1 submitted_this_pass=0 | galaxy=0/5 laniakea=0/7 voyager=3/3
[08-08 09:03:46] remaining=1 submitted_this_pass=0 | galaxy=0/5 laniakea=0/7 voyager=3/3
[08-08 09:05:16] remaining=1 submitted_this_pass=0 | galaxy=0/5 laniakea=0/7 voyager=3/3
[08-08 09:06:47] remaining=1 submitted_this_pass=0 | galaxy=0/5 laniakea=0/7 voyager=3/3
[08-08 09:08:17] remaining=1 submitted_this_pass=0 | galaxy=0/5 laniakea=0/7 voyager=3/3
[08-08 09:09:47] remaining=1 submitted_this_pass=0 | galaxy=0/5 laniakea=0/7 voyager=3/3
[08-08 09:11:17] remaining=1 submitted_this_pass=0 | galaxy=0/5 laniakea=0/7 voyager=3/3
[08-08 09:12:48] remaining=1 submitted_this_pass=0 | galaxy=0/5 laniakea=0/7 voyager=3/3
[08-08 09:14:18] remaining=1 submitted_this_pass=0 | galaxy=0/5 laniakea=0/7 voyager=3/3
[08-08 09:15:48] remaining=1 submitted_this_pass=0 | galaxy=0/5 laniakea=0/7 voyager=3/3
[08-08 09:17:19] remaining=1 submitted_this_pass=0 | galaxy=0/5 laniakea=0/7 voyager=3/3
[08-08 09:18:49] remaining=1 submitted_this_pass=0 | galaxy=0/5 laniakea=0/7 voyager=3/3
[08-08 09:20:19] remaining=1 submitted_this_pass=0 | galaxy=0/5 laniakea=0/7 voyager=3/3
[08-08 09:21:49] remaining=1 submitted_this_pass=0 | galaxy=0/5 laniakea=0/7 voyager=3/3
[08-08 09:23:20] remaining=1 submitted_this_pass=0 | galaxy=0/5 laniakea=0/7 voyager=3/3
[08-08 09:24:50] remaining=1 submitted_this_pass=0 | galaxy=0/5 laniakea=0/7 voyager=3/3
[08-08 09:26:20] remaining=1 submitted_this_pass=0 | galaxy=0/5 laniakea=0/7 voyager=3/3
[08-08 09:27:50] remaining=1 submitted_this_pass=0 | galaxy=0/5 laniakea=0/7 voyager=3/3
[08-08 09:29:21] remaining=1 submitted_this_pass=0 | galaxy=0/5 laniakea=0/7 voyager=3/3
[08-08 09:30:51] remaining=1 submitted_this_pass=0 | galaxy=0/5 laniakea=0/7 voyager=3/3
[08-08 09:32:21] remaining=1 submitted_this_pass=0 | galaxy=0/5 laniakea=0/7 voyager=3/3
[08-08 09:33:51] remaining=1 submitted_this_pass=0 | galaxy=0/5 laniakea=0/7 voyager=3/3
[08-08 09:35:22] remaining=1 submitted_this_pass=0 | galaxy=0/5 laniakea=0/7 voyager=3/3
[08-08 09:36:52] remaining=1 submitted_this_pass=0 | galaxy=0/5 laniakea=0/7 voyager=3/3
[08-08 09:38:22] remaining=1 submitted_this_pass=0 | galaxy=0/5 laniakea=0/7 voyager=3/3
[08-08 09:39:52] remaining=1 submitted_this_pass=0 | galaxy=0/5 laniakea=0/7 voyager=3/3
[08-08 09:41:23] remaining=1 submitted_this_pass=0 | galaxy=0/5 laniakea=0/7 voyager=3/3
[08-08 09:42:53] remaining=1 submitted_this_pass=0 | galaxy=0/5 laniakea=0/7 voyager=3/3
[08-08 09:44:23] remaining=1 submitted_this_pass=0 | galaxy=0/5 laniakea=0/7 voyager=3/3
[08-08 09:45:53] remaining=1 submitted_this_pass=0 | galaxy=0/5 laniakea=0/7 voyager=3/3
[08-08 09:47:24] remaining=1 submitted_this_pass=0 | galaxy=0/5 laniakea=0/7 voyager=3/3
[08-08 09:48:54] remaining=1 submitted_this_pass=0 | galaxy=0/5 laniakea=0/7 voyager=3/3
[08-08 09:50:24] remaining=1 submitted_this_pass=0 | galaxy=0/5 laniakea=0/7 voyager=3/3
[08-08 09:51:54] remaining=1 submitted_this_pass=0 | galaxy=0/5 laniakea=0/7 voyager=3/3
[08-08 09:53:25] remaining=1 submitted_this_pass=0 | galaxy=0/5 laniakea=0/7 voyager=3/3
[08-08 09:54:55] remaining=1 submitted_this_pass=0 | galaxy=0/5 laniakea=0/7 voyager=3/3
[08-08 09:56:25] remaining=1 submitted_this_pass=0 | galaxy=0/5 laniakea=0/7 voyager=3/3
[08-08 09:57:56] remaining=1 submitted_this_pass=0 | galaxy=0/5 laniakea=0/7 voyager=3/3
[08-08 09:59:26] remaining=1 submitted_this_pass=0 | galaxy=0/5 laniakea=0/7 voyager=3/3
[08-08 10:00:56] remaining=1 submitted_this_pass=0 | galaxy=0/5 laniakea=1/7 voyager=3/3
[08-08 10:02:26] remaining=1 submitted_this_pass=0 | galaxy=0/5 laniakea=1/7 voyager=3/3
[08-08 10:03:57] remaining=1 submitted_this_pass=0 | galaxy=0/5 laniakea=1/7 voyager=3/3
[08-08 10:05:27] remaining=1 submitted_this_pass=0 | galaxy=0/5 laniakea=1/7 voyager=3/3
[08-08 10:06:57] remaining=1 submitted_this_pass=0 | galaxy=0/5 laniakea=1/7 voyager=3/3
[08-08 10:08:28] remaining=1 submitted_this_pass=0 | galaxy=0/5 laniakea=1/7 voyager=3/3
[08-08 10:09:58] remaining=1 submitted_this_pass=0 | galaxy=0/5 laniakea=1/7 voyager=3/3
[08-08 10:11:28] remaining=1 submitted_this_pass=0 | galaxy=0/5 laniakea=1/7 voyager=3/3
[08-08 10:12:58] remaining=1 submitted_this_pass=0 | galaxy=0/5 laniakea=1/7 voyager=3/3
[08-08 10:14:29] remaining=1 submitted_this_pass=0 | galaxy=0/5 laniakea=1/7 voyager=3/3
[08-08 10:15:59] remaining=1 submitted_this_pass=0 | galaxy=0/5 laniakea=1/7 voyager=3/3
[08-08 10:17:29] remaining=1 submitted_this_pass=0 | galaxy=0/5 laniakea=1/7 voyager=3/3
[08-08 10:18:59] remaining=1 submitted_this_pass=0 | galaxy=0/5 laniakea=0/7 voyager=3/3
[08-08 10:20:30] remaining=1 submitted_this_pass=0 | galaxy=0/5 laniakea=0/7 voyager=3/3
[08-08 10:22:00] remaining=1 submitted_this_pass=0 | galaxy=0/5 laniakea=0/7 voyager=3/3
[08-08 10:23:30] remaining=1 submitted_this_pass=0 | galaxy=0/5 laniakea=0/7 voyager=3/3
[08-08 10:25:01] remaining=1 submitted_this_pass=0 | galaxy=0/5 laniakea=0/7 voyager=3/3
[08-08 10:26:31] remaining=1 submitted_this_pass=0 | galaxy=0/5 laniakea=0/7 voyager=3/3
[08-08 10:28:01] remaining=1 submitted_this_pass=0 | galaxy=0/5 laniakea=0/7 voyager=3/3
[08-08 10:29:31] remaining=1 submitted_this_pass=0 | galaxy=0/5 laniakea=0/7 voyager=3/3
[08-08 10:31:02] remaining=1 submitted_this_pass=0 | galaxy=0/5 laniakea=0/7 voyager=3/3
[08-08 10:32:32] remaining=1 submitted_this_pass=0 | galaxy=0/5 laniakea=0/7 voyager=3/3
[08-08 10:34:02] remaining=1 submitted_this_pass=0 | galaxy=0/5 laniakea=0/7 voyager=3/3
[08-08 10:35:33] remaining=1 submitted_this_pass=0 | galaxy=0/5 laniakea=0/7 voyager=3/3
[08-08 10:37:03] remaining=1 submitted_this_pass=0 | galaxy=0/5 laniakea=0/7 voyager=3/3
[08-08 10:38:33] remaining=1 submitted_this_pass=0 | galaxy=0/5 laniakea=0/7 voyager=3/3
[08-08 10:40:03] remaining=1 submitted_this_pass=0 | galaxy=0/5 laniakea=0/7 voyager=3/3
[08-08 10:41:34] remaining=1 submitted_this_pass=0 | galaxy=0/5 laniakea=0/7 voyager=3/3
[08-08 10:43:04] remaining=1 submitted_this_pass=0 | galaxy=0/5 laniakea=0/7 voyager=3/3
[08-08 10:44:34] remaining=1 submitted_this_pass=0 | galaxy=0/5 laniakea=0/7 voyager=3/3
[08-08 10:46:04] remaining=1 submitted_this_pass=0 | galaxy=0/5 laniakea=0/7 voyager=3/3
[08-08 10:47:35] remaining=1 submitted_this_pass=0 | galaxy=0/5 laniakea=0/7 voyager=3/3
[08-08 10:49:05] remaining=1 submitted_this_pass=0 | galaxy=0/5 laniakea=0/7 voyager=3/3
[08-08 10:50:35] remaining=1 submitted_this_pass=0 | galaxy=0/5 laniakea=0/7 voyager=3/3
[08-08 10:52:05] remaining=1 submitted_this_pass=0 | galaxy=0/5 laniakea=0/7 voyager=3/3
[08-08 10:53:36] remaining=1 submitted_this_pass=0 | galaxy=0/5 laniakea=0/7 voyager=3/3
[08-08 10:55:06] remaining=1 submitted_this_pass=0 | galaxy=0/5 laniakea=0/7 voyager=3/3
[08-08 10:56:36] remaining=1 submitted_this_pass=0 | galaxy=0/5 laniakea=0/7 voyager=3/3
[08-08 10:58:06] remaining=1 submitted_this_pass=0 | galaxy=0/5 laniakea=0/7 voyager=3/3
[08-08 10:59:37] remaining=1 submitted_this_pass=0 | galaxy=0/5 laniakea=0/7 voyager=3/3
[08-08 11:01:07] remaining=1 submitted_this_pass=0 | galaxy=0/5 laniakea=0/7 voyager=3/3
[08-08 11:02:37] remaining=1 submitted_this_pass=0 | galaxy=0/5 laniakea=0/7 voyager=3/3
[08-08 11:04:08] remaining=1 submitted_this_pass=0 | galaxy=0/5 laniakea=0/7 voyager=3/3
[08-08 11:05:38] remaining=1 submitted_this_pass=0 | galaxy=0/5 laniakea=0/7 voyager=3/3
[08-08 11:07:09] remaining=1 submitted_this_pass=0 | galaxy=0/5 laniakea=0/7 voyager=3/3
[08-08 11:08:39] remaining=1 submitted_this_pass=0 | galaxy=0/5 laniakea=0/7 voyager=3/3
[08-08 11:10:09] remaining=1 submitted_this_pass=0 | galaxy=0/5 laniakea=0/7 voyager=3/3
[08-08 11:11:40] remaining=1 submitted_this_pass=0 | galaxy=0/5 laniakea=0/7 voyager=3/3
[08-08 11:13:10] remaining=1 submitted_this_pass=0 | galaxy=0/5 laniakea=0/7 voyager=3/3
[08-08 11:14:40] remaining=1 submitted_this_pass=0 | galaxy=0/5 laniakea=0/7 voyager=3/3
[08-08 11:16:11] remaining=1 submitted_this_pass=0 | galaxy=0/5 laniakea=0/7 voyager=3/3
[08-08 11:17:41] remaining=1 submitted_this_pass=0 | galaxy=0/5 laniakea=0/7 voyager=3/3
[08-08 11:19:11] remaining=1 submitted_this_pass=0 | galaxy=0/5 laniakea=0/7 voyager=3/3
[08-08 11:20:41] remaining=1 submitted_this_pass=0 | galaxy=0/5 laniakea=0/7 voyager=3/3
[08-08 11:22:12] remaining=1 submitted_this_pass=0 | galaxy=0/5 laniakea=0/7 voyager=3/3
[08-08 11:23:42] remaining=1 submitted_this_pass=0 | galaxy=0/5 laniakea=0/7 voyager=3/3
[08-08 11:25:12] remaining=1 submitted_this_pass=0 | galaxy=0/5 laniakea=0/7 voyager=3/3
[08-08 11:26:43] remaining=1 submitted_this_pass=0 | galaxy=0/5 laniakea=0/7 voyager=3/3
[08-08 11:28:13] remaining=1 submitted_this_pass=0 | galaxy=0/5 laniakea=0/7 voyager=3/3
[08-08 11:29:43] remaining=1 submitted_this_pass=0 | galaxy=0/5 laniakea=0/7 voyager=3/3
[08-08 11:31:14] remaining=1 submitted_this_pass=0 | galaxy=0/5 laniakea=0/7 voyager=3/3
[08-08 11:32:44] remaining=1 submitted_this_pass=0 | galaxy=0/5 laniakea=0/7 voyager=3/3
[08-08 11:34:14] remaining=1 submitted_this_pass=0 | galaxy=0/5 laniakea=0/7 voyager=3/3
[08-08 11:35:44] remaining=1 submitted_this_pass=0 | galaxy=0/5 laniakea=0/7 voyager=3/3
[08-08 11:37:15] remaining=1 submitted_this_pass=0 | galaxy=0/5 laniakea=0/7 voyager=3/3
[08-08 11:38:45] remaining=1 submitted_this_pass=0 | galaxy=0/5 laniakea=0/7 voyager=3/3
[08-08 11:40:15] remaining=1 submitted_this_pass=0 | galaxy=0/5 laniakea=0/7 voyager=3/3
[08-08 11:41:45] remaining=1 submitted_this_pass=0 | galaxy=0/5 laniakea=0/7 voyager=3/3
[08-08 11:43:16] remaining=1 submitted_this_pass=0 | galaxy=0/5 laniakea=0/7 voyager=3/3
[08-08 11:44:46] remaining=1 submitted_this_pass=0 | galaxy=0/5 laniakea=0/7 voyager=3/3
[08-08 11:46:16] remaining=1 submitted_this_pass=0 | galaxy=0/5 laniakea=0/7 voyager=3/3
[08-08 11:47:46] remaining=1 submitted_this_pass=0 | galaxy=0/5 laniakea=0/7 voyager=3/3
[08-08 11:49:17] remaining=1 submitted_this_pass=0 | galaxy=0/5 laniakea=0/7 voyager=3/3
[08-08 11:50:47] remaining=1 submitted_this_pass=0 | galaxy=0/5 laniakea=0/7 voyager=3/3
[08-08 11:52:17] remaining=1 submitted_this_pass=0 | galaxy=0/5 laniakea=0/7 voyager=3/3
[08-08 11:53:47] remaining=1 submitted_this_pass=0 | galaxy=0/5 laniakea=0/7 voyager=3/3
[08-08 11:55:18] remaining=1 submitted_this_pass=0 | galaxy=0/5 laniakea=0/7 voyager=3/3
[08-08 11:56:48] remaining=1 submitted_this_pass=0 | galaxy=0/5 laniakea=0/7 voyager=3/3
[08-08 11:58:18] remaining=1 submitted_this_pass=0 | galaxy=0/5 laniakea=0/7 voyager=3/3
[08-08 11:59:48] remaining=1 submitted_this_pass=0 | galaxy=0/5 laniakea=0/7 voyager=3/3
[08-08 12:01:19] remaining=1 submitted_this_pass=0 | galaxy=1/5 laniakea=0/7 voyager=3/3
[08-08 12:02:49] remaining=1 submitted_this_pass=0 | galaxy=1/5 laniakea=0/7 voyager=3/3
[08-08 12:04:19] remaining=1 submitted_this_pass=0 | galaxy=1/5 laniakea=0/7 voyager=3/3
[08-08 12:05:49] remaining=1 submitted_this_pass=0 | galaxy=1/5 laniakea=0/7 voyager=3/3
[08-08 12:07:20] remaining=1 submitted_this_pass=0 | galaxy=1/5 laniakea=0/7 voyager=3/3
[08-08 12:08:50] remaining=1 submitted_this_pass=0 | galaxy=1/5 laniakea=0/7 voyager=3/3
[08-08 12:10:20] remaining=1 submitted_this_pass=0 | galaxy=1/5 laniakea=0/7 voyager=3/3
[08-08 12:11:50] remaining=1 submitted_this_pass=0 | galaxy=1/5 laniakea=0/7 voyager=3/3
[08-08 12:13:21] remaining=1 submitted_this_pass=0 | galaxy=1/5 laniakea=0/7 voyager=3/3
[08-08 12:14:51] remaining=1 submitted_this_pass=0 | galaxy=1/5 laniakea=0/7 voyager=3/3
[08-08 12:16:21] remaining=1 submitted_this_pass=0 | galaxy=1/5 laniakea=0/7 voyager=3/3
[08-08 12:17:51] remaining=1 submitted_this_pass=0 | galaxy=1/5 laniakea=0/7 voyager=3/3
[08-08 12:19:22] remaining=1 submitted_this_pass=0 | galaxy=0/5 laniakea=0/7 voyager=3/3
[08-08 12:20:52] remaining=1 submitted_this_pass=0 | galaxy=0/5 laniakea=0/7 voyager=3/3
[08-08 12:22:22] remaining=1 submitted_this_pass=0 | galaxy=0/5 laniakea=0/7 voyager=3/3
[08-08 12:23:53] remaining=1 submitted_this_pass=0 | galaxy=0/5 laniakea=0/7 voyager=3/3
[08-08 12:25:23] remaining=1 submitted_this_pass=0 | galaxy=0/5 laniakea=0/7 voyager=3/3
[08-08 12:26:53] remaining=1 submitted_this_pass=0 | galaxy=0/5 laniakea=0/7 voyager=3/3
[08-08 12:28:24] remaining=1 submitted_this_pass=0 | galaxy=0/5 laniakea=0/7 voyager=3/3
[08-08 12:29:54] remaining=1 submitted_this_pass=0 | galaxy=0/5 laniakea=0/7 voyager=3/3
[08-08 12:31:24] remaining=1 submitted_this_pass=0 | galaxy=0/5 laniakea=0/7 voyager=3/3
[08-08 12:32:56] remaining=1 submitted_this_pass=0 | galaxy=0/5 laniakea=0/7 voyager=3/3
[08-08 12:34:26] remaining=1 submitted_this_pass=0 | galaxy=0/5 laniakea=0/7 voyager=3/3
[08-08 12:35:56] remaining=1 submitted_this_pass=0 | galaxy=0/5 laniakea=0/7 voyager=3/3
[08-08 12:37:27] remaining=1 submitted_this_pass=0 | galaxy=0/5 laniakea=0/7 voyager=3/3
[08-08 12:38:57] remaining=1 submitted_this_pass=0 | galaxy=0/5 laniakea=0/7 voyager=3/3
[08-08 12:40:27] remaining=1 submitted_this_pass=0 | galaxy=0/5 laniakea=0/7 voyager=3/3
[08-08 12:41:57] remaining=1 submitted_this_pass=0 | galaxy=0/5 laniakea=0/7 voyager=3/3
[08-08 12:43:28] remaining=1 submitted_this_pass=0 | galaxy=0/5 laniakea=0/7 voyager=3/3
[08-08 12:44:58] remaining=1 submitted_this_pass=0 | galaxy=0/5 laniakea=0/7 voyager=3/3
[08-08 12:46:28] remaining=1 submitted_this_pass=0 | galaxy=0/5 laniakea=0/7 voyager=3/3
[08-08 12:47:58] remaining=1 submitted_this_pass=0 | galaxy=0/5 laniakea=0/7 voyager=3/3
[08-08 12:49:29] remaining=1 submitted_this_pass=0 | galaxy=0/5 laniakea=0/7 voyager=3/3
[08-08 12:50:59] remaining=1 submitted_this_pass=0 | galaxy=0/5 laniakea=0/7 voyager=3/3
[08-08 12:52:29] remaining=1 submitted_this_pass=0 | galaxy=0/5 laniakea=0/7 voyager=3/3
[08-08 12:53:59] remaining=1 submitted_this_pass=0 | galaxy=0/5 laniakea=0/7 voyager=3/3
[08-08 12:55:30] remaining=1 submitted_this_pass=0 | galaxy=0/5 laniakea=0/7 voyager=3/3
[08-08 12:57:00] remaining=1 submitted_this_pass=0 | galaxy=0/5 laniakea=0/7 voyager=3/3
[08-08 12:58:30] remaining=1 submitted_this_pass=0 | galaxy=0/5 laniakea=0/7 voyager=3/3
[08-08 13:00:01] remaining=1 submitted_this_pass=0 | galaxy=0/5 laniakea=0/7 voyager=3/3
[08-08 13:01:31] remaining=1 submitted_this_pass=0 | galaxy=0/5 laniakea=0/7 voyager=3/3
[08-08 13:03:01] remaining=1 submitted_this_pass=0 | galaxy=0/5 laniakea=0/7 voyager=3/3
[08-08 13:04:31] remaining=1 submitted_this_pass=0 | galaxy=0/5 laniakea=0/7 voyager=3/3
[08-08 13:06:02] remaining=1 submitted_this_pass=0 | galaxy=0/5 laniakea=0/7 voyager=3/3
[08-08 13:07:32] remaining=1 submitted_this_pass=0 | galaxy=0/5 laniakea=0/7 voyager=3/3
[08-08 13:09:03] remaining=1 submitted_this_pass=0 | galaxy=0/5 laniakea=0/7 voyager=3/3
[08-08 13:10:33] remaining=1 submitted_this_pass=0 | galaxy=0/5 laniakea=0/7 voyager=3/3
[08-08 13:12:03] remaining=1 submitted_this_pass=0 | galaxy=0/5 laniakea=0/7 voyager=3/3
[08-08 13:13:34] remaining=1 submitted_this_pass=0 | galaxy=0/5 laniakea=0/7 voyager=3/3
[08-08 13:15:04] remaining=1 submitted_this_pass=0 | galaxy=0/5 laniakea=0/7 voyager=3/3
[08-08 13:16:34] remaining=1 submitted_this_pass=0 | galaxy=0/5 laniakea=0/7 voyager=3/3
[08-08 13:18:05] remaining=1 submitted_this_pass=0 | galaxy=0/5 laniakea=0/7 voyager=3/3
[08-08 13:19:35] remaining=1 submitted_this_pass=0 | galaxy=0/5 laniakea=0/7 voyager=3/3
[08-08 13:21:05] remaining=1 submitted_this_pass=0 | galaxy=0/5 laniakea=0/7 voyager=3/3
[08-08 13:22:36] remaining=1 submitted_this_pass=0 | galaxy=0/5 laniakea=0/7 voyager=2/3
[08-08 13:24:06] remaining=1 submitted_this_pass=0 | galaxy=0/5 laniakea=0/7 voyager=3/3
[08-08 13:25:36] remaining=1 submitted_this_pass=0 | galaxy=0/5 laniakea=0/7 voyager=3/3
[08-08 13:27:07] remaining=1 submitted_this_pass=0 | galaxy=1/5 laniakea=0/7 voyager=3/3
[08-08 13:28:37] remaining=1 submitted_this_pass=0 | galaxy=1/5 laniakea=0/7 voyager=2/3
[08-08 13:30:07] remaining=1 submitted_this_pass=0 | galaxy=1/5 laniakea=0/7 voyager=2/3
[08-08 13:31:38] remaining=1 submitted_this_pass=0 | galaxy=1/5 laniakea=0/7 voyager=2/3
[08-08 13:33:08] remaining=1 submitted_this_pass=0 | galaxy=1/5 laniakea=0/7 voyager=2/3
[08-08 13:34:38] remaining=1 submitted_this_pass=0 | galaxy=1/5 laniakea=0/7 voyager=2/3
[08-08 13:36:09] remaining=1 submitted_this_pass=0 | galaxy=0/5 laniakea=0/7 voyager=3/3
[08-08 13:37:40] remaining=1 submitted_this_pass=0 | galaxy=0/5 laniakea=0/7 voyager=4/3
[08-08 13:39:10] remaining=1 submitted_this_pass=0 | galaxy=0/5 laniakea=0/7 voyager=4/3
[08-08 13:40:41] remaining=1 submitted_this_pass=0 | galaxy=0/5 laniakea=0/7 voyager=4/3
[08-08 13:42:11] remaining=1 submitted_this_pass=0 | galaxy=0/5 laniakea=0/7 voyager=4/3
[08-08 13:43:41] remaining=1 submitted_this_pass=0 | galaxy=0/5 laniakea=0/7 voyager=4/3
[08-08 13:45:12] remaining=1 submitted_this_pass=0 | galaxy=0/5 laniakea=0/7 voyager=4/3
[08-08 13:46:42] remaining=1 submitted_this_pass=0 | galaxy=0/5 laniakea=0/7 voyager=4/3
[08-08 13:48:12] remaining=1 submitted_this_pass=0 | galaxy=0/5 laniakea=0/7 voyager=4/3
[08-08 13:49:43] remaining=1 submitted_this_pass=0 | galaxy=0/5 laniakea=0/7 voyager=4/3
[08-08 13:51:13] remaining=1 submitted_this_pass=0 | galaxy=0/5 laniakea=0/7 voyager=4/3
[08-08 13:52:43] remaining=1 submitted_this_pass=0 | galaxy=0/5 laniakea=0/7 voyager=4/3
[08-08 13:54:14] remaining=1 submitted_this_pass=0 | galaxy=0/5 laniakea=0/7 voyager=4/3
[08-08 13:55:44] remaining=1 submitted_this_pass=0 | galaxy=0/5 laniakea=0/7 voyager=4/3
[08-08 13:57:14] remaining=1 submitted_this_pass=0 | galaxy=0/5 laniakea=0/7 voyager=4/3
[08-08 13:58:45] remaining=1 submitted_this_pass=0 | galaxy=0/5 laniakea=0/7 voyager=4/3
[08-08 14:00:15] remaining=1 submitted_this_pass=0 | galaxy=0/5 laniakea=0/7 voyager=4/3
[08-08 14:01:45] remaining=1 submitted_this_pass=0 | galaxy=1/5 laniakea=0/7 voyager=4/3
[08-08 14:03:15] remaining=1 submitted_this_pass=0 | galaxy=1/5 laniakea=0/7 voyager=4/3
[08-08 14:04:46] remaining=1 submitted_this_pass=0 | galaxy=1/5 laniakea=0/7 voyager=4/3
[08-08 14:06:16] remaining=1 submitted_this_pass=0 | galaxy=1/5 laniakea=0/7 voyager=4/3
[08-08 14:07:46] remaining=1 submitted_this_pass=0 | galaxy=1/5 laniakea=0/7 voyager=4/3
[08-08 14:09:17] remaining=1 submitted_this_pass=0 | galaxy=1/5 laniakea=0/7 voyager=4/3
[08-08 14:10:47] remaining=1 submitted_this_pass=0 | galaxy=1/5 laniakea=0/7 voyager=4/3
[08-08 14:12:17] remaining=1 submitted_this_pass=0 | galaxy=1/5 laniakea=0/7 voyager=4/3
[08-08 14:13:47] remaining=1 submitted_this_pass=0 | galaxy=1/5 laniakea=0/7 voyager=4/3
[08-08 14:15:18] remaining=1 submitted_this_pass=0 | galaxy=1/5 laniakea=0/7 voyager=4/3
[08-08 14:16:48] remaining=1 submitted_this_pass=0 | galaxy=1/5 laniakea=0/7 voyager=4/3
[08-08 14:18:18] remaining=1 submitted_this_pass=0 | galaxy=0/5 laniakea=0/7 voyager=4/3
[08-08 14:19:49] remaining=1 submitted_this_pass=0 | galaxy=0/5 laniakea=0/7 voyager=4/3
[08-08 14:21:19] remaining=1 submitted_this_pass=0 | galaxy=0/5 laniakea=0/7 voyager=4/3
[08-08 14:22:49] remaining=1 submitted_this_pass=0 | galaxy=0/5 laniakea=0/7 voyager=4/3
[08-08 14:24:19] remaining=1 submitted_this_pass=0 | galaxy=0/5 laniakea=0/7 voyager=4/3
[08-08 14:25:50] remaining=1 submitted_this_pass=0 | galaxy=0/5 laniakea=0/7 voyager=4/3
[08-08 14:27:20] remaining=1 submitted_this_pass=0 | galaxy=0/5 laniakea=0/7 voyager=4/3
[08-08 14:28:50] remaining=1 submitted_this_pass=0 | galaxy=0/5 laniakea=0/7 voyager=4/3
[08-08 14:30:20] remaining=1 submitted_this_pass=0 | galaxy=1/5 laniakea=0/7 voyager=3/3
[08-08 14:31:51] remaining=1 submitted_this_pass=0 | galaxy=1/5 laniakea=0/7 voyager=3/3
[08-08 14:33:21] remaining=1 submitted_this_pass=0 | galaxy=1/5 laniakea=0/7 voyager=3/3
[08-08 14:34:51] remaining=1 submitted_this_pass=0 | galaxy=1/5 laniakea=0/7 voyager=3/3
[08-08 14:36:22] remaining=1 submitted_this_pass=0 | galaxy=1/5 laniakea=0/7 voyager=3/3
[08-08 14:37:52] remaining=1 submitted_this_pass=0 | galaxy=1/5 laniakea=0/7 voyager=3/3
[08-08 14:39:22] remaining=1 submitted_this_pass=0 | galaxy=1/5 laniakea=0/7 voyager=3/3
[08-08 14:40:53] remaining=1 submitted_this_pass=0 | galaxy=1/5 laniakea=0/7 voyager=3/3
[08-08 14:42:23] remaining=1 submitted_this_pass=0 | galaxy=1/5 laniakea=2/7 voyager=3/3
[08-08 14:43:53] remaining=1 submitted_this_pass=0 | galaxy=1/5 laniakea=2/7 voyager=3/3
[08-08 14:45:24] remaining=1 submitted_this_pass=0 | galaxy=1/5 laniakea=2/7 voyager=3/3
[08-08 14:46:54] remaining=1 submitted_this_pass=0 | galaxy=1/5 laniakea=2/7 voyager=3/3
[08-08 14:48:24] remaining=1 submitted_this_pass=0 | galaxy=1/5 laniakea=2/7 voyager=3/3
[08-08 14:49:55] remaining=1 submitted_this_pass=0 | galaxy=1/5 laniakea=2/7 voyager=3/3
[08-08 14:51:25] remaining=1 submitted_this_pass=0 | galaxy=1/5 laniakea=2/7 voyager=3/3
[08-08 14:52:55] remaining=1 submitted_this_pass=0 | galaxy=1/5 laniakea=2/7 voyager=3/3
[08-08 14:54:26] remaining=1 submitted_this_pass=0 | galaxy=1/5 laniakea=2/7 voyager=3/3
[08-08 14:55:56] remaining=1 submitted_this_pass=0 | galaxy=1/5 laniakea=2/7 voyager=3/3
[08-08 14:57:26] remaining=1 submitted_this_pass=0 | galaxy=1/5 laniakea=0/7 voyager=3/3
[08-08 14:58:57] remaining=1 submitted_this_pass=0 | galaxy=1/5 laniakea=0/7 voyager=3/3
[08-08 15:00:27] remaining=1 submitted_this_pass=0 | galaxy=1/5 laniakea=0/7 voyager=3/3
[08-08 15:01:58] remaining=1 submitted_this_pass=0 | galaxy=1/5 laniakea=0/7 voyager=3/3
[08-08 15:03:28] remaining=1 submitted_this_pass=0 | galaxy=1/5 laniakea=1/7 voyager=3/3
[08-08 15:04:58] remaining=1 submitted_this_pass=0 | galaxy=1/5 laniakea=1/7 voyager=3/3
[08-08 15:06:29] remaining=1 submitted_this_pass=0 | galaxy=1/5 laniakea=1/7 voyager=3/3
[08-08 15:07:59] remaining=1 submitted_this_pass=0 | galaxy=1/5 laniakea=1/7 voyager=3/3
[08-08 15:09:30] remaining=1 submitted_this_pass=0 | galaxy=1/5 laniakea=1/7 voyager=4/3
[08-08 15:11:00] remaining=1 submitted_this_pass=0 | galaxy=1/5 laniakea=1/7 voyager=4/3
[08-08 15:12:31] remaining=1 submitted_this_pass=0 | galaxy=1/5 laniakea=1/7 voyager=4/3
[08-08 15:14:01] remaining=1 submitted_this_pass=0 | galaxy=1/5 laniakea=1/7 voyager=4/3
[08-08 15:15:33] remaining=1 submitted_this_pass=0 | galaxy=1/5 laniakea=1/7 voyager=4/3
[08-08 15:17:04] remaining=1 submitted_this_pass=0 | galaxy=1/5 laniakea=1/7 voyager=4/3
[08-08 15:18:35] remaining=1 submitted_this_pass=0 | galaxy=1/5 laniakea=1/7 voyager=4/3
[08-08 15:20:05] remaining=1 submitted_this_pass=0 | galaxy=1/5 laniakea=1/7 voyager=4/3
[08-08 15:21:35] remaining=1 submitted_this_pass=0 | galaxy=1/5 laniakea=1/7 voyager=4/3
[08-08 15:23:06] remaining=1 submitted_this_pass=0 | galaxy=1/5 laniakea=1/7 voyager=4/3
[08-08 15:24:36] remaining=1 submitted_this_pass=0 | galaxy=1/5 laniakea=1/7 voyager=4/3
[08-08 15:26:06] remaining=1 submitted_this_pass=0 | galaxy=1/5 laniakea=1/7 voyager=4/3
[08-08 15:27:37] remaining=1 submitted_this_pass=0 | galaxy=1/5 laniakea=1/7 voyager=4/3
[08-08 15:29:07] remaining=1 submitted_this_pass=0 | galaxy=1/5 laniakea=1/7 voyager=4/3
[08-08 15:30:38] remaining=1 submitted_this_pass=0 | galaxy=1/5 laniakea=1/7 voyager=4/3
[08-08 15:32:08] remaining=1 submitted_this_pass=0 | galaxy=1/5 laniakea=1/7 voyager=4/3
[08-08 15:33:38] remaining=1 submitted_this_pass=0 | galaxy=1/5 laniakea=1/7 voyager=4/3
[08-08 15:35:09] remaining=1 submitted_this_pass=0 | galaxy=1/5 laniakea=1/7 voyager=4/3
[08-08 15:36:39] remaining=1 submitted_this_pass=0 | galaxy=1/5 laniakea=1/7 voyager=4/3
[08-08 15:38:09] remaining=1 submitted_this_pass=0 | galaxy=1/5 laniakea=1/7 voyager=4/3
[08-08 15:39:40] remaining=1 submitted_this_pass=0 | galaxy=1/5 laniakea=1/7 voyager=4/3
[08-08 15:41:10] remaining=1 submitted_this_pass=0 | galaxy=1/5 laniakea=1/7 voyager=4/3
[08-08 15:42:40] remaining=1 submitted_this_pass=0 | galaxy=1/5 laniakea=1/7 voyager=4/3
[08-08 15:44:11] remaining=1 submitted_this_pass=0 | galaxy=1/5 laniakea=1/7 voyager=4/3
[08-08 15:45:41] remaining=1 submitted_this_pass=0 | galaxy=1/5 laniakea=1/7 voyager=4/3
[08-08 15:47:11] remaining=1 submitted_this_pass=0 | galaxy=1/5 laniakea=1/7 voyager=4/3
[08-08 15:48:41] remaining=1 submitted_this_pass=0 | galaxy=1/5 laniakea=1/7 voyager=4/3
[08-08 15:50:12] remaining=1 submitted_this_pass=0 | galaxy=1/5 laniakea=0/7 voyager=3/3
[08-08 15:51:42] remaining=1 submitted_this_pass=0 | galaxy=1/5 laniakea=0/7 voyager=3/3
[08-08 15:53:12] remaining=1 submitted_this_pass=0 | galaxy=1/5 laniakea=0/7 voyager=3/3
[08-08 15:54:43] remaining=1 submitted_this_pass=0 | galaxy=1/5 laniakea=0/7 voyager=3/3
[08-08 15:56:13] remaining=1 submitted_this_pass=0 | galaxy=1/5 laniakea=0/7 voyager=3/3
[08-08 15:57:43] remaining=1 submitted_this_pass=0 | galaxy=1/5 laniakea=0/7 voyager=3/3
[08-08 15:59:13] remaining=1 submitted_this_pass=0 | galaxy=1/5 laniakea=0/7 voyager=3/3
[08-08 16:00:44] remaining=1 submitted_this_pass=0 | galaxy=2/5 laniakea=0/7 voyager=3/3
[08-08 16:02:14] remaining=1 submitted_this_pass=0 | galaxy=2/5 laniakea=0/7 voyager=3/3
[08-08 16:03:44] remaining=1 submitted_this_pass=0 | galaxy=2/5 laniakea=0/7 voyager=3/3
[08-08 16:05:15] remaining=1 submitted_this_pass=0 | galaxy=2/5 laniakea=0/7 voyager=3/3
[08-08 16:06:45] remaining=1 submitted_this_pass=0 | galaxy=2/5 laniakea=0/7 voyager=3/3
[08-08 16:08:15] remaining=1 submitted_this_pass=0 | galaxy=2/5 laniakea=0/7 voyager=3/3
[08-08 16:09:46] remaining=1 submitted_this_pass=0 | galaxy=2/5 laniakea=0/7 voyager=3/3
[08-08 16:11:16] remaining=1 submitted_this_pass=0 | galaxy=2/5 laniakea=0/7 voyager=3/3
[08-08 16:12:46] remaining=1 submitted_this_pass=0 | galaxy=2/5 laniakea=0/7 voyager=3/3
[08-08 16:14:17] remaining=1 submitted_this_pass=0 | galaxy=2/5 laniakea=0/7 voyager=3/3
[08-08 16:15:47] remaining=1 submitted_this_pass=0 | galaxy=2/5 laniakea=0/7 voyager=3/3
[08-08 16:17:17] remaining=1 submitted_this_pass=0 | galaxy=2/5 laniakea=0/7 voyager=3/3
[08-08 16:18:48] remaining=1 submitted_this_pass=0 | galaxy=1/5 laniakea=0/7 voyager=3/3
[08-08 16:20:18] remaining=1 submitted_this_pass=0 | galaxy=1/5 laniakea=0/7 voyager=3/3
[08-08 16:21:49] remaining=1 submitted_this_pass=0 | galaxy=1/5 laniakea=0/7 voyager=3/3
[08-08 16:23:19] remaining=1 submitted_this_pass=0 | galaxy=1/5 laniakea=0/7 voyager=3/3
[08-08 16:24:50] remaining=1 submitted_this_pass=0 | galaxy=1/5 laniakea=0/7 voyager=3/3
[08-08 16:26:20] remaining=1 submitted_this_pass=0 | galaxy=1/5 laniakea=0/7 voyager=3/3
[08-08 16:27:50] remaining=1 submitted_this_pass=0 | galaxy=1/5 laniakea=0/7 voyager=3/3
[08-08 16:29:21] remaining=1 submitted_this_pass=0 | galaxy=1/5 laniakea=0/7 voyager=3/3
[08-08 16:30:51] remaining=1 submitted_this_pass=0 | galaxy=1/5 laniakea=0/7 voyager=3/3
[08-08 16:32:21] remaining=1 submitted_this_pass=0 | galaxy=1/5 laniakea=0/7 voyager=3/3
[08-08 16:33:51] remaining=1 submitted_this_pass=0 | galaxy=1/5 laniakea=0/7 voyager=3/3
[08-08 16:35:22] remaining=1 submitted_this_pass=0 | galaxy=1/5 laniakea=0/7 voyager=3/3
[08-08 16:36:52] remaining=1 submitted_this_pass=0 | galaxy=1/5 laniakea=0/7 voyager=3/3
[08-08 16:38:22] remaining=1 submitted_this_pass=0 | galaxy=1/5 laniakea=0/7 voyager=3/3
[08-08 16:39:53] remaining=1 submitted_this_pass=0 | galaxy=1/5 laniakea=0/7 voyager=3/3
[08-08 16:41:23] remaining=1 submitted_this_pass=0 | galaxy=1/5 laniakea=0/7 voyager=3/3
[08-08 16:42:53] remaining=1 submitted_this_pass=0 | galaxy=1/5 laniakea=0/7 voyager=3/3
[08-08 16:44:24] remaining=1 submitted_this_pass=0 | galaxy=1/5 laniakea=0/7 voyager=3/3
[08-08 16:45:54] remaining=1 submitted_this_pass=0 | galaxy=1/5 laniakea=0/7 voyager=3/3
[08-08 16:47:24] remaining=1 submitted_this_pass=0 | galaxy=1/5 laniakea=0/7 voyager=3/3
[08-08 16:48:55] remaining=1 submitted_this_pass=0 | galaxy=1/5 laniakea=0/7 voyager=3/3
[08-08 16:50:25] remaining=1 submitted_this_pass=0 | galaxy=1/5 laniakea=0/7 voyager=3/3
[08-08 16:51:56] remaining=1 submitted_this_pass=0 | galaxy=1/5 laniakea=0/7 voyager=3/3
[08-08 16:53:26] remaining=1 submitted_this_pass=0 | galaxy=1/5 laniakea=0/7 voyager=3/3
[08-08 16:54:56] remaining=1 submitted_this_pass=0 | galaxy=1/5 laniakea=0/7 voyager=3/3
[08-08 16:56:26] remaining=1 submitted_this_pass=0 | galaxy=1/5 laniakea=0/7 voyager=3/3
[08-08 16:57:57] remaining=1 submitted_this_pass=0 | galaxy=1/5 laniakea=0/7 voyager=3/3
[08-08 16:59:27] remaining=1 submitted_this_pass=0 | galaxy=1/5 laniakea=0/7 voyager=3/3
[08-08 17:00:58] remaining=1 submitted_this_pass=0 | galaxy=1/5 laniakea=0/7 voyager=3/3
[08-08 17:02:28] remaining=1 submitted_this_pass=0 | galaxy=1/5 laniakea=0/7 voyager=3/3
[08-08 17:03:58] remaining=1 submitted_this_pass=0 | galaxy=1/5 laniakea=0/7 voyager=3/3
[08-08 17:05:28] remaining=1 submitted_this_pass=0 | galaxy=1/5 laniakea=0/7 voyager=3/3
[08-08 17:06:59] remaining=1 submitted_this_pass=0 | galaxy=1/5 laniakea=0/7 voyager=3/3
[08-08 17:08:29] remaining=1 submitted_this_pass=0 | galaxy=1/5 laniakea=0/7 voyager=3/3
[08-08 17:10:00] remaining=1 submitted_this_pass=0 | galaxy=1/5 laniakea=0/7 voyager=3/3
[08-08 17:11:30] remaining=1 submitted_this_pass=0 | galaxy=1/5 laniakea=0/7 voyager=3/3
[08-08 17:13:01] remaining=1 submitted_this_pass=0 | galaxy=1/5 laniakea=0/7 voyager=3/3
[08-08 17:14:31] remaining=1 submitted_this_pass=0 | galaxy=1/5 laniakea=0/7 voyager=3/3
[08-08 17:16:01] remaining=1 submitted_this_pass=0 | galaxy=1/5 laniakea=0/7 voyager=3/3
[08-08 17:17:32] remaining=1 submitted_this_pass=0 | galaxy=1/5 laniakea=0/7 voyager=3/3
[08-08 17:19:02] remaining=1 submitted_this_pass=0 | galaxy=1/5 laniakea=0/7 voyager=3/3
[08-08 17:20:32] remaining=1 submitted_this_pass=0 | galaxy=1/5 laniakea=0/7 voyager=3/3
[08-08 17:22:03] remaining=1 submitted_this_pass=0 | galaxy=1/5 laniakea=0/7 voyager=3/3
[08-08 17:23:33] remaining=1 submitted_this_pass=0 | galaxy=1/5 laniakea=0/7 voyager=3/3
[08-08 17:25:03] remaining=1 submitted_this_pass=0 | galaxy=1/5 laniakea=0/7 voyager=3/3
[08-08 17:26:34] remaining=1 submitted_this_pass=0 | galaxy=1/5 laniakea=0/7 voyager=3/3
[08-08 17:28:04] remaining=1 submitted_this_pass=0 | galaxy=1/5 laniakea=0/7 voyager=3/3
[08-08 17:29:34] remaining=1 submitted_this_pass=0 | galaxy=1/5 laniakea=0/7 voyager=3/3
[08-08 17:31:05] remaining=1 submitted_this_pass=0 | galaxy=1/5 laniakea=0/7 voyager=3/3
[08-08 17:32:35] remaining=1 submitted_this_pass=0 | galaxy=1/5 laniakea=0/7 voyager=3/3
[08-08 17:34:05] remaining=1 submitted_this_pass=0 | galaxy=1/5 laniakea=0/7 voyager=3/3
[08-08 17:35:35] remaining=1 submitted_this_pass=0 | galaxy=1/5 laniakea=0/7 voyager=3/3
[08-08 17:37:06] remaining=1 submitted_this_pass=0 | galaxy=1/5 laniakea=0/7 voyager=3/3
[08-08 17:38:36] remaining=1 submitted_this_pass=0 | galaxy=1/5 laniakea=0/7 voyager=3/3
[08-08 17:40:06] remaining=1 submitted_this_pass=0 | galaxy=1/5 laniakea=0/7 voyager=3/3
[08-08 17:41:37] remaining=1 submitted_this_pass=0 | galaxy=1/5 laniakea=0/7 voyager=3/3
[08-08 17:43:07] remaining=1 submitted_this_pass=0 | galaxy=1/5 laniakea=0/7 voyager=3/3
[08-08 17:44:37] remaining=1 submitted_this_pass=0 | galaxy=1/5 laniakea=0/7 voyager=3/3
[08-08 17:46:08] remaining=1 submitted_this_pass=0 | galaxy=1/5 laniakea=0/7 voyager=3/3
[08-08 17:47:39] remaining=1 submitted_this_pass=0 | galaxy=1/5 laniakea=0/7 voyager=3/3
[08-08 17:49:09] remaining=1 submitted_this_pass=0 | galaxy=1/5 laniakea=0/7 voyager=3/3
[08-08 17:50:39] remaining=1 submitted_this_pass=0 | galaxy=1/5 laniakea=0/7 voyager=3/3
[08-08 17:52:10] remaining=1 submitted_this_pass=0 | galaxy=1/5 laniakea=0/7 voyager=3/3
[08-08 17:53:40] remaining=1 submitted_this_pass=0 | galaxy=1/5 laniakea=0/7 voyager=3/3
[08-08 17:55:10] remaining=1 submitted_this_pass=0 | galaxy=1/5 laniakea=0/7 voyager=3/3
[08-08 17:56:41] remaining=1 submitted_this_pass=0 | galaxy=1/5 laniakea=0/7 voyager=3/3
[08-08 17:58:11] remaining=1 submitted_this_pass=0 | galaxy=1/5 laniakea=0/7 voyager=3/3
[08-08 17:59:41] remaining=1 submitted_this_pass=0 | galaxy=1/5 laniakea=0/7 voyager=3/3
[08-08 18:01:11] remaining=1 submitted_this_pass=0 | galaxy=1/5 laniakea=1/7 voyager=3/3
[08-08 18:02:42] remaining=1 submitted_this_pass=0 | galaxy=1/5 laniakea=1/7 voyager=3/3
[08-08 18:04:12] remaining=1 submitted_this_pass=0 | galaxy=1/5 laniakea=1/7 voyager=3/3
[08-08 18:05:42] remaining=1 submitted_this_pass=0 | galaxy=1/5 laniakea=1/7 voyager=3/3
[08-08 18:07:12] remaining=1 submitted_this_pass=0 | galaxy=1/5 laniakea=1/7 voyager=3/3
[08-08 18:08:43] remaining=1 submitted_this_pass=0 | galaxy=1/5 laniakea=1/7 voyager=3/3
[08-08 18:10:13] remaining=1 submitted_this_pass=0 | galaxy=1/5 laniakea=1/7 voyager=3/3
[08-08 18:11:43] remaining=1 submitted_this_pass=0 | galaxy=1/5 laniakea=1/7 voyager=3/3
[08-08 18:13:13] remaining=1 submitted_this_pass=0 | galaxy=1/5 laniakea=1/7 voyager=3/3
[08-08 18:14:44] remaining=1 submitted_this_pass=0 | galaxy=1/5 laniakea=1/7 voyager=3/3
[08-08 18:16:14] remaining=1 submitted_this_pass=0 | galaxy=1/5 laniakea=1/7 voyager=3/3
[08-08 18:17:44] remaining=1 submitted_this_pass=0 | galaxy=1/5 laniakea=1/7 voyager=3/3
[08-08 18:19:15] remaining=1 submitted_this_pass=0 | galaxy=1/5 laniakea=0/7 voyager=3/3
[08-08 18:20:45] remaining=1 submitted_this_pass=0 | galaxy=1/5 laniakea=0/7 voyager=3/3
[08-08 18:22:15] remaining=1 submitted_this_pass=0 | galaxy=1/5 laniakea=0/7 voyager=3/3
[08-08 18:23:45] remaining=1 submitted_this_pass=0 | galaxy=1/5 laniakea=0/7 voyager=3/3
[08-08 18:25:16] remaining=1 submitted_this_pass=0 | galaxy=1/5 laniakea=0/7 voyager=3/3
[08-08 18:26:46] remaining=1 submitted_this_pass=0 | galaxy=1/5 laniakea=0/7 voyager=3/3
[08-08 18:28:16] remaining=1 submitted_this_pass=0 | galaxy=1/5 laniakea=0/7 voyager=3/3
[08-08 18:29:46] remaining=1 submitted_this_pass=0 | galaxy=1/5 laniakea=0/7 voyager=3/3
[08-08 18:31:17] remaining=1 submitted_this_pass=0 | galaxy=1/5 laniakea=0/7 voyager=3/3
[08-08 18:32:47] remaining=1 submitted_this_pass=0 | galaxy=1/5 laniakea=0/7 voyager=3/3
[08-08 18:34:17] remaining=1 submitted_this_pass=0 | galaxy=1/5 laniakea=0/7 voyager=3/3
[08-08 18:35:47] remaining=1 submitted_this_pass=0 | galaxy=1/5 laniakea=0/7 voyager=3/3
[08-08 18:37:18] remaining=1 submitted_this_pass=0 | galaxy=1/5 laniakea=0/7 voyager=3/3
[08-08 18:38:48] remaining=1 submitted_this_pass=0 | galaxy=1/5 laniakea=0/7 voyager=3/3
[08-08 18:40:18] remaining=1 submitted_this_pass=0 | galaxy=1/5 laniakea=0/7 voyager=3/3
[08-08 18:41:48] remaining=1 submitted_this_pass=0 | galaxy=1/5 laniakea=0/7 voyager=3/3
[08-08 18:43:19] remaining=1 submitted_this_pass=0 | galaxy=1/5 laniakea=0/7 voyager=3/3
[08-08 18:44:49] remaining=1 submitted_this_pass=0 | galaxy=1/5 laniakea=0/7 voyager=3/3
[08-08 18:46:19] remaining=1 submitted_this_pass=0 | galaxy=1/5 laniakea=0/7 voyager=3/3
[08-08 18:47:49] remaining=1 submitted_this_pass=0 | galaxy=1/5 laniakea=0/7 voyager=3/3
[08-08 18:49:20] remaining=1 submitted_this_pass=0 | galaxy=1/5 laniakea=0/7 voyager=3/3
[08-08 18:50:50] remaining=1 submitted_this_pass=0 | galaxy=1/5 laniakea=0/7 voyager=3/3
[08-08 18:52:20] remaining=1 submitted_this_pass=0 | galaxy=1/5 laniakea=0/7 voyager=3/3
[08-08 18:53:50] remaining=1 submitted_this_pass=0 | galaxy=1/5 laniakea=0/7 voyager=3/3
[08-08 18:55:21] remaining=1 submitted_this_pass=0 | galaxy=1/5 laniakea=0/7 voyager=3/3
[08-08 18:56:51] remaining=1 submitted_this_pass=0 | galaxy=1/5 laniakea=0/7 voyager=3/3
[08-08 18:58:21] remaining=1 submitted_this_pass=0 | galaxy=1/5 laniakea=0/7 voyager=3/3
[08-08 18:59:51] remaining=1 submitted_this_pass=0 | galaxy=1/5 laniakea=0/7 voyager=3/3
[08-08 19:01:22] remaining=1 submitted_this_pass=0 | galaxy=1/5 laniakea=0/7 voyager=3/3
[08-08 19:02:52] remaining=1 submitted_this_pass=0 | galaxy=1/5 laniakea=0/7 voyager=3/3
[08-08 19:04:22] remaining=1 submitted_this_pass=0 | galaxy=1/5 laniakea=0/7 voyager=3/3
[08-08 19:05:52] remaining=1 submitted_this_pass=0 | galaxy=1/5 laniakea=0/7 voyager=3/3
[08-08 19:07:23] remaining=1 submitted_this_pass=0 | galaxy=1/5 laniakea=0/7 voyager=3/3
[08-08 19:08:53] remaining=1 submitted_this_pass=0 | galaxy=1/5 laniakea=0/7 voyager=3/3
[08-08 19:10:23] remaining=1 submitted_this_pass=0 | galaxy=1/5 laniakea=0/7 voyager=3/3
[08-08 19:11:54] remaining=1 submitted_this_pass=0 | galaxy=1/5 laniakea=0/7 voyager=3/3
[08-08 19:13:24] remaining=1 submitted_this_pass=0 | galaxy=1/5 laniakea=0/7 voyager=3/3
[08-08 19:14:54] remaining=1 submitted_this_pass=0 | galaxy=1/5 laniakea=0/7 voyager=3/3
[08-08 19:16:24] remaining=1 submitted_this_pass=0 | galaxy=1/5 laniakea=0/7 voyager=3/3
[08-08 19:17:55] remaining=1 submitted_this_pass=0 | galaxy=1/5 laniakea=0/7 voyager=3/3
[08-08 19:19:25] remaining=1 submitted_this_pass=0 | galaxy=1/5 laniakea=0/7 voyager=3/3
[08-08 19:20:55] remaining=1 submitted_this_pass=0 | galaxy=1/5 laniakea=0/7 voyager=3/3
[08-08 19:22:25] remaining=1 submitted_this_pass=0 | galaxy=1/5 laniakea=0/7 voyager=3/3
[08-08 19:23:56] remaining=1 submitted_this_pass=0 | galaxy=1/5 laniakea=0/7 voyager=3/3
[08-08 19:25:26] remaining=1 submitted_this_pass=0 | galaxy=1/5 laniakea=0/7 voyager=3/3
[08-08 19:26:56] remaining=1 submitted_this_pass=0 | galaxy=1/5 laniakea=0/7 voyager=3/3
[08-08 19:28:27] remaining=1 submitted_this_pass=0 | galaxy=1/5 laniakea=0/7 voyager=3/3
[08-08 19:29:57] remaining=1 submitted_this_pass=0 | galaxy=1/5 laniakea=0/7 voyager=3/3
[08-08 19:31:27] remaining=1 submitted_this_pass=0 | galaxy=1/5 laniakea=0/7 voyager=3/3
[08-08 19:32:57] remaining=1 submitted_this_pass=0 | galaxy=1/5 laniakea=0/7 voyager=3/3
[08-08 19:34:28] remaining=1 submitted_this_pass=0 | galaxy=1/5 laniakea=0/7 voyager=3/3
[08-08 19:35:58] remaining=1 submitted_this_pass=0 | galaxy=1/5 laniakea=0/7 voyager=3/3
[08-08 19:37:28] remaining=1 submitted_this_pass=0 | galaxy=1/5 laniakea=0/7 voyager=3/3
[08-08 19:38:58] === ALL arms have completed rows. done. ===
