[specs 23:25:38] hp_original_stage1.txt: 562 jobs to submit
[23:25:39] (1/562) -> galaxy job=242018 :: carbon-raw-original --task-names H3K27me3 --distillation-config.weight-ce 0.5 --distillation-config.weight-kl 0.25 --distillation-config.weight-mse 0.0 --distillation-config.temperature 1.5 --trainer-config.early-stop-patience 70 --slurm-config.mode run
[23:27:46] (2/562) -> voyager job=242020 :: carbon-raw-original --task-names H3K27me3 --distillation-config.weight-ce 0.5 --distillation-config.weight-kl 0.25 --distillation-config.weight-mse 0.0 --distillation-config.temperature 2.0 --trainer-config.early-stop-patience 70 --slurm-config.mode run
[23:33:56] (3/562) -> galaxy job=242023 :: carbon-raw-original --task-names H3K27me3 --distillation-config.weight-ce 0.5 --distillation-config.weight-kl 0.25 --distillation-config.weight-mse 0.0 --distillation-config.temperature 4.0 --trainer-config.early-stop-patience 70 --slurm-config.mode run
[23:38:04] (4/562) -> galaxy job=242026 :: carbon-raw-original --task-names H3K27me3 --distillation-config.weight-ce 0.5 --distillation-config.weight-kl 0.25 --distillation-config.weight-mse 1 --distillation-config.temperature 0.5 --trainer-config.early-stop-patience 70 --slurm-config.mode run
[23:42:11] (5/562) -> galaxy job=242028 :: carbon-raw-original --task-names H3K27me3 --distillation-config.weight-ce 0.5 --distillation-config.weight-kl 0.25 --distillation-config.weight-mse 1 --distillation-config.temperature 1.5 --trainer-config.early-stop-patience 70 --slurm-config.mode run
[23:42:17] (6/562) -> galaxy job=242029 :: carbon-raw-original --task-names H3K27me3 --distillation-config.weight-ce 0.5 --distillation-config.weight-kl 0.5 --distillation-config.weight-mse 0.0 --distillation-config.temperature 4.0 --trainer-config.early-stop-patience 70 --slurm-config.mode run
[00:08:33] (7/562) -> galaxy job=242032 :: carbon-raw-original --task-names H3K27me3 --distillation-config.weight-ce 0.5 --distillation-config.weight-kl 0.5 --distillation-config.weight-mse 1 --distillation-config.temperature 0.5 --trainer-config.early-stop-patience 70 --slurm-config.mode run
[00:12:39] (8/562) -> galaxy job=242033 :: carbon-raw-original --task-names H3K27me3 --distillation-config.weight-ce 0.5 --distillation-config.weight-kl 0.5 --distillation-config.weight-mse 1 --distillation-config.temperature 1.0 --trainer-config.early-stop-patience 70 --slurm-config.mode run
[00:14:45] (9/562) -> galaxy job=242034 :: carbon-raw-original --task-names H3K27me3 --distillation-config.weight-ce 0.5 --distillation-config.weight-kl 0.5 --distillation-config.weight-mse 1 --distillation-config.temperature 2.0 --trainer-config.early-stop-patience 70 --slurm-config.mode run
[00:18:52] (10/562) -> galaxy job=242035 :: carbon-raw-original --task-names H3K27me3 --distillation-config.weight-ce 0.5 --distillation-config.weight-kl 0.5 --distillation-config.weight-mse 1 --distillation-config.temperature 4.0 --trainer-config.early-stop-patience 70 --slurm-config.mode run
[00:31:00] (11/562) -> voyager job=242037 :: carbon-raw-original --task-names H3K27me3 --distillation-config.weight-ce 0.5 --distillation-config.weight-kl 1.0 --distillation-config.weight-mse 0.0 --distillation-config.temperature 0.5 --trainer-config.early-stop-patience 70 --slurm-config.mode run
[00:47:09] (12/562) -> galaxy job=242040 :: carbon-raw-original --task-names H3K27me3 --distillation-config.weight-ce 0.5 --distillation-config.weight-kl 1.0 --distillation-config.weight-mse 0.0 --distillation-config.temperature 1.0 --trainer-config.early-stop-patience 70 --slurm-config.mode run
[00:47:15] (13/562) -> galaxy job=242041 :: carbon-raw-original --task-names H3K27me3 --distillation-config.weight-ce 0.5 --distillation-config.weight-kl 1.0 --distillation-config.weight-mse 0.0 --distillation-config.temperature 1.5 --trainer-config.early-stop-patience 70 --slurm-config.mode run
[00:49:20] (14/562) -> voyager job=242043 :: carbon-raw-original --task-names H3K27me3 --distillation-config.weight-ce 0.5 --distillation-config.weight-kl 1.0 --distillation-config.weight-mse 0.0 --distillation-config.temperature 2.0 --trainer-config.early-stop-patience 70 --slurm-config.mode run
[00:57:28] (15/562) -> galaxy job=242044 :: carbon-raw-original --task-names H3K27me3 --distillation-config.weight-ce 0.5 --distillation-config.weight-kl 1.0 --distillation-config.weight-mse 0.0 --distillation-config.temperature 4.0 --trainer-config.early-stop-patience 70 --slurm-config.mode run
[00:57:33] (16/562) -> galaxy job=242045 :: carbon-raw-original --task-names H3K27me3 --distillation-config.weight-ce 0.5 --distillation-config.weight-kl 1.0 --distillation-config.weight-mse 1 --distillation-config.temperature 0.5 --trainer-config.early-stop-patience 70 --slurm-config.mode run
[01:09:42] (17/562) -> voyager job=242047 :: carbon-raw-original --task-names H3K27me3 --distillation-config.weight-ce 0.5 --distillation-config.weight-kl 1.0 --distillation-config.weight-mse 1 --distillation-config.temperature 1.0 --trainer-config.early-stop-patience 70 --slurm-config.mode run
[01:27:51] (18/562) -> galaxy job=242048 :: carbon-raw-original --task-names H3K27me3 --distillation-config.weight-ce 0.5 --distillation-config.weight-kl 1.0 --distillation-config.weight-mse 1 --distillation-config.temperature 1.5 --trainer-config.early-stop-patience 70 --slurm-config.mode run
[01:31:58] (19/562) -> voyager job=242049 :: carbon-raw-original --task-names H3K27me3 --distillation-config.weight-ce 0.5 --distillation-config.weight-kl 1.0 --distillation-config.weight-mse 1 --distillation-config.temperature 2.0 --trainer-config.early-stop-patience 70 --slurm-config.mode run
[01:32:03] (20/562) -> galaxy job=242050 :: carbon-raw-original --task-names H3K27me3 --distillation-config.weight-ce 0.5 --distillation-config.weight-kl 1.0 --distillation-config.weight-mse 1 --distillation-config.temperature 4.0 --trainer-config.early-stop-patience 70 --slurm-config.mode run
[01:34:09] (21/562) -> galaxy job=242051 :: carbon-raw-original --task-names H3K36me3 --distillation-config.weight-ce 0.5 --distillation-config.weight-kl 0.0 --distillation-config.weight-mse 0.0 --distillation-config.temperature 0.5 --trainer-config.early-stop-patience 70 --slurm-config.mode run
[01:36:15] (22/562) -> galaxy job=242052 :: carbon-raw-original --task-names H3K36me3 --distillation-config.weight-ce 0.5 --distillation-config.weight-kl 0.0 --distillation-config.weight-mse 1 --distillation-config.temperature 0.5 --trainer-config.early-stop-patience 70 --slurm-config.mode run
[01:38:21] (23/562) -> galaxy job=242053 :: carbon-raw-original --task-names H3K36me3 --distillation-config.weight-ce 0.5 --distillation-config.weight-kl 0.25 --distillation-config.weight-mse 0.0 --distillation-config.temperature 0.5 --trainer-config.early-stop-patience 70 --slurm-config.mode run
[01:52:29] (24/562) -> voyager job=242056 :: carbon-raw-original --task-names H3K36me3 --distillation-config.weight-ce 0.5 --distillation-config.weight-kl 0.25 --distillation-config.weight-mse 0.0 --distillation-config.temperature 1.0 --trainer-config.early-stop-patience 70 --slurm-config.mode run
[02:08:39] (25/562) -> voyager job=242057 :: carbon-raw-original --task-names H3K36me3 --distillation-config.weight-ce 0.5 --distillation-config.weight-kl 0.25 --distillation-config.weight-mse 0.0 --distillation-config.temperature 1.5 --trainer-config.early-stop-patience 70 --slurm-config.mode run
[02:08:44] (26/562) -> galaxy job=242058 :: carbon-raw-original --task-names H3K36me3 --distillation-config.weight-ce 0.5 --distillation-config.weight-kl 0.25 --distillation-config.weight-mse 0.0 --distillation-config.temperature 2.0 --trainer-config.early-stop-patience 70 --slurm-config.mode run
[02:10:50] (27/562) -> galaxy job=242059 :: carbon-raw-original --task-names H3K36me3 --distillation-config.weight-ce 0.5 --distillation-config.weight-kl 0.25 --distillation-config.weight-mse 0.0 --distillation-config.temperature 4.0 --trainer-config.early-stop-patience 70 --slurm-config.mode run
[02:14:56] (28/562) -> galaxy job=242060 :: carbon-raw-original --task-names H3K36me3 --distillation-config.weight-ce 0.5 --distillation-config.weight-kl 0.25 --distillation-config.weight-mse 1 --distillation-config.temperature 0.5 --trainer-config.early-stop-patience 70 --slurm-config.mode run
[02:17:02] (29/562) -> galaxy job=242061 :: carbon-raw-original --task-names H3K36me3 --distillation-config.weight-ce 0.5 --distillation-config.weight-kl 0.25 --distillation-config.weight-mse 1 --distillation-config.temperature 1.0 --trainer-config.early-stop-patience 70 --slurm-config.mode run
[02:39:13] (30/562) -> laniakea job=242069 :: carbon-raw-original --task-names H3K36me3 --distillation-config.weight-ce 0.5 --distillation-config.weight-kl 0.25 --distillation-config.weight-mse 1 --distillation-config.temperature 1.5 --trainer-config.early-stop-patience 70 --slurm-config.mode run
[02:45:19] (31/562) -> galaxy job=242072 :: carbon-raw-original --task-names H3K36me3 --distillation-config.weight-ce 0.5 --distillation-config.weight-kl 0.25 --distillation-config.weight-mse 1 --distillation-config.temperature 2.0 --trainer-config.early-stop-patience 70 --slurm-config.mode run
[02:45:24] (32/562) -> galaxy job=242073 :: carbon-raw-original --task-names H3K36me3 --distillation-config.weight-ce 0.5 --distillation-config.weight-kl 0.25 --distillation-config.weight-mse 1 --distillation-config.temperature 4.0 --trainer-config.early-stop-patience 70 --slurm-config.mode run
[02:49:31] (33/562) -> galaxy job=242074 :: carbon-raw-original --task-names H3K36me3 --distillation-config.weight-ce 0.5 --distillation-config.weight-kl 0.5 --distillation-config.weight-mse 0.0 --distillation-config.temperature 0.5 --trainer-config.early-stop-patience 70 --slurm-config.mode run
[02:57:38] (34/562) -> laniakea job=242077 :: carbon-raw-original --task-names H3K36me3 --distillation-config.weight-ce 0.5 --distillation-config.weight-kl 0.5 --distillation-config.weight-mse 0.0 --distillation-config.temperature 1.0 --trainer-config.early-stop-patience 70 --slurm-config.mode run
[03:32:02] (35/562) -> galaxy job=242085 :: carbon-raw-original --task-names H3K36me3 --distillation-config.weight-ce 0.5 --distillation-config.weight-kl 0.5 --distillation-config.weight-mse 0.0 --distillation-config.temperature 1.5 --trainer-config.early-stop-patience 70 --slurm-config.mode run
[04:04:14] (36/562) -> galaxy job=242091 :: carbon-raw-original --task-names H3K36me3 --distillation-config.weight-ce 0.5 --distillation-config.weight-kl 0.5 --distillation-config.weight-mse 0.0 --distillation-config.temperature 2.0 --trainer-config.early-stop-patience 70 --slurm-config.mode run
[04:08:20] (37/562) -> galaxy job=242092 :: carbon-raw-original --task-names H3K36me3 --distillation-config.weight-ce 0.5 --distillation-config.weight-kl 0.5 --distillation-config.weight-mse 0.0 --distillation-config.temperature 4.0 --trainer-config.early-stop-patience 70 --slurm-config.mode run
[04:28:29] (38/562) -> galaxy job=242093 :: carbon-raw-original --task-names H3K36me3 --distillation-config.weight-ce 0.5 --distillation-config.weight-kl 0.5 --distillation-config.weight-mse 1 --distillation-config.temperature 0.5 --trainer-config.early-stop-patience 70 --slurm-config.mode run
[04:36:37] (39/562) -> galaxy job=242094 :: carbon-raw-original --task-names H3K36me3 --distillation-config.weight-ce 0.5 --distillation-config.weight-kl 0.5 --distillation-config.weight-mse 1 --distillation-config.temperature 1.0 --trainer-config.early-stop-patience 70 --slurm-config.mode run
[04:40:42] (40/562) -> galaxy job=242095 :: carbon-raw-original --task-names H3K36me3 --distillation-config.weight-ce 0.5 --distillation-config.weight-kl 0.5 --distillation-config.weight-mse 1 --distillation-config.temperature 1.5 --trainer-config.early-stop-patience 70 --slurm-config.mode run
[05:08:51] (41/562) -> galaxy job=242098 :: carbon-raw-original --task-names H3K36me3 --distillation-config.weight-ce 0.5 --distillation-config.weight-kl 0.5 --distillation-config.weight-mse 1 --distillation-config.temperature 2.0 --trainer-config.early-stop-patience 70 --slurm-config.mode run
[05:16:58] (42/562) -> galaxy job=242099 :: carbon-raw-original --task-names H3K36me3 --distillation-config.weight-ce 0.5 --distillation-config.weight-kl 0.5 --distillation-config.weight-mse 1 --distillation-config.temperature 4.0 --trainer-config.early-stop-patience 70 --slurm-config.mode run
[05:25:04] (43/562) -> galaxy job=242101 :: carbon-raw-original --task-names H3K36me3 --distillation-config.weight-ce 0.5 --distillation-config.weight-kl 1.0 --distillation-config.weight-mse 0.0 --distillation-config.temperature 0.5 --trainer-config.early-stop-patience 70 --slurm-config.mode run
[05:39:11] (44/562) -> laniakea job=242102 :: carbon-raw-original --task-names H3K36me3 --distillation-config.weight-ce 0.5 --distillation-config.weight-kl 1.0 --distillation-config.weight-mse 0.0 --distillation-config.temperature 1.0 --trainer-config.early-stop-patience 70 --slurm-config.mode run
[05:41:17] (45/562) -> galaxy job=242103 :: carbon-raw-original --task-names H3K36me3 --distillation-config.weight-ce 0.5 --distillation-config.weight-kl 1.0 --distillation-config.weight-mse 0.0 --distillation-config.temperature 1.5 --trainer-config.early-stop-patience 70 --slurm-config.mode run
[05:59:25] (46/562) -> galaxy job=242105 :: carbon-raw-original --task-names H3K36me3 --distillation-config.weight-ce 0.5 --distillation-config.weight-kl 1.0 --distillation-config.weight-mse 0.0 --distillation-config.temperature 2.0 --trainer-config.early-stop-patience 70 --slurm-config.mode run
[06:15:33] (47/562) -> laniakea job=242106 :: carbon-raw-original --task-names H3K36me3 --distillation-config.weight-ce 0.5 --distillation-config.weight-kl 1.0 --distillation-config.weight-mse 0.0 --distillation-config.temperature 4.0 --trainer-config.early-stop-patience 70 --slurm-config.mode run
[06:15:38] (48/562) -> galaxy job=242107 :: carbon-raw-original --task-names H3K36me3 --distillation-config.weight-ce 0.5 --distillation-config.weight-kl 1.0 --distillation-config.weight-mse 1 --distillation-config.temperature 0.5 --trainer-config.early-stop-patience 70 --slurm-config.mode run
[06:39:47] (49/562) -> galaxy job=242108 :: carbon-raw-original --task-names H3K36me3 --distillation-config.weight-ce 0.5 --distillation-config.weight-kl 1.0 --distillation-config.weight-mse 1 --distillation-config.temperature 1.0 --trainer-config.early-stop-patience 70 --slurm-config.mode run
[06:49:53] (50/562) -> galaxy job=242110 :: carbon-raw-original --task-names H3K36me3 --distillation-config.weight-ce 0.5 --distillation-config.weight-kl 1.0 --distillation-config.weight-mse 1 --distillation-config.temperature 1.5 --trainer-config.early-stop-patience 70 --slurm-config.mode run
[06:56:00] (51/562) -> laniakea job=242111 :: carbon-raw-original --task-names H3K36me3 --distillation-config.weight-ce 0.5 --distillation-config.weight-kl 1.0 --distillation-config.weight-mse 1 --distillation-config.temperature 2.0 --trainer-config.early-stop-patience 70 --slurm-config.mode run
[07:02:06] (52/562) -> galaxy job=242112 :: carbon-raw-original --task-names H3K36me3 --distillation-config.weight-ce 0.5 --distillation-config.weight-kl 1.0 --distillation-config.weight-mse 1 --distillation-config.temperature 4.0 --trainer-config.early-stop-patience 70 --slurm-config.mode run
[07:18:13] (53/562) -> galaxy job=242113 :: carbon-raw-original --task-names H4K20me1 --distillation-config.weight-ce 0.5 --distillation-config.weight-kl 0.0 --distillation-config.weight-mse 0.0 --distillation-config.temperature 0.5 --trainer-config.early-stop-patience 70 --slurm-config.mode run
[07:24:19] (54/562) -> galaxy job=242114 :: carbon-raw-original --task-names H4K20me1 --distillation-config.weight-ce 0.5 --distillation-config.weight-kl 0.0 --distillation-config.weight-mse 1 --distillation-config.temperature 0.5 --trainer-config.early-stop-patience 70 --slurm-config.mode run
[07:32:26] (55/562) -> laniakea job=242115 :: carbon-raw-original --task-names H4K20me1 --distillation-config.weight-ce 0.5 --distillation-config.weight-kl 0.25 --distillation-config.weight-mse 0.0 --distillation-config.temperature 0.5 --trainer-config.early-stop-patience 70 --slurm-config.mode run
[07:42:32] (56/562) -> galaxy job=242116 :: carbon-raw-original --task-names H4K20me1 --distillation-config.weight-ce 0.5 --distillation-config.weight-kl 0.25 --distillation-config.weight-mse 0.0 --distillation-config.temperature 1.0 --trainer-config.early-stop-patience 70 --slurm-config.mode run
[07:50:39] (57/562) -> galaxy job=242117 :: carbon-raw-original --task-names H4K20me1 --distillation-config.weight-ce 0.5 --distillation-config.weight-kl 0.25 --distillation-config.weight-mse 0.0 --distillation-config.temperature 1.5 --trainer-config.early-stop-patience 70 --slurm-config.mode run
[07:52:44] (58/562) -> galaxy job=242118 :: carbon-raw-original --task-names H4K20me1 --distillation-config.weight-ce 0.5 --distillation-config.weight-kl 0.25 --distillation-config.weight-mse 0.0 --distillation-config.temperature 2.0 --trainer-config.early-stop-patience 70 --slurm-config.mode run
[08:00:51] (59/562) -> galaxy job=242119 :: carbon-raw-original --task-names H4K20me1 --distillation-config.weight-ce 0.5 --distillation-config.weight-kl 0.25 --distillation-config.weight-mse 0.0 --distillation-config.temperature 4.0 --trainer-config.early-stop-patience 70 --slurm-config.mode run
[08:10:57] (60/562) -> laniakea job=242120 :: carbon-raw-original --task-names H4K20me1 --distillation-config.weight-ce 0.5 --distillation-config.weight-kl 0.25 --distillation-config.weight-mse 1 --distillation-config.temperature 0.5 --trainer-config.early-stop-patience 70 --slurm-config.mode run
[08:13:03] (61/562) -> galaxy job=242121 :: carbon-raw-original --task-names H4K20me1 --distillation-config.weight-ce 0.5 --distillation-config.weight-kl 0.25 --distillation-config.weight-mse 1 --distillation-config.temperature 1.0 --trainer-config.early-stop-patience 70 --slurm-config.mode run
[08:15:08] (62/562) -> laniakea job=242122 :: carbon-raw-original --task-names H4K20me1 --distillation-config.weight-ce 0.5 --distillation-config.weight-kl 0.25 --distillation-config.weight-mse 1 --distillation-config.temperature 1.5 --trainer-config.early-stop-patience 70 --slurm-config.mode run
[08:17:14] (63/562) -> galaxy job=242123 :: carbon-raw-original --task-names H4K20me1 --distillation-config.weight-ce 0.5 --distillation-config.weight-kl 0.25 --distillation-config.weight-mse 1 --distillation-config.temperature 2.0 --trainer-config.early-stop-patience 70 --slurm-config.mode run
[08:31:30] (64/562) -> galaxy job=242158 :: carbon-raw-original --task-names H4K20me1 --distillation-config.weight-ce 0.5 --distillation-config.weight-kl 0.25 --distillation-config.weight-mse 1 --distillation-config.temperature 4.0 --trainer-config.early-stop-patience 70 --slurm-config.mode run
[08:37:43] (65/562) -> galaxy job=242159 :: carbon-raw-original --task-names H4K20me1 --distillation-config.weight-ce 0.5 --distillation-config.weight-kl 0.5 --distillation-config.weight-mse 0.0 --distillation-config.temperature 0.5 --trainer-config.early-stop-patience 70 --slurm-config.mode run
[08:41:55] (66/562) -> galaxy job=242160 :: carbon-raw-original --task-names H4K20me1 --distillation-config.weight-ce 0.5 --distillation-config.weight-kl 0.5 --distillation-config.weight-mse 0.0 --distillation-config.temperature 1.0 --trainer-config.early-stop-patience 70 --slurm-config.mode run
[08:50:11] (67/562) -> galaxy job=242161 :: carbon-raw-original --task-names H4K20me1 --distillation-config.weight-ce 0.5 --distillation-config.weight-kl 0.5 --distillation-config.weight-mse 0.0 --distillation-config.temperature 1.5 --trainer-config.early-stop-patience 70 --slurm-config.mode run
[08:54:22] (68/562) -> galaxy job=242162 :: carbon-raw-original --task-names H4K20me1 --distillation-config.weight-ce 0.5 --distillation-config.weight-kl 0.5 --distillation-config.weight-mse 0.0 --distillation-config.temperature 2.0 --trainer-config.early-stop-patience 70 --slurm-config.mode run
[09:10:45] (69/562) -> galaxy job=242163 :: carbon-raw-original --task-names H4K20me1 --distillation-config.weight-ce 0.5 --distillation-config.weight-kl 0.5 --distillation-config.weight-mse 0.0 --distillation-config.temperature 4.0 --trainer-config.early-stop-patience 70 --slurm-config.mode run
[09:16:58] (70/562) -> galaxy job=242164 :: carbon-raw-original --task-names H4K20me1 --distillation-config.weight-ce 0.5 --distillation-config.weight-kl 0.5 --distillation-config.weight-mse 1 --distillation-config.temperature 0.5 --trainer-config.early-stop-patience 70 --slurm-config.mode run
[09:19:07] (71/562) -> galaxy job=242165 :: carbon-raw-original --task-names H4K20me1 --distillation-config.weight-ce 0.5 --distillation-config.weight-kl 0.5 --distillation-config.weight-mse 1 --distillation-config.temperature 1.0 --trainer-config.early-stop-patience 70 --slurm-config.mode run
[09:27:22] (72/562) -> galaxy job=242166 :: carbon-raw-original --task-names H4K20me1 --distillation-config.weight-ce 0.5 --distillation-config.weight-kl 0.5 --distillation-config.weight-mse 1 --distillation-config.temperature 1.5 --trainer-config.early-stop-patience 70 --slurm-config.mode run
[09:31:33] (73/562) -> galaxy job=242167 :: carbon-raw-original --task-names H4K20me1 --distillation-config.weight-ce 0.5 --distillation-config.weight-kl 0.5 --distillation-config.weight-mse 1 --distillation-config.temperature 2.0 --trainer-config.early-stop-patience 70 --slurm-config.mode run
[09:49:58] (74/562) -> galaxy job=242168 :: carbon-raw-original --task-names H4K20me1 --distillation-config.weight-ce 0.5 --distillation-config.weight-kl 0.5 --distillation-config.weight-mse 1 --distillation-config.temperature 4.0 --trainer-config.early-stop-patience 70 --slurm-config.mode run
[09:52:07] (75/562) -> galaxy job=242169 :: carbon-raw-original --task-names H4K20me1 --distillation-config.weight-ce 0.5 --distillation-config.weight-kl 1.0 --distillation-config.weight-mse 0.0 --distillation-config.temperature 0.5 --trainer-config.early-stop-patience 70 --slurm-config.mode run
[09:56:18] (76/562) -> galaxy job=242170 :: carbon-raw-original --task-names H4K20me1 --distillation-config.weight-ce 0.5 --distillation-config.weight-kl 1.0 --distillation-config.weight-mse 0.0 --distillation-config.temperature 1.0 --trainer-config.early-stop-patience 70 --slurm-config.mode run
[10:02:30] (77/562) -> galaxy job=242171 :: carbon-raw-original --task-names H4K20me1 --distillation-config.weight-ce 0.5 --distillation-config.weight-kl 1.0 --distillation-config.weight-mse 0.0 --distillation-config.temperature 1.5 --trainer-config.early-stop-patience 70 --slurm-config.mode run
[10:10:45] (78/562) -> galaxy job=242172 :: carbon-raw-original --task-names H4K20me1 --distillation-config.weight-ce 0.5 --distillation-config.weight-kl 1.0 --distillation-config.weight-mse 0.0 --distillation-config.temperature 2.0 --trainer-config.early-stop-patience 70 --slurm-config.mode run
[10:29:02] (79/562) -> galaxy job=242177 :: carbon-raw-original --task-names H4K20me1 --distillation-config.weight-ce 0.5 --distillation-config.weight-kl 1.0 --distillation-config.weight-mse 0.0 --distillation-config.temperature 4.0 --trainer-config.early-stop-patience 70 --slurm-config.mode run
[10:33:08] (80/562) -> galaxy job=242178 :: carbon-raw-original --task-names H4K20me1 --distillation-config.weight-ce 0.5 --distillation-config.weight-kl 1.0 --distillation-config.weight-mse 1 --distillation-config.temperature 0.5 --trainer-config.early-stop-patience 70 --slurm-config.mode run
[10:35:14] (81/562) -> galaxy job=242179 :: carbon-raw-original --task-names H4K20me1 --distillation-config.weight-ce 0.5 --distillation-config.weight-kl 1.0 --distillation-config.weight-mse 1 --distillation-config.temperature 1.0 --trainer-config.early-stop-patience 70 --slurm-config.mode run
[10:39:20] (82/562) -> galaxy job=242180 :: carbon-raw-original --task-names H4K20me1 --distillation-config.weight-ce 0.5 --distillation-config.weight-kl 1.0 --distillation-config.weight-mse 1 --distillation-config.temperature 1.5 --trainer-config.early-stop-patience 70 --slurm-config.mode run
[10:47:28] (83/562) -> galaxy job=242184 :: carbon-raw-original --task-names H4K20me1 --distillation-config.weight-ce 0.5 --distillation-config.weight-kl 1.0 --distillation-config.weight-mse 1 --distillation-config.temperature 2.0 --trainer-config.early-stop-patience 70 --slurm-config.mode run
[10:49:35] (84/562) -> galaxy job=242185 :: carbon-raw-original --task-names H4K20me1 --distillation-config.weight-ce 0.5 --distillation-config.weight-kl 1.0 --distillation-config.weight-mse 1 --distillation-config.temperature 4.0 --trainer-config.early-stop-patience 70 --slurm-config.mode run
[11:05:44] (85/562) -> galaxy job=242191 :: carbon-raw-original --task-names H2AFZ --distillation-config.weight-ce 0.5 --distillation-config.weight-kl 0.0 --distillation-config.weight-mse 0.0 --distillation-config.temperature 0.5 --trainer-config.early-stop-patience 70 --slurm-config.mode run
[11:13:51] (86/562) -> galaxy job=242196 :: carbon-raw-original --task-names H2AFZ --distillation-config.weight-ce 0.5 --distillation-config.weight-kl 0.0 --distillation-config.weight-mse 1 --distillation-config.temperature 0.5 --trainer-config.early-stop-patience 70 --slurm-config.mode run
[11:13:56] (87/562) -> galaxy job=242197 :: carbon-raw-original --task-names H2AFZ --distillation-config.weight-ce 0.5 --distillation-config.weight-kl 0.25 --distillation-config.weight-mse 0.0 --distillation-config.temperature 0.5 --trainer-config.early-stop-patience 70 --slurm-config.mode run
[11:22:03] (88/562) -> galaxy job=242198 :: carbon-raw-original --task-names H2AFZ --distillation-config.weight-ce 0.5 --distillation-config.weight-kl 0.25 --distillation-config.weight-mse 0.0 --distillation-config.temperature 1.0 --trainer-config.early-stop-patience 70 --slurm-config.mode run
[11:26:10] (89/562) -> galaxy job=242199 :: carbon-raw-original --task-names H2AFZ --distillation-config.weight-ce 0.5 --distillation-config.weight-kl 0.25 --distillation-config.weight-mse 0.0 --distillation-config.temperature 1.5 --trainer-config.early-stop-patience 70 --slurm-config.mode run
[11:28:16] (90/562) -> galaxy job=242200 :: carbon-raw-original --task-names H2AFZ --distillation-config.weight-ce 0.5 --distillation-config.weight-kl 0.25 --distillation-config.weight-mse 0.0 --distillation-config.temperature 2.0 --trainer-config.early-stop-patience 70 --slurm-config.mode run
[11:34:22] (91/562) -> galaxy job=242203 :: carbon-raw-original --task-names H2AFZ --distillation-config.weight-ce 0.5 --distillation-config.weight-kl 0.25 --distillation-config.weight-mse 0.0 --distillation-config.temperature 4.0 --trainer-config.early-stop-patience 70 --slurm-config.mode run
[11:44:31] (92/562) -> galaxy job=242210 :: carbon-raw-original --task-names H2AFZ --distillation-config.weight-ce 0.5 --distillation-config.weight-kl 0.25 --distillation-config.weight-mse 1 --distillation-config.temperature 0.5 --trainer-config.early-stop-patience 70 --slurm-config.mode run
[11:50:38] (93/562) -> galaxy job=242218 :: carbon-raw-original --task-names H2AFZ --distillation-config.weight-ce 0.5 --distillation-config.weight-kl 0.25 --distillation-config.weight-mse 1 --distillation-config.temperature 1.0 --trainer-config.early-stop-patience 70 --slurm-config.mode run
[12:02:47] (94/562) -> galaxy job=242235 :: carbon-raw-original --task-names H2AFZ --distillation-config.weight-ce 0.5 --distillation-config.weight-kl 0.25 --distillation-config.weight-mse 1 --distillation-config.temperature 1.5 --trainer-config.early-stop-patience 70 --slurm-config.mode run
[12:04:53] (95/562) -> galaxy job=242241 :: carbon-raw-original --task-names H2AFZ --distillation-config.weight-ce 0.5 --distillation-config.weight-kl 0.25 --distillation-config.weight-mse 1 --distillation-config.temperature 2.0 --trainer-config.early-stop-patience 70 --slurm-config.mode run
[12:47:06] (96/562) -> galaxy job=242268 :: carbon-raw-original --task-names H2AFZ --distillation-config.weight-ce 0.5 --distillation-config.weight-kl 0.25 --distillation-config.weight-mse 1 --distillation-config.temperature 4.0 --trainer-config.early-stop-patience 70 --slurm-config.mode run
[12:47:11] (97/562) -> galaxy job=242269 :: carbon-raw-original --task-names H2AFZ --distillation-config.weight-ce 0.5 --distillation-config.weight-kl 0.5 --distillation-config.weight-mse 0.0 --distillation-config.temperature 0.5 --trainer-config.early-stop-patience 70 --slurm-config.mode run
[12:47:17] (98/562) -> galaxy job=242270 :: carbon-raw-original --task-names H2AFZ --distillation-config.weight-ce 0.5 --distillation-config.weight-kl 0.5 --distillation-config.weight-mse 0.0 --distillation-config.temperature 1.0 --trainer-config.early-stop-patience 70 --slurm-config.mode run
[12:49:22] (99/562) -> galaxy job=242273 :: carbon-raw-original --task-names H2AFZ --distillation-config.weight-ce 0.5 --distillation-config.weight-kl 0.5 --distillation-config.weight-mse 0.0 --distillation-config.temperature 1.5 --trainer-config.early-stop-patience 70 --slurm-config.mode run
[12:49:27] (100/562) -> galaxy job=242274 :: carbon-raw-original --task-names H2AFZ --distillation-config.weight-ce 0.5 --distillation-config.weight-kl 0.5 --distillation-config.weight-mse 0.0 --distillation-config.temperature 2.0 --trainer-config.early-stop-patience 70 --slurm-config.mode run
[13:21:39] (101/562) -> laniakea job=242285 :: carbon-raw-original --task-names H2AFZ --distillation-config.weight-ce 0.5 --distillation-config.weight-kl 0.5 --distillation-config.weight-mse 0.0 --distillation-config.temperature 4.0 --trainer-config.early-stop-patience 70 --slurm-config.mode run
[13:21:44] (102/562) -> galaxy job=242286 :: carbon-raw-original --task-names H2AFZ --distillation-config.weight-ce 0.5 --distillation-config.weight-kl 0.5 --distillation-config.weight-mse 1 --distillation-config.temperature 0.5 --trainer-config.early-stop-patience 70 --slurm-config.mode run
[13:21:49] (103/562) -> galaxy job=242287 :: carbon-raw-original --task-names H2AFZ --distillation-config.weight-ce 0.5 --distillation-config.weight-kl 0.5 --distillation-config.weight-mse 1 --distillation-config.temperature 1.0 --trainer-config.early-stop-patience 70 --slurm-config.mode run
[13:21:54] (104/562) -> galaxy job=242288 :: carbon-raw-original --task-names H2AFZ --distillation-config.weight-ce 0.5 --distillation-config.weight-kl 0.5 --distillation-config.weight-mse 1 --distillation-config.temperature 1.5 --trainer-config.early-stop-patience 70 --slurm-config.mode run
[13:26:00] (105/562) -> galaxy job=242291 :: carbon-raw-original --task-names H2AFZ --distillation-config.weight-ce 0.5 --distillation-config.weight-kl 0.5 --distillation-config.weight-mse 1 --distillation-config.temperature 2.0 --trainer-config.early-stop-patience 70 --slurm-config.mode run
[13:26:05] (106/562) -> galaxy job=242292 :: carbon-raw-original --task-names H2AFZ --distillation-config.weight-ce 0.5 --distillation-config.weight-kl 0.5 --distillation-config.weight-mse 1 --distillation-config.temperature 4.0 --trainer-config.early-stop-patience 70 --slurm-config.mode run
[13:36:12] (107/562) -> laniakea job=242293 :: carbon-raw-original --task-names H2AFZ --distillation-config.weight-ce 0.5 --distillation-config.weight-kl 1.0 --distillation-config.weight-mse 0.0 --distillation-config.temperature 0.5 --trainer-config.early-stop-patience 70 --slurm-config.mode run
[13:54:20] (108/562) -> galaxy job=242294 :: carbon-raw-original --task-names H2AFZ --distillation-config.weight-ce 0.5 --distillation-config.weight-kl 1.0 --distillation-config.weight-mse 0.0 --distillation-config.temperature 1.0 --trainer-config.early-stop-patience 70 --slurm-config.mode run
[13:56:25] (109/562) -> galaxy job=242295 :: carbon-raw-original --task-names H2AFZ --distillation-config.weight-ce 0.5 --distillation-config.weight-kl 1.0 --distillation-config.weight-mse 0.0 --distillation-config.temperature 1.5 --trainer-config.early-stop-patience 70 --slurm-config.mode run
[13:58:33] (110/562) -> galaxy job=242296 :: carbon-raw-original --task-names H2AFZ --distillation-config.weight-ce 0.5 --distillation-config.weight-kl 1.0 --distillation-config.weight-mse 0.0 --distillation-config.temperature 2.0 --trainer-config.early-stop-patience 70 --slurm-config.mode run
[14:00:38] (111/562) -> laniakea job=242297 :: carbon-raw-original --task-names H2AFZ --distillation-config.weight-ce 0.5 --distillation-config.weight-kl 1.0 --distillation-config.weight-mse 0.0 --distillation-config.temperature 4.0 --trainer-config.early-stop-patience 70 --slurm-config.mode run
[14:00:44] (112/562) -> galaxy job=242298 :: carbon-raw-original --task-names H2AFZ --distillation-config.weight-ce 0.5 --distillation-config.weight-kl 1.0 --distillation-config.weight-mse 1 --distillation-config.temperature 0.5 --trainer-config.early-stop-patience 70 --slurm-config.mode run
[14:02:49] (113/562) -> galaxy job=242299 :: carbon-raw-original --task-names H2AFZ --distillation-config.weight-ce 0.5 --distillation-config.weight-kl 1.0 --distillation-config.weight-mse 1 --distillation-config.temperature 1.0 --trainer-config.early-stop-patience 70 --slurm-config.mode run
[14:08:55] (114/562) -> laniakea job=242300 :: carbon-raw-original --task-names H2AFZ --distillation-config.weight-ce 0.5 --distillation-config.weight-kl 1.0 --distillation-config.weight-mse 1 --distillation-config.temperature 1.5 --trainer-config.early-stop-patience 70 --slurm-config.mode run
[14:19:02] (115/562) -> laniakea job=242304 :: carbon-raw-original --task-names H2AFZ --distillation-config.weight-ce 0.5 --distillation-config.weight-kl 1.0 --distillation-config.weight-mse 1 --distillation-config.temperature 2.0 --trainer-config.early-stop-patience 70 --slurm-config.mode run
[14:27:08] (116/562) -> galaxy job=242305 :: carbon-raw-original --task-names H2AFZ --distillation-config.weight-ce 0.5 --distillation-config.weight-kl 1.0 --distillation-config.weight-mse 1 --distillation-config.temperature 4.0 --trainer-config.early-stop-patience 70 --slurm-config.mode run
[14:29:13] (117/562) -> galaxy job=242306 :: carbon-raw-original --task-names H3K27ac --distillation-config.weight-ce 0.5 --distillation-config.weight-kl 0.0 --distillation-config.weight-mse 0.0 --distillation-config.temperature 0.5 --trainer-config.early-stop-patience 70 --slurm-config.mode run
[14:29:19] (118/562) -> galaxy job=242307 :: carbon-raw-original --task-names H3K27ac --distillation-config.weight-ce 0.5 --distillation-config.weight-kl 0.0 --distillation-config.weight-mse 1 --distillation-config.temperature 0.5 --trainer-config.early-stop-patience 70 --slurm-config.mode run
[14:31:24] (119/562) -> galaxy job=242308 :: carbon-raw-original --task-names H3K27ac --distillation-config.weight-ce 0.5 --distillation-config.weight-kl 0.25 --distillation-config.weight-mse 0.0 --distillation-config.temperature 0.5 --trainer-config.early-stop-patience 70 --slurm-config.mode run
[14:37:31] (120/562) -> galaxy job=242309 :: carbon-raw-original --task-names H3K27ac --distillation-config.weight-ce 0.5 --distillation-config.weight-kl 0.25 --distillation-config.weight-mse 0.0 --distillation-config.temperature 1.0 --trainer-config.early-stop-patience 70 --slurm-config.mode run
[14:41:36] (121/562) -> laniakea job=242310 :: carbon-raw-original --task-names H3K27ac --distillation-config.weight-ce 0.5 --distillation-config.weight-kl 0.25 --distillation-config.weight-mse 0.0 --distillation-config.temperature 1.5 --trainer-config.early-stop-patience 70 --slurm-config.mode run
[14:41:41] (122/562) -> laniakea job=242311 :: carbon-raw-original --task-names H3K27ac --distillation-config.weight-ce 0.5 --distillation-config.weight-kl 0.25 --distillation-config.weight-mse 0.0 --distillation-config.temperature 2.0 --trainer-config.early-stop-patience 70 --slurm-config.mode run
[14:51:48] (123/562) -> laniakea job=242312 :: carbon-raw-original --task-names H3K27ac --distillation-config.weight-ce 0.5 --distillation-config.weight-kl 0.25 --distillation-config.weight-mse 0.0 --distillation-config.temperature 4.0 --trainer-config.early-stop-patience 70 --slurm-config.mode run
[14:59:54] (124/562) -> galaxy job=242326 :: carbon-raw-original --task-names H3K27ac --distillation-config.weight-ce 0.5 --distillation-config.weight-kl 0.25 --distillation-config.weight-mse 1 --distillation-config.temperature 0.5 --trainer-config.early-stop-patience 70 --slurm-config.mode run
[15:00:00] (125/562) -> galaxy job=242327 :: carbon-raw-original --task-names H3K27ac --distillation-config.weight-ce 0.5 --distillation-config.weight-kl 0.25 --distillation-config.weight-mse 1 --distillation-config.temperature 1.0 --trainer-config.early-stop-patience 70 --slurm-config.mode run
[15:02:05] (126/562) -> galaxy job=242335 :: carbon-raw-original --task-names H3K27ac --distillation-config.weight-ce 0.5 --distillation-config.weight-kl 0.25 --distillation-config.weight-mse 1 --distillation-config.temperature 1.5 --trainer-config.early-stop-patience 70 --slurm-config.mode run
[15:10:13] (127/562) -> galaxy job=242358 :: carbon-raw-original --task-names H3K27ac --distillation-config.weight-ce 0.5 --distillation-config.weight-kl 0.25 --distillation-config.weight-mse 1 --distillation-config.temperature 2.0 --trainer-config.early-stop-patience 70 --slurm-config.mode run
[15:12:18] (128/562) -> laniakea job=242360 :: carbon-raw-original --task-names H3K27ac --distillation-config.weight-ce 0.5 --distillation-config.weight-kl 0.25 --distillation-config.weight-mse 1 --distillation-config.temperature 4.0 --trainer-config.early-stop-patience 70 --slurm-config.mode run
[15:12:23] (129/562) -> galaxy job=242361 :: carbon-raw-original --task-names H3K27ac --distillation-config.weight-ce 0.5 --distillation-config.weight-kl 0.5 --distillation-config.weight-mse 0.0 --distillation-config.temperature 0.5 --trainer-config.early-stop-patience 70 --slurm-config.mode run
[15:42:38] (130/562) -> galaxy job=242371 :: carbon-raw-original --task-names H3K27ac --distillation-config.weight-ce 0.5 --distillation-config.weight-kl 0.5 --distillation-config.weight-mse 0.0 --distillation-config.temperature 1.0 --trainer-config.early-stop-patience 70 --slurm-config.mode run
[15:42:43] (131/562) -> galaxy job=242372 :: carbon-raw-original --task-names H3K27ac --distillation-config.weight-ce 0.5 --distillation-config.weight-kl 0.5 --distillation-config.weight-mse 0.0 --distillation-config.temperature 1.5 --trainer-config.early-stop-patience 70 --slurm-config.mode run
[15:42:49] (132/562) -> galaxy job=242373 :: carbon-raw-original --task-names H3K27ac --distillation-config.weight-ce 0.5 --distillation-config.weight-kl 0.5 --distillation-config.weight-mse 0.0 --distillation-config.temperature 2.0 --trainer-config.early-stop-patience 70 --slurm-config.mode run
[15:44:55] (133/562) -> galaxy job=242377 :: carbon-raw-original --task-names H3K27ac --distillation-config.weight-ce 0.5 --distillation-config.weight-kl 0.5 --distillation-config.weight-mse 0.0 --distillation-config.temperature 4.0 --trainer-config.early-stop-patience 70 --slurm-config.mode run
[16:21:12] (134/562) -> laniakea job=242394 :: carbon-raw-original --task-names H3K27ac --distillation-config.weight-ce 0.5 --distillation-config.weight-kl 0.5 --distillation-config.weight-mse 1 --distillation-config.temperature 0.5 --trainer-config.early-stop-patience 70 --slurm-config.mode run
[16:37:29] (135/562) -> galaxy job=242400 :: carbon-raw-original --task-names H3K27ac --distillation-config.weight-ce 0.5 --distillation-config.weight-kl 0.5 --distillation-config.weight-mse 1 --distillation-config.temperature 1.0 --trainer-config.early-stop-patience 70 --slurm-config.mode run
[16:37:42] (136/562) -> galaxy job=242401 :: carbon-raw-original --task-names H3K27ac --distillation-config.weight-ce 0.5 --distillation-config.weight-kl 0.5 --distillation-config.weight-mse 1 --distillation-config.temperature 1.5 --trainer-config.early-stop-patience 70 --slurm-config.mode run
[16:37:53] (137/562) -> galaxy job=242402 :: carbon-raw-original --task-names H3K27ac --distillation-config.weight-ce 0.5 --distillation-config.weight-kl 0.5 --distillation-config.weight-mse 1 --distillation-config.temperature 2.0 --trainer-config.early-stop-patience 70 --slurm-config.mode run
                                                                                                                                                                                                                                                                                                                                                                                                                                                                                                                                                                                                                                                                                                                                                                                                                                                                                                                                                                                                                                                                                                                                                                                                                                                                                                                                                                                                                                                                                                                                                                                                                                                                                                                                                                                                                                                                                                                                                                                                                                                                                                                                                                                                                                                                                                                                                                                                                                                                                                                                                                                                                                                                                                                                                                                                                                                                                                                                                                                                                                                                                                                                                                                                                                                                                                                                                                                                                                                                                                                                                                                                                                                                                                                                                                                                                                                                                                                                                                                                                                                                                                                                                                                                                                                                                                                                                                                                                                  write error: Disk quota exceeded
[16:43:20] (176/562) -> laniakea job=242444 :: carbon-raw-original --task-names H3K4me1 --distillation-config.weight-ce 0.5 --distillation-config.weight-kl 1.0 --distillation-config.weight-mse 1 --distillation-config.temperature 0.5 --trainer-config.early-stop-patience 70 --slurm-config.mode run
[16:43:25] (177/562) -> laniakea job=242445 :: carbon-raw-original --task-names H3K4me1 --distillation-config.weight-ce 0.5 --distillation-config.weight-kl 1.0 --distillation-config.weight-mse 1 --distillation-config.temperature 1.0 --trainer-config.early-stop-patience 70 --slurm-config.mode run
[16:43:31] (178/562) -> laniakea job=242446 :: carbon-raw-original --task-names H3K4me1 --distillation-config.weight-ce 0.5 --distillation-config.weight-kl 1.0 --distillation-config.weight-mse 1 --distillation-config.temperature 1.5 --trainer-config.early-stop-patience 70 --slurm-config.mode run
[16:43:36] (179/562) -> laniakea job=242447 :: carbon-raw-original --task-names H3K4me1 --distillation-config.weight-ce 0.5 --distillation-config.weight-kl 1.0 --distillation-config.weight-mse 1 --distillation-config.temperature 2.0 --trainer-config.early-stop-patience 70 --slurm-config.mode run
[16:43:42] (180/562) -> galaxy job=242448 :: carbon-raw-original --task-names H3K4me1 --distillation-config.weight-ce 0.5 --distillation-config.weight-kl 1.0 --distillation-config.weight-mse 1 --distillation-config.temperature 4.0 --trainer-config.early-stop-patience 70 --slurm-config.mode run
[16:43:48] (181/562) -> galaxy job=242449 :: carbon-raw-original --task-names H3K4me2 --distillation-config.weight-ce 0.5 --distillation-config.weight-kl 0.0 --distillation-config.weight-mse 0.0 --distillation-config.temperature 0.5 --trainer-config.early-stop-patience 70 --slurm-config.mode run
[16:43:56] (182/562) -> galaxy job=242450 :: carbon-raw-original --task-names H3K4me2 --distillation-config.weight-ce 0.5 --distillation-config.weight-kl 0.0 --distillation-config.weight-mse 1 --distillation-config.temperature 0.5 --trainer-config.early-stop-patience 70 --slurm-config.mode run
[17:24:16] (183/562) -> galaxy job=242462 :: carbon-raw-original --task-names H3K4me2 --distillation-config.weight-ce 0.5 --distillation-config.weight-kl 0.25 --distillation-config.weight-mse 0.0 --distillation-config.temperature 0.5 --trainer-config.early-stop-patience 70 --slurm-config.mode run
[17:28:22] (184/562) -> galaxy job=242464 :: carbon-raw-original --task-names H3K4me2 --distillation-config.weight-ce 0.5 --distillation-config.weight-kl 0.25 --distillation-config.weight-mse 0.0 --distillation-config.temperature 1.0 --trainer-config.early-stop-patience 70 --slurm-config.mode run
[17:54:35] (185/562) -> galaxy job=242467 :: carbon-raw-original --task-names H3K4me2 --distillation-config.weight-ce 0.5 --distillation-config.weight-kl 0.25 --distillation-config.weight-mse 0.0 --distillation-config.temperature 1.5 --trainer-config.early-stop-patience 70 --slurm-config.mode run
[17:58:42] (186/562) -> galaxy job=242468 :: carbon-raw-original --task-names H3K4me2 --distillation-config.weight-ce 0.5 --distillation-config.weight-kl 0.25 --distillation-config.weight-mse 0.0 --distillation-config.temperature 2.0 --trainer-config.early-stop-patience 70 --slurm-config.mode run
[18:43:02] (187/562) -> laniakea job=242470 :: carbon-raw-original --task-names H3K4me2 --distillation-config.weight-ce 0.5 --distillation-config.weight-kl 0.25 --distillation-config.weight-mse 0.0 --distillation-config.temperature 4.0 --trainer-config.early-stop-patience 70 --slurm-config.mode run
[19:09:13] (188/562) -> galaxy job=242471 :: carbon-raw-original --task-names H3K4me2 --distillation-config.weight-ce 0.5 --distillation-config.weight-kl 0.25 --distillation-config.weight-mse 1 --distillation-config.temperature 0.5 --trainer-config.early-stop-patience 70 --slurm-config.mode run
[19:17:20] (189/562) -> galaxy job=242472 :: carbon-raw-original --task-names H3K4me2 --distillation-config.weight-ce 0.5 --distillation-config.weight-kl 0.25 --distillation-config.weight-mse 1 --distillation-config.temperature 1.0 --trainer-config.early-stop-patience 70 --slurm-config.mode run
[19:21:26] (190/562) -> laniakea job=242473 :: carbon-raw-original --task-names H3K4me2 --distillation-config.weight-ce 0.5 --distillation-config.weight-kl 0.25 --distillation-config.weight-mse 1 --distillation-config.temperature 1.5 --trainer-config.early-stop-patience 70 --slurm-config.mode run
[19:27:32] (191/562) -> galaxy job=242475 :: carbon-raw-original --task-names H3K4me2 --distillation-config.weight-ce 0.5 --distillation-config.weight-kl 0.25 --distillation-config.weight-mse 1 --distillation-config.temperature 2.0 --trainer-config.early-stop-patience 70 --slurm-config.mode run
[19:37:39] (192/562) -> galaxy job=242476 :: carbon-raw-original --task-names H3K4me2 --distillation-config.weight-ce 0.5 --distillation-config.weight-kl 0.25 --distillation-config.weight-mse 1 --distillation-config.temperature 4.0 --trainer-config.early-stop-patience 70 --slurm-config.mode run
[19:37:45] (193/562) -> galaxy job=242477 :: carbon-raw-original --task-names H3K4me2 --distillation-config.weight-ce 0.5 --distillation-config.weight-kl 0.5 --distillation-config.weight-mse 0.0 --distillation-config.temperature 0.5 --trainer-config.early-stop-patience 70 --slurm-config.mode run
[19:43:51] (194/562) -> galaxy job=242478 :: carbon-raw-original --task-names H3K4me2 --distillation-config.weight-ce 0.5 --distillation-config.weight-kl 0.5 --distillation-config.weight-mse 0.0 --distillation-config.temperature 1.0 --trainer-config.early-stop-patience 70 --slurm-config.mode run
[19:49:57] (195/562) -> galaxy job=242479 :: carbon-raw-original --task-names H3K4me2 --distillation-config.weight-ce 0.5 --distillation-config.weight-kl 0.5 --distillation-config.weight-mse 0.0 --distillation-config.temperature 1.5 --trainer-config.early-stop-patience 70 --slurm-config.mode run
[19:58:04] (196/562) -> laniakea job=242480 :: carbon-raw-original --task-names H3K4me2 --distillation-config.weight-ce 0.5 --distillation-config.weight-kl 0.5 --distillation-config.weight-mse 0.0 --distillation-config.temperature 2.0 --trainer-config.early-stop-patience 70 --slurm-config.mode run
[20:12:12] (197/562) -> galaxy job=242482 :: carbon-raw-original --task-names H3K4me2 --distillation-config.weight-ce 0.5 --distillation-config.weight-kl 0.5 --distillation-config.weight-mse 0.0 --distillation-config.temperature 4.0 --trainer-config.early-stop-patience 70 --slurm-config.mode run
[20:14:18] (198/562) -> galaxy job=242483 :: carbon-raw-original --task-names H3K4me2 --distillation-config.weight-ce 0.5 --distillation-config.weight-kl 0.5 --distillation-config.weight-mse 1 --distillation-config.temperature 0.5 --trainer-config.early-stop-patience 70 --slurm-config.mode run
[20:18:24] (199/562) -> galaxy job=242484 :: carbon-raw-original --task-names H3K4me2 --distillation-config.weight-ce 0.5 --distillation-config.weight-kl 0.5 --distillation-config.weight-mse 1 --distillation-config.temperature 1.0 --trainer-config.early-stop-patience 70 --slurm-config.mode run
[20:24:30] (200/562) -> laniakea job=242485 :: carbon-raw-original --task-names H3K4me2 --distillation-config.weight-ce 0.5 --distillation-config.weight-kl 0.5 --distillation-config.weight-mse 1 --distillation-config.temperature 1.5 --trainer-config.early-stop-patience 70 --slurm-config.mode run
[20:24:36] (201/562) -> galaxy job=242486 :: carbon-raw-original --task-names H3K4me2 --distillation-config.weight-ce 0.5 --distillation-config.weight-kl 0.5 --distillation-config.weight-mse 1 --distillation-config.temperature 2.0 --trainer-config.early-stop-patience 70 --slurm-config.mode run
[20:38:45] (202/562) -> laniakea job=242487 :: carbon-raw-original --task-names H3K4me2 --distillation-config.weight-ce 0.5 --distillation-config.weight-kl 0.5 --distillation-config.weight-mse 1 --distillation-config.temperature 4.0 --trainer-config.early-stop-patience 70 --slurm-config.mode run
[20:44:52] (203/562) -> galaxy job=242488 :: carbon-raw-original --task-names H3K4me2 --distillation-config.weight-ce 0.5 --distillation-config.weight-kl 1.0 --distillation-config.weight-mse 0.0 --distillation-config.temperature 0.5 --trainer-config.early-stop-patience 70 --slurm-config.mode run
[20:46:58] (204/562) -> galaxy job=242489 :: carbon-raw-original --task-names H3K4me2 --distillation-config.weight-ce 0.5 --distillation-config.weight-kl 1.0 --distillation-config.weight-mse 0.0 --distillation-config.temperature 1.0 --trainer-config.early-stop-patience 70 --slurm-config.mode run
[20:47:03] (205/562) -> galaxy job=242490 :: carbon-raw-original --task-names H3K4me2 --distillation-config.weight-ce 0.5 --distillation-config.weight-kl 1.0 --distillation-config.weight-mse 0.0 --distillation-config.temperature 1.5 --trainer-config.early-stop-patience 70 --slurm-config.mode run
[20:51:09] (206/562) -> galaxy job=242491 :: carbon-raw-original --task-names H3K4me2 --distillation-config.weight-ce 0.5 --distillation-config.weight-kl 1.0 --distillation-config.weight-mse 0.0 --distillation-config.temperature 2.0 --trainer-config.early-stop-patience 70 --slurm-config.mode run
[20:57:16] (207/562) -> galaxy job=242493 :: carbon-raw-original --task-names H3K4me2 --distillation-config.weight-ce 0.5 --distillation-config.weight-kl 1.0 --distillation-config.weight-mse 0.0 --distillation-config.temperature 4.0 --trainer-config.early-stop-patience 70 --slurm-config.mode run
[20:59:22] (208/562) -> laniakea job=242494 :: carbon-raw-original --task-names H3K4me2 --distillation-config.weight-ce 0.5 --distillation-config.weight-kl 1.0 --distillation-config.weight-mse 1 --distillation-config.temperature 0.5 --trainer-config.early-stop-patience 70 --slurm-config.mode run
[21:13:30] (209/562) -> laniakea job=242495 :: carbon-raw-original --task-names H3K4me2 --distillation-config.weight-ce 0.5 --distillation-config.weight-kl 1.0 --distillation-config.weight-mse 1 --distillation-config.temperature 1.0 --trainer-config.early-stop-patience 70 --slurm-config.mode run
[21:19:37] (210/562) -> galaxy job=242498 :: carbon-raw-original --task-names H3K4me2 --distillation-config.weight-ce 0.5 --distillation-config.weight-kl 1.0 --distillation-config.weight-mse 1 --distillation-config.temperature 1.5 --trainer-config.early-stop-patience 70 --slurm-config.mode run
[21:21:43] (211/562) -> galaxy job=242499 :: carbon-raw-original --task-names H3K4me2 --distillation-config.weight-ce 0.5 --distillation-config.weight-kl 1.0 --distillation-config.weight-mse 1 --distillation-config.temperature 2.0 --trainer-config.early-stop-patience 70 --slurm-config.mode run
[21:23:48] (212/562) -> galaxy job=242500 :: carbon-raw-original --task-names H3K4me2 --distillation-config.weight-ce 0.5 --distillation-config.weight-kl 1.0 --distillation-config.weight-mse 1 --distillation-config.temperature 4.0 --trainer-config.early-stop-patience 70 --slurm-config.mode run
[21:25:54] (213/562) -> galaxy job=242501 :: carbon-raw-original --task-names H3K4me3 --distillation-config.weight-ce 0.5 --distillation-config.weight-kl 0.0 --distillation-config.weight-mse 0.0 --distillation-config.temperature 0.5 --trainer-config.early-stop-patience 70 --slurm-config.mode run
[21:34:02] (214/562) -> laniakea job=242503 :: carbon-raw-original --task-names H3K4me3 --distillation-config.weight-ce 0.5 --distillation-config.weight-kl 0.0 --distillation-config.weight-mse 1 --distillation-config.temperature 0.5 --trainer-config.early-stop-patience 70 --slurm-config.mode run
[21:36:09] (215/562) -> galaxy job=242505 :: carbon-raw-original --task-names H3K4me3 --distillation-config.weight-ce 0.5 --distillation-config.weight-kl 0.25 --distillation-config.weight-mse 0.0 --distillation-config.temperature 0.5 --trainer-config.early-stop-patience 70 --slurm-config.mode run
[21:48:18] (216/562) -> laniakea job=242509 :: carbon-raw-original --task-names H3K4me3 --distillation-config.weight-ce 0.5 --distillation-config.weight-kl 0.25 --distillation-config.weight-mse 0.0 --distillation-config.temperature 1.0 --trainer-config.early-stop-patience 70 --slurm-config.mode run
[21:54:24] (217/562) -> laniakea job=242512 :: carbon-raw-original --task-names H3K4me3 --distillation-config.weight-ce 0.5 --distillation-config.weight-kl 0.25 --distillation-config.weight-mse 0.0 --distillation-config.temperature 1.5 --trainer-config.early-stop-patience 70 --slurm-config.mode run
[21:54:30] (218/562) -> galaxy job=242513 :: carbon-raw-original --task-names H3K4me3 --distillation-config.weight-ce 0.5 --distillation-config.weight-kl 0.25 --distillation-config.weight-mse 0.0 --distillation-config.temperature 2.0 --trainer-config.early-stop-patience 70 --slurm-config.mode run
[21:56:36] (219/562) -> galaxy job=242514 :: carbon-raw-original --task-names H3K4me3 --distillation-config.weight-ce 0.5 --distillation-config.weight-kl 0.25 --distillation-config.weight-mse 0.0 --distillation-config.temperature 4.0 --trainer-config.early-stop-patience 70 --slurm-config.mode run
[21:56:41] (220/562) -> galaxy job=242515 :: carbon-raw-original --task-names H3K4me3 --distillation-config.weight-ce 0.5 --distillation-config.weight-kl 0.25 --distillation-config.weight-mse 1 --distillation-config.temperature 0.5 --trainer-config.early-stop-patience 70 --slurm-config.mode run
[21:56:46] (221/562) -> galaxy job=242516 :: carbon-raw-original --task-names H3K4me3 --distillation-config.weight-ce 0.5 --distillation-config.weight-kl 0.25 --distillation-config.weight-mse 1 --distillation-config.temperature 1.0 --trainer-config.early-stop-patience 70 --slurm-config.mode run
[21:58:52] (222/562) -> galaxy job=242518 :: carbon-raw-original --task-names H3K4me3 --distillation-config.weight-ce 0.5 --distillation-config.weight-kl 0.25 --distillation-config.weight-mse 1 --distillation-config.temperature 1.5 --trainer-config.early-stop-patience 70 --slurm-config.mode run
[22:08:59] (223/562) -> laniakea job=242520 :: carbon-raw-original --task-names H3K4me3 --distillation-config.weight-ce 0.5 --distillation-config.weight-kl 0.25 --distillation-config.weight-mse 1 --distillation-config.temperature 2.0 --trainer-config.early-stop-patience 70 --slurm-config.mode run
[22:15:05] (224/562) -> galaxy job=242523 :: carbon-raw-original --task-names H3K4me3 --distillation-config.weight-ce 0.5 --distillation-config.weight-kl 0.25 --distillation-config.weight-mse 1 --distillation-config.temperature 4.0 --trainer-config.early-stop-patience 70 --slurm-config.mode run
[22:17:11] (225/562) -> galaxy job=242526 :: carbon-raw-original --task-names H3K4me3 --distillation-config.weight-ce 0.5 --distillation-config.weight-kl 0.5 --distillation-config.weight-mse 0.0 --distillation-config.temperature 0.5 --trainer-config.early-stop-patience 70 --slurm-config.mode run
[22:19:17] (226/562) -> galaxy job=242529 :: carbon-raw-original --task-names H3K4me3 --distillation-config.weight-ce 0.5 --distillation-config.weight-kl 0.5 --distillation-config.weight-mse 0.0 --distillation-config.temperature 1.0 --trainer-config.early-stop-patience 70 --slurm-config.mode run
[22:23:23] (227/562) -> galaxy job=242531 :: carbon-raw-original --task-names H3K4me3 --distillation-config.weight-ce 0.5 --distillation-config.weight-kl 0.5 --distillation-config.weight-mse 0.0 --distillation-config.temperature 1.5 --trainer-config.early-stop-patience 70 --slurm-config.mode run
[22:25:30] (228/562) -> galaxy job=242533 :: carbon-raw-original --task-names H3K4me3 --distillation-config.weight-ce 0.5 --distillation-config.weight-kl 0.5 --distillation-config.weight-mse 0.0 --distillation-config.temperature 2.0 --trainer-config.early-stop-patience 70 --slurm-config.mode run
[22:35:39] (229/562) -> galaxy job=242538 :: carbon-raw-original --task-names H3K4me3 --distillation-config.weight-ce 0.5 --distillation-config.weight-kl 0.5 --distillation-config.weight-mse 0.0 --distillation-config.temperature 4.0 --trainer-config.early-stop-patience 70 --slurm-config.mode run
[22:49:50] (230/562) -> laniakea job=242542 :: carbon-raw-original --task-names H3K4me3 --distillation-config.weight-ce 0.5 --distillation-config.weight-kl 0.5 --distillation-config.weight-mse 1 --distillation-config.temperature 0.5 --trainer-config.early-stop-patience 70 --slurm-config.mode run
[22:49:55] (231/562) -> laniakea job=242543 :: carbon-raw-original --task-names H3K4me3 --distillation-config.weight-ce 0.5 --distillation-config.weight-kl 0.5 --distillation-config.weight-mse 1 --distillation-config.temperature 1.0 --trainer-config.early-stop-patience 70 --slurm-config.mode run
[22:52:01] (232/562) -> laniakea job=242544 :: carbon-raw-original --task-names H3K4me3 --distillation-config.weight-ce 0.5 --distillation-config.weight-kl 0.5 --distillation-config.weight-mse 1 --distillation-config.temperature 1.5 --trainer-config.early-stop-patience 70 --slurm-config.mode run
[23:12:14] (233/562) -> laniakea job=242553 :: carbon-raw-original --task-names H3K4me3 --distillation-config.weight-ce 0.5 --distillation-config.weight-kl 0.5 --distillation-config.weight-mse 1 --distillation-config.temperature 2.0 --trainer-config.early-stop-patience 70 --slurm-config.mode run
[23:44:29] (234/562) -> galaxy job=242566 :: carbon-raw-original --task-names H3K4me3 --distillation-config.weight-ce 0.5 --distillation-config.weight-kl 0.5 --distillation-config.weight-mse 1 --distillation-config.temperature 4.0 --trainer-config.early-stop-patience 70 --slurm-config.mode run
[23:44:35] (235/562) -> galaxy job=242567 :: carbon-raw-original --task-names H3K4me3 --distillation-config.weight-ce 0.5 --distillation-config.weight-kl 1.0 --distillation-config.weight-mse 0.0 --distillation-config.temperature 0.5 --trainer-config.early-stop-patience 70 --slurm-config.mode run
[23:44:40] (236/562) -> galaxy job=242569 :: carbon-raw-original --task-names H3K4me3 --distillation-config.weight-ce 0.5 --distillation-config.weight-kl 1.0 --distillation-config.weight-mse 0.0 --distillation-config.temperature 1.0 --trainer-config.early-stop-patience 70 --slurm-config.mode run
[23:44:46] (237/562) -> galaxy job=242571 :: carbon-raw-original --task-names H3K4me3 --distillation-config.weight-ce 0.5 --distillation-config.weight-kl 1.0 --distillation-config.weight-mse 0.0 --distillation-config.temperature 1.5 --trainer-config.early-stop-patience 70 --slurm-config.mode run
[23:44:51] (238/562) -> galaxy job=242573 :: carbon-raw-original --task-names H3K4me3 --distillation-config.weight-ce 0.5 --distillation-config.weight-kl 1.0 --distillation-config.weight-mse 0.0 --distillation-config.temperature 2.0 --trainer-config.early-stop-patience 70 --slurm-config.mode run
[23:46:57] (239/562) -> laniakea job=242576 :: carbon-raw-original --task-names H3K4me3 --distillation-config.weight-ce 0.5 --distillation-config.weight-kl 1.0 --distillation-config.weight-mse 0.0 --distillation-config.temperature 4.0 --trainer-config.early-stop-patience 70 --slurm-config.mode run
[00:49:31] (240/562) -> galaxy job=242580 :: carbon-raw-original --task-names H3K4me3 --distillation-config.weight-ce 0.5 --distillation-config.weight-kl 1.0 --distillation-config.weight-mse 1 --distillation-config.temperature 0.5 --trainer-config.early-stop-patience 70 --slurm-config.mode run
[00:55:39] (241/562) -> galaxy job=242581 :: carbon-raw-original --task-names H3K4me3 --distillation-config.weight-ce 0.5 --distillation-config.weight-kl 1.0 --distillation-config.weight-mse 1 --distillation-config.temperature 1.0 --trainer-config.early-stop-patience 70 --slurm-config.mode run
[00:55:46] (242/562) -> galaxy job=242582 :: carbon-raw-original --task-names H3K4me3 --distillation-config.weight-ce 0.5 --distillation-config.weight-kl 1.0 --distillation-config.weight-mse 1 --distillation-config.temperature 1.5 --trainer-config.early-stop-patience 70 --slurm-config.mode run
[00:59:53] (243/562) -> galaxy job=242583 :: carbon-raw-original --task-names H3K4me3 --distillation-config.weight-ce 0.5 --distillation-config.weight-kl 1.0 --distillation-config.weight-mse 1 --distillation-config.temperature 2.0 --trainer-config.early-stop-patience 70 --slurm-config.mode run
[01:01:58] (244/562) -> laniakea job=242587 :: carbon-raw-original --task-names H3K4me3 --distillation-config.weight-ce 0.5 --distillation-config.weight-kl 1.0 --distillation-config.weight-mse 1 --distillation-config.temperature 4.0 --trainer-config.early-stop-patience 70 --slurm-config.mode run
[01:10:07] (245/562) -> galaxy job=242589 :: carbon-raw-original --task-names H3K9ac --distillation-config.weight-ce 0.5 --distillation-config.weight-kl 0.0 --distillation-config.weight-mse 0.0 --distillation-config.temperature 0.5 --trainer-config.early-stop-patience 70 --slurm-config.mode run
[01:10:12] (246/562) -> galaxy job=242590 :: carbon-raw-original --task-names H3K9ac --distillation-config.weight-ce 0.5 --distillation-config.weight-kl 0.0 --distillation-config.weight-mse 1 --distillation-config.temperature 0.5 --trainer-config.early-stop-patience 70 --slurm-config.mode run
[01:16:19] (247/562) -> galaxy job=242591 :: carbon-raw-original --task-names H3K9ac --distillation-config.weight-ce 0.5 --distillation-config.weight-kl 0.25 --distillation-config.weight-mse 0.0 --distillation-config.temperature 0.5 --trainer-config.early-stop-patience 70 --slurm-config.mode run
[01:16:24] (248/562) -> galaxy job=242592 :: carbon-raw-original --task-names H3K9ac --distillation-config.weight-ce 0.5 --distillation-config.weight-kl 0.25 --distillation-config.weight-mse 0.0 --distillation-config.temperature 1.0 --trainer-config.early-stop-patience 70 --slurm-config.mode run
[01:22:31] (249/562) -> galaxy job=242593 :: carbon-raw-original --task-names H3K9ac --distillation-config.weight-ce 0.5 --distillation-config.weight-kl 0.25 --distillation-config.weight-mse 0.0 --distillation-config.temperature 1.5 --trainer-config.early-stop-patience 70 --slurm-config.mode run
[01:32:40] (250/562) -> galaxy job=242594 :: carbon-raw-original --task-names H3K9ac --distillation-config.weight-ce 0.5 --distillation-config.weight-kl 0.25 --distillation-config.weight-mse 0.0 --distillation-config.temperature 2.0 --trainer-config.early-stop-patience 70 --slurm-config.mode run
[01:38:47] (251/562) -> galaxy job=242595 :: carbon-raw-original --task-names H3K9ac --distillation-config.weight-ce 0.5 --distillation-config.weight-kl 0.25 --distillation-config.weight-mse 0.0 --distillation-config.temperature 4.0 --trainer-config.early-stop-patience 70 --slurm-config.mode run
[01:38:52] (252/562) -> galaxy job=242596 :: carbon-raw-original --task-names H3K9ac --distillation-config.weight-ce 0.5 --distillation-config.weight-kl 0.25 --distillation-config.weight-mse 1 --distillation-config.temperature 0.5 --trainer-config.early-stop-patience 70 --slurm-config.mode run
[01:46:59] (253/562) -> galaxy job=242597 :: carbon-raw-original --task-names H3K9ac --distillation-config.weight-ce 0.5 --distillation-config.weight-kl 0.25 --distillation-config.weight-mse 1 --distillation-config.temperature 1.0 --trainer-config.early-stop-patience 70 --slurm-config.mode run
[01:55:08] (254/562) -> galaxy job=242598 :: carbon-raw-original --task-names H3K9ac --distillation-config.weight-ce 0.5 --distillation-config.weight-kl 0.25 --distillation-config.weight-mse 1 --distillation-config.temperature 1.5 --trainer-config.early-stop-patience 70 --slurm-config.mode run
[02:03:16] (255/562) -> galaxy job=242600 :: carbon-raw-original --task-names H3K9ac --distillation-config.weight-ce 0.5 --distillation-config.weight-kl 0.25 --distillation-config.weight-mse 1 --distillation-config.temperature 2.0 --trainer-config.early-stop-patience 70 --slurm-config.mode run
[02:13:24] (256/562) -> galaxy job=242601 :: carbon-raw-original --task-names H3K9ac --distillation-config.weight-ce 0.5 --distillation-config.weight-kl 0.25 --distillation-config.weight-mse 1 --distillation-config.temperature 4.0 --trainer-config.early-stop-patience 70 --slurm-config.mode run
[02:15:29] (257/562) -> galaxy job=242602 :: carbon-raw-original --task-names H3K9ac --distillation-config.weight-ce 0.5 --distillation-config.weight-kl 0.5 --distillation-config.weight-mse 0.0 --distillation-config.temperature 0.5 --trainer-config.early-stop-patience 70 --slurm-config.mode run
[02:15:35] (258/562) -> galaxy job=242603 :: carbon-raw-original --task-names H3K9ac --distillation-config.weight-ce 0.5 --distillation-config.weight-kl 0.5 --distillation-config.weight-mse 0.0 --distillation-config.temperature 1.0 --trainer-config.early-stop-patience 70 --slurm-config.mode run
[02:23:41] (259/562) -> galaxy job=242604 :: carbon-raw-original --task-names H3K9ac --distillation-config.weight-ce 0.5 --distillation-config.weight-kl 0.5 --distillation-config.weight-mse 0.0 --distillation-config.temperature 1.5 --trainer-config.early-stop-patience 70 --slurm-config.mode run
[02:33:51] (260/562) -> galaxy job=242606 :: carbon-raw-original --task-names H3K9ac --distillation-config.weight-ce 0.5 --distillation-config.weight-kl 0.5 --distillation-config.weight-mse 0.0 --distillation-config.temperature 2.0 --trainer-config.early-stop-patience 70 --slurm-config.mode run
[02:44:01] (261/562) -> galaxy job=242607 :: carbon-raw-original --task-names H3K9ac --distillation-config.weight-ce 0.5 --distillation-config.weight-kl 0.5 --distillation-config.weight-mse 0.0 --distillation-config.temperature 4.0 --trainer-config.early-stop-patience 70 --slurm-config.mode run
[02:46:06] (262/562) -> galaxy job=242608 :: carbon-raw-original --task-names H3K9ac --distillation-config.weight-ce 0.5 --distillation-config.weight-kl 0.5 --distillation-config.weight-mse 1 --distillation-config.temperature 0.5 --trainer-config.early-stop-patience 70 --slurm-config.mode run
[02:48:12] (263/562) -> galaxy job=242609 :: carbon-raw-original --task-names H3K9ac --distillation-config.weight-ce 0.5 --distillation-config.weight-kl 0.5 --distillation-config.weight-mse 1 --distillation-config.temperature 1.0 --trainer-config.early-stop-patience 70 --slurm-config.mode run
[02:54:19] (264/562) -> galaxy job=242610 :: carbon-raw-original --task-names H3K9ac --distillation-config.weight-ce 0.5 --distillation-config.weight-kl 0.5 --distillation-config.weight-mse 1 --distillation-config.temperature 1.5 --trainer-config.early-stop-patience 70 --slurm-config.mode run
[03:08:28] (265/562) -> galaxy job=242615 :: carbon-raw-original --task-names H3K9ac --distillation-config.weight-ce 0.5 --distillation-config.weight-kl 0.5 --distillation-config.weight-mse 1 --distillation-config.temperature 2.0 --trainer-config.early-stop-patience 70 --slurm-config.mode run
[03:10:34] (266/562) -> galaxy job=242616 :: carbon-raw-original --task-names H3K9ac --distillation-config.weight-ce 0.5 --distillation-config.weight-kl 0.5 --distillation-config.weight-mse 1 --distillation-config.temperature 4.0 --trainer-config.early-stop-patience 70 --slurm-config.mode run
[03:38:51] (267/562) -> galaxy job=242618 :: carbon-raw-original --task-names H3K9ac --distillation-config.weight-ce 0.5 --distillation-config.weight-kl 1.0 --distillation-config.weight-mse 0.0 --distillation-config.temperature 0.5 --trainer-config.early-stop-patience 70 --slurm-config.mode run
[03:40:58] (268/562) -> galaxy job=242619 :: carbon-raw-original --task-names H3K9ac --distillation-config.weight-ce 0.5 --distillation-config.weight-kl 1.0 --distillation-config.weight-mse 0.0 --distillation-config.temperature 1.0 --trainer-config.early-stop-patience 70 --slurm-config.mode run
[03:49:08] (269/562) -> galaxy job=242620 :: carbon-raw-original --task-names H3K9ac --distillation-config.weight-ce 0.5 --distillation-config.weight-kl 1.0 --distillation-config.weight-mse 0.0 --distillation-config.temperature 1.5 --trainer-config.early-stop-patience 70 --slurm-config.mode run
[04:13:29] (270/562) -> galaxy job=242629 :: carbon-raw-original --task-names H3K9ac --distillation-config.weight-ce 0.5 --distillation-config.weight-kl 1.0 --distillation-config.weight-mse 0.0 --distillation-config.temperature 2.0 --trainer-config.early-stop-patience 70 --slurm-config.mode run
[04:17:40] (271/562) -> galaxy job=242630 :: carbon-raw-original --task-names H3K9ac --distillation-config.weight-ce 0.5 --distillation-config.weight-kl 1.0 --distillation-config.weight-mse 0.0 --distillation-config.temperature 4.0 --trainer-config.early-stop-patience 70 --slurm-config.mode run
[04:21:49] (272/562) -> galaxy job=242631 :: carbon-raw-original --task-names H3K9ac --distillation-config.weight-ce 0.5 --distillation-config.weight-kl 1.0 --distillation-config.weight-mse 1 --distillation-config.temperature 0.5 --trainer-config.early-stop-patience 70 --slurm-config.mode run
[04:50:17] (273/562) -> galaxy job=242636 :: carbon-raw-original --task-names H3K9ac --distillation-config.weight-ce 0.5 --distillation-config.weight-kl 1.0 --distillation-config.weight-mse 1 --distillation-config.temperature 1.0 --trainer-config.early-stop-patience 70 --slurm-config.mode run
[04:52:24] (274/562) -> galaxy job=242637 :: carbon-raw-original --task-names H3K9ac --distillation-config.weight-ce 0.5 --distillation-config.weight-kl 1.0 --distillation-config.weight-mse 1 --distillation-config.temperature 1.5 --trainer-config.early-stop-patience 70 --slurm-config.mode run
[04:58:34] (275/562) -> galaxy job=242638 :: carbon-raw-original --task-names H3K9ac --distillation-config.weight-ce 0.5 --distillation-config.weight-kl 1.0 --distillation-config.weight-mse 1 --distillation-config.temperature 2.0 --trainer-config.early-stop-patience 70 --slurm-config.mode run
[05:22:57] (276/562) -> galaxy job=242639 :: carbon-raw-original --task-names H3K9ac --distillation-config.weight-ce 0.5 --distillation-config.weight-kl 1.0 --distillation-config.weight-mse 1 --distillation-config.temperature 4.0 --trainer-config.early-stop-patience 70 --slurm-config.mode run
[05:31:09] (277/562) -> galaxy job=242640 :: carbon-raw-original --task-names H3K9me3 --distillation-config.weight-ce 0.5 --distillation-config.weight-kl 0.0 --distillation-config.weight-mse 0.0 --distillation-config.temperature 0.5 --trainer-config.early-stop-patience 70 --slurm-config.mode run
[05:35:19] (278/562) -> galaxy job=242641 :: carbon-raw-original --task-names H3K9me3 --distillation-config.weight-ce 0.5 --distillation-config.weight-kl 0.0 --distillation-config.weight-mse 1 --distillation-config.temperature 0.5 --trainer-config.early-stop-patience 70 --slurm-config.mode run
[05:57:41] (279/562) -> galaxy job=242642 :: carbon-raw-original --task-names H3K9me3 --distillation-config.weight-ce 0.5 --distillation-config.weight-kl 0.25 --distillation-config.weight-mse 0.0 --distillation-config.temperature 0.5 --trainer-config.early-stop-patience 70 --slurm-config.mode run
[05:59:48] (280/562) -> galaxy job=242643 :: carbon-raw-original --task-names H3K9me3 --distillation-config.weight-ce 0.5 --distillation-config.weight-kl 0.25 --distillation-config.weight-mse 0.0 --distillation-config.temperature 1.0 --trainer-config.early-stop-patience 70 --slurm-config.mode run
[06:01:55] (281/562) -> galaxy job=242644 :: carbon-raw-original --task-names H3K9me3 --distillation-config.weight-ce 0.5 --distillation-config.weight-kl 0.25 --distillation-config.weight-mse 0.0 --distillation-config.temperature 1.5 --trainer-config.early-stop-patience 70 --slurm-config.mode run
[06:26:17] (282/562) -> galaxy job=242645 :: carbon-raw-original --task-names H3K9me3 --distillation-config.weight-ce 0.5 --distillation-config.weight-kl 0.25 --distillation-config.weight-mse 0.0 --distillation-config.temperature 2.0 --trainer-config.early-stop-patience 70 --slurm-config.mode run
[06:28:24] (283/562) -> galaxy job=242648 :: carbon-raw-original --task-names H3K9me3 --distillation-config.weight-ce 0.5 --distillation-config.weight-kl 0.25 --distillation-config.weight-mse 0.0 --distillation-config.temperature 4.0 --trainer-config.early-stop-patience 70 --slurm-config.mode run
[06:32:33] (284/562) -> galaxy job=242649 :: carbon-raw-original --task-names H3K9me3 --distillation-config.weight-ce 0.5 --distillation-config.weight-kl 0.25 --distillation-config.weight-mse 1 --distillation-config.temperature 0.5 --trainer-config.early-stop-patience 70 --slurm-config.mode run
[06:56:54] (285/562) -> galaxy job=242682 :: carbon-raw-original --task-names H3K9me3 --distillation-config.weight-ce 0.5 --distillation-config.weight-kl 0.25 --distillation-config.weight-mse 1 --distillation-config.temperature 1.0 --trainer-config.early-stop-patience 70 --slurm-config.mode run
[06:56:59] (286/562) -> galaxy job=242683 :: carbon-raw-original --task-names H3K9me3 --distillation-config.weight-ce 0.5 --distillation-config.weight-kl 0.25 --distillation-config.weight-mse 1 --distillation-config.temperature 1.5 --trainer-config.early-stop-patience 70 --slurm-config.mode run
[07:05:09] (287/562) -> galaxy job=242687 :: carbon-raw-original --task-names H3K9me3 --distillation-config.weight-ce 0.5 --distillation-config.weight-kl 0.25 --distillation-config.weight-mse 1 --distillation-config.temperature 2.0 --trainer-config.early-stop-patience 70 --slurm-config.mode run
[07:27:31] (288/562) -> galaxy job=242694 :: carbon-raw-original --task-names H3K9me3 --distillation-config.weight-ce 0.5 --distillation-config.weight-kl 0.25 --distillation-config.weight-mse 1 --distillation-config.temperature 4.0 --trainer-config.early-stop-patience 70 --slurm-config.mode run
[07:27:37] (289/562) -> galaxy job=242695 :: carbon-raw-original --task-names H3K9me3 --distillation-config.weight-ce 0.5 --distillation-config.weight-kl 0.5 --distillation-config.weight-mse 0.0 --distillation-config.temperature 0.5 --trainer-config.early-stop-patience 70 --slurm-config.mode run
[07:58:02] (290/562) -> galaxy job=242704 :: carbon-raw-original --task-names H3K9me3 --distillation-config.weight-ce 0.5 --distillation-config.weight-kl 0.5 --distillation-config.weight-mse 0.0 --distillation-config.temperature 1.0 --trainer-config.early-stop-patience 70 --slurm-config.mode run
[08:26:31] (291/562) -> galaxy job=242712 :: carbon-raw-original --task-names H3K9me3 --distillation-config.weight-ce 0.5 --distillation-config.weight-kl 0.5 --distillation-config.weight-mse 0.0 --distillation-config.temperature 1.5 --trainer-config.early-stop-patience 70 --slurm-config.mode run
[08:52:53] (292/562) -> galaxy job=242719 :: carbon-raw-original --task-names H3K9me3 --distillation-config.weight-ce 0.5 --distillation-config.weight-kl 0.5 --distillation-config.weight-mse 0.0 --distillation-config.temperature 2.0 --trainer-config.early-stop-patience 70 --slurm-config.mode run
[08:54:59] (293/562) -> galaxy job=242720 :: carbon-raw-original --task-names H3K9me3 --distillation-config.weight-ce 0.5 --distillation-config.weight-kl 0.5 --distillation-config.weight-mse 0.0 --distillation-config.temperature 4.0 --trainer-config.early-stop-patience 70 --slurm-config.mode run
[09:21:19] (294/562) -> galaxy job=242726 :: carbon-raw-original --task-names H3K9me3 --distillation-config.weight-ce 0.5 --distillation-config.weight-kl 0.5 --distillation-config.weight-mse 1 --distillation-config.temperature 0.5 --trainer-config.early-stop-patience 70 --slurm-config.mode run
[09:21:25] (295/562) -> galaxy job=242727 :: carbon-raw-original --task-names H3K9me3 --distillation-config.weight-ce 0.5 --distillation-config.weight-kl 0.5 --distillation-config.weight-mse 1 --distillation-config.temperature 1.0 --trainer-config.early-stop-patience 70 --slurm-config.mode run
[09:45:42] (296/562) -> galaxy job=242730 :: carbon-raw-original --task-names H3K9me3 --distillation-config.weight-ce 0.5 --distillation-config.weight-kl 0.5 --distillation-config.weight-mse 1 --distillation-config.temperature 1.5 --trainer-config.early-stop-patience 70 --slurm-config.mode run
[09:51:52] (297/562) -> galaxy job=242737 :: carbon-raw-original --task-names H3K9me3 --distillation-config.weight-ce 0.5 --distillation-config.weight-kl 0.5 --distillation-config.weight-mse 1 --distillation-config.temperature 2.0 --trainer-config.early-stop-patience 70 --slurm-config.mode run
[09:53:59] (298/562) -> galaxy job=242739 :: carbon-raw-original --task-names H3K9me3 --distillation-config.weight-ce 0.5 --distillation-config.weight-kl 0.5 --distillation-config.weight-mse 1 --distillation-config.temperature 4.0 --trainer-config.early-stop-patience 70 --slurm-config.mode run
[10:18:19] (299/562) -> galaxy job=242742 :: carbon-raw-original --task-names H3K9me3 --distillation-config.weight-ce 0.5 --distillation-config.weight-kl 1.0 --distillation-config.weight-mse 0.0 --distillation-config.temperature 0.5 --trainer-config.early-stop-patience 70 --slurm-config.mode run
[11:45:41] (300/562) -> galaxy job=242806 :: carbon-raw-original --task-names H3K9me3 --distillation-config.weight-ce 0.5 --distillation-config.weight-kl 1.0 --distillation-config.weight-mse 0.0 --distillation-config.temperature 1.0 --trainer-config.early-stop-patience 70 --slurm-config.mode run
[11:49:51] (301/562) -> galaxy job=242807 :: carbon-raw-original --task-names H3K9me3 --distillation-config.weight-ce 0.5 --distillation-config.weight-kl 1.0 --distillation-config.weight-mse 0.0 --distillation-config.temperature 1.5 --trainer-config.early-stop-patience 70 --slurm-config.mode run
[11:51:59] (302/562) -> galaxy job=242810 :: carbon-raw-original --task-names H3K9me3 --distillation-config.weight-ce 0.5 --distillation-config.weight-kl 1.0 --distillation-config.weight-mse 0.0 --distillation-config.temperature 2.0 --trainer-config.early-stop-patience 70 --slurm-config.mode run
[12:22:38] (303/562) -> galaxy job=242812 :: carbon-raw-original --task-names H3K9me3 --distillation-config.weight-ce 0.5 --distillation-config.weight-kl 1.0 --distillation-config.weight-mse 0.0 --distillation-config.temperature 4.0 --trainer-config.early-stop-patience 70 --slurm-config.mode run
[12:53:17] (304/562) -> galaxy job=242814 :: carbon-raw-original --task-names H3K9me3 --distillation-config.weight-ce 0.5 --distillation-config.weight-kl 1.0 --distillation-config.weight-mse 1 --distillation-config.temperature 0.5 --trainer-config.early-stop-patience 70 --slurm-config.mode run
[13:29:59] (305/562) -> galaxy job=242820 :: carbon-raw-original --task-names H3K9me3 --distillation-config.weight-ce 0.5 --distillation-config.weight-kl 1.0 --distillation-config.weight-mse 1 --distillation-config.temperature 1.0 --trainer-config.early-stop-patience 70 --slurm-config.mode run
[14:06:38] (306/562) -> galaxy job=242822 :: carbon-raw-original --task-names H3K9me3 --distillation-config.weight-ce 0.5 --distillation-config.weight-kl 1.0 --distillation-config.weight-mse 1 --distillation-config.temperature 1.5 --trainer-config.early-stop-patience 70 --slurm-config.mode run
[14:37:12] (307/562) -> galaxy job=242826 :: carbon-raw-original --task-names H3K9me3 --distillation-config.weight-ce 0.5 --distillation-config.weight-kl 1.0 --distillation-config.weight-mse 1 --distillation-config.temperature 2.0 --trainer-config.early-stop-patience 70 --slurm-config.mode run
[15:07:48] (308/562) -> galaxy job=242827 :: carbon-raw-original --task-names H3K9me3 --distillation-config.weight-ce 0.5 --distillation-config.weight-kl 1.0 --distillation-config.weight-mse 1 --distillation-config.temperature 4.0 --trainer-config.early-stop-patience 70 --slurm-config.mode run
[15:40:21] (309/562) -> galaxy job=242829 :: carbon-raw-original --task-names promoter_all --distillation-config.weight-ce 0.5 --distillation-config.weight-kl 0.0 --distillation-config.weight-mse 0.0 --distillation-config.temperature 0.5 --trainer-config.early-stop-patience 70 --slurm-config.mode run
[16:10:47] (310/562) -> galaxy job=242830 :: carbon-raw-original --task-names promoter_all --distillation-config.weight-ce 0.5 --distillation-config.weight-kl 0.0 --distillation-config.weight-mse 1 --distillation-config.temperature 0.5 --trainer-config.early-stop-patience 70 --slurm-config.mode run
[17:13:33] (311/562) -> galaxy job=242840 :: carbon-raw-original --task-names promoter_all --distillation-config.weight-ce 0.5 --distillation-config.weight-kl 0.25 --distillation-config.weight-mse 0.0 --distillation-config.temperature 0.5 --trainer-config.early-stop-patience 70 --slurm-config.mode run
[20:28:19] (312/562) -> galaxy job=242856 :: carbon-raw-original --task-names promoter_all --distillation-config.weight-ce 0.5 --distillation-config.weight-kl 0.25 --distillation-config.weight-mse 0.0 --distillation-config.temperature 1.0 --trainer-config.early-stop-patience 70 --slurm-config.mode run
[20:42:34] (313/562) -> galaxy job=242857 :: carbon-raw-original --task-names promoter_all --distillation-config.weight-ce 0.5 --distillation-config.weight-kl 0.25 --distillation-config.weight-mse 0.0 --distillation-config.temperature 1.5 --trainer-config.early-stop-patience 70 --slurm-config.mode run
[21:00:53] (314/562) -> galaxy job=242858 :: carbon-raw-original --task-names promoter_all --distillation-config.weight-ce 0.5 --distillation-config.weight-kl 0.25 --distillation-config.weight-mse 0.0 --distillation-config.temperature 2.0 --trainer-config.early-stop-patience 70 --slurm-config.mode run
[21:03:01] (315/562) -> galaxy job=242859 :: carbon-raw-original --task-names promoter_all --distillation-config.weight-ce 0.5 --distillation-config.weight-kl 0.25 --distillation-config.weight-mse 0.0 --distillation-config.temperature 4.0 --trainer-config.early-stop-patience 70 --slurm-config.mode run
[21:17:19] (316/562) -> galaxy job=242860 :: carbon-raw-original --task-names promoter_all --distillation-config.weight-ce 0.5 --distillation-config.weight-kl 0.25 --distillation-config.weight-mse 1 --distillation-config.temperature 0.5 --trainer-config.early-stop-patience 70 --slurm-config.mode run
[21:35:40] (317/562) -> galaxy job=242861 :: carbon-raw-original --task-names promoter_all --distillation-config.weight-ce 0.5 --distillation-config.weight-kl 0.25 --distillation-config.weight-mse 1 --distillation-config.temperature 1.0 --trainer-config.early-stop-patience 70 --slurm-config.mode run
[21:41:49] (318/562) -> galaxy job=242862 :: carbon-raw-original --task-names promoter_all --distillation-config.weight-ce 0.5 --distillation-config.weight-kl 0.25 --distillation-config.weight-mse 1 --distillation-config.temperature 1.5 --trainer-config.early-stop-patience 70 --slurm-config.mode run
[21:56:01] (319/562) -> galaxy job=242863 :: carbon-raw-original --task-names promoter_all --distillation-config.weight-ce 0.5 --distillation-config.weight-kl 0.25 --distillation-config.weight-mse 1 --distillation-config.temperature 2.0 --trainer-config.early-stop-patience 70 --slurm-config.mode run
[22:12:19] (320/562) -> galaxy job=242864 :: carbon-raw-original --task-names promoter_all --distillation-config.weight-ce 0.5 --distillation-config.weight-kl 0.25 --distillation-config.weight-mse 1 --distillation-config.temperature 4.0 --trainer-config.early-stop-patience 70 --slurm-config.mode run
[22:20:32] (321/562) -> galaxy job=242865 :: carbon-raw-original --task-names promoter_all --distillation-config.weight-ce 0.5 --distillation-config.weight-kl 0.5 --distillation-config.weight-mse 0.0 --distillation-config.temperature 0.5 --trainer-config.early-stop-patience 70 --slurm-config.mode run
[22:32:46] (322/562) -> galaxy job=242866 :: carbon-raw-original --task-names promoter_all --distillation-config.weight-ce 0.5 --distillation-config.weight-kl 0.5 --distillation-config.weight-mse 0.0 --distillation-config.temperature 1.0 --trainer-config.early-stop-patience 70 --slurm-config.mode run
[22:49:08] (323/562) -> galaxy job=242867 :: carbon-raw-original --task-names promoter_all --distillation-config.weight-ce 0.5 --distillation-config.weight-kl 0.5 --distillation-config.weight-mse 0.0 --distillation-config.temperature 1.5 --trainer-config.early-stop-patience 70 --slurm-config.mode run
[22:57:20] (324/562) -> galaxy job=242868 :: carbon-raw-original --task-names promoter_all --distillation-config.weight-ce 0.5 --distillation-config.weight-kl 0.5 --distillation-config.weight-mse 0.0 --distillation-config.temperature 2.0 --trainer-config.early-stop-patience 70 --slurm-config.mode run
[23:09:33] (325/562) -> galaxy job=242869 :: carbon-raw-original --task-names promoter_all --distillation-config.weight-ce 0.5 --distillation-config.weight-kl 0.5 --distillation-config.weight-mse 0.0 --distillation-config.temperature 4.0 --trainer-config.early-stop-patience 70 --slurm-config.mode run
[23:25:50] (326/562) -> galaxy job=242870 :: carbon-raw-original --task-names promoter_all --distillation-config.weight-ce 0.5 --distillation-config.weight-kl 0.5 --distillation-config.weight-mse 1 --distillation-config.temperature 0.5 --trainer-config.early-stop-patience 70 --slurm-config.mode run
[23:40:09] (327/562) -> galaxy job=242871 :: carbon-raw-original --task-names promoter_all --distillation-config.weight-ce 0.5 --distillation-config.weight-kl 0.5 --distillation-config.weight-mse 1 --distillation-config.temperature 1.0 --trainer-config.early-stop-patience 70 --slurm-config.mode run
[23:44:17] (328/562) -> galaxy job=242872 :: carbon-raw-original --task-names promoter_all --distillation-config.weight-ce 0.5 --distillation-config.weight-kl 0.5 --distillation-config.weight-mse 1 --distillation-config.temperature 1.5 --trainer-config.early-stop-patience 70 --slurm-config.mode run
[00:00:36] (329/562) -> galaxy job=242880 :: carbon-raw-original --task-names promoter_all --distillation-config.weight-ce 0.5 --distillation-config.weight-kl 0.5 --distillation-config.weight-mse 1 --distillation-config.temperature 2.0 --trainer-config.early-stop-patience 70 --slurm-config.mode run
[00:18:56] (330/562) -> galaxy job=242907 :: carbon-raw-original --task-names promoter_all --distillation-config.weight-ce 0.5 --distillation-config.weight-kl 0.5 --distillation-config.weight-mse 1 --distillation-config.temperature 4.0 --trainer-config.early-stop-patience 70 --slurm-config.mode run
[00:21:04] (331/562) -> galaxy job=242911 :: carbon-raw-original --task-names promoter_all --distillation-config.weight-ce 0.5 --distillation-config.weight-kl 1.0 --distillation-config.weight-mse 0.0 --distillation-config.temperature 0.5 --trainer-config.early-stop-patience 70 --slurm-config.mode run
[00:37:21] (332/562) -> galaxy job=242912 :: carbon-raw-original --task-names promoter_all --distillation-config.weight-ce 0.5 --distillation-config.weight-kl 1.0 --distillation-config.weight-mse 0.0 --distillation-config.temperature 1.0 --trainer-config.early-stop-patience 70 --slurm-config.mode run
[00:55:33] (333/562) -> galaxy job=242944 :: carbon-raw-original --task-names promoter_all --distillation-config.weight-ce 0.5 --distillation-config.weight-kl 1.0 --distillation-config.weight-mse 0.0 --distillation-config.temperature 1.5 --trainer-config.early-stop-patience 70 --slurm-config.mode run
[00:55:39] (334/562) -> galaxy job=242945 :: carbon-raw-original --task-names promoter_all --distillation-config.weight-ce 0.5 --distillation-config.weight-kl 1.0 --distillation-config.weight-mse 0.0 --distillation-config.temperature 2.0 --trainer-config.early-stop-patience 70 --slurm-config.mode run
[01:13:51] (335/562) -> galaxy job=242991 :: carbon-raw-original --task-names promoter_all --distillation-config.weight-ce 0.5 --distillation-config.weight-kl 1.0 --distillation-config.weight-mse 0.0 --distillation-config.temperature 4.0 --trainer-config.early-stop-patience 70 --slurm-config.mode run
[01:28:01] (336/562) -> voyager job=242997 :: carbon-raw-original --task-names promoter_all --distillation-config.weight-ce 0.5 --distillation-config.weight-kl 1.0 --distillation-config.weight-mse 1 --distillation-config.temperature 0.5 --trainer-config.early-stop-patience 70 --slurm-config.mode run
[01:28:07] (337/562) -> galaxy job=242998 :: carbon-raw-original --task-names promoter_all --distillation-config.weight-ce 0.5 --distillation-config.weight-kl 1.0 --distillation-config.weight-mse 1 --distillation-config.temperature 1.0 --trainer-config.early-stop-patience 70 --slurm-config.mode run
[01:30:13] (338/562) -> galaxy job=243001 :: carbon-raw-original --task-names promoter_all --distillation-config.weight-ce 0.5 --distillation-config.weight-kl 1.0 --distillation-config.weight-mse 1 --distillation-config.temperature 1.5 --trainer-config.early-stop-patience 70 --slurm-config.mode run
[01:32:20] (339/562) -> galaxy job=243002 :: carbon-raw-original --task-names promoter_all --distillation-config.weight-ce 0.5 --distillation-config.weight-kl 1.0 --distillation-config.weight-mse 1 --distillation-config.temperature 2.0 --trainer-config.early-stop-patience 70 --slurm-config.mode run
[01:46:30] (340/562) -> voyager job=243006 :: carbon-raw-original --task-names promoter_all --distillation-config.weight-ce 0.5 --distillation-config.weight-kl 1.0 --distillation-config.weight-mse 1 --distillation-config.temperature 4.0 --trainer-config.early-stop-patience 70 --slurm-config.mode run
[01:50:38] (341/562) -> galaxy job=243007 :: carbon-raw-original --task-names promoter_tata --distillation-config.weight-ce 0.5 --distillation-config.weight-kl 0.0 --distillation-config.weight-mse 0.0 --distillation-config.temperature 0.5 --trainer-config.early-stop-patience 70 --slurm-config.mode run
[01:58:46] (342/562) -> galaxy job=243008 :: carbon-raw-original --task-names promoter_tata --distillation-config.weight-ce 0.5 --distillation-config.weight-kl 0.0 --distillation-config.weight-mse 1 --distillation-config.temperature 0.5 --trainer-config.early-stop-patience 70 --slurm-config.mode run
[02:06:55] (343/562) -> galaxy job=243010 :: carbon-raw-original --task-names promoter_tata --distillation-config.weight-ce 0.5 --distillation-config.weight-kl 0.25 --distillation-config.weight-mse 0.0 --distillation-config.temperature 0.5 --trainer-config.early-stop-patience 70 --slurm-config.mode run
[02:09:02] (344/562) -> voyager job=243011 :: carbon-raw-original --task-names promoter_tata --distillation-config.weight-ce 0.5 --distillation-config.weight-kl 0.25 --distillation-config.weight-mse 0.0 --distillation-config.temperature 1.0 --trainer-config.early-stop-patience 70 --slurm-config.mode run
[02:09:07] (345/562) -> galaxy job=243012 :: carbon-raw-original --task-names promoter_tata --distillation-config.weight-ce 0.5 --distillation-config.weight-kl 0.25 --distillation-config.weight-mse 0.0 --distillation-config.temperature 1.5 --trainer-config.early-stop-patience 70 --slurm-config.mode run
[02:11:14] (346/562) -> galaxy job=243013 :: carbon-raw-original --task-names promoter_tata --distillation-config.weight-ce 0.5 --distillation-config.weight-kl 0.25 --distillation-config.weight-mse 0.0 --distillation-config.temperature 2.0 --trainer-config.early-stop-patience 70 --slurm-config.mode run
[02:11:20] (347/562) -> galaxy job=243014 :: carbon-raw-original --task-names promoter_tata --distillation-config.weight-ce 0.5 --distillation-config.weight-kl 0.25 --distillation-config.weight-mse 0.0 --distillation-config.temperature 4.0 --trainer-config.early-stop-patience 70 --slurm-config.mode run
[02:17:27] (348/562) -> voyager job=243021 :: carbon-raw-original --task-names promoter_tata --distillation-config.weight-ce 0.5 --distillation-config.weight-kl 0.25 --distillation-config.weight-mse 1 --distillation-config.temperature 0.5 --trainer-config.early-stop-patience 70 --slurm-config.mode run
[02:19:34] (349/562) -> galaxy job=243022 :: carbon-raw-original --task-names promoter_tata --distillation-config.weight-ce 0.5 --distillation-config.weight-kl 0.25 --distillation-config.weight-mse 1 --distillation-config.temperature 1.0 --trainer-config.early-stop-patience 70 --slurm-config.mode run
[02:19:40] (350/562) -> galaxy job=243023 :: carbon-raw-original --task-names promoter_tata --distillation-config.weight-ce 0.5 --distillation-config.weight-kl 0.25 --distillation-config.weight-mse 1 --distillation-config.temperature 1.5 --trainer-config.early-stop-patience 70 --slurm-config.mode run
[02:25:47] (351/562) -> voyager job=243026 :: carbon-raw-original --task-names promoter_tata --distillation-config.weight-ce 0.5 --distillation-config.weight-kl 0.25 --distillation-config.weight-mse 1 --distillation-config.temperature 2.0 --trainer-config.early-stop-patience 70 --slurm-config.mode run
[02:33:56] (352/562) -> galaxy job=243027 :: carbon-raw-original --task-names promoter_tata --distillation-config.weight-ce 0.5 --distillation-config.weight-kl 0.25 --distillation-config.weight-mse 1 --distillation-config.temperature 4.0 --trainer-config.early-stop-patience 70 --slurm-config.mode run
[02:34:01] (353/562) -> voyager job=243028 :: carbon-raw-original --task-names promoter_tata --distillation-config.weight-ce 0.5 --distillation-config.weight-kl 0.5 --distillation-config.weight-mse 0.0 --distillation-config.temperature 0.5 --trainer-config.early-stop-patience 70 --slurm-config.mode run
[02:34:07] (354/562) -> galaxy job=243029 :: carbon-raw-original --task-names promoter_tata --distillation-config.weight-ce 0.5 --distillation-config.weight-kl 0.5 --distillation-config.weight-mse 0.0 --distillation-config.temperature 1.0 --trainer-config.early-stop-patience 70 --slurm-config.mode run
[02:36:13] (355/562) -> galaxy job=243030 :: carbon-raw-original --task-names promoter_tata --distillation-config.weight-ce 0.5 --distillation-config.weight-kl 0.5 --distillation-config.weight-mse 0.0 --distillation-config.temperature 1.5 --trainer-config.early-stop-patience 70 --slurm-config.mode run
[02:42:21] (356/562) -> voyager job=243031 :: carbon-raw-original --task-names promoter_tata --distillation-config.weight-ce 0.5 --distillation-config.weight-kl 0.5 --distillation-config.weight-mse 0.0 --distillation-config.temperature 2.0 --trainer-config.early-stop-patience 70 --slurm-config.mode run
[02:44:27] (357/562) -> galaxy job=243032 :: carbon-raw-original --task-names promoter_tata --distillation-config.weight-ce 0.5 --distillation-config.weight-kl 0.5 --distillation-config.weight-mse 0.0 --distillation-config.temperature 4.0 --trainer-config.early-stop-patience 70 --slurm-config.mode run
[02:46:34] (358/562) -> galaxy job=243033 :: carbon-raw-original --task-names promoter_tata --distillation-config.weight-ce 0.5 --distillation-config.weight-kl 0.5 --distillation-config.weight-mse 1 --distillation-config.temperature 0.5 --trainer-config.early-stop-patience 70 --slurm-config.mode run
[02:48:40] (359/562) -> galaxy job=243034 :: carbon-raw-original --task-names promoter_tata --distillation-config.weight-ce 0.5 --distillation-config.weight-kl 0.5 --distillation-config.weight-mse 1 --distillation-config.temperature 1.0 --trainer-config.early-stop-patience 70 --slurm-config.mode run
[02:50:46] (360/562) -> voyager job=243035 :: carbon-raw-original --task-names promoter_tata --distillation-config.weight-ce 0.5 --distillation-config.weight-kl 0.5 --distillation-config.weight-mse 1 --distillation-config.temperature 1.5 --trainer-config.early-stop-patience 70 --slurm-config.mode run
[02:54:53] (361/562) -> galaxy job=243036 :: carbon-raw-original --task-names promoter_tata --distillation-config.weight-ce 0.5 --distillation-config.weight-kl 0.5 --distillation-config.weight-mse 1 --distillation-config.temperature 2.0 --trainer-config.early-stop-patience 70 --slurm-config.mode run
[03:01:01] (362/562) -> voyager job=243037 :: carbon-raw-original --task-names promoter_tata --distillation-config.weight-ce 0.5 --distillation-config.weight-kl 0.5 --distillation-config.weight-mse 1 --distillation-config.temperature 4.0 --trainer-config.early-stop-patience 70 --slurm-config.mode run
[03:01:07] (363/562) -> galaxy job=243038 :: carbon-raw-original --task-names promoter_tata --distillation-config.weight-ce 0.5 --distillation-config.weight-kl 1.0 --distillation-config.weight-mse 0.0 --distillation-config.temperature 0.5 --trainer-config.early-stop-patience 70 --slurm-config.mode run
[03:05:14] (364/562) -> galaxy job=243039 :: carbon-raw-original --task-names promoter_tata --distillation-config.weight-ce 0.5 --distillation-config.weight-kl 1.0 --distillation-config.weight-mse 0.0 --distillation-config.temperature 1.0 --trainer-config.early-stop-patience 70 --slurm-config.mode run
[03:09:21] (365/562) -> voyager job=243040 :: carbon-raw-original --task-names promoter_tata --distillation-config.weight-ce 0.5 --distillation-config.weight-kl 1.0 --distillation-config.weight-mse 0.0 --distillation-config.temperature 1.5 --trainer-config.early-stop-patience 70 --slurm-config.mode run
[03:09:27] (366/562) -> galaxy job=243041 :: carbon-raw-original --task-names promoter_tata --distillation-config.weight-ce 0.5 --distillation-config.weight-kl 1.0 --distillation-config.weight-mse 0.0 --distillation-config.temperature 2.0 --trainer-config.early-stop-patience 70 --slurm-config.mode run
[03:15:34] (367/562) -> galaxy job=243042 :: carbon-raw-original --task-names promoter_tata --distillation-config.weight-ce 0.5 --distillation-config.weight-kl 1.0 --distillation-config.weight-mse 0.0 --distillation-config.temperature 4.0 --trainer-config.early-stop-patience 70 --slurm-config.mode run
[03:17:41] (368/562) -> voyager job=243043 :: carbon-raw-original --task-names promoter_tata --distillation-config.weight-ce 0.5 --distillation-config.weight-kl 1.0 --distillation-config.weight-mse 1 --distillation-config.temperature 0.5 --trainer-config.early-stop-patience 70 --slurm-config.mode run
[03:17:46] (369/562) -> galaxy job=243044 :: carbon-raw-original --task-names promoter_tata --distillation-config.weight-ce 0.5 --distillation-config.weight-kl 1.0 --distillation-config.weight-mse 1 --distillation-config.temperature 1.0 --trainer-config.early-stop-patience 70 --slurm-config.mode run
[03:19:53] (370/562) -> galaxy job=243045 :: carbon-raw-original --task-names promoter_tata --distillation-config.weight-ce 0.5 --distillation-config.weight-kl 1.0 --distillation-config.weight-mse 1 --distillation-config.temperature 1.5 --trainer-config.early-stop-patience 70 --slurm-config.mode run
[03:26:00] (371/562) -> voyager job=243046 :: carbon-raw-original --task-names promoter_tata --distillation-config.weight-ce 0.5 --distillation-config.weight-kl 1.0 --distillation-config.weight-mse 1 --distillation-config.temperature 2.0 --trainer-config.early-stop-patience 70 --slurm-config.mode run
[03:26:06] (372/562) -> galaxy job=243047 :: carbon-raw-original --task-names promoter_tata --distillation-config.weight-ce 0.5 --distillation-config.weight-kl 1.0 --distillation-config.weight-mse 1 --distillation-config.temperature 4.0 --trainer-config.early-stop-patience 70 --slurm-config.mode run
[03:34:14] (373/562) -> voyager job=243049 :: carbon-raw-original --task-names promoter_no_tata --distillation-config.weight-ce 0.5 --distillation-config.weight-kl 0.0 --distillation-config.weight-mse 0.0 --distillation-config.temperature 0.5 --trainer-config.early-stop-patience 70 --slurm-config.mode run
[03:34:20] (374/562) -> galaxy job=243050 :: carbon-raw-original --task-names promoter_no_tata --distillation-config.weight-ce 0.5 --distillation-config.weight-kl 0.0 --distillation-config.weight-mse 1 --distillation-config.temperature 0.5 --trainer-config.early-stop-patience 70 --slurm-config.mode run
[03:38:27] (375/562) -> galaxy job=243051 :: carbon-raw-original --task-names promoter_no_tata --distillation-config.weight-ce 0.5 --distillation-config.weight-kl 0.25 --distillation-config.weight-mse 0.0 --distillation-config.temperature 0.5 --trainer-config.early-stop-patience 70 --slurm-config.mode run
[03:48:36] (376/562) -> voyager job=243052 :: carbon-raw-original --task-names promoter_no_tata --distillation-config.weight-ce 0.5 --distillation-config.weight-kl 0.25 --distillation-config.weight-mse 0.0 --distillation-config.temperature 1.0 --trainer-config.early-stop-patience 70 --slurm-config.mode run
[04:06:48] (377/562) -> voyager job=243058 :: carbon-raw-original --task-names promoter_no_tata --distillation-config.weight-ce 0.5 --distillation-config.weight-kl 0.25 --distillation-config.weight-mse 0.0 --distillation-config.temperature 1.5 --trainer-config.early-stop-patience 70 --slurm-config.mode run
[04:12:55] (378/562) -> galaxy job=243059 :: carbon-raw-original --task-names promoter_no_tata --distillation-config.weight-ce 0.5 --distillation-config.weight-kl 0.25 --distillation-config.weight-mse 0.0 --distillation-config.temperature 2.0 --trainer-config.early-stop-patience 70 --slurm-config.mode run
[04:23:04] (379/562) -> voyager job=243066 :: carbon-raw-original --task-names promoter_no_tata --distillation-config.weight-ce 0.5 --distillation-config.weight-kl 0.25 --distillation-config.weight-mse 0.0 --distillation-config.temperature 4.0 --trainer-config.early-stop-patience 70 --slurm-config.mode run
[04:43:17] (380/562) -> voyager job=243070 :: carbon-raw-original --task-names promoter_no_tata --distillation-config.weight-ce 0.5 --distillation-config.weight-kl 0.25 --distillation-config.weight-mse 1 --distillation-config.temperature 0.5 --trainer-config.early-stop-patience 70 --slurm-config.mode run
[05:01:30] (381/562) -> voyager job=243074 :: carbon-raw-original --task-names promoter_no_tata --distillation-config.weight-ce 0.5 --distillation-config.weight-kl 0.25 --distillation-config.weight-mse 1 --distillation-config.temperature 1.0 --trainer-config.early-stop-patience 70 --slurm-config.mode run
[05:19:43] (382/562) -> voyager job=243076 :: carbon-raw-original --task-names promoter_no_tata --distillation-config.weight-ce 0.5 --distillation-config.weight-kl 0.25 --distillation-config.weight-mse 1 --distillation-config.temperature 1.5 --trainer-config.early-stop-patience 70 --slurm-config.mode run
[05:39:57] (383/562) -> voyager job=243077 :: carbon-raw-original --task-names promoter_no_tata --distillation-config.weight-ce 0.5 --distillation-config.weight-kl 0.25 --distillation-config.weight-mse 1 --distillation-config.temperature 2.0 --trainer-config.early-stop-patience 70 --slurm-config.mode run
[05:58:11] (384/562) -> voyager job=243078 :: carbon-raw-original --task-names promoter_no_tata --distillation-config.weight-ce 0.5 --distillation-config.weight-kl 0.25 --distillation-config.weight-mse 1 --distillation-config.temperature 4.0 --trainer-config.early-stop-patience 70 --slurm-config.mode run
[06:16:24] (385/562) -> voyager job=243079 :: carbon-raw-original --task-names promoter_no_tata --distillation-config.weight-ce 0.5 --distillation-config.weight-kl 0.5 --distillation-config.weight-mse 0.0 --distillation-config.temperature 0.5 --trainer-config.early-stop-patience 70 --slurm-config.mode run
[06:34:38] (386/562) -> voyager job=243081 :: carbon-raw-original --task-names promoter_no_tata --distillation-config.weight-ce 0.5 --distillation-config.weight-kl 0.5 --distillation-config.weight-mse 0.0 --distillation-config.temperature 1.0 --trainer-config.early-stop-patience 70 --slurm-config.mode run
[06:48:49] (387/562) -> galaxy job=243083 :: carbon-raw-original --task-names promoter_no_tata --distillation-config.weight-ce 0.5 --distillation-config.weight-kl 0.5 --distillation-config.weight-mse 0.0 --distillation-config.temperature 1.5 --trainer-config.early-stop-patience 70 --slurm-config.mode run
[06:52:56] (388/562) -> voyager job=243084 :: carbon-raw-original --task-names promoter_no_tata --distillation-config.weight-ce 0.5 --distillation-config.weight-kl 0.5 --distillation-config.weight-mse 0.0 --distillation-config.temperature 2.0 --trainer-config.early-stop-patience 70 --slurm-config.mode run
[07:11:09] (389/562) -> voyager job=243086 :: carbon-raw-original --task-names promoter_no_tata --distillation-config.weight-ce 0.5 --distillation-config.weight-kl 0.5 --distillation-config.weight-mse 0.0 --distillation-config.temperature 4.0 --trainer-config.early-stop-patience 70 --slurm-config.mode run
[07:31:21] (390/562) -> voyager job=243089 :: carbon-raw-original --task-names promoter_no_tata --distillation-config.weight-ce 0.5 --distillation-config.weight-kl 0.5 --distillation-config.weight-mse 1 --distillation-config.temperature 0.5 --trainer-config.early-stop-patience 70 --slurm-config.mode run
[07:51:34] (391/562) -> voyager job=243091 :: carbon-raw-original --task-names promoter_no_tata --distillation-config.weight-ce 0.5 --distillation-config.weight-kl 0.5 --distillation-config.weight-mse 1 --distillation-config.temperature 1.0 --trainer-config.early-stop-patience 70 --slurm-config.mode run
[08:11:46] (392/562) -> voyager job=243095 :: carbon-raw-original --task-names promoter_no_tata --distillation-config.weight-ce 0.5 --distillation-config.weight-kl 0.5 --distillation-config.weight-mse 1 --distillation-config.temperature 1.5 --trainer-config.early-stop-patience 70 --slurm-config.mode run
[08:31:58] (393/562) -> voyager job=243096 :: carbon-raw-original --task-names promoter_no_tata --distillation-config.weight-ce 0.5 --distillation-config.weight-kl 0.5 --distillation-config.weight-mse 1 --distillation-config.temperature 2.0 --trainer-config.early-stop-patience 70 --slurm-config.mode run
[08:34:04] (394/562) -> galaxy job=243097 :: carbon-raw-original --task-names promoter_no_tata --distillation-config.weight-ce 0.5 --distillation-config.weight-kl 0.5 --distillation-config.weight-mse 1 --distillation-config.temperature 4.0 --trainer-config.early-stop-patience 70 --slurm-config.mode run
[08:50:15] (395/562) -> voyager job=243100 :: carbon-raw-original --task-names promoter_no_tata --distillation-config.weight-ce 0.5 --distillation-config.weight-kl 1.0 --distillation-config.weight-mse 0.0 --distillation-config.temperature 0.5 --trainer-config.early-stop-patience 70 --slurm-config.mode run
[09:08:26] (396/562) -> voyager job=243104 :: carbon-raw-original --task-names promoter_no_tata --distillation-config.weight-ce 0.5 --distillation-config.weight-kl 1.0 --distillation-config.weight-mse 0.0 --distillation-config.temperature 1.0 --trainer-config.early-stop-patience 70 --slurm-config.mode run
[09:08:32] (397/562) -> galaxy job=243105 :: carbon-raw-original --task-names promoter_no_tata --distillation-config.weight-ce 0.5 --distillation-config.weight-kl 1.0 --distillation-config.weight-mse 0.0 --distillation-config.temperature 1.5 --trainer-config.early-stop-patience 70 --slurm-config.mode run
[09:26:43] (398/562) -> voyager job=243107 :: carbon-raw-original --task-names promoter_no_tata --distillation-config.weight-ce 0.5 --distillation-config.weight-kl 1.0 --distillation-config.weight-mse 0.0 --distillation-config.temperature 2.0 --trainer-config.early-stop-patience 70 --slurm-config.mode run
[09:46:55] (399/562) -> voyager job=243108 :: carbon-raw-original --task-names promoter_no_tata --distillation-config.weight-ce 0.5 --distillation-config.weight-kl 1.0 --distillation-config.weight-mse 0.0 --distillation-config.temperature 4.0 --trainer-config.early-stop-patience 70 --slurm-config.mode run
[10:07:06] (400/562) -> voyager job=243109 :: carbon-raw-original --task-names promoter_no_tata --distillation-config.weight-ce 0.5 --distillation-config.weight-kl 1.0 --distillation-config.weight-mse 1 --distillation-config.temperature 0.5 --trainer-config.early-stop-patience 70 --slurm-config.mode run
[10:27:17] (401/562) -> voyager job=243110 :: carbon-raw-original --task-names promoter_no_tata --distillation-config.weight-ce 0.5 --distillation-config.weight-kl 1.0 --distillation-config.weight-mse 1 --distillation-config.temperature 1.0 --trainer-config.early-stop-patience 70 --slurm-config.mode run
[10:27:23] (402/562) -> galaxy job=243111 :: carbon-raw-original --task-names promoter_no_tata --distillation-config.weight-ce 0.5 --distillation-config.weight-kl 1.0 --distillation-config.weight-mse 1 --distillation-config.temperature 1.5 --trainer-config.early-stop-patience 70 --slurm-config.mode run
[10:45:34] (403/562) -> voyager job=243112 :: carbon-raw-original --task-names promoter_no_tata --distillation-config.weight-ce 0.5 --distillation-config.weight-kl 1.0 --distillation-config.weight-mse 1 --distillation-config.temperature 2.0 --trainer-config.early-stop-patience 70 --slurm-config.mode run
[10:51:42] (404/562) -> galaxy job=243114 :: carbon-raw-original --task-names promoter_no_tata --distillation-config.weight-ce 0.5 --distillation-config.weight-kl 1.0 --distillation-config.weight-mse 1 --distillation-config.temperature 4.0 --trainer-config.early-stop-patience 70 --slurm-config.mode run
[11:03:52] (405/562) -> voyager job=243116 :: carbon-raw-original --task-names enhancers --distillation-config.weight-ce 0.5 --distillation-config.weight-kl 0.0 --distillation-config.weight-mse 0.0 --distillation-config.temperature 0.5 --trainer-config.early-stop-patience 70 --slurm-config.mode run
[11:20:03] (406/562) -> voyager job=243119 :: carbon-raw-original --task-names enhancers --distillation-config.weight-ce 0.5 --distillation-config.weight-kl 0.0 --distillation-config.weight-mse 1 --distillation-config.temperature 0.5 --trainer-config.early-stop-patience 70 --slurm-config.mode run
[11:32:13] (407/562) -> galaxy job=243120 :: carbon-raw-original --task-names enhancers --distillation-config.weight-ce 0.5 --distillation-config.weight-kl 0.25 --distillation-config.weight-mse 0.0 --distillation-config.temperature 0.5 --trainer-config.early-stop-patience 70 --slurm-config.mode run
[11:36:20] (408/562) -> voyager job=243121 :: carbon-raw-original --task-names enhancers --distillation-config.weight-ce 0.5 --distillation-config.weight-kl 0.25 --distillation-config.weight-mse 0.0 --distillation-config.temperature 1.0 --trainer-config.early-stop-patience 70 --slurm-config.mode run
[11:56:32] (409/562) -> voyager job=243123 :: carbon-raw-original --task-names enhancers --distillation-config.weight-ce 0.5 --distillation-config.weight-kl 0.25 --distillation-config.weight-mse 0.0 --distillation-config.temperature 1.5 --trainer-config.early-stop-patience 70 --slurm-config.mode run
[12:06:41] (410/562) -> galaxy job=243129 :: carbon-raw-original --task-names enhancers --distillation-config.weight-ce 0.5 --distillation-config.weight-kl 0.25 --distillation-config.weight-mse 0.0 --distillation-config.temperature 2.0 --trainer-config.early-stop-patience 70 --slurm-config.mode run
[12:16:50] (411/562) -> voyager job=243134 :: carbon-raw-original --task-names enhancers --distillation-config.weight-ce 0.5 --distillation-config.weight-kl 0.25 --distillation-config.weight-mse 0.0 --distillation-config.temperature 4.0 --trainer-config.early-stop-patience 70 --slurm-config.mode run
[12:39:03] (412/562) -> voyager job=243141 :: carbon-raw-original --task-names enhancers --distillation-config.weight-ce 0.5 --distillation-config.weight-kl 0.25 --distillation-config.weight-mse 1 --distillation-config.temperature 0.5 --trainer-config.early-stop-patience 70 --slurm-config.mode run
[12:59:15] (413/562) -> voyager job=243146 :: carbon-raw-original --task-names enhancers --distillation-config.weight-ce 0.5 --distillation-config.weight-kl 0.25 --distillation-config.weight-mse 1 --distillation-config.temperature 1.0 --trainer-config.early-stop-patience 70 --slurm-config.mode run
[13:05:23] (414/562) -> galaxy job=243148 :: carbon-raw-original --task-names enhancers --distillation-config.weight-ce 0.5 --distillation-config.weight-kl 0.25 --distillation-config.weight-mse 1 --distillation-config.temperature 1.5 --trainer-config.early-stop-patience 70 --slurm-config.mode run
[13:19:33] (415/562) -> voyager job=243152 :: carbon-raw-original --task-names enhancers --distillation-config.weight-ce 0.5 --distillation-config.weight-kl 0.25 --distillation-config.weight-mse 1 --distillation-config.temperature 2.0 --trainer-config.early-stop-patience 70 --slurm-config.mode run
[13:41:46] (416/562) -> voyager job=243157 :: carbon-raw-original --task-names enhancers --distillation-config.weight-ce 0.5 --distillation-config.weight-kl 0.25 --distillation-config.weight-mse 1 --distillation-config.temperature 4.0 --trainer-config.early-stop-patience 70 --slurm-config.mode run
[14:06:00] (417/562) -> voyager job=243171 :: carbon-raw-original --task-names enhancers --distillation-config.weight-ce 0.5 --distillation-config.weight-kl 0.5 --distillation-config.weight-mse 0.0 --distillation-config.temperature 0.5 --trainer-config.early-stop-patience 70 --slurm-config.mode run
[14:26:13] (418/562) -> voyager job=243174 :: carbon-raw-original --task-names enhancers --distillation-config.weight-ce 0.5 --distillation-config.weight-kl 0.5 --distillation-config.weight-mse 0.0 --distillation-config.temperature 1.0 --trainer-config.early-stop-patience 70 --slurm-config.mode run
[14:46:27] (419/562) -> voyager job=243194 :: carbon-raw-original --task-names enhancers --distillation-config.weight-ce 0.5 --distillation-config.weight-kl 0.5 --distillation-config.weight-mse 0.0 --distillation-config.temperature 1.5 --trainer-config.early-stop-patience 70 --slurm-config.mode run
[15:08:48] (420/562) -> voyager job=243205 :: carbon-raw-original --task-names enhancers --distillation-config.weight-ce 0.5 --distillation-config.weight-kl 0.5 --distillation-config.weight-mse 0.0 --distillation-config.temperature 2.0 --trainer-config.early-stop-patience 70 --slurm-config.mode run
[18:53:55] (421/562) -> galaxy job=243391 :: carbon-raw-original --task-names enhancers --distillation-config.weight-ce 0.5 --distillation-config.weight-kl 0.5 --distillation-config.weight-mse 0.0 --distillation-config.temperature 4.0 --trainer-config.early-stop-patience 70 --slurm-config.mode run
[18:54:01] (422/562) -> galaxy job=243392 :: carbon-raw-original --task-names enhancers --distillation-config.weight-ce 0.5 --distillation-config.weight-kl 0.5 --distillation-config.weight-mse 1 --distillation-config.temperature 0.5 --trainer-config.early-stop-patience 70 --slurm-config.mode run
[18:54:07] (423/562) -> galaxy job=243393 :: carbon-raw-original --task-names enhancers --distillation-config.weight-ce 0.5 --distillation-config.weight-kl 0.5 --distillation-config.weight-mse 1 --distillation-config.temperature 1.0 --trainer-config.early-stop-patience 70 --slurm-config.mode run
[18:56:13] (424/562) -> galaxy job=243394 :: carbon-raw-original --task-names enhancers --distillation-config.weight-ce 0.5 --distillation-config.weight-kl 0.5 --distillation-config.weight-mse 1 --distillation-config.temperature 1.5 --trainer-config.early-stop-patience 70 --slurm-config.mode run
[19:14:25] (425/562) -> galaxy job=243401 :: carbon-raw-original --task-names enhancers --distillation-config.weight-ce 0.5 --distillation-config.weight-kl 0.5 --distillation-config.weight-mse 1 --distillation-config.temperature 2.0 --trainer-config.early-stop-patience 70 --slurm-config.mode run
[19:36:37] (426/562) -> galaxy job=243403 :: carbon-raw-original --task-names enhancers --distillation-config.weight-ce 0.5 --distillation-config.weight-kl 0.5 --distillation-config.weight-mse 1 --distillation-config.temperature 4.0 --trainer-config.early-stop-patience 70 --slurm-config.mode run
[19:46:46] (427/562) -> galaxy job=243404 :: carbon-raw-original --task-names enhancers --distillation-config.weight-ce 0.5 --distillation-config.weight-kl 1.0 --distillation-config.weight-mse 0.0 --distillation-config.temperature 0.5 --trainer-config.early-stop-patience 70 --slurm-config.mode run
[19:52:53] (428/562) -> galaxy job=243405 :: carbon-raw-original --task-names enhancers --distillation-config.weight-ce 0.5 --distillation-config.weight-kl 1.0 --distillation-config.weight-mse 0.0 --distillation-config.temperature 1.0 --trainer-config.early-stop-patience 70 --slurm-config.mode run
[19:59:00] (429/562) -> galaxy job=243406 :: carbon-raw-original --task-names enhancers --distillation-config.weight-ce 0.5 --distillation-config.weight-kl 1.0 --distillation-config.weight-mse 0.0 --distillation-config.temperature 1.5 --trainer-config.early-stop-patience 70 --slurm-config.mode run
[20:09:09] (430/562) -> galaxy job=243408 :: carbon-raw-original --task-names enhancers --distillation-config.weight-ce 0.5 --distillation-config.weight-kl 1.0 --distillation-config.weight-mse 0.0 --distillation-config.temperature 2.0 --trainer-config.early-stop-patience 70 --slurm-config.mode run
[20:17:16] (431/562) -> galaxy job=243410 :: carbon-raw-original --task-names enhancers --distillation-config.weight-ce 0.5 --distillation-config.weight-kl 1.0 --distillation-config.weight-mse 0.0 --distillation-config.temperature 4.0 --trainer-config.early-stop-patience 70 --slurm-config.mode run
[20:37:27] (432/562) -> galaxy job=243415 :: carbon-raw-original --task-names enhancers --distillation-config.weight-ce 0.5 --distillation-config.weight-kl 1.0 --distillation-config.weight-mse 1 --distillation-config.temperature 0.5 --trainer-config.early-stop-patience 70 --slurm-config.mode run
[20:45:35] (433/562) -> galaxy job=243419 :: carbon-raw-original --task-names enhancers --distillation-config.weight-ce 0.5 --distillation-config.weight-kl 1.0 --distillation-config.weight-mse 1 --distillation-config.temperature 1.0 --trainer-config.early-stop-patience 70 --slurm-config.mode run
[20:45:40] (434/562) -> galaxy job=243420 :: carbon-raw-original --task-names enhancers --distillation-config.weight-ce 0.5 --distillation-config.weight-kl 1.0 --distillation-config.weight-mse 1 --distillation-config.temperature 1.5 --trainer-config.early-stop-patience 70 --slurm-config.mode run
[21:07:51] (435/562) -> galaxy job=243427 :: carbon-raw-original --task-names enhancers --distillation-config.weight-ce 0.5 --distillation-config.weight-kl 1.0 --distillation-config.weight-mse 1 --distillation-config.temperature 2.0 --trainer-config.early-stop-patience 70 --slurm-config.mode run
[21:09:57] (436/562) -> galaxy job=243429 :: carbon-raw-original --task-names enhancers --distillation-config.weight-ce 0.5 --distillation-config.weight-kl 1.0 --distillation-config.weight-mse 1 --distillation-config.temperature 4.0 --trainer-config.early-stop-patience 70 --slurm-config.mode run
[21:16:04] (437/562) -> galaxy job=243430 :: carbon-raw-original --task-names enhancers_types --distillation-config.weight-ce 0.5 --distillation-config.weight-kl 0.0 --distillation-config.weight-mse 0.0 --distillation-config.temperature 0.5 --trainer-config.early-stop-patience 70 --slurm-config.mode run
[21:36:14] (438/562) -> galaxy job=243432 :: carbon-raw-original --task-names enhancers_types --distillation-config.weight-ce 0.5 --distillation-config.weight-kl 0.0 --distillation-config.weight-mse 1 --distillation-config.temperature 0.5 --trainer-config.early-stop-patience 70 --slurm-config.mode run
[21:42:21] (439/562) -> galaxy job=243433 :: carbon-raw-original --task-names enhancers_types --distillation-config.weight-ce 0.5 --distillation-config.weight-kl 0.25 --distillation-config.weight-mse 0.0 --distillation-config.temperature 0.5 --trainer-config.early-stop-patience 70 --slurm-config.mode run
[21:46:27] (440/562) -> galaxy job=243434 :: carbon-raw-original --task-names enhancers_types --distillation-config.weight-ce 0.5 --distillation-config.weight-kl 0.25 --distillation-config.weight-mse 0.0 --distillation-config.temperature 1.0 --trainer-config.early-stop-patience 70 --slurm-config.mode run
[21:58:35] (441/562) -> galaxy job=243435 :: carbon-raw-original --task-names enhancers_types --distillation-config.weight-ce 0.5 --distillation-config.weight-kl 0.25 --distillation-config.weight-mse 0.0 --distillation-config.temperature 1.5 --trainer-config.early-stop-patience 70 --slurm-config.mode run
[22:00:41] (442/562) -> galaxy job=243436 :: carbon-raw-original --task-names enhancers_types --distillation-config.weight-ce 0.5 --distillation-config.weight-kl 0.25 --distillation-config.weight-mse 0.0 --distillation-config.temperature 2.0 --trainer-config.early-stop-patience 70 --slurm-config.mode run
[22:02:47] (443/562) -> galaxy job=243437 :: carbon-raw-original --task-names enhancers_types --distillation-config.weight-ce 0.5 --distillation-config.weight-kl 0.25 --distillation-config.weight-mse 0.0 --distillation-config.temperature 4.0 --trainer-config.early-stop-patience 70 --slurm-config.mode run
[22:02:53] (444/562) -> galaxy job=243438 :: carbon-raw-original --task-names enhancers_types --distillation-config.weight-ce 0.5 --distillation-config.weight-kl 0.25 --distillation-config.weight-mse 1 --distillation-config.temperature 0.5 --trainer-config.early-stop-patience 70 --slurm-config.mode run
[22:02:58] (445/562) -> voyager job=243439 :: carbon-raw-original --task-names enhancers_types --distillation-config.weight-ce 0.5 --distillation-config.weight-kl 0.25 --distillation-config.weight-mse 1 --distillation-config.temperature 1.0 --trainer-config.early-stop-patience 70 --slurm-config.mode run
[22:05:04] (446/562) -> laniakea job=243440 :: carbon-raw-original --task-names enhancers_types --distillation-config.weight-ce 0.5 --distillation-config.weight-kl 0.25 --distillation-config.weight-mse 1 --distillation-config.temperature 1.5 --trainer-config.early-stop-patience 70 --slurm-config.mode run
[22:11:11] (447/562) -> galaxy job=243441 :: carbon-raw-original --task-names enhancers_types --distillation-config.weight-ce 0.5 --distillation-config.weight-kl 0.25 --distillation-config.weight-mse 1 --distillation-config.temperature 2.0 --trainer-config.early-stop-patience 70 --slurm-config.mode run
[22:23:20] (448/562) -> galaxy job=243442 :: carbon-raw-original --task-names enhancers_types --distillation-config.weight-ce 0.5 --distillation-config.weight-kl 0.25 --distillation-config.weight-mse 1 --distillation-config.temperature 4.0 --trainer-config.early-stop-patience 70 --slurm-config.mode run
[22:27:27] (449/562) -> laniakea job=243444 :: carbon-raw-original --task-names enhancers_types --distillation-config.weight-ce 0.5 --distillation-config.weight-kl 0.5 --distillation-config.weight-mse 0.0 --distillation-config.temperature 0.5 --trainer-config.early-stop-patience 70 --slurm-config.mode run
[22:27:32] (450/562) -> galaxy job=243445 :: carbon-raw-original --task-names enhancers_types --distillation-config.weight-ce 0.5 --distillation-config.weight-kl 0.5 --distillation-config.weight-mse 0.0 --distillation-config.temperature 1.0 --trainer-config.early-stop-patience 70 --slurm-config.mode run
[22:37:41] (451/562) -> galaxy job=243448 :: carbon-raw-original --task-names enhancers_types --distillation-config.weight-ce 0.5 --distillation-config.weight-kl 0.5 --distillation-config.weight-mse 0.0 --distillation-config.temperature 1.5 --trainer-config.early-stop-patience 70 --slurm-config.mode run
[22:43:49] (452/562) -> galaxy job=243450 :: carbon-raw-original --task-names enhancers_types --distillation-config.weight-ce 0.5 --distillation-config.weight-kl 0.5 --distillation-config.weight-mse 0.0 --distillation-config.temperature 2.0 --trainer-config.early-stop-patience 70 --slurm-config.mode run
[22:49:56] (453/562) -> voyager job=243451 :: carbon-raw-original --task-names enhancers_types --distillation-config.weight-ce 0.5 --distillation-config.weight-kl 0.5 --distillation-config.weight-mse 0.0 --distillation-config.temperature 4.0 --trainer-config.early-stop-patience 70 --slurm-config.mode run
[22:50:02] (454/562) -> galaxy job=243452 :: carbon-raw-original --task-names enhancers_types --distillation-config.weight-ce 0.5 --distillation-config.weight-kl 0.5 --distillation-config.weight-mse 1 --distillation-config.temperature 0.5 --trainer-config.early-stop-patience 70 --slurm-config.mode run
[22:52:08] (455/562) -> laniakea job=243453 :: carbon-raw-original --task-names enhancers_types --distillation-config.weight-ce 0.5 --distillation-config.weight-kl 0.5 --distillation-config.weight-mse 1 --distillation-config.temperature 1.0 --trainer-config.early-stop-patience 70 --slurm-config.mode run
[22:56:14] (456/562) -> galaxy job=243454 :: carbon-raw-original --task-names enhancers_types --distillation-config.weight-ce 0.5 --distillation-config.weight-kl 0.5 --distillation-config.weight-mse 1 --distillation-config.temperature 1.5 --trainer-config.early-stop-patience 70 --slurm-config.mode run
[22:58:24] (457/562) -> laniakea job=243455 :: carbon-raw-original --task-names enhancers_types --distillation-config.weight-ce 0.5 --distillation-config.weight-kl 0.5 --distillation-config.weight-mse 1 --distillation-config.temperature 2.0 --trainer-config.early-stop-patience 70 --slurm-config.mode run
[23:02:30] (458/562) -> galaxy job=243456 :: carbon-raw-original --task-names enhancers_types --distillation-config.weight-ce 0.5 --distillation-config.weight-kl 0.5 --distillation-config.weight-mse 1 --distillation-config.temperature 4.0 --trainer-config.early-stop-patience 70 --slurm-config.mode run
[23:12:39] (459/562) -> laniakea job=243461 :: carbon-raw-original --task-names enhancers_types --distillation-config.weight-ce 0.5 --distillation-config.weight-kl 1.0 --distillation-config.weight-mse 0.0 --distillation-config.temperature 0.5 --trainer-config.early-stop-patience 70 --slurm-config.mode run
[23:16:46] (460/562) -> galaxy job=243462 :: carbon-raw-original --task-names enhancers_types --distillation-config.weight-ce 0.5 --distillation-config.weight-kl 1.0 --distillation-config.weight-mse 0.0 --distillation-config.temperature 1.0 --trainer-config.early-stop-patience 70 --slurm-config.mode run
[23:20:52] (461/562) -> laniakea job=243463 :: carbon-raw-original --task-names enhancers_types --distillation-config.weight-ce 0.5 --distillation-config.weight-kl 1.0 --distillation-config.weight-mse 0.0 --distillation-config.temperature 1.5 --trainer-config.early-stop-patience 70 --slurm-config.mode run
[23:27:00] (462/562) -> galaxy job=243464 :: carbon-raw-original --task-names enhancers_types --distillation-config.weight-ce 0.5 --distillation-config.weight-kl 1.0 --distillation-config.weight-mse 0.0 --distillation-config.temperature 2.0 --trainer-config.early-stop-patience 70 --slurm-config.mode run
[23:29:08] (463/562) -> galaxy job=243465 :: carbon-raw-original --task-names enhancers_types --distillation-config.weight-ce 0.5 --distillation-config.weight-kl 1.0 --distillation-config.weight-mse 0.0 --distillation-config.temperature 4.0 --trainer-config.early-stop-patience 70 --slurm-config.mode run
[23:31:14] (464/562) -> galaxy job=243466 :: carbon-raw-original --task-names enhancers_types --distillation-config.weight-ce 0.5 --distillation-config.weight-kl 1.0 --distillation-config.weight-mse 1 --distillation-config.temperature 0.5 --trainer-config.early-stop-patience 70 --slurm-config.mode run
