[Tue Jun 30 04:54:32 PM PDT 2026] sync loop start: root@115.124.123.240:/workspace/rebuttal_nt/run/results/*dnabert2*.csv -> /tmp/galaxy_srv_disk00/pengchx3/rebuttal_nt/run/results (every 300s)
Welcome to vast.ai. If authentication fails, try again after a few seconds, and double check your ssh key.
Have fun!
AI agents: READ /etc/vast-agents-guide.md (also linked as ./AGENTS.md) before acting on or describing this instance: it is the operating guide. ('vast-capabilities' shows live state only, not the guide.)
[Tue Jun 30 04:54:37 PM PDT 2026] rsync rc=0; files now: 1
Welcome to vast.ai. If authentication fails, try again after a few seconds, and double check your ssh key.
Have fun!
AI agents: READ /etc/vast-agents-guide.md (also linked as ./AGENTS.md) before acting on or describing this instance: it is the operating guide. ('vast-capabilities' shows live state only, not the guide.)
[Tue Jun 30 04:59:41 PM PDT 2026] rsync rc=0; files now: 1
Welcome to vast.ai. If authentication fails, try again after a few seconds, and double check your ssh key.
Have fun!
AI agents: READ /etc/vast-agents-guide.md (also linked as ./AGENTS.md) before acting on or describing this instance: it is the operating guide. ('vast-capabilities' shows live state only, not the guide.)
[Tue Jun 30 05:04:46 PM PDT 2026] rsync rc=0; files now: 1
Welcome to vast.ai. If authentication fails, try again after a few seconds, and double check your ssh key.
Have fun!
AI agents: READ /etc/vast-agents-guide.md (also linked as ./AGENTS.md) before acting on or describing this instance: it is the operating guide. ('vast-capabilities' shows live state only, not the guide.)
[Tue Jun 30 05:09:50 PM PDT 2026] rsync rc=0; files now: 1
Welcome to vast.ai. If authentication fails, try again after a few seconds, and double check your ssh key.
Have fun!
AI agents: READ /etc/vast-agents-guide.md (also linked as ./AGENTS.md) before acting on or describing this instance: it is the operating guide. ('vast-capabilities' shows live state only, not the guide.)
[Tue Jun 30 05:14:55 PM PDT 2026] rsync rc=0; files now: 1
Welcome to vast.ai. If authentication fails, try again after a few seconds, and double check your ssh key.
Have fun!
AI agents: READ /etc/vast-agents-guide.md (also linked as ./AGENTS.md) before acting on or describing this instance: it is the operating guide. ('vast-capabilities' shows live state only, not the guide.)
[Tue Jun 30 05:19:59 PM PDT 2026] rsync rc=0; files now: 1
Welcome to vast.ai. If authentication fails, try again after a few seconds, and double check your ssh key.
Have fun!
AI agents: READ /etc/vast-agents-guide.md (also linked as ./AGENTS.md) before acting on or describing this instance: it is the operating guide. ('vast-capabilities' shows live state only, not the guide.)
[Tue Jun 30 05:25:03 PM PDT 2026] rsync rc=0; files now: 1
Welcome to vast.ai. If authentication fails, try again after a few seconds, and double check your ssh key.
Have fun!
AI agents: READ /etc/vast-agents-guide.md (also linked as ./AGENTS.md) before acting on or describing this instance: it is the operating guide. ('vast-capabilities' shows live state only, not the guide.)
[Tue Jun 30 05:30:08 PM PDT 2026] rsync rc=0; files now: 1
Welcome to vast.ai. If authentication fails, try again after a few seconds, and double check your ssh key.
Have fun!
AI agents: READ /etc/vast-agents-guide.md (also linked as ./AGENTS.md) before acting on or describing this instance: it is the operating guide. ('vast-capabilities' shows live state only, not the guide.)
[Tue Jun 30 05:35:12 PM PDT 2026] rsync rc=0; files now: 1
Welcome to vast.ai. If authentication fails, try again after a few seconds, and double check your ssh key.
Have fun!
AI agents: READ /etc/vast-agents-guide.md (also linked as ./AGENTS.md) before acting on or describing this instance: it is the operating guide. ('vast-capabilities' shows live state only, not the guide.)
[Tue Jun 30 05:40:17 PM PDT 2026] rsync rc=0; files now: 1
Welcome to vast.ai. If authentication fails, try again after a few seconds, and double check your ssh key.
Have fun!
AI agents: READ /etc/vast-agents-guide.md (also linked as ./AGENTS.md) before acting on or describing this instance: it is the operating guide. ('vast-capabilities' shows live state only, not the guide.)
[Tue Jun 30 05:45:21 PM PDT 2026] rsync rc=0; files now: 1
Welcome to vast.ai. If authentication fails, try again after a few seconds, and double check your ssh key.
Have fun!
AI agents: READ /etc/vast-agents-guide.md (also linked as ./AGENTS.md) before acting on or describing this instance: it is the operating guide. ('vast-capabilities' shows live state only, not the guide.)
[Tue Jun 30 05:50:25 PM PDT 2026] rsync rc=0; files now: 1
Welcome to vast.ai. If authentication fails, try again after a few seconds, and double check your ssh key.
Have fun!
AI agents: READ /etc/vast-agents-guide.md (also linked as ./AGENTS.md) before acting on or describing this instance: it is the operating guide. ('vast-capabilities' shows live state only, not the guide.)
[Tue Jun 30 05:55:30 PM PDT 2026] rsync rc=0; files now: 1
Welcome to vast.ai. If authentication fails, try again after a few seconds, and double check your ssh key.
Have fun!
AI agents: READ /etc/vast-agents-guide.md (also linked as ./AGENTS.md) before acting on or describing this instance: it is the operating guide. ('vast-capabilities' shows live state only, not the guide.)
[Tue Jun 30 06:00:34 PM PDT 2026] rsync rc=0; files now: 1
Welcome to vast.ai. If authentication fails, try again after a few seconds, and double check your ssh key.
Have fun!
AI agents: READ /etc/vast-agents-guide.md (also linked as ./AGENTS.md) before acting on or describing this instance: it is the operating guide. ('vast-capabilities' shows live state only, not the guide.)
[Tue Jun 30 06:05:38 PM PDT 2026] rsync rc=0; files now: 1
Welcome to vast.ai. If authentication fails, try again after a few seconds, and double check your ssh key.
Have fun!
AI agents: READ /etc/vast-agents-guide.md (also linked as ./AGENTS.md) before acting on or describing this instance: it is the operating guide. ('vast-capabilities' shows live state only, not the guide.)
[Tue Jun 30 06:10:42 PM PDT 2026] rsync rc=0; files now: 1
Welcome to vast.ai. If authentication fails, try again after a few seconds, and double check your ssh key.
Have fun!
AI agents: READ /etc/vast-agents-guide.md (also linked as ./AGENTS.md) before acting on or describing this instance: it is the operating guide. ('vast-capabilities' shows live state only, not the guide.)
[Tue Jun 30 06:15:47 PM PDT 2026] rsync rc=0; files now: 1
Welcome to vast.ai. If authentication fails, try again after a few seconds, and double check your ssh key.
Have fun!
AI agents: READ /etc/vast-agents-guide.md (also linked as ./AGENTS.md) before acting on or describing this instance: it is the operating guide. ('vast-capabilities' shows live state only, not the guide.)
[Tue Jun 30 06:20:51 PM PDT 2026] rsync rc=0; files now: 1
Welcome to vast.ai. If authentication fails, try again after a few seconds, and double check your ssh key.
Have fun!
AI agents: READ /etc/vast-agents-guide.md (also linked as ./AGENTS.md) before acting on or describing this instance: it is the operating guide. ('vast-capabilities' shows live state only, not the guide.)
[Tue Jun 30 06:25:55 PM PDT 2026] rsync rc=0; files now: 1
Welcome to vast.ai. If authentication fails, try again after a few seconds, and double check your ssh key.
Have fun!
AI agents: READ /etc/vast-agents-guide.md (also linked as ./AGENTS.md) before acting on or describing this instance: it is the operating guide. ('vast-capabilities' shows live state only, not the guide.)
[Tue Jun 30 06:31:00 PM PDT 2026] rsync rc=0; files now: 1
Welcome to vast.ai. If authentication fails, try again after a few seconds, and double check your ssh key.
Have fun!
AI agents: READ /etc/vast-agents-guide.md (also linked as ./AGENTS.md) before acting on or describing this instance: it is the operating guide. ('vast-capabilities' shows live state only, not the guide.)
[Tue Jun 30 06:36:04 PM PDT 2026] rsync rc=0; files now: 1
Welcome to vast.ai. If authentication fails, try again after a few seconds, and double check your ssh key.
Have fun!
AI agents: READ /etc/vast-agents-guide.md (also linked as ./AGENTS.md) before acting on or describing this instance: it is the operating guide. ('vast-capabilities' shows live state only, not the guide.)
[Tue Jun 30 06:41:09 PM PDT 2026] rsync rc=0; files now: 1
Welcome to vast.ai. If authentication fails, try again after a few seconds, and double check your ssh key.
Have fun!
AI agents: READ /etc/vast-agents-guide.md (also linked as ./AGENTS.md) before acting on or describing this instance: it is the operating guide. ('vast-capabilities' shows live state only, not the guide.)
[Tue Jun 30 06:46:13 PM PDT 2026] rsync rc=0; files now: 1
Welcome to vast.ai. If authentication fails, try again after a few seconds, and double check your ssh key.
Have fun!
AI agents: READ /etc/vast-agents-guide.md (also linked as ./AGENTS.md) before acting on or describing this instance: it is the operating guide. ('vast-capabilities' shows live state only, not the guide.)
[Tue Jun 30 06:51:17 PM PDT 2026] rsync rc=0; files now: 1
Welcome to vast.ai. If authentication fails, try again after a few seconds, and double check your ssh key.
Have fun!
AI agents: READ /etc/vast-agents-guide.md (also linked as ./AGENTS.md) before acting on or describing this instance: it is the operating guide. ('vast-capabilities' shows live state only, not the guide.)
[Tue Jun 30 06:56:21 PM PDT 2026] rsync rc=0; files now: 1
Welcome to vast.ai. If authentication fails, try again after a few seconds, and double check your ssh key.
Have fun!
AI agents: READ /etc/vast-agents-guide.md (also linked as ./AGENTS.md) before acting on or describing this instance: it is the operating guide. ('vast-capabilities' shows live state only, not the guide.)
[Tue Jun 30 07:01:26 PM PDT 2026] rsync rc=0; files now: 1
Welcome to vast.ai. If authentication fails, try again after a few seconds, and double check your ssh key.
Have fun!
AI agents: READ /etc/vast-agents-guide.md (also linked as ./AGENTS.md) before acting on or describing this instance: it is the operating guide. ('vast-capabilities' shows live state only, not the guide.)
[Tue Jun 30 07:06:30 PM PDT 2026] rsync rc=0; files now: 1
Welcome to vast.ai. If authentication fails, try again after a few seconds, and double check your ssh key.
Have fun!
AI agents: READ /etc/vast-agents-guide.md (also linked as ./AGENTS.md) before acting on or describing this instance: it is the operating guide. ('vast-capabilities' shows live state only, not the guide.)
[Tue Jun 30 07:11:34 PM PDT 2026] rsync rc=0; files now: 1
Welcome to vast.ai. If authentication fails, try again after a few seconds, and double check your ssh key.
Have fun!
AI agents: READ /etc/vast-agents-guide.md (also linked as ./AGENTS.md) before acting on or describing this instance: it is the operating guide. ('vast-capabilities' shows live state only, not the guide.)
[Tue Jun 30 07:16:39 PM PDT 2026] rsync rc=0; files now: 1
Welcome to vast.ai. If authentication fails, try again after a few seconds, and double check your ssh key.
Have fun!
AI agents: READ /etc/vast-agents-guide.md (also linked as ./AGENTS.md) before acting on or describing this instance: it is the operating guide. ('vast-capabilities' shows live state only, not the guide.)
[Tue Jun 30 07:21:45 PM PDT 2026] rsync rc=0; files now: 1
Welcome to vast.ai. If authentication fails, try again after a few seconds, and double check your ssh key.
Have fun!
AI agents: READ /etc/vast-agents-guide.md (also linked as ./AGENTS.md) before acting on or describing this instance: it is the operating guide. ('vast-capabilities' shows live state only, not the guide.)
[Tue Jun 30 07:26:51 PM PDT 2026] rsync rc=0; files now: 1
Welcome to vast.ai. If authentication fails, try again after a few seconds, and double check your ssh key.
Have fun!
AI agents: READ /etc/vast-agents-guide.md (also linked as ./AGENTS.md) before acting on or describing this instance: it is the operating guide. ('vast-capabilities' shows live state only, not the guide.)
[Tue Jun 30 07:31:56 PM PDT 2026] rsync rc=0; files now: 1
Welcome to vast.ai. If authentication fails, try again after a few seconds, and double check your ssh key.
Have fun!
AI agents: READ /etc/vast-agents-guide.md (also linked as ./AGENTS.md) before acting on or describing this instance: it is the operating guide. ('vast-capabilities' shows live state only, not the guide.)
[Tue Jun 30 07:37:02 PM PDT 2026] rsync rc=0; files now: 1
Welcome to vast.ai. If authentication fails, try again after a few seconds, and double check your ssh key.
Have fun!
AI agents: READ /etc/vast-agents-guide.md (also linked as ./AGENTS.md) before acting on or describing this instance: it is the operating guide. ('vast-capabilities' shows live state only, not the guide.)
[Tue Jun 30 07:42:07 PM PDT 2026] rsync rc=0; files now: 1
Welcome to vast.ai. If authentication fails, try again after a few seconds, and double check your ssh key.
Have fun!
AI agents: READ /etc/vast-agents-guide.md (also linked as ./AGENTS.md) before acting on or describing this instance: it is the operating guide. ('vast-capabilities' shows live state only, not the guide.)
[Tue Jun 30 07:47:11 PM PDT 2026] rsync rc=0; files now: 1
Welcome to vast.ai. If authentication fails, try again after a few seconds, and double check your ssh key.
Have fun!
AI agents: READ /etc/vast-agents-guide.md (also linked as ./AGENTS.md) before acting on or describing this instance: it is the operating guide. ('vast-capabilities' shows live state only, not the guide.)
[Tue Jun 30 07:52:15 PM PDT 2026] rsync rc=0; files now: 1
Welcome to vast.ai. If authentication fails, try again after a few seconds, and double check your ssh key.
Have fun!
AI agents: READ /etc/vast-agents-guide.md (also linked as ./AGENTS.md) before acting on or describing this instance: it is the operating guide. ('vast-capabilities' shows live state only, not the guide.)
[Tue Jun 30 07:57:20 PM PDT 2026] rsync rc=0; files now: 1
Welcome to vast.ai. If authentication fails, try again after a few seconds, and double check your ssh key.
Have fun!
AI agents: READ /etc/vast-agents-guide.md (also linked as ./AGENTS.md) before acting on or describing this instance: it is the operating guide. ('vast-capabilities' shows live state only, not the guide.)
[Tue Jun 30 08:02:24 PM PDT 2026] rsync rc=0; files now: 1
Welcome to vast.ai. If authentication fails, try again after a few seconds, and double check your ssh key.
Have fun!
AI agents: READ /etc/vast-agents-guide.md (also linked as ./AGENTS.md) before acting on or describing this instance: it is the operating guide. ('vast-capabilities' shows live state only, not the guide.)
[Tue Jun 30 08:07:29 PM PDT 2026] rsync rc=0; files now: 1
Welcome to vast.ai. If authentication fails, try again after a few seconds, and double check your ssh key.
Have fun!
AI agents: READ /etc/vast-agents-guide.md (also linked as ./AGENTS.md) before acting on or describing this instance: it is the operating guide. ('vast-capabilities' shows live state only, not the guide.)
[Tue Jun 30 08:12:33 PM PDT 2026] rsync rc=0; files now: 1
Welcome to vast.ai. If authentication fails, try again after a few seconds, and double check your ssh key.
Have fun!
AI agents: READ /etc/vast-agents-guide.md (also linked as ./AGENTS.md) before acting on or describing this instance: it is the operating guide. ('vast-capabilities' shows live state only, not the guide.)
[Tue Jun 30 08:17:37 PM PDT 2026] rsync rc=0; files now: 1
Welcome to vast.ai. If authentication fails, try again after a few seconds, and double check your ssh key.
Have fun!
AI agents: READ /etc/vast-agents-guide.md (also linked as ./AGENTS.md) before acting on or describing this instance: it is the operating guide. ('vast-capabilities' shows live state only, not the guide.)
[Tue Jun 30 08:22:42 PM PDT 2026] rsync rc=0; files now: 1
Welcome to vast.ai. If authentication fails, try again after a few seconds, and double check your ssh key.
Have fun!
AI agents: READ /etc/vast-agents-guide.md (also linked as ./AGENTS.md) before acting on or describing this instance: it is the operating guide. ('vast-capabilities' shows live state only, not the guide.)
[Tue Jun 30 08:27:46 PM PDT 2026] rsync rc=0; files now: 1
Welcome to vast.ai. If authentication fails, try again after a few seconds, and double check your ssh key.
Have fun!
AI agents: READ /etc/vast-agents-guide.md (also linked as ./AGENTS.md) before acting on or describing this instance: it is the operating guide. ('vast-capabilities' shows live state only, not the guide.)
[Tue Jun 30 08:32:50 PM PDT 2026] rsync rc=0; files now: 1
Welcome to vast.ai. If authentication fails, try again after a few seconds, and double check your ssh key.
Have fun!
AI agents: READ /etc/vast-agents-guide.md (also linked as ./AGENTS.md) before acting on or describing this instance: it is the operating guide. ('vast-capabilities' shows live state only, not the guide.)
[Tue Jun 30 08:37:55 PM PDT 2026] rsync rc=0; files now: 1
Welcome to vast.ai. If authentication fails, try again after a few seconds, and double check your ssh key.
Have fun!
AI agents: READ /etc/vast-agents-guide.md (also linked as ./AGENTS.md) before acting on or describing this instance: it is the operating guide. ('vast-capabilities' shows live state only, not the guide.)
[Tue Jun 30 08:42:59 PM PDT 2026] rsync rc=0; files now: 1
Welcome to vast.ai. If authentication fails, try again after a few seconds, and double check your ssh key.
Have fun!
AI agents: READ /etc/vast-agents-guide.md (also linked as ./AGENTS.md) before acting on or describing this instance: it is the operating guide. ('vast-capabilities' shows live state only, not the guide.)
[Tue Jun 30 08:48:03 PM PDT 2026] rsync rc=0; files now: 1
Welcome to vast.ai. If authentication fails, try again after a few seconds, and double check your ssh key.
Have fun!
AI agents: READ /etc/vast-agents-guide.md (also linked as ./AGENTS.md) before acting on or describing this instance: it is the operating guide. ('vast-capabilities' shows live state only, not the guide.)
[Tue Jun 30 08:53:08 PM PDT 2026] rsync rc=0; files now: 1
Welcome to vast.ai. If authentication fails, try again after a few seconds, and double check your ssh key.
Have fun!
AI agents: READ /etc/vast-agents-guide.md (also linked as ./AGENTS.md) before acting on or describing this instance: it is the operating guide. ('vast-capabilities' shows live state only, not the guide.)
[Tue Jun 30 08:58:12 PM PDT 2026] rsync rc=0; files now: 1
Welcome to vast.ai. If authentication fails, try again after a few seconds, and double check your ssh key.
Have fun!
AI agents: READ /etc/vast-agents-guide.md (also linked as ./AGENTS.md) before acting on or describing this instance: it is the operating guide. ('vast-capabilities' shows live state only, not the guide.)
[Tue Jun 30 09:03:17 PM PDT 2026] rsync rc=0; files now: 1
Welcome to vast.ai. If authentication fails, try again after a few seconds, and double check your ssh key.
Have fun!
AI agents: READ /etc/vast-agents-guide.md (also linked as ./AGENTS.md) before acting on or describing this instance: it is the operating guide. ('vast-capabilities' shows live state only, not the guide.)
[Tue Jun 30 09:08:21 PM PDT 2026] rsync rc=0; files now: 1
Welcome to vast.ai. If authentication fails, try again after a few seconds, and double check your ssh key.
Have fun!
AI agents: READ /etc/vast-agents-guide.md (also linked as ./AGENTS.md) before acting on or describing this instance: it is the operating guide. ('vast-capabilities' shows live state only, not the guide.)
[Tue Jun 30 09:13:26 PM PDT 2026] rsync rc=0; files now: 1
Welcome to vast.ai. If authentication fails, try again after a few seconds, and double check your ssh key.
Have fun!
AI agents: READ /etc/vast-agents-guide.md (also linked as ./AGENTS.md) before acting on or describing this instance: it is the operating guide. ('vast-capabilities' shows live state only, not the guide.)
[Tue Jun 30 09:18:30 PM PDT 2026] rsync rc=0; files now: 1
Welcome to vast.ai. If authentication fails, try again after a few seconds, and double check your ssh key.
Have fun!
AI agents: READ /etc/vast-agents-guide.md (also linked as ./AGENTS.md) before acting on or describing this instance: it is the operating guide. ('vast-capabilities' shows live state only, not the guide.)
[Tue Jun 30 09:23:35 PM PDT 2026] rsync rc=0; files now: 1
Welcome to vast.ai. If authentication fails, try again after a few seconds, and double check your ssh key.
Have fun!
AI agents: READ /etc/vast-agents-guide.md (also linked as ./AGENTS.md) before acting on or describing this instance: it is the operating guide. ('vast-capabilities' shows live state only, not the guide.)
[Tue Jun 30 09:28:39 PM PDT 2026] rsync rc=0; files now: 1
Welcome to vast.ai. If authentication fails, try again after a few seconds, and double check your ssh key.
Have fun!
AI agents: READ /etc/vast-agents-guide.md (also linked as ./AGENTS.md) before acting on or describing this instance: it is the operating guide. ('vast-capabilities' shows live state only, not the guide.)
[Tue Jun 30 09:33:44 PM PDT 2026] rsync rc=0; files now: 1
Welcome to vast.ai. If authentication fails, try again after a few seconds, and double check your ssh key.
Have fun!
AI agents: READ /etc/vast-agents-guide.md (also linked as ./AGENTS.md) before acting on or describing this instance: it is the operating guide. ('vast-capabilities' shows live state only, not the guide.)
[Tue Jun 30 09:38:48 PM PDT 2026] rsync rc=0; files now: 2
Welcome to vast.ai. If authentication fails, try again after a few seconds, and double check your ssh key.
Have fun!
AI agents: READ /etc/vast-agents-guide.md (also linked as ./AGENTS.md) before acting on or describing this instance: it is the operating guide. ('vast-capabilities' shows live state only, not the guide.)
[Tue Jun 30 09:43:53 PM PDT 2026] rsync rc=0; files now: 2
Welcome to vast.ai. If authentication fails, try again after a few seconds, and double check your ssh key.
Have fun!
AI agents: READ /etc/vast-agents-guide.md (also linked as ./AGENTS.md) before acting on or describing this instance: it is the operating guide. ('vast-capabilities' shows live state only, not the guide.)
[Tue Jun 30 09:48:57 PM PDT 2026] rsync rc=0; files now: 2
Welcome to vast.ai. If authentication fails, try again after a few seconds, and double check your ssh key.
Have fun!
AI agents: READ /etc/vast-agents-guide.md (also linked as ./AGENTS.md) before acting on or describing this instance: it is the operating guide. ('vast-capabilities' shows live state only, not the guide.)
[Tue Jun 30 09:54:03 PM PDT 2026] rsync rc=0; files now: 2
Welcome to vast.ai. If authentication fails, try again after a few seconds, and double check your ssh key.
Have fun!
AI agents: READ /etc/vast-agents-guide.md (also linked as ./AGENTS.md) before acting on or describing this instance: it is the operating guide. ('vast-capabilities' shows live state only, not the guide.)
[Tue Jun 30 09:59:10 PM PDT 2026] rsync rc=0; files now: 2
Welcome to vast.ai. If authentication fails, try again after a few seconds, and double check your ssh key.
Have fun!
AI agents: READ /etc/vast-agents-guide.md (also linked as ./AGENTS.md) before acting on or describing this instance: it is the operating guide. ('vast-capabilities' shows live state only, not the guide.)
[Tue Jun 30 10:04:16 PM PDT 2026] rsync rc=0; files now: 2
Welcome to vast.ai. If authentication fails, try again after a few seconds, and double check your ssh key.
Have fun!
AI agents: READ /etc/vast-agents-guide.md (also linked as ./AGENTS.md) before acting on or describing this instance: it is the operating guide. ('vast-capabilities' shows live state only, not the guide.)
[Tue Jun 30 10:09:22 PM PDT 2026] rsync rc=0; files now: 2
Welcome to vast.ai. If authentication fails, try again after a few seconds, and double check your ssh key.
Have fun!
AI agents: READ /etc/vast-agents-guide.md (also linked as ./AGENTS.md) before acting on or describing this instance: it is the operating guide. ('vast-capabilities' shows live state only, not the guide.)
[Tue Jun 30 10:14:26 PM PDT 2026] rsync rc=0; files now: 2
Welcome to vast.ai. If authentication fails, try again after a few seconds, and double check your ssh key.
Have fun!
AI agents: READ /etc/vast-agents-guide.md (also linked as ./AGENTS.md) before acting on or describing this instance: it is the operating guide. ('vast-capabilities' shows live state only, not the guide.)
[Tue Jun 30 10:19:31 PM PDT 2026] rsync rc=0; files now: 2
Welcome to vast.ai. If authentication fails, try again after a few seconds, and double check your ssh key.
Have fun!
AI agents: READ /etc/vast-agents-guide.md (also linked as ./AGENTS.md) before acting on or describing this instance: it is the operating guide. ('vast-capabilities' shows live state only, not the guide.)
[Tue Jun 30 10:24:35 PM PDT 2026] rsync rc=0; files now: 2
Welcome to vast.ai. If authentication fails, try again after a few seconds, and double check your ssh key.
Have fun!
AI agents: READ /etc/vast-agents-guide.md (also linked as ./AGENTS.md) before acting on or describing this instance: it is the operating guide. ('vast-capabilities' shows live state only, not the guide.)
[Tue Jun 30 10:29:40 PM PDT 2026] rsync rc=0; files now: 2
Welcome to vast.ai. If authentication fails, try again after a few seconds, and double check your ssh key.
Have fun!
AI agents: READ /etc/vast-agents-guide.md (also linked as ./AGENTS.md) before acting on or describing this instance: it is the operating guide. ('vast-capabilities' shows live state only, not the guide.)
[Tue Jun 30 10:34:47 PM PDT 2026] rsync rc=0; files now: 2
Welcome to vast.ai. If authentication fails, try again after a few seconds, and double check your ssh key.
Have fun!
AI agents: READ /etc/vast-agents-guide.md (also linked as ./AGENTS.md) before acting on or describing this instance: it is the operating guide. ('vast-capabilities' shows live state only, not the guide.)
[Tue Jun 30 10:39:52 PM PDT 2026] rsync rc=0; files now: 2
Welcome to vast.ai. If authentication fails, try again after a few seconds, and double check your ssh key.
Have fun!
AI agents: READ /etc/vast-agents-guide.md (also linked as ./AGENTS.md) before acting on or describing this instance: it is the operating guide. ('vast-capabilities' shows live state only, not the guide.)
[Tue Jun 30 10:44:58 PM PDT 2026] rsync rc=0; files now: 2
Welcome to vast.ai. If authentication fails, try again after a few seconds, and double check your ssh key.
Have fun!
AI agents: READ /etc/vast-agents-guide.md (also linked as ./AGENTS.md) before acting on or describing this instance: it is the operating guide. ('vast-capabilities' shows live state only, not the guide.)
[Tue Jun 30 10:50:03 PM PDT 2026] rsync rc=0; files now: 2
Welcome to vast.ai. If authentication fails, try again after a few seconds, and double check your ssh key.
Have fun!
AI agents: READ /etc/vast-agents-guide.md (also linked as ./AGENTS.md) before acting on or describing this instance: it is the operating guide. ('vast-capabilities' shows live state only, not the guide.)
[Tue Jun 30 10:55:09 PM PDT 2026] rsync rc=0; files now: 2
Welcome to vast.ai. If authentication fails, try again after a few seconds, and double check your ssh key.
Have fun!
AI agents: READ /etc/vast-agents-guide.md (also linked as ./AGENTS.md) before acting on or describing this instance: it is the operating guide. ('vast-capabilities' shows live state only, not the guide.)
[Tue Jun 30 11:00:14 PM PDT 2026] rsync rc=0; files now: 2
Welcome to vast.ai. If authentication fails, try again after a few seconds, and double check your ssh key.
Have fun!
AI agents: READ /etc/vast-agents-guide.md (also linked as ./AGENTS.md) before acting on or describing this instance: it is the operating guide. ('vast-capabilities' shows live state only, not the guide.)
[Tue Jun 30 11:05:21 PM PDT 2026] rsync rc=0; files now: 2
Welcome to vast.ai. If authentication fails, try again after a few seconds, and double check your ssh key.
Have fun!
AI agents: READ /etc/vast-agents-guide.md (also linked as ./AGENTS.md) before acting on or describing this instance: it is the operating guide. ('vast-capabilities' shows live state only, not the guide.)
[Tue Jun 30 11:10:26 PM PDT 2026] rsync rc=0; files now: 2
Welcome to vast.ai. If authentication fails, try again after a few seconds, and double check your ssh key.
Have fun!
AI agents: READ /etc/vast-agents-guide.md (also linked as ./AGENTS.md) before acting on or describing this instance: it is the operating guide. ('vast-capabilities' shows live state only, not the guide.)
[Tue Jun 30 11:15:32 PM PDT 2026] rsync rc=0; files now: 2
Welcome to vast.ai. If authentication fails, try again after a few seconds, and double check your ssh key.
Have fun!
AI agents: READ /etc/vast-agents-guide.md (also linked as ./AGENTS.md) before acting on or describing this instance: it is the operating guide. ('vast-capabilities' shows live state only, not the guide.)
[Tue Jun 30 11:20:37 PM PDT 2026] rsync rc=0; files now: 2
Welcome to vast.ai. If authentication fails, try again after a few seconds, and double check your ssh key.
Have fun!
AI agents: READ /etc/vast-agents-guide.md (also linked as ./AGENTS.md) before acting on or describing this instance: it is the operating guide. ('vast-capabilities' shows live state only, not the guide.)
[Tue Jun 30 11:25:45 PM PDT 2026] rsync rc=0; files now: 2
Welcome to vast.ai. If authentication fails, try again after a few seconds, and double check your ssh key.
Have fun!
AI agents: READ /etc/vast-agents-guide.md (also linked as ./AGENTS.md) before acting on or describing this instance: it is the operating guide. ('vast-capabilities' shows live state only, not the guide.)
[Tue Jun 30 11:30:50 PM PDT 2026] rsync rc=0; files now: 2
Welcome to vast.ai. If authentication fails, try again after a few seconds, and double check your ssh key.
Have fun!
AI agents: READ /etc/vast-agents-guide.md (also linked as ./AGENTS.md) before acting on or describing this instance: it is the operating guide. ('vast-capabilities' shows live state only, not the guide.)
[Tue Jun 30 11:35:55 PM PDT 2026] rsync rc=0; files now: 2
Welcome to vast.ai. If authentication fails, try again after a few seconds, and double check your ssh key.
Have fun!
AI agents: READ /etc/vast-agents-guide.md (also linked as ./AGENTS.md) before acting on or describing this instance: it is the operating guide. ('vast-capabilities' shows live state only, not the guide.)
[Tue Jun 30 11:41:00 PM PDT 2026] rsync rc=0; files now: 2
Welcome to vast.ai. If authentication fails, try again after a few seconds, and double check your ssh key.
Have fun!
AI agents: READ /etc/vast-agents-guide.md (also linked as ./AGENTS.md) before acting on or describing this instance: it is the operating guide. ('vast-capabilities' shows live state only, not the guide.)
[Tue Jun 30 11:46:06 PM PDT 2026] rsync rc=0; files now: 2
Welcome to vast.ai. If authentication fails, try again after a few seconds, and double check your ssh key.
Have fun!
AI agents: READ /etc/vast-agents-guide.md (also linked as ./AGENTS.md) before acting on or describing this instance: it is the operating guide. ('vast-capabilities' shows live state only, not the guide.)
[Tue Jun 30 11:51:13 PM PDT 2026] rsync rc=0; files now: 2
Welcome to vast.ai. If authentication fails, try again after a few seconds, and double check your ssh key.
Have fun!
AI agents: READ /etc/vast-agents-guide.md (also linked as ./AGENTS.md) before acting on or describing this instance: it is the operating guide. ('vast-capabilities' shows live state only, not the guide.)
[Tue Jun 30 11:56:20 PM PDT 2026] rsync rc=0; files now: 2
Welcome to vast.ai. If authentication fails, try again after a few seconds, and double check your ssh key.
Have fun!
AI agents: READ /etc/vast-agents-guide.md (also linked as ./AGENTS.md) before acting on or describing this instance: it is the operating guide. ('vast-capabilities' shows live state only, not the guide.)
[Wed Jul  1 12:01:25 AM PDT 2026] rsync rc=0; files now: 2
Welcome to vast.ai. If authentication fails, try again after a few seconds, and double check your ssh key.
Have fun!
AI agents: READ /etc/vast-agents-guide.md (also linked as ./AGENTS.md) before acting on or describing this instance: it is the operating guide. ('vast-capabilities' shows live state only, not the guide.)
[Wed Jul  1 12:06:31 AM PDT 2026] rsync rc=0; files now: 2
Welcome to vast.ai. If authentication fails, try again after a few seconds, and double check your ssh key.
Have fun!
AI agents: READ /etc/vast-agents-guide.md (also linked as ./AGENTS.md) before acting on or describing this instance: it is the operating guide. ('vast-capabilities' shows live state only, not the guide.)
[Wed Jul  1 12:11:36 AM PDT 2026] rsync rc=0; files now: 2
Welcome to vast.ai. If authentication fails, try again after a few seconds, and double check your ssh key.
Have fun!
AI agents: READ /etc/vast-agents-guide.md (also linked as ./AGENTS.md) before acting on or describing this instance: it is the operating guide. ('vast-capabilities' shows live state only, not the guide.)
[Wed Jul  1 12:16:41 AM PDT 2026] rsync rc=0; files now: 2
Welcome to vast.ai. If authentication fails, try again after a few seconds, and double check your ssh key.
Have fun!
AI agents: READ /etc/vast-agents-guide.md (also linked as ./AGENTS.md) before acting on or describing this instance: it is the operating guide. ('vast-capabilities' shows live state only, not the guide.)
[Wed Jul  1 12:21:46 AM PDT 2026] rsync rc=0; files now: 2
Welcome to vast.ai. If authentication fails, try again after a few seconds, and double check your ssh key.
Have fun!
AI agents: READ /etc/vast-agents-guide.md (also linked as ./AGENTS.md) before acting on or describing this instance: it is the operating guide. ('vast-capabilities' shows live state only, not the guide.)
[Wed Jul  1 12:26:51 AM PDT 2026] rsync rc=0; files now: 2
Welcome to vast.ai. If authentication fails, try again after a few seconds, and double check your ssh key.
Have fun!
AI agents: READ /etc/vast-agents-guide.md (also linked as ./AGENTS.md) before acting on or describing this instance: it is the operating guide. ('vast-capabilities' shows live state only, not the guide.)
[Wed Jul  1 12:31:55 AM PDT 2026] rsync rc=0; files now: 2
Welcome to vast.ai. If authentication fails, try again after a few seconds, and double check your ssh key.
Have fun!
AI agents: READ /etc/vast-agents-guide.md (also linked as ./AGENTS.md) before acting on or describing this instance: it is the operating guide. ('vast-capabilities' shows live state only, not the guide.)
[Wed Jul  1 12:37:00 AM PDT 2026] rsync rc=0; files now: 2
Welcome to vast.ai. If authentication fails, try again after a few seconds, and double check your ssh key.
Have fun!
AI agents: READ /etc/vast-agents-guide.md (also linked as ./AGENTS.md) before acting on or describing this instance: it is the operating guide. ('vast-capabilities' shows live state only, not the guide.)
[Wed Jul  1 12:42:04 AM PDT 2026] rsync rc=0; files now: 2
Welcome to vast.ai. If authentication fails, try again after a few seconds, and double check your ssh key.
Have fun!
AI agents: READ /etc/vast-agents-guide.md (also linked as ./AGENTS.md) before acting on or describing this instance: it is the operating guide. ('vast-capabilities' shows live state only, not the guide.)
[Wed Jul  1 12:47:11 AM PDT 2026] rsync rc=0; files now: 2
Welcome to vast.ai. If authentication fails, try again after a few seconds, and double check your ssh key.
Have fun!
AI agents: READ /etc/vast-agents-guide.md (also linked as ./AGENTS.md) before acting on or describing this instance: it is the operating guide. ('vast-capabilities' shows live state only, not the guide.)
[Wed Jul  1 12:52:16 AM PDT 2026] rsync rc=0; files now: 2
Welcome to vast.ai. If authentication fails, try again after a few seconds, and double check your ssh key.
Have fun!
AI agents: READ /etc/vast-agents-guide.md (also linked as ./AGENTS.md) before acting on or describing this instance: it is the operating guide. ('vast-capabilities' shows live state only, not the guide.)
[Wed Jul  1 12:57:22 AM PDT 2026] rsync rc=0; files now: 2
Welcome to vast.ai. If authentication fails, try again after a few seconds, and double check your ssh key.
Have fun!
AI agents: READ /etc/vast-agents-guide.md (also linked as ./AGENTS.md) before acting on or describing this instance: it is the operating guide. ('vast-capabilities' shows live state only, not the guide.)
[Wed Jul  1 01:02:27 AM PDT 2026] rsync rc=0; files now: 2
Welcome to vast.ai. If authentication fails, try again after a few seconds, and double check your ssh key.
Have fun!
AI agents: READ /etc/vast-agents-guide.md (also linked as ./AGENTS.md) before acting on or describing this instance: it is the operating guide. ('vast-capabilities' shows live state only, not the guide.)
[Wed Jul  1 01:07:31 AM PDT 2026] rsync rc=0; files now: 2
Welcome to vast.ai. If authentication fails, try again after a few seconds, and double check your ssh key.
Have fun!
AI agents: READ /etc/vast-agents-guide.md (also linked as ./AGENTS.md) before acting on or describing this instance: it is the operating guide. ('vast-capabilities' shows live state only, not the guide.)
[Wed Jul  1 01:12:35 AM PDT 2026] rsync rc=0; files now: 2
Welcome to vast.ai. If authentication fails, try again after a few seconds, and double check your ssh key.
Have fun!
AI agents: READ /etc/vast-agents-guide.md (also linked as ./AGENTS.md) before acting on or describing this instance: it is the operating guide. ('vast-capabilities' shows live state only, not the guide.)
[Wed Jul  1 01:17:40 AM PDT 2026] rsync rc=0; files now: 2
Welcome to vast.ai. If authentication fails, try again after a few seconds, and double check your ssh key.
Have fun!
AI agents: READ /etc/vast-agents-guide.md (also linked as ./AGENTS.md) before acting on or describing this instance: it is the operating guide. ('vast-capabilities' shows live state only, not the guide.)
[Wed Jul  1 01:22:46 AM PDT 2026] rsync rc=0; files now: 2
Welcome to vast.ai. If authentication fails, try again after a few seconds, and double check your ssh key.
Have fun!
AI agents: READ /etc/vast-agents-guide.md (also linked as ./AGENTS.md) before acting on or describing this instance: it is the operating guide. ('vast-capabilities' shows live state only, not the guide.)
[Wed Jul  1 01:27:50 AM PDT 2026] rsync rc=0; files now: 2
Welcome to vast.ai. If authentication fails, try again after a few seconds, and double check your ssh key.
Have fun!
AI agents: READ /etc/vast-agents-guide.md (also linked as ./AGENTS.md) before acting on or describing this instance: it is the operating guide. ('vast-capabilities' shows live state only, not the guide.)
[Wed Jul  1 01:32:56 AM PDT 2026] rsync rc=0; files now: 2
Welcome to vast.ai. If authentication fails, try again after a few seconds, and double check your ssh key.
Have fun!
AI agents: READ /etc/vast-agents-guide.md (also linked as ./AGENTS.md) before acting on or describing this instance: it is the operating guide. ('vast-capabilities' shows live state only, not the guide.)
[Wed Jul  1 01:38:01 AM PDT 2026] rsync rc=0; files now: 2
Welcome to vast.ai. If authentication fails, try again after a few seconds, and double check your ssh key.
Have fun!
AI agents: READ /etc/vast-agents-guide.md (also linked as ./AGENTS.md) before acting on or describing this instance: it is the operating guide. ('vast-capabilities' shows live state only, not the guide.)
[Wed Jul  1 01:43:06 AM PDT 2026] rsync rc=0; files now: 2
Welcome to vast.ai. If authentication fails, try again after a few seconds, and double check your ssh key.
Have fun!
AI agents: READ /etc/vast-agents-guide.md (also linked as ./AGENTS.md) before acting on or describing this instance: it is the operating guide. ('vast-capabilities' shows live state only, not the guide.)
[Wed Jul  1 01:48:11 AM PDT 2026] rsync rc=0; files now: 2
Welcome to vast.ai. If authentication fails, try again after a few seconds, and double check your ssh key.
Have fun!
AI agents: READ /etc/vast-agents-guide.md (also linked as ./AGENTS.md) before acting on or describing this instance: it is the operating guide. ('vast-capabilities' shows live state only, not the guide.)
[Wed Jul  1 01:53:15 AM PDT 2026] rsync rc=0; files now: 2
Welcome to vast.ai. If authentication fails, try again after a few seconds, and double check your ssh key.
Have fun!
AI agents: READ /etc/vast-agents-guide.md (also linked as ./AGENTS.md) before acting on or describing this instance: it is the operating guide. ('vast-capabilities' shows live state only, not the guide.)
[Wed Jul  1 01:58:20 AM PDT 2026] rsync rc=0; files now: 2
Welcome to vast.ai. If authentication fails, try again after a few seconds, and double check your ssh key.
Have fun!
AI agents: READ /etc/vast-agents-guide.md (also linked as ./AGENTS.md) before acting on or describing this instance: it is the operating guide. ('vast-capabilities' shows live state only, not the guide.)
[Wed Jul  1 02:03:24 AM PDT 2026] rsync rc=0; files now: 2
Welcome to vast.ai. If authentication fails, try again after a few seconds, and double check your ssh key.
Have fun!
AI agents: READ /etc/vast-agents-guide.md (also linked as ./AGENTS.md) before acting on or describing this instance: it is the operating guide. ('vast-capabilities' shows live state only, not the guide.)
[Wed Jul  1 02:08:29 AM PDT 2026] rsync rc=0; files now: 2
Welcome to vast.ai. If authentication fails, try again after a few seconds, and double check your ssh key.
Have fun!
AI agents: READ /etc/vast-agents-guide.md (also linked as ./AGENTS.md) before acting on or describing this instance: it is the operating guide. ('vast-capabilities' shows live state only, not the guide.)
[Wed Jul  1 02:13:34 AM PDT 2026] rsync rc=0; files now: 2
Welcome to vast.ai. If authentication fails, try again after a few seconds, and double check your ssh key.
Have fun!
AI agents: READ /etc/vast-agents-guide.md (also linked as ./AGENTS.md) before acting on or describing this instance: it is the operating guide. ('vast-capabilities' shows live state only, not the guide.)
[Wed Jul  1 02:18:38 AM PDT 2026] rsync rc=0; files now: 2
Welcome to vast.ai. If authentication fails, try again after a few seconds, and double check your ssh key.
Have fun!
AI agents: READ /etc/vast-agents-guide.md (also linked as ./AGENTS.md) before acting on or describing this instance: it is the operating guide. ('vast-capabilities' shows live state only, not the guide.)
[Wed Jul  1 02:23:43 AM PDT 2026] rsync rc=0; files now: 2
Welcome to vast.ai. If authentication fails, try again after a few seconds, and double check your ssh key.
Have fun!
AI agents: READ /etc/vast-agents-guide.md (also linked as ./AGENTS.md) before acting on or describing this instance: it is the operating guide. ('vast-capabilities' shows live state only, not the guide.)
[Wed Jul  1 02:28:47 AM PDT 2026] rsync rc=0; files now: 2
Welcome to vast.ai. If authentication fails, try again after a few seconds, and double check your ssh key.
Have fun!
AI agents: READ /etc/vast-agents-guide.md (also linked as ./AGENTS.md) before acting on or describing this instance: it is the operating guide. ('vast-capabilities' shows live state only, not the guide.)
[Wed Jul  1 02:33:52 AM PDT 2026] rsync rc=0; files now: 2
Welcome to vast.ai. If authentication fails, try again after a few seconds, and double check your ssh key.
Have fun!
AI agents: READ /etc/vast-agents-guide.md (also linked as ./AGENTS.md) before acting on or describing this instance: it is the operating guide. ('vast-capabilities' shows live state only, not the guide.)
[Wed Jul  1 02:38:57 AM PDT 2026] rsync rc=0; files now: 2
Welcome to vast.ai. If authentication fails, try again after a few seconds, and double check your ssh key.
Have fun!
AI agents: READ /etc/vast-agents-guide.md (also linked as ./AGENTS.md) before acting on or describing this instance: it is the operating guide. ('vast-capabilities' shows live state only, not the guide.)
[Wed Jul  1 02:44:02 AM PDT 2026] rsync rc=0; files now: 2
Welcome to vast.ai. If authentication fails, try again after a few seconds, and double check your ssh key.
Have fun!
AI agents: READ /etc/vast-agents-guide.md (also linked as ./AGENTS.md) before acting on or describing this instance: it is the operating guide. ('vast-capabilities' shows live state only, not the guide.)
[Wed Jul  1 02:49:06 AM PDT 2026] rsync rc=0; files now: 2
Welcome to vast.ai. If authentication fails, try again after a few seconds, and double check your ssh key.
Have fun!
AI agents: READ /etc/vast-agents-guide.md (also linked as ./AGENTS.md) before acting on or describing this instance: it is the operating guide. ('vast-capabilities' shows live state only, not the guide.)
[Wed Jul  1 02:54:11 AM PDT 2026] rsync rc=0; files now: 2
Welcome to vast.ai. If authentication fails, try again after a few seconds, and double check your ssh key.
Have fun!
AI agents: READ /etc/vast-agents-guide.md (also linked as ./AGENTS.md) before acting on or describing this instance: it is the operating guide. ('vast-capabilities' shows live state only, not the guide.)
[Wed Jul  1 02:59:15 AM PDT 2026] rsync rc=0; files now: 2
Welcome to vast.ai. If authentication fails, try again after a few seconds, and double check your ssh key.
Have fun!
AI agents: READ /etc/vast-agents-guide.md (also linked as ./AGENTS.md) before acting on or describing this instance: it is the operating guide. ('vast-capabilities' shows live state only, not the guide.)
[Wed Jul  1 03:04:20 AM PDT 2026] rsync rc=0; files now: 2
Welcome to vast.ai. If authentication fails, try again after a few seconds, and double check your ssh key.
Have fun!
AI agents: READ /etc/vast-agents-guide.md (also linked as ./AGENTS.md) before acting on or describing this instance: it is the operating guide. ('vast-capabilities' shows live state only, not the guide.)
[Wed Jul  1 03:09:24 AM PDT 2026] rsync rc=0; files now: 2
Welcome to vast.ai. If authentication fails, try again after a few seconds, and double check your ssh key.
Have fun!
AI agents: READ /etc/vast-agents-guide.md (also linked as ./AGENTS.md) before acting on or describing this instance: it is the operating guide. ('vast-capabilities' shows live state only, not the guide.)
[Wed Jul  1 03:14:30 AM PDT 2026] rsync rc=0; files now: 2
Welcome to vast.ai. If authentication fails, try again after a few seconds, and double check your ssh key.
Have fun!
AI agents: READ /etc/vast-agents-guide.md (also linked as ./AGENTS.md) before acting on or describing this instance: it is the operating guide. ('vast-capabilities' shows live state only, not the guide.)
[Wed Jul  1 03:19:37 AM PDT 2026] rsync rc=0; files now: 2
Welcome to vast.ai. If authentication fails, try again after a few seconds, and double check your ssh key.
Have fun!
AI agents: READ /etc/vast-agents-guide.md (also linked as ./AGENTS.md) before acting on or describing this instance: it is the operating guide. ('vast-capabilities' shows live state only, not the guide.)
[Wed Jul  1 03:24:42 AM PDT 2026] rsync rc=0; files now: 2
Welcome to vast.ai. If authentication fails, try again after a few seconds, and double check your ssh key.
Have fun!
AI agents: READ /etc/vast-agents-guide.md (also linked as ./AGENTS.md) before acting on or describing this instance: it is the operating guide. ('vast-capabilities' shows live state only, not the guide.)
[Wed Jul  1 03:29:47 AM PDT 2026] rsync rc=0; files now: 2
Welcome to vast.ai. If authentication fails, try again after a few seconds, and double check your ssh key.
Have fun!
AI agents: READ /etc/vast-agents-guide.md (also linked as ./AGENTS.md) before acting on or describing this instance: it is the operating guide. ('vast-capabilities' shows live state only, not the guide.)
[Wed Jul  1 03:34:52 AM PDT 2026] rsync rc=0; files now: 2
Welcome to vast.ai. If authentication fails, try again after a few seconds, and double check your ssh key.
Have fun!
AI agents: READ /etc/vast-agents-guide.md (also linked as ./AGENTS.md) before acting on or describing this instance: it is the operating guide. ('vast-capabilities' shows live state only, not the guide.)
[Wed Jul  1 03:39:57 AM PDT 2026] rsync rc=0; files now: 2
Welcome to vast.ai. If authentication fails, try again after a few seconds, and double check your ssh key.
Have fun!
AI agents: READ /etc/vast-agents-guide.md (also linked as ./AGENTS.md) before acting on or describing this instance: it is the operating guide. ('vast-capabilities' shows live state only, not the guide.)
[Wed Jul  1 03:45:01 AM PDT 2026] rsync rc=0; files now: 2
Welcome to vast.ai. If authentication fails, try again after a few seconds, and double check your ssh key.
Have fun!
AI agents: READ /etc/vast-agents-guide.md (also linked as ./AGENTS.md) before acting on or describing this instance: it is the operating guide. ('vast-capabilities' shows live state only, not the guide.)
[Wed Jul  1 03:50:06 AM PDT 2026] rsync rc=0; files now: 2
Welcome to vast.ai. If authentication fails, try again after a few seconds, and double check your ssh key.
Have fun!
AI agents: READ /etc/vast-agents-guide.md (also linked as ./AGENTS.md) before acting on or describing this instance: it is the operating guide. ('vast-capabilities' shows live state only, not the guide.)
[Wed Jul  1 03:55:10 AM PDT 2026] rsync rc=0; files now: 2
Welcome to vast.ai. If authentication fails, try again after a few seconds, and double check your ssh key.
Have fun!
AI agents: READ /etc/vast-agents-guide.md (also linked as ./AGENTS.md) before acting on or describing this instance: it is the operating guide. ('vast-capabilities' shows live state only, not the guide.)
[Wed Jul  1 04:00:15 AM PDT 2026] rsync rc=0; files now: 2
Welcome to vast.ai. If authentication fails, try again after a few seconds, and double check your ssh key.
Have fun!
AI agents: READ /etc/vast-agents-guide.md (also linked as ./AGENTS.md) before acting on or describing this instance: it is the operating guide. ('vast-capabilities' shows live state only, not the guide.)
[Wed Jul  1 04:05:19 AM PDT 2026] rsync rc=0; files now: 2
Welcome to vast.ai. If authentication fails, try again after a few seconds, and double check your ssh key.
Have fun!
AI agents: READ /etc/vast-agents-guide.md (also linked as ./AGENTS.md) before acting on or describing this instance: it is the operating guide. ('vast-capabilities' shows live state only, not the guide.)
[Wed Jul  1 04:10:23 AM PDT 2026] rsync rc=0; files now: 2
Welcome to vast.ai. If authentication fails, try again after a few seconds, and double check your ssh key.
Have fun!
AI agents: READ /etc/vast-agents-guide.md (also linked as ./AGENTS.md) before acting on or describing this instance: it is the operating guide. ('vast-capabilities' shows live state only, not the guide.)
[Wed Jul  1 04:15:28 AM PDT 2026] rsync rc=0; files now: 2
Welcome to vast.ai. If authentication fails, try again after a few seconds, and double check your ssh key.
Have fun!
AI agents: READ /etc/vast-agents-guide.md (also linked as ./AGENTS.md) before acting on or describing this instance: it is the operating guide. ('vast-capabilities' shows live state only, not the guide.)
[Wed Jul  1 04:20:33 AM PDT 2026] rsync rc=0; files now: 2
Welcome to vast.ai. If authentication fails, try again after a few seconds, and double check your ssh key.
Have fun!
AI agents: READ /etc/vast-agents-guide.md (also linked as ./AGENTS.md) before acting on or describing this instance: it is the operating guide. ('vast-capabilities' shows live state only, not the guide.)
[Wed Jul  1 04:25:38 AM PDT 2026] rsync rc=0; files now: 2
Welcome to vast.ai. If authentication fails, try again after a few seconds, and double check your ssh key.
Have fun!
AI agents: READ /etc/vast-agents-guide.md (also linked as ./AGENTS.md) before acting on or describing this instance: it is the operating guide. ('vast-capabilities' shows live state only, not the guide.)
[Wed Jul  1 04:30:45 AM PDT 2026] rsync rc=0; files now: 2
Welcome to vast.ai. If authentication fails, try again after a few seconds, and double check your ssh key.
Have fun!
AI agents: READ /etc/vast-agents-guide.md (also linked as ./AGENTS.md) before acting on or describing this instance: it is the operating guide. ('vast-capabilities' shows live state only, not the guide.)
[Wed Jul  1 04:35:51 AM PDT 2026] rsync rc=0; files now: 2
Welcome to vast.ai. If authentication fails, try again after a few seconds, and double check your ssh key.
Have fun!
AI agents: READ /etc/vast-agents-guide.md (also linked as ./AGENTS.md) before acting on or describing this instance: it is the operating guide. ('vast-capabilities' shows live state only, not the guide.)
[Wed Jul  1 04:40:56 AM PDT 2026] rsync rc=0; files now: 2
Welcome to vast.ai. If authentication fails, try again after a few seconds, and double check your ssh key.
Have fun!
AI agents: READ /etc/vast-agents-guide.md (also linked as ./AGENTS.md) before acting on or describing this instance: it is the operating guide. ('vast-capabilities' shows live state only, not the guide.)
[Wed Jul  1 04:46:00 AM PDT 2026] rsync rc=0; files now: 2
Welcome to vast.ai. If authentication fails, try again after a few seconds, and double check your ssh key.
Have fun!
AI agents: READ /etc/vast-agents-guide.md (also linked as ./AGENTS.md) before acting on or describing this instance: it is the operating guide. ('vast-capabilities' shows live state only, not the guide.)
[Wed Jul  1 04:51:05 AM PDT 2026] rsync rc=0; files now: 2
Welcome to vast.ai. If authentication fails, try again after a few seconds, and double check your ssh key.
Have fun!
AI agents: READ /etc/vast-agents-guide.md (also linked as ./AGENTS.md) before acting on or describing this instance: it is the operating guide. ('vast-capabilities' shows live state only, not the guide.)
[Wed Jul  1 04:56:10 AM PDT 2026] rsync rc=0; files now: 2
Welcome to vast.ai. If authentication fails, try again after a few seconds, and double check your ssh key.
Have fun!
AI agents: READ /etc/vast-agents-guide.md (also linked as ./AGENTS.md) before acting on or describing this instance: it is the operating guide. ('vast-capabilities' shows live state only, not the guide.)
[Wed Jul  1 05:01:17 AM PDT 2026] rsync rc=0; files now: 2
Welcome to vast.ai. If authentication fails, try again after a few seconds, and double check your ssh key.
Have fun!
AI agents: READ /etc/vast-agents-guide.md (also linked as ./AGENTS.md) before acting on or describing this instance: it is the operating guide. ('vast-capabilities' shows live state only, not the guide.)
[Wed Jul  1 05:06:22 AM PDT 2026] rsync rc=0; files now: 2
Welcome to vast.ai. If authentication fails, try again after a few seconds, and double check your ssh key.
Have fun!
AI agents: READ /etc/vast-agents-guide.md (also linked as ./AGENTS.md) before acting on or describing this instance: it is the operating guide. ('vast-capabilities' shows live state only, not the guide.)
[Wed Jul  1 05:11:28 AM PDT 2026] rsync rc=0; files now: 2
Welcome to vast.ai. If authentication fails, try again after a few seconds, and double check your ssh key.
Have fun!
AI agents: READ /etc/vast-agents-guide.md (also linked as ./AGENTS.md) before acting on or describing this instance: it is the operating guide. ('vast-capabilities' shows live state only, not the guide.)
[Wed Jul  1 05:16:33 AM PDT 2026] rsync rc=0; files now: 2
Welcome to vast.ai. If authentication fails, try again after a few seconds, and double check your ssh key.
Have fun!
AI agents: READ /etc/vast-agents-guide.md (also linked as ./AGENTS.md) before acting on or describing this instance: it is the operating guide. ('vast-capabilities' shows live state only, not the guide.)
[Wed Jul  1 05:21:37 AM PDT 2026] rsync rc=0; files now: 2
Welcome to vast.ai. If authentication fails, try again after a few seconds, and double check your ssh key.
Have fun!
AI agents: READ /etc/vast-agents-guide.md (also linked as ./AGENTS.md) before acting on or describing this instance: it is the operating guide. ('vast-capabilities' shows live state only, not the guide.)
[Wed Jul  1 05:26:42 AM PDT 2026] rsync rc=0; files now: 2
Welcome to vast.ai. If authentication fails, try again after a few seconds, and double check your ssh key.
Have fun!
AI agents: READ /etc/vast-agents-guide.md (also linked as ./AGENTS.md) before acting on or describing this instance: it is the operating guide. ('vast-capabilities' shows live state only, not the guide.)
[Wed Jul  1 05:31:51 AM PDT 2026] rsync rc=0; files now: 2
Welcome to vast.ai. If authentication fails, try again after a few seconds, and double check your ssh key.
Have fun!
AI agents: READ /etc/vast-agents-guide.md (also linked as ./AGENTS.md) before acting on or describing this instance: it is the operating guide. ('vast-capabilities' shows live state only, not the guide.)
[Wed Jul  1 05:36:58 AM PDT 2026] rsync rc=0; files now: 2
Welcome to vast.ai. If authentication fails, try again after a few seconds, and double check your ssh key.
Have fun!
AI agents: READ /etc/vast-agents-guide.md (also linked as ./AGENTS.md) before acting on or describing this instance: it is the operating guide. ('vast-capabilities' shows live state only, not the guide.)
[Wed Jul  1 05:42:03 AM PDT 2026] rsync rc=0; files now: 2
Welcome to vast.ai. If authentication fails, try again after a few seconds, and double check your ssh key.
Have fun!
AI agents: READ /etc/vast-agents-guide.md (also linked as ./AGENTS.md) before acting on or describing this instance: it is the operating guide. ('vast-capabilities' shows live state only, not the guide.)
[Wed Jul  1 05:47:07 AM PDT 2026] rsync rc=0; files now: 2
Welcome to vast.ai. If authentication fails, try again after a few seconds, and double check your ssh key.
Have fun!
AI agents: READ /etc/vast-agents-guide.md (also linked as ./AGENTS.md) before acting on or describing this instance: it is the operating guide. ('vast-capabilities' shows live state only, not the guide.)
[Wed Jul  1 05:52:12 AM PDT 2026] rsync rc=0; files now: 2
Welcome to vast.ai. If authentication fails, try again after a few seconds, and double check your ssh key.
Have fun!
AI agents: READ /etc/vast-agents-guide.md (also linked as ./AGENTS.md) before acting on or describing this instance: it is the operating guide. ('vast-capabilities' shows live state only, not the guide.)
[Wed Jul  1 05:57:18 AM PDT 2026] rsync rc=0; files now: 2
Welcome to vast.ai. If authentication fails, try again after a few seconds, and double check your ssh key.
Have fun!
AI agents: READ /etc/vast-agents-guide.md (also linked as ./AGENTS.md) before acting on or describing this instance: it is the operating guide. ('vast-capabilities' shows live state only, not the guide.)
[Wed Jul  1 06:02:26 AM PDT 2026] rsync rc=0; files now: 2
Welcome to vast.ai. If authentication fails, try again after a few seconds, and double check your ssh key.
Have fun!
AI agents: READ /etc/vast-agents-guide.md (also linked as ./AGENTS.md) before acting on or describing this instance: it is the operating guide. ('vast-capabilities' shows live state only, not the guide.)
[Wed Jul  1 06:07:31 AM PDT 2026] rsync rc=0; files now: 2
Welcome to vast.ai. If authentication fails, try again after a few seconds, and double check your ssh key.
Have fun!
AI agents: READ /etc/vast-agents-guide.md (also linked as ./AGENTS.md) before acting on or describing this instance: it is the operating guide. ('vast-capabilities' shows live state only, not the guide.)
[Wed Jul  1 06:12:35 AM PDT 2026] rsync rc=0; files now: 2
Welcome to vast.ai. If authentication fails, try again after a few seconds, and double check your ssh key.
Have fun!
AI agents: READ /etc/vast-agents-guide.md (also linked as ./AGENTS.md) before acting on or describing this instance: it is the operating guide. ('vast-capabilities' shows live state only, not the guide.)
[Wed Jul  1 06:17:39 AM PDT 2026] rsync rc=0; files now: 2
Welcome to vast.ai. If authentication fails, try again after a few seconds, and double check your ssh key.
Have fun!
AI agents: READ /etc/vast-agents-guide.md (also linked as ./AGENTS.md) before acting on or describing this instance: it is the operating guide. ('vast-capabilities' shows live state only, not the guide.)
[Wed Jul  1 06:22:44 AM PDT 2026] rsync rc=0; files now: 2
Welcome to vast.ai. If authentication fails, try again after a few seconds, and double check your ssh key.
Have fun!
AI agents: READ /etc/vast-agents-guide.md (also linked as ./AGENTS.md) before acting on or describing this instance: it is the operating guide. ('vast-capabilities' shows live state only, not the guide.)
[Wed Jul  1 06:27:49 AM PDT 2026] rsync rc=0; files now: 2
Welcome to vast.ai. If authentication fails, try again after a few seconds, and double check your ssh key.
Have fun!
AI agents: READ /etc/vast-agents-guide.md (also linked as ./AGENTS.md) before acting on or describing this instance: it is the operating guide. ('vast-capabilities' shows live state only, not the guide.)
[Wed Jul  1 06:32:53 AM PDT 2026] rsync rc=0; files now: 2
Welcome to vast.ai. If authentication fails, try again after a few seconds, and double check your ssh key.
Have fun!
AI agents: READ /etc/vast-agents-guide.md (also linked as ./AGENTS.md) before acting on or describing this instance: it is the operating guide. ('vast-capabilities' shows live state only, not the guide.)
[Wed Jul  1 06:37:58 AM PDT 2026] rsync rc=0; files now: 2
Welcome to vast.ai. If authentication fails, try again after a few seconds, and double check your ssh key.
Have fun!
AI agents: READ /etc/vast-agents-guide.md (also linked as ./AGENTS.md) before acting on or describing this instance: it is the operating guide. ('vast-capabilities' shows live state only, not the guide.)
[Wed Jul  1 06:43:05 AM PDT 2026] rsync rc=0; files now: 2
Welcome to vast.ai. If authentication fails, try again after a few seconds, and double check your ssh key.
Have fun!
AI agents: READ /etc/vast-agents-guide.md (also linked as ./AGENTS.md) before acting on or describing this instance: it is the operating guide. ('vast-capabilities' shows live state only, not the guide.)
[Wed Jul  1 06:48:09 AM PDT 2026] rsync rc=0; files now: 2
Welcome to vast.ai. If authentication fails, try again after a few seconds, and double check your ssh key.
Have fun!
AI agents: READ /etc/vast-agents-guide.md (also linked as ./AGENTS.md) before acting on or describing this instance: it is the operating guide. ('vast-capabilities' shows live state only, not the guide.)
[Wed Jul  1 06:53:16 AM PDT 2026] rsync rc=0; files now: 2
Welcome to vast.ai. If authentication fails, try again after a few seconds, and double check your ssh key.
Have fun!
AI agents: READ /etc/vast-agents-guide.md (also linked as ./AGENTS.md) before acting on or describing this instance: it is the operating guide. ('vast-capabilities' shows live state only, not the guide.)
[Wed Jul  1 06:58:23 AM PDT 2026] rsync rc=0; files now: 2
Welcome to vast.ai. If authentication fails, try again after a few seconds, and double check your ssh key.
Have fun!
AI agents: READ /etc/vast-agents-guide.md (also linked as ./AGENTS.md) before acting on or describing this instance: it is the operating guide. ('vast-capabilities' shows live state only, not the guide.)
[Wed Jul  1 07:03:27 AM PDT 2026] rsync rc=0; files now: 2
Welcome to vast.ai. If authentication fails, try again after a few seconds, and double check your ssh key.
Have fun!
AI agents: READ /etc/vast-agents-guide.md (also linked as ./AGENTS.md) before acting on or describing this instance: it is the operating guide. ('vast-capabilities' shows live state only, not the guide.)
[Wed Jul  1 07:08:32 AM PDT 2026] rsync rc=0; files now: 2
Welcome to vast.ai. If authentication fails, try again after a few seconds, and double check your ssh key.
Have fun!
AI agents: READ /etc/vast-agents-guide.md (also linked as ./AGENTS.md) before acting on or describing this instance: it is the operating guide. ('vast-capabilities' shows live state only, not the guide.)
[Wed Jul  1 07:13:36 AM PDT 2026] rsync rc=0; files now: 2
Welcome to vast.ai. If authentication fails, try again after a few seconds, and double check your ssh key.
Have fun!
AI agents: READ /etc/vast-agents-guide.md (also linked as ./AGENTS.md) before acting on or describing this instance: it is the operating guide. ('vast-capabilities' shows live state only, not the guide.)
[Wed Jul  1 07:18:41 AM PDT 2026] rsync rc=0; files now: 2
Welcome to vast.ai. If authentication fails, try again after a few seconds, and double check your ssh key.
Have fun!
AI agents: READ /etc/vast-agents-guide.md (also linked as ./AGENTS.md) before acting on or describing this instance: it is the operating guide. ('vast-capabilities' shows live state only, not the guide.)
[Wed Jul  1 07:23:46 AM PDT 2026] rsync rc=0; files now: 2
Welcome to vast.ai. If authentication fails, try again after a few seconds, and double check your ssh key.
Have fun!
AI agents: READ /etc/vast-agents-guide.md (also linked as ./AGENTS.md) before acting on or describing this instance: it is the operating guide. ('vast-capabilities' shows live state only, not the guide.)
[Wed Jul  1 07:28:50 AM PDT 2026] rsync rc=0; files now: 2
Welcome to vast.ai. If authentication fails, try again after a few seconds, and double check your ssh key.
Have fun!
AI agents: READ /etc/vast-agents-guide.md (also linked as ./AGENTS.md) before acting on or describing this instance: it is the operating guide. ('vast-capabilities' shows live state only, not the guide.)
[Wed Jul  1 07:33:55 AM PDT 2026] rsync rc=0; files now: 2
Welcome to vast.ai. If authentication fails, try again after a few seconds, and double check your ssh key.
Have fun!
AI agents: READ /etc/vast-agents-guide.md (also linked as ./AGENTS.md) before acting on or describing this instance: it is the operating guide. ('vast-capabilities' shows live state only, not the guide.)
[Wed Jul  1 07:38:59 AM PDT 2026] rsync rc=0; files now: 2
Welcome to vast.ai. If authentication fails, try again after a few seconds, and double check your ssh key.
Have fun!
AI agents: READ /etc/vast-agents-guide.md (also linked as ./AGENTS.md) before acting on or describing this instance: it is the operating guide. ('vast-capabilities' shows live state only, not the guide.)
[Wed Jul  1 07:44:04 AM PDT 2026] rsync rc=0; files now: 2
Welcome to vast.ai. If authentication fails, try again after a few seconds, and double check your ssh key.
Have fun!
AI agents: READ /etc/vast-agents-guide.md (also linked as ./AGENTS.md) before acting on or describing this instance: it is the operating guide. ('vast-capabilities' shows live state only, not the guide.)
[Wed Jul  1 07:49:08 AM PDT 2026] rsync rc=0; files now: 2
Welcome to vast.ai. If authentication fails, try again after a few seconds, and double check your ssh key.
Have fun!
AI agents: READ /etc/vast-agents-guide.md (also linked as ./AGENTS.md) before acting on or describing this instance: it is the operating guide. ('vast-capabilities' shows live state only, not the guide.)
[Wed Jul  1 07:54:12 AM PDT 2026] rsync rc=0; files now: 2
Welcome to vast.ai. If authentication fails, try again after a few seconds, and double check your ssh key.
Have fun!
AI agents: READ /etc/vast-agents-guide.md (also linked as ./AGENTS.md) before acting on or describing this instance: it is the operating guide. ('vast-capabilities' shows live state only, not the guide.)
[Wed Jul  1 07:59:17 AM PDT 2026] rsync rc=0; files now: 2
Welcome to vast.ai. If authentication fails, try again after a few seconds, and double check your ssh key.
Have fun!
AI agents: READ /etc/vast-agents-guide.md (also linked as ./AGENTS.md) before acting on or describing this instance: it is the operating guide. ('vast-capabilities' shows live state only, not the guide.)
[Wed Jul  1 08:04:22 AM PDT 2026] rsync rc=0; files now: 2
Welcome to vast.ai. If authentication fails, try again after a few seconds, and double check your ssh key.
Have fun!
AI agents: READ /etc/vast-agents-guide.md (also linked as ./AGENTS.md) before acting on or describing this instance: it is the operating guide. ('vast-capabilities' shows live state only, not the guide.)
[Wed Jul  1 08:09:26 AM PDT 2026] rsync rc=0; files now: 2
Welcome to vast.ai. If authentication fails, try again after a few seconds, and double check your ssh key.
Have fun!
AI agents: READ /etc/vast-agents-guide.md (also linked as ./AGENTS.md) before acting on or describing this instance: it is the operating guide. ('vast-capabilities' shows live state only, not the guide.)
[Wed Jul  1 08:14:31 AM PDT 2026] rsync rc=0; files now: 2
Welcome to vast.ai. If authentication fails, try again after a few seconds, and double check your ssh key.
Have fun!
AI agents: READ /etc/vast-agents-guide.md (also linked as ./AGENTS.md) before acting on or describing this instance: it is the operating guide. ('vast-capabilities' shows live state only, not the guide.)
[Wed Jul  1 08:19:35 AM PDT 2026] rsync rc=0; files now: 2
Welcome to vast.ai. If authentication fails, try again after a few seconds, and double check your ssh key.
Have fun!
AI agents: READ /etc/vast-agents-guide.md (also linked as ./AGENTS.md) before acting on or describing this instance: it is the operating guide. ('vast-capabilities' shows live state only, not the guide.)
[Wed Jul  1 08:24:41 AM PDT 2026] rsync rc=0; files now: 2
Welcome to vast.ai. If authentication fails, try again after a few seconds, and double check your ssh key.
Have fun!
AI agents: READ /etc/vast-agents-guide.md (also linked as ./AGENTS.md) before acting on or describing this instance: it is the operating guide. ('vast-capabilities' shows live state only, not the guide.)
[Wed Jul  1 08:29:50 AM PDT 2026] rsync rc=0; files now: 2
Welcome to vast.ai. If authentication fails, try again after a few seconds, and double check your ssh key.
Have fun!
AI agents: READ /etc/vast-agents-guide.md (also linked as ./AGENTS.md) before acting on or describing this instance: it is the operating guide. ('vast-capabilities' shows live state only, not the guide.)
[Wed Jul  1 08:34:58 AM PDT 2026] rsync rc=0; files now: 2
Welcome to vast.ai. If authentication fails, try again after a few seconds, and double check your ssh key.
Have fun!
AI agents: READ /etc/vast-agents-guide.md (also linked as ./AGENTS.md) before acting on or describing this instance: it is the operating guide. ('vast-capabilities' shows live state only, not the guide.)
[Wed Jul  1 08:40:07 AM PDT 2026] rsync rc=0; files now: 2
Welcome to vast.ai. If authentication fails, try again after a few seconds, and double check your ssh key.
Have fun!
AI agents: READ /etc/vast-agents-guide.md (also linked as ./AGENTS.md) before acting on or describing this instance: it is the operating guide. ('vast-capabilities' shows live state only, not the guide.)
[Wed Jul  1 08:45:13 AM PDT 2026] rsync rc=0; files now: 2
Welcome to vast.ai. If authentication fails, try again after a few seconds, and double check your ssh key.
Have fun!
AI agents: READ /etc/vast-agents-guide.md (also linked as ./AGENTS.md) before acting on or describing this instance: it is the operating guide. ('vast-capabilities' shows live state only, not the guide.)
[Wed Jul  1 08:50:18 AM PDT 2026] rsync rc=0; files now: 2
Welcome to vast.ai. If authentication fails, try again after a few seconds, and double check your ssh key.
Have fun!
AI agents: READ /etc/vast-agents-guide.md (also linked as ./AGENTS.md) before acting on or describing this instance: it is the operating guide. ('vast-capabilities' shows live state only, not the guide.)
[Wed Jul  1 08:55:22 AM PDT 2026] rsync rc=0; files now: 2
Welcome to vast.ai. If authentication fails, try again after a few seconds, and double check your ssh key.
Have fun!
AI agents: READ /etc/vast-agents-guide.md (also linked as ./AGENTS.md) before acting on or describing this instance: it is the operating guide. ('vast-capabilities' shows live state only, not the guide.)
[Wed Jul  1 09:00:27 AM PDT 2026] rsync rc=0; files now: 2
Welcome to vast.ai. If authentication fails, try again after a few seconds, and double check your ssh key.
Have fun!
AI agents: READ /etc/vast-agents-guide.md (also linked as ./AGENTS.md) before acting on or describing this instance: it is the operating guide. ('vast-capabilities' shows live state only, not the guide.)
[Wed Jul  1 09:05:31 AM PDT 2026] rsync rc=0; files now: 2
Welcome to vast.ai. If authentication fails, try again after a few seconds, and double check your ssh key.
Have fun!
AI agents: READ /etc/vast-agents-guide.md (also linked as ./AGENTS.md) before acting on or describing this instance: it is the operating guide. ('vast-capabilities' shows live state only, not the guide.)
[Wed Jul  1 09:10:37 AM PDT 2026] rsync rc=0; files now: 2
Welcome to vast.ai. If authentication fails, try again after a few seconds, and double check your ssh key.
Have fun!
AI agents: READ /etc/vast-agents-guide.md (also linked as ./AGENTS.md) before acting on or describing this instance: it is the operating guide. ('vast-capabilities' shows live state only, not the guide.)
[Wed Jul  1 09:15:48 AM PDT 2026] rsync rc=0; files now: 2
Welcome to vast.ai. If authentication fails, try again after a few seconds, and double check your ssh key.
Have fun!
AI agents: READ /etc/vast-agents-guide.md (also linked as ./AGENTS.md) before acting on or describing this instance: it is the operating guide. ('vast-capabilities' shows live state only, not the guide.)
[Wed Jul  1 09:20:53 AM PDT 2026] rsync rc=0; files now: 2
Welcome to vast.ai. If authentication fails, try again after a few seconds, and double check your ssh key.
Have fun!
AI agents: READ /etc/vast-agents-guide.md (also linked as ./AGENTS.md) before acting on or describing this instance: it is the operating guide. ('vast-capabilities' shows live state only, not the guide.)
[Wed Jul  1 09:25:57 AM PDT 2026] rsync rc=0; files now: 2
Welcome to vast.ai. If authentication fails, try again after a few seconds, and double check your ssh key.
Have fun!
AI agents: READ /etc/vast-agents-guide.md (also linked as ./AGENTS.md) before acting on or describing this instance: it is the operating guide. ('vast-capabilities' shows live state only, not the guide.)
[Wed Jul  1 09:31:02 AM PDT 2026] rsync rc=0; files now: 2
Welcome to vast.ai. If authentication fails, try again after a few seconds, and double check your ssh key.
Have fun!
AI agents: READ /etc/vast-agents-guide.md (also linked as ./AGENTS.md) before acting on or describing this instance: it is the operating guide. ('vast-capabilities' shows live state only, not the guide.)
[Wed Jul  1 09:36:06 AM PDT 2026] rsync rc=0; files now: 2
Welcome to vast.ai. If authentication fails, try again after a few seconds, and double check your ssh key.
Have fun!
AI agents: READ /etc/vast-agents-guide.md (also linked as ./AGENTS.md) before acting on or describing this instance: it is the operating guide. ('vast-capabilities' shows live state only, not the guide.)
[Wed Jul  1 09:41:11 AM PDT 2026] rsync rc=0; files now: 2
Welcome to vast.ai. If authentication fails, try again after a few seconds, and double check your ssh key.
Have fun!
AI agents: READ /etc/vast-agents-guide.md (also linked as ./AGENTS.md) before acting on or describing this instance: it is the operating guide. ('vast-capabilities' shows live state only, not the guide.)
[Wed Jul  1 09:46:19 AM PDT 2026] rsync rc=0; files now: 2
Welcome to vast.ai. If authentication fails, try again after a few seconds, and double check your ssh key.
Have fun!
AI agents: READ /etc/vast-agents-guide.md (also linked as ./AGENTS.md) before acting on or describing this instance: it is the operating guide. ('vast-capabilities' shows live state only, not the guide.)
[Wed Jul  1 09:51:28 AM PDT 2026] rsync rc=0; files now: 2
Welcome to vast.ai. If authentication fails, try again after a few seconds, and double check your ssh key.
Have fun!
AI agents: READ /etc/vast-agents-guide.md (also linked as ./AGENTS.md) before acting on or describing this instance: it is the operating guide. ('vast-capabilities' shows live state only, not the guide.)
[Wed Jul  1 09:56:33 AM PDT 2026] rsync rc=0; files now: 2
Welcome to vast.ai. If authentication fails, try again after a few seconds, and double check your ssh key.
Have fun!
AI agents: READ /etc/vast-agents-guide.md (also linked as ./AGENTS.md) before acting on or describing this instance: it is the operating guide. ('vast-capabilities' shows live state only, not the guide.)
[Wed Jul  1 10:01:37 AM PDT 2026] rsync rc=0; files now: 2
Welcome to vast.ai. If authentication fails, try again after a few seconds, and double check your ssh key.
Have fun!
AI agents: READ /etc/vast-agents-guide.md (also linked as ./AGENTS.md) before acting on or describing this instance: it is the operating guide. ('vast-capabilities' shows live state only, not the guide.)
[Wed Jul  1 10:06:42 AM PDT 2026] rsync rc=0; files now: 2
Welcome to vast.ai. If authentication fails, try again after a few seconds, and double check your ssh key.
Have fun!
AI agents: READ /etc/vast-agents-guide.md (also linked as ./AGENTS.md) before acting on or describing this instance: it is the operating guide. ('vast-capabilities' shows live state only, not the guide.)
[Wed Jul  1 10:11:50 AM PDT 2026] rsync rc=0; files now: 2
Welcome to vast.ai. If authentication fails, try again after a few seconds, and double check your ssh key.
Have fun!
AI agents: READ /etc/vast-agents-guide.md (also linked as ./AGENTS.md) before acting on or describing this instance: it is the operating guide. ('vast-capabilities' shows live state only, not the guide.)
[Wed Jul  1 10:16:54 AM PDT 2026] rsync rc=0; files now: 2
Welcome to vast.ai. If authentication fails, try again after a few seconds, and double check your ssh key.
Have fun!
AI agents: READ /etc/vast-agents-guide.md (also linked as ./AGENTS.md) before acting on or describing this instance: it is the operating guide. ('vast-capabilities' shows live state only, not the guide.)
[Wed Jul  1 10:21:59 AM PDT 2026] rsync rc=0; files now: 2
Welcome to vast.ai. If authentication fails, try again after a few seconds, and double check your ssh key.
Have fun!
AI agents: READ /etc/vast-agents-guide.md (also linked as ./AGENTS.md) before acting on or describing this instance: it is the operating guide. ('vast-capabilities' shows live state only, not the guide.)
[Wed Jul  1 10:27:03 AM PDT 2026] rsync rc=0; files now: 2
Welcome to vast.ai. If authentication fails, try again after a few seconds, and double check your ssh key.
Have fun!
AI agents: READ /etc/vast-agents-guide.md (also linked as ./AGENTS.md) before acting on or describing this instance: it is the operating guide. ('vast-capabilities' shows live state only, not the guide.)
[Wed Jul  1 10:32:08 AM PDT 2026] rsync rc=0; files now: 2
Welcome to vast.ai. If authentication fails, try again after a few seconds, and double check your ssh key.
Have fun!
AI agents: READ /etc/vast-agents-guide.md (also linked as ./AGENTS.md) before acting on or describing this instance: it is the operating guide. ('vast-capabilities' shows live state only, not the guide.)
[Wed Jul  1 10:37:12 AM PDT 2026] rsync rc=0; files now: 2
Welcome to vast.ai. If authentication fails, try again after a few seconds, and double check your ssh key.
Have fun!
AI agents: READ /etc/vast-agents-guide.md (also linked as ./AGENTS.md) before acting on or describing this instance: it is the operating guide. ('vast-capabilities' shows live state only, not the guide.)
[Wed Jul  1 10:42:17 AM PDT 2026] rsync rc=0; files now: 2
Welcome to vast.ai. If authentication fails, try again after a few seconds, and double check your ssh key.
Have fun!
AI agents: READ /etc/vast-agents-guide.md (also linked as ./AGENTS.md) before acting on or describing this instance: it is the operating guide. ('vast-capabilities' shows live state only, not the guide.)
[Wed Jul  1 10:47:21 AM PDT 2026] rsync rc=0; files now: 2
Welcome to vast.ai. If authentication fails, try again after a few seconds, and double check your ssh key.
Have fun!
AI agents: READ /etc/vast-agents-guide.md (also linked as ./AGENTS.md) before acting on or describing this instance: it is the operating guide. ('vast-capabilities' shows live state only, not the guide.)
[Wed Jul  1 10:52:26 AM PDT 2026] rsync rc=0; files now: 2
Welcome to vast.ai. If authentication fails, try again after a few seconds, and double check your ssh key.
Have fun!
AI agents: READ /etc/vast-agents-guide.md (also linked as ./AGENTS.md) before acting on or describing this instance: it is the operating guide. ('vast-capabilities' shows live state only, not the guide.)
[Wed Jul  1 10:57:31 AM PDT 2026] rsync rc=0; files now: 2
Welcome to vast.ai. If authentication fails, try again after a few seconds, and double check your ssh key.
Have fun!
AI agents: READ /etc/vast-agents-guide.md (also linked as ./AGENTS.md) before acting on or describing this instance: it is the operating guide. ('vast-capabilities' shows live state only, not the guide.)
[Wed Jul  1 11:02:36 AM PDT 2026] rsync rc=0; files now: 2
Welcome to vast.ai. If authentication fails, try again after a few seconds, and double check your ssh key.
Have fun!
AI agents: READ /etc/vast-agents-guide.md (also linked as ./AGENTS.md) before acting on or describing this instance: it is the operating guide. ('vast-capabilities' shows live state only, not the guide.)
[Wed Jul  1 11:07:43 AM PDT 2026] rsync rc=0; files now: 2
Welcome to vast.ai. If authentication fails, try again after a few seconds, and double check your ssh key.
Have fun!
AI agents: READ /etc/vast-agents-guide.md (also linked as ./AGENTS.md) before acting on or describing this instance: it is the operating guide. ('vast-capabilities' shows live state only, not the guide.)
[Wed Jul  1 11:12:48 AM PDT 2026] rsync rc=0; files now: 2
Welcome to vast.ai. If authentication fails, try again after a few seconds, and double check your ssh key.
Have fun!
AI agents: READ /etc/vast-agents-guide.md (also linked as ./AGENTS.md) before acting on or describing this instance: it is the operating guide. ('vast-capabilities' shows live state only, not the guide.)
[Wed Jul  1 11:17:53 AM PDT 2026] rsync rc=0; files now: 2
Welcome to vast.ai. If authentication fails, try again after a few seconds, and double check your ssh key.
Have fun!
AI agents: READ /etc/vast-agents-guide.md (also linked as ./AGENTS.md) before acting on or describing this instance: it is the operating guide. ('vast-capabilities' shows live state only, not the guide.)
[Wed Jul  1 11:22:57 AM PDT 2026] rsync rc=0; files now: 2
Welcome to vast.ai. If authentication fails, try again after a few seconds, and double check your ssh key.
Have fun!
AI agents: READ /etc/vast-agents-guide.md (also linked as ./AGENTS.md) before acting on or describing this instance: it is the operating guide. ('vast-capabilities' shows live state only, not the guide.)
[Wed Jul  1 11:28:01 AM PDT 2026] rsync rc=0; files now: 2
Welcome to vast.ai. If authentication fails, try again after a few seconds, and double check your ssh key.
Have fun!
AI agents: READ /etc/vast-agents-guide.md (also linked as ./AGENTS.md) before acting on or describing this instance: it is the operating guide. ('vast-capabilities' shows live state only, not the guide.)
[Wed Jul  1 11:33:06 AM PDT 2026] rsync rc=0; files now: 2
Welcome to vast.ai. If authentication fails, try again after a few seconds, and double check your ssh key.
Have fun!
AI agents: READ /etc/vast-agents-guide.md (also linked as ./AGENTS.md) before acting on or describing this instance: it is the operating guide. ('vast-capabilities' shows live state only, not the guide.)
[Wed Jul  1 11:38:10 AM PDT 2026] rsync rc=0; files now: 2
Welcome to vast.ai. If authentication fails, try again after a few seconds, and double check your ssh key.
Have fun!
AI agents: READ /etc/vast-agents-guide.md (also linked as ./AGENTS.md) before acting on or describing this instance: it is the operating guide. ('vast-capabilities' shows live state only, not the guide.)
[Wed Jul  1 11:43:15 AM PDT 2026] rsync rc=0; files now: 2
Welcome to vast.ai. If authentication fails, try again after a few seconds, and double check your ssh key.
Have fun!
AI agents: READ /etc/vast-agents-guide.md (also linked as ./AGENTS.md) before acting on or describing this instance: it is the operating guide. ('vast-capabilities' shows live state only, not the guide.)
[Wed Jul  1 11:48:19 AM PDT 2026] rsync rc=0; files now: 2
Welcome to vast.ai. If authentication fails, try again after a few seconds, and double check your ssh key.
Have fun!
AI agents: READ /etc/vast-agents-guide.md (also linked as ./AGENTS.md) before acting on or describing this instance: it is the operating guide. ('vast-capabilities' shows live state only, not the guide.)
[Wed Jul  1 11:53:29 AM PDT 2026] rsync rc=0; files now: 2
Welcome to vast.ai. If authentication fails, try again after a few seconds, and double check your ssh key.
Have fun!
AI agents: READ /etc/vast-agents-guide.md (also linked as ./AGENTS.md) before acting on or describing this instance: it is the operating guide. ('vast-capabilities' shows live state only, not the guide.)
[Wed Jul  1 11:58:35 AM PDT 2026] rsync rc=0; files now: 2
Welcome to vast.ai. If authentication fails, try again after a few seconds, and double check your ssh key.
Have fun!
AI agents: READ /etc/vast-agents-guide.md (also linked as ./AGENTS.md) before acting on or describing this instance: it is the operating guide. ('vast-capabilities' shows live state only, not the guide.)
[Wed Jul  1 12:03:47 PM PDT 2026] rsync rc=0; files now: 2
Welcome to vast.ai. If authentication fails, try again after a few seconds, and double check your ssh key.
Have fun!
AI agents: READ /etc/vast-agents-guide.md (also linked as ./AGENTS.md) before acting on or describing this instance: it is the operating guide. ('vast-capabilities' shows live state only, not the guide.)
[Wed Jul  1 12:08:51 PM PDT 2026] rsync rc=0; files now: 2
Welcome to vast.ai. If authentication fails, try again after a few seconds, and double check your ssh key.
Have fun!
AI agents: READ /etc/vast-agents-guide.md (also linked as ./AGENTS.md) before acting on or describing this instance: it is the operating guide. ('vast-capabilities' shows live state only, not the guide.)
[Wed Jul  1 12:13:56 PM PDT 2026] rsync rc=0; files now: 2
Welcome to vast.ai. If authentication fails, try again after a few seconds, and double check your ssh key.
Have fun!
AI agents: READ /etc/vast-agents-guide.md (also linked as ./AGENTS.md) before acting on or describing this instance: it is the operating guide. ('vast-capabilities' shows live state only, not the guide.)
[Wed Jul  1 12:19:00 PM PDT 2026] rsync rc=0; files now: 2
Welcome to vast.ai. If authentication fails, try again after a few seconds, and double check your ssh key.
Have fun!
AI agents: READ /etc/vast-agents-guide.md (also linked as ./AGENTS.md) before acting on or describing this instance: it is the operating guide. ('vast-capabilities' shows live state only, not the guide.)
[Wed Jul  1 12:24:05 PM PDT 2026] rsync rc=0; files now: 2
Welcome to vast.ai. If authentication fails, try again after a few seconds, and double check your ssh key.
Have fun!
AI agents: READ /etc/vast-agents-guide.md (also linked as ./AGENTS.md) before acting on or describing this instance: it is the operating guide. ('vast-capabilities' shows live state only, not the guide.)
[Wed Jul  1 12:29:09 PM PDT 2026] rsync rc=0; files now: 3
Welcome to vast.ai. If authentication fails, try again after a few seconds, and double check your ssh key.
Have fun!
AI agents: READ /etc/vast-agents-guide.md (also linked as ./AGENTS.md) before acting on or describing this instance: it is the operating guide. ('vast-capabilities' shows live state only, not the guide.)
[Wed Jul  1 12:34:14 PM PDT 2026] rsync rc=0; files now: 3
Welcome to vast.ai. If authentication fails, try again after a few seconds, and double check your ssh key.
Have fun!
AI agents: READ /etc/vast-agents-guide.md (also linked as ./AGENTS.md) before acting on or describing this instance: it is the operating guide. ('vast-capabilities' shows live state only, not the guide.)
[Wed Jul  1 12:39:19 PM PDT 2026] rsync rc=0; files now: 3
Welcome to vast.ai. If authentication fails, try again after a few seconds, and double check your ssh key.
Have fun!
AI agents: READ /etc/vast-agents-guide.md (also linked as ./AGENTS.md) before acting on or describing this instance: it is the operating guide. ('vast-capabilities' shows live state only, not the guide.)
[Wed Jul  1 12:44:24 PM PDT 2026] rsync rc=0; files now: 3
Welcome to vast.ai. If authentication fails, try again after a few seconds, and double check your ssh key.
Have fun!
AI agents: READ /etc/vast-agents-guide.md (also linked as ./AGENTS.md) before acting on or describing this instance: it is the operating guide. ('vast-capabilities' shows live state only, not the guide.)
[Wed Jul  1 12:49:29 PM PDT 2026] rsync rc=0; files now: 3
Welcome to vast.ai. If authentication fails, try again after a few seconds, and double check your ssh key.
Have fun!
AI agents: READ /etc/vast-agents-guide.md (also linked as ./AGENTS.md) before acting on or describing this instance: it is the operating guide. ('vast-capabilities' shows live state only, not the guide.)
[Wed Jul  1 12:54:34 PM PDT 2026] rsync rc=0; files now: 3
Welcome to vast.ai. If authentication fails, try again after a few seconds, and double check your ssh key.
Have fun!
AI agents: READ /etc/vast-agents-guide.md (also linked as ./AGENTS.md) before acting on or describing this instance: it is the operating guide. ('vast-capabilities' shows live state only, not the guide.)
[Wed Jul  1 12:59:38 PM PDT 2026] rsync rc=0; files now: 3
Welcome to vast.ai. If authentication fails, try again after a few seconds, and double check your ssh key.
Have fun!
AI agents: READ /etc/vast-agents-guide.md (also linked as ./AGENTS.md) before acting on or describing this instance: it is the operating guide. ('vast-capabilities' shows live state only, not the guide.)
[Wed Jul  1 01:04:42 PM PDT 2026] rsync rc=0; files now: 3
Welcome to vast.ai. If authentication fails, try again after a few seconds, and double check your ssh key.
Have fun!
AI agents: READ /etc/vast-agents-guide.md (also linked as ./AGENTS.md) before acting on or describing this instance: it is the operating guide. ('vast-capabilities' shows live state only, not the guide.)
[Wed Jul  1 01:09:47 PM PDT 2026] rsync rc=0; files now: 3
Welcome to vast.ai. If authentication fails, try again after a few seconds, and double check your ssh key.
Have fun!
AI agents: READ /etc/vast-agents-guide.md (also linked as ./AGENTS.md) before acting on or describing this instance: it is the operating guide. ('vast-capabilities' shows live state only, not the guide.)
[Wed Jul  1 01:14:51 PM PDT 2026] rsync rc=0; files now: 3
Welcome to vast.ai. If authentication fails, try again after a few seconds, and double check your ssh key.
Have fun!
AI agents: READ /etc/vast-agents-guide.md (also linked as ./AGENTS.md) before acting on or describing this instance: it is the operating guide. ('vast-capabilities' shows live state only, not the guide.)
[Wed Jul  1 01:19:55 PM PDT 2026] rsync rc=0; files now: 3
Welcome to vast.ai. If authentication fails, try again after a few seconds, and double check your ssh key.
Have fun!
AI agents: READ /etc/vast-agents-guide.md (also linked as ./AGENTS.md) before acting on or describing this instance: it is the operating guide. ('vast-capabilities' shows live state only, not the guide.)
[Wed Jul  1 01:25:00 PM PDT 2026] rsync rc=0; files now: 3
Welcome to vast.ai. If authentication fails, try again after a few seconds, and double check your ssh key.
Have fun!
AI agents: READ /etc/vast-agents-guide.md (also linked as ./AGENTS.md) before acting on or describing this instance: it is the operating guide. ('vast-capabilities' shows live state only, not the guide.)
[Wed Jul  1 01:30:04 PM PDT 2026] rsync rc=0; files now: 3
Welcome to vast.ai. If authentication fails, try again after a few seconds, and double check your ssh key.
Have fun!
AI agents: READ /etc/vast-agents-guide.md (also linked as ./AGENTS.md) before acting on or describing this instance: it is the operating guide. ('vast-capabilities' shows live state only, not the guide.)
[Wed Jul  1 01:35:09 PM PDT 2026] rsync rc=0; files now: 3
Welcome to vast.ai. If authentication fails, try again after a few seconds, and double check your ssh key.
Have fun!
AI agents: READ /etc/vast-agents-guide.md (also linked as ./AGENTS.md) before acting on or describing this instance: it is the operating guide. ('vast-capabilities' shows live state only, not the guide.)
[Wed Jul  1 01:40:14 PM PDT 2026] rsync rc=0; files now: 3
Welcome to vast.ai. If authentication fails, try again after a few seconds, and double check your ssh key.
Have fun!
AI agents: READ /etc/vast-agents-guide.md (also linked as ./AGENTS.md) before acting on or describing this instance: it is the operating guide. ('vast-capabilities' shows live state only, not the guide.)
[Wed Jul  1 01:45:18 PM PDT 2026] rsync rc=0; files now: 3
Welcome to vast.ai. If authentication fails, try again after a few seconds, and double check your ssh key.
Have fun!
AI agents: READ /etc/vast-agents-guide.md (also linked as ./AGENTS.md) before acting on or describing this instance: it is the operating guide. ('vast-capabilities' shows live state only, not the guide.)
[Wed Jul  1 01:50:23 PM PDT 2026] rsync rc=0; files now: 3
Welcome to vast.ai. If authentication fails, try again after a few seconds, and double check your ssh key.
Have fun!
AI agents: READ /etc/vast-agents-guide.md (also linked as ./AGENTS.md) before acting on or describing this instance: it is the operating guide. ('vast-capabilities' shows live state only, not the guide.)
[Wed Jul  1 01:55:27 PM PDT 2026] rsync rc=0; files now: 3
Welcome to vast.ai. If authentication fails, try again after a few seconds, and double check your ssh key.
Have fun!
AI agents: READ /etc/vast-agents-guide.md (also linked as ./AGENTS.md) before acting on or describing this instance: it is the operating guide. ('vast-capabilities' shows live state only, not the guide.)
[Wed Jul  1 02:00:32 PM PDT 2026] rsync rc=0; files now: 3
Welcome to vast.ai. If authentication fails, try again after a few seconds, and double check your ssh key.
Have fun!
AI agents: READ /etc/vast-agents-guide.md (also linked as ./AGENTS.md) before acting on or describing this instance: it is the operating guide. ('vast-capabilities' shows live state only, not the guide.)
[Wed Jul  1 02:05:36 PM PDT 2026] rsync rc=0; files now: 3
Welcome to vast.ai. If authentication fails, try again after a few seconds, and double check your ssh key.
Have fun!
AI agents: READ /etc/vast-agents-guide.md (also linked as ./AGENTS.md) before acting on or describing this instance: it is the operating guide. ('vast-capabilities' shows live state only, not the guide.)
[Wed Jul  1 02:10:41 PM PDT 2026] rsync rc=0; files now: 3
Welcome to vast.ai. If authentication fails, try again after a few seconds, and double check your ssh key.
Have fun!
AI agents: READ /etc/vast-agents-guide.md (also linked as ./AGENTS.md) before acting on or describing this instance: it is the operating guide. ('vast-capabilities' shows live state only, not the guide.)
[Wed Jul  1 02:15:45 PM PDT 2026] rsync rc=0; files now: 3
Welcome to vast.ai. If authentication fails, try again after a few seconds, and double check your ssh key.
Have fun!
AI agents: READ /etc/vast-agents-guide.md (also linked as ./AGENTS.md) before acting on or describing this instance: it is the operating guide. ('vast-capabilities' shows live state only, not the guide.)
[Wed Jul  1 02:20:50 PM PDT 2026] rsync rc=0; files now: 3
Welcome to vast.ai. If authentication fails, try again after a few seconds, and double check your ssh key.
Have fun!
AI agents: READ /etc/vast-agents-guide.md (also linked as ./AGENTS.md) before acting on or describing this instance: it is the operating guide. ('vast-capabilities' shows live state only, not the guide.)
[Wed Jul  1 02:25:54 PM PDT 2026] rsync rc=0; files now: 3
Welcome to vast.ai. If authentication fails, try again after a few seconds, and double check your ssh key.
Have fun!
AI agents: READ /etc/vast-agents-guide.md (also linked as ./AGENTS.md) before acting on or describing this instance: it is the operating guide. ('vast-capabilities' shows live state only, not the guide.)
[Wed Jul  1 02:30:59 PM PDT 2026] rsync rc=0; files now: 3
Welcome to vast.ai. If authentication fails, try again after a few seconds, and double check your ssh key.
Have fun!
AI agents: READ /etc/vast-agents-guide.md (also linked as ./AGENTS.md) before acting on or describing this instance: it is the operating guide. ('vast-capabilities' shows live state only, not the guide.)
[Wed Jul  1 02:36:03 PM PDT 2026] rsync rc=0; files now: 3
Welcome to vast.ai. If authentication fails, try again after a few seconds, and double check your ssh key.
Have fun!
AI agents: READ /etc/vast-agents-guide.md (also linked as ./AGENTS.md) before acting on or describing this instance: it is the operating guide. ('vast-capabilities' shows live state only, not the guide.)
[Wed Jul  1 02:41:07 PM PDT 2026] rsync rc=0; files now: 3
Welcome to vast.ai. If authentication fails, try again after a few seconds, and double check your ssh key.
Have fun!
AI agents: READ /etc/vast-agents-guide.md (also linked as ./AGENTS.md) before acting on or describing this instance: it is the operating guide. ('vast-capabilities' shows live state only, not the guide.)
[Wed Jul  1 02:46:12 PM PDT 2026] rsync rc=0; files now: 3
Welcome to vast.ai. If authentication fails, try again after a few seconds, and double check your ssh key.
Have fun!
AI agents: READ /etc/vast-agents-guide.md (also linked as ./AGENTS.md) before acting on or describing this instance: it is the operating guide. ('vast-capabilities' shows live state only, not the guide.)
[Wed Jul  1 02:51:16 PM PDT 2026] rsync rc=0; files now: 3
Welcome to vast.ai. If authentication fails, try again after a few seconds, and double check your ssh key.
Have fun!
AI agents: READ /etc/vast-agents-guide.md (also linked as ./AGENTS.md) before acting on or describing this instance: it is the operating guide. ('vast-capabilities' shows live state only, not the guide.)
[Wed Jul  1 02:56:21 PM PDT 2026] rsync rc=0; files now: 3
Welcome to vast.ai. If authentication fails, try again after a few seconds, and double check your ssh key.
Have fun!
AI agents: READ /etc/vast-agents-guide.md (also linked as ./AGENTS.md) before acting on or describing this instance: it is the operating guide. ('vast-capabilities' shows live state only, not the guide.)
[Wed Jul  1 03:01:25 PM PDT 2026] rsync rc=0; files now: 3
Welcome to vast.ai. If authentication fails, try again after a few seconds, and double check your ssh key.
Have fun!
AI agents: READ /etc/vast-agents-guide.md (also linked as ./AGENTS.md) before acting on or describing this instance: it is the operating guide. ('vast-capabilities' shows live state only, not the guide.)
[Wed Jul  1 03:06:30 PM PDT 2026] rsync rc=0; files now: 3
Welcome to vast.ai. If authentication fails, try again after a few seconds, and double check your ssh key.
Have fun!
AI agents: READ /etc/vast-agents-guide.md (also linked as ./AGENTS.md) before acting on or describing this instance: it is the operating guide. ('vast-capabilities' shows live state only, not the guide.)
[Wed Jul  1 03:11:34 PM PDT 2026] rsync rc=0; files now: 3
Welcome to vast.ai. If authentication fails, try again after a few seconds, and double check your ssh key.
Have fun!
AI agents: READ /etc/vast-agents-guide.md (also linked as ./AGENTS.md) before acting on or describing this instance: it is the operating guide. ('vast-capabilities' shows live state only, not the guide.)
[Wed Jul  1 03:16:39 PM PDT 2026] rsync rc=0; files now: 3
Welcome to vast.ai. If authentication fails, try again after a few seconds, and double check your ssh key.
Have fun!
AI agents: READ /etc/vast-agents-guide.md (also linked as ./AGENTS.md) before acting on or describing this instance: it is the operating guide. ('vast-capabilities' shows live state only, not the guide.)
[Wed Jul  1 03:21:43 PM PDT 2026] rsync rc=0; files now: 3
Welcome to vast.ai. If authentication fails, try again after a few seconds, and double check your ssh key.
Have fun!
AI agents: READ /etc/vast-agents-guide.md (also linked as ./AGENTS.md) before acting on or describing this instance: it is the operating guide. ('vast-capabilities' shows live state only, not the guide.)
[Wed Jul  1 03:26:48 PM PDT 2026] rsync rc=0; files now: 3
Welcome to vast.ai. If authentication fails, try again after a few seconds, and double check your ssh key.
Have fun!
AI agents: READ /etc/vast-agents-guide.md (also linked as ./AGENTS.md) before acting on or describing this instance: it is the operating guide. ('vast-capabilities' shows live state only, not the guide.)
[Wed Jul  1 03:31:53 PM PDT 2026] rsync rc=0; files now: 3
Welcome to vast.ai. If authentication fails, try again after a few seconds, and double check your ssh key.
Have fun!
AI agents: READ /etc/vast-agents-guide.md (also linked as ./AGENTS.md) before acting on or describing this instance: it is the operating guide. ('vast-capabilities' shows live state only, not the guide.)
[Wed Jul  1 03:36:57 PM PDT 2026] rsync rc=0; files now: 3
Welcome to vast.ai. If authentication fails, try again after a few seconds, and double check your ssh key.
Have fun!
AI agents: READ /etc/vast-agents-guide.md (also linked as ./AGENTS.md) before acting on or describing this instance: it is the operating guide. ('vast-capabilities' shows live state only, not the guide.)
[Wed Jul  1 03:42:02 PM PDT 2026] rsync rc=0; files now: 3
Welcome to vast.ai. If authentication fails, try again after a few seconds, and double check your ssh key.
Have fun!
AI agents: READ /etc/vast-agents-guide.md (also linked as ./AGENTS.md) before acting on or describing this instance: it is the operating guide. ('vast-capabilities' shows live state only, not the guide.)
[Wed Jul  1 03:47:06 PM PDT 2026] rsync rc=0; files now: 3
Welcome to vast.ai. If authentication fails, try again after a few seconds, and double check your ssh key.
Have fun!
AI agents: READ /etc/vast-agents-guide.md (also linked as ./AGENTS.md) before acting on or describing this instance: it is the operating guide. ('vast-capabilities' shows live state only, not the guide.)
[Wed Jul  1 03:52:10 PM PDT 2026] rsync rc=0; files now: 3
Welcome to vast.ai. If authentication fails, try again after a few seconds, and double check your ssh key.
Have fun!
AI agents: READ /etc/vast-agents-guide.md (also linked as ./AGENTS.md) before acting on or describing this instance: it is the operating guide. ('vast-capabilities' shows live state only, not the guide.)
[Wed Jul  1 03:57:15 PM PDT 2026] rsync rc=0; files now: 3
Welcome to vast.ai. If authentication fails, try again after a few seconds, and double check your ssh key.
Have fun!
AI agents: READ /etc/vast-agents-guide.md (also linked as ./AGENTS.md) before acting on or describing this instance: it is the operating guide. ('vast-capabilities' shows live state only, not the guide.)
[Wed Jul  1 04:02:19 PM PDT 2026] rsync rc=0; files now: 3
Welcome to vast.ai. If authentication fails, try again after a few seconds, and double check your ssh key.
Have fun!
AI agents: READ /etc/vast-agents-guide.md (also linked as ./AGENTS.md) before acting on or describing this instance: it is the operating guide. ('vast-capabilities' shows live state only, not the guide.)
[Wed Jul  1 04:07:24 PM PDT 2026] rsync rc=0; files now: 3
Welcome to vast.ai. If authentication fails, try again after a few seconds, and double check your ssh key.
Have fun!
AI agents: READ /etc/vast-agents-guide.md (also linked as ./AGENTS.md) before acting on or describing this instance: it is the operating guide. ('vast-capabilities' shows live state only, not the guide.)
[Wed Jul  1 04:12:28 PM PDT 2026] rsync rc=0; files now: 3
Welcome to vast.ai. If authentication fails, try again after a few seconds, and double check your ssh key.
Have fun!
AI agents: READ /etc/vast-agents-guide.md (also linked as ./AGENTS.md) before acting on or describing this instance: it is the operating guide. ('vast-capabilities' shows live state only, not the guide.)
[Wed Jul  1 04:17:33 PM PDT 2026] rsync rc=0; files now: 3
Welcome to vast.ai. If authentication fails, try again after a few seconds, and double check your ssh key.
Have fun!
AI agents: READ /etc/vast-agents-guide.md (also linked as ./AGENTS.md) before acting on or describing this instance: it is the operating guide. ('vast-capabilities' shows live state only, not the guide.)
[Wed Jul  1 04:22:37 PM PDT 2026] rsync rc=0; files now: 3
Welcome to vast.ai. If authentication fails, try again after a few seconds, and double check your ssh key.
Have fun!
AI agents: READ /etc/vast-agents-guide.md (also linked as ./AGENTS.md) before acting on or describing this instance: it is the operating guide. ('vast-capabilities' shows live state only, not the guide.)
[Wed Jul  1 04:27:42 PM PDT 2026] rsync rc=0; files now: 3
Welcome to vast.ai. If authentication fails, try again after a few seconds, and double check your ssh key.
Have fun!
AI agents: READ /etc/vast-agents-guide.md (also linked as ./AGENTS.md) before acting on or describing this instance: it is the operating guide. ('vast-capabilities' shows live state only, not the guide.)
[Wed Jul  1 04:32:46 PM PDT 2026] rsync rc=0; files now: 3
Welcome to vast.ai. If authentication fails, try again after a few seconds, and double check your ssh key.
Have fun!
AI agents: READ /etc/vast-agents-guide.md (also linked as ./AGENTS.md) before acting on or describing this instance: it is the operating guide. ('vast-capabilities' shows live state only, not the guide.)
[Wed Jul  1 04:37:50 PM PDT 2026] rsync rc=0; files now: 3
Welcome to vast.ai. If authentication fails, try again after a few seconds, and double check your ssh key.
Have fun!
AI agents: READ /etc/vast-agents-guide.md (also linked as ./AGENTS.md) before acting on or describing this instance: it is the operating guide. ('vast-capabilities' shows live state only, not the guide.)
[Wed Jul  1 04:42:56 PM PDT 2026] rsync rc=0; files now: 3
Welcome to vast.ai. If authentication fails, try again after a few seconds, and double check your ssh key.
Have fun!
AI agents: READ /etc/vast-agents-guide.md (also linked as ./AGENTS.md) before acting on or describing this instance: it is the operating guide. ('vast-capabilities' shows live state only, not the guide.)
[Wed Jul  1 04:48:03 PM PDT 2026] rsync rc=0; files now: 3
Welcome to vast.ai. If authentication fails, try again after a few seconds, and double check your ssh key.
Have fun!
AI agents: READ /etc/vast-agents-guide.md (also linked as ./AGENTS.md) before acting on or describing this instance: it is the operating guide. ('vast-capabilities' shows live state only, not the guide.)
[Wed Jul  1 04:53:08 PM PDT 2026] rsync rc=0; files now: 3
Welcome to vast.ai. If authentication fails, try again after a few seconds, and double check your ssh key.
Have fun!
AI agents: READ /etc/vast-agents-guide.md (also linked as ./AGENTS.md) before acting on or describing this instance: it is the operating guide. ('vast-capabilities' shows live state only, not the guide.)
[Wed Jul  1 04:58:14 PM PDT 2026] rsync rc=0; files now: 3
Welcome to vast.ai. If authentication fails, try again after a few seconds, and double check your ssh key.
Have fun!
AI agents: READ /etc/vast-agents-guide.md (also linked as ./AGENTS.md) before acting on or describing this instance: it is the operating guide. ('vast-capabilities' shows live state only, not the guide.)
[Wed Jul  1 05:03:18 PM PDT 2026] rsync rc=0; files now: 3
Welcome to vast.ai. If authentication fails, try again after a few seconds, and double check your ssh key.
Have fun!
AI agents: READ /etc/vast-agents-guide.md (also linked as ./AGENTS.md) before acting on or describing this instance: it is the operating guide. ('vast-capabilities' shows live state only, not the guide.)
[Wed Jul  1 05:08:23 PM PDT 2026] rsync rc=0; files now: 3
Welcome to vast.ai. If authentication fails, try again after a few seconds, and double check your ssh key.
Have fun!
AI agents: READ /etc/vast-agents-guide.md (also linked as ./AGENTS.md) before acting on or describing this instance: it is the operating guide. ('vast-capabilities' shows live state only, not the guide.)
[Wed Jul  1 05:13:27 PM PDT 2026] rsync rc=0; files now: 3
Welcome to vast.ai. If authentication fails, try again after a few seconds, and double check your ssh key.
Have fun!
AI agents: READ /etc/vast-agents-guide.md (also linked as ./AGENTS.md) before acting on or describing this instance: it is the operating guide. ('vast-capabilities' shows live state only, not the guide.)
[Wed Jul  1 05:18:32 PM PDT 2026] rsync rc=0; files now: 3
Welcome to vast.ai. If authentication fails, try again after a few seconds, and double check your ssh key.
Have fun!
AI agents: READ /etc/vast-agents-guide.md (also linked as ./AGENTS.md) before acting on or describing this instance: it is the operating guide. ('vast-capabilities' shows live state only, not the guide.)
[Wed Jul  1 05:23:41 PM PDT 2026] rsync rc=0; files now: 3
Welcome to vast.ai. If authentication fails, try again after a few seconds, and double check your ssh key.
Have fun!
AI agents: READ /etc/vast-agents-guide.md (also linked as ./AGENTS.md) before acting on or describing this instance: it is the operating guide. ('vast-capabilities' shows live state only, not the guide.)
[Wed Jul  1 05:28:47 PM PDT 2026] rsync rc=0; files now: 3
Welcome to vast.ai. If authentication fails, try again after a few seconds, and double check your ssh key.
Have fun!
AI agents: READ /etc/vast-agents-guide.md (also linked as ./AGENTS.md) before acting on or describing this instance: it is the operating guide. ('vast-capabilities' shows live state only, not the guide.)
[Wed Jul  1 05:33:52 PM PDT 2026] rsync rc=0; files now: 3
Welcome to vast.ai. If authentication fails, try again after a few seconds, and double check your ssh key.
Have fun!
AI agents: READ /etc/vast-agents-guide.md (also linked as ./AGENTS.md) before acting on or describing this instance: it is the operating guide. ('vast-capabilities' shows live state only, not the guide.)
[Wed Jul  1 05:38:57 PM PDT 2026] rsync rc=0; files now: 3
Welcome to vast.ai. If authentication fails, try again after a few seconds, and double check your ssh key.
Have fun!
AI agents: READ /etc/vast-agents-guide.md (also linked as ./AGENTS.md) before acting on or describing this instance: it is the operating guide. ('vast-capabilities' shows live state only, not the guide.)
[Wed Jul  1 05:44:03 PM PDT 2026] rsync rc=0; files now: 3
Welcome to vast.ai. If authentication fails, try again after a few seconds, and double check your ssh key.
Have fun!
AI agents: READ /etc/vast-agents-guide.md (also linked as ./AGENTS.md) before acting on or describing this instance: it is the operating guide. ('vast-capabilities' shows live state only, not the guide.)
[Wed Jul  1 05:49:08 PM PDT 2026] rsync rc=0; files now: 3
Welcome to vast.ai. If authentication fails, try again after a few seconds, and double check your ssh key.
Have fun!
AI agents: READ /etc/vast-agents-guide.md (also linked as ./AGENTS.md) before acting on or describing this instance: it is the operating guide. ('vast-capabilities' shows live state only, not the guide.)
[Wed Jul  1 05:54:14 PM PDT 2026] rsync rc=0; files now: 3
Welcome to vast.ai. If authentication fails, try again after a few seconds, and double check your ssh key.
Have fun!
AI agents: READ /etc/vast-agents-guide.md (also linked as ./AGENTS.md) before acting on or describing this instance: it is the operating guide. ('vast-capabilities' shows live state only, not the guide.)
[Wed Jul  1 05:59:19 PM PDT 2026] rsync rc=0; files now: 3
Welcome to vast.ai. If authentication fails, try again after a few seconds, and double check your ssh key.
Have fun!
AI agents: READ /etc/vast-agents-guide.md (also linked as ./AGENTS.md) before acting on or describing this instance: it is the operating guide. ('vast-capabilities' shows live state only, not the guide.)
[Wed Jul  1 06:04:25 PM PDT 2026] rsync rc=0; files now: 3
Welcome to vast.ai. If authentication fails, try again after a few seconds, and double check your ssh key.
Have fun!
AI agents: READ /etc/vast-agents-guide.md (also linked as ./AGENTS.md) before acting on or describing this instance: it is the operating guide. ('vast-capabilities' shows live state only, not the guide.)
[Wed Jul  1 06:09:32 PM PDT 2026] rsync rc=0; files now: 3
Welcome to vast.ai. If authentication fails, try again after a few seconds, and double check your ssh key.
Have fun!
AI agents: READ /etc/vast-agents-guide.md (also linked as ./AGENTS.md) before acting on or describing this instance: it is the operating guide. ('vast-capabilities' shows live state only, not the guide.)
[Wed Jul  1 06:14:38 PM PDT 2026] rsync rc=0; files now: 3
Welcome to vast.ai. If authentication fails, try again after a few seconds, and double check your ssh key.
Have fun!
AI agents: READ /etc/vast-agents-guide.md (also linked as ./AGENTS.md) before acting on or describing this instance: it is the operating guide. ('vast-capabilities' shows live state only, not the guide.)
[Wed Jul  1 06:19:43 PM PDT 2026] rsync rc=0; files now: 3
Welcome to vast.ai. If authentication fails, try again after a few seconds, and double check your ssh key.
Have fun!
AI agents: READ /etc/vast-agents-guide.md (also linked as ./AGENTS.md) before acting on or describing this instance: it is the operating guide. ('vast-capabilities' shows live state only, not the guide.)
[Wed Jul  1 06:24:47 PM PDT 2026] rsync rc=0; files now: 3
Welcome to vast.ai. If authentication fails, try again after a few seconds, and double check your ssh key.
Have fun!
AI agents: READ /etc/vast-agents-guide.md (also linked as ./AGENTS.md) before acting on or describing this instance: it is the operating guide. ('vast-capabilities' shows live state only, not the guide.)
[Wed Jul  1 06:29:52 PM PDT 2026] rsync rc=0; files now: 3
Welcome to vast.ai. If authentication fails, try again after a few seconds, and double check your ssh key.
Have fun!
AI agents: READ /etc/vast-agents-guide.md (also linked as ./AGENTS.md) before acting on or describing this instance: it is the operating guide. ('vast-capabilities' shows live state only, not the guide.)
[Wed Jul  1 06:34:56 PM PDT 2026] rsync rc=0; files now: 3
Welcome to vast.ai. If authentication fails, try again after a few seconds, and double check your ssh key.
Have fun!
AI agents: READ /etc/vast-agents-guide.md (also linked as ./AGENTS.md) before acting on or describing this instance: it is the operating guide. ('vast-capabilities' shows live state only, not the guide.)
[Wed Jul  1 06:40:00 PM PDT 2026] rsync rc=0; files now: 3
Welcome to vast.ai. If authentication fails, try again after a few seconds, and double check your ssh key.
Have fun!
AI agents: READ /etc/vast-agents-guide.md (also linked as ./AGENTS.md) before acting on or describing this instance: it is the operating guide. ('vast-capabilities' shows live state only, not the guide.)
[Wed Jul  1 06:45:05 PM PDT 2026] rsync rc=0; files now: 3
Welcome to vast.ai. If authentication fails, try again after a few seconds, and double check your ssh key.
Have fun!
AI agents: READ /etc/vast-agents-guide.md (also linked as ./AGENTS.md) before acting on or describing this instance: it is the operating guide. ('vast-capabilities' shows live state only, not the guide.)
[Wed Jul  1 06:50:09 PM PDT 2026] rsync rc=0; files now: 3
Welcome to vast.ai. If authentication fails, try again after a few seconds, and double check your ssh key.
Have fun!
AI agents: READ /etc/vast-agents-guide.md (also linked as ./AGENTS.md) before acting on or describing this instance: it is the operating guide. ('vast-capabilities' shows live state only, not the guide.)
[Wed Jul  1 06:55:14 PM PDT 2026] rsync rc=0; files now: 3
Welcome to vast.ai. If authentication fails, try again after a few seconds, and double check your ssh key.
Have fun!
AI agents: READ /etc/vast-agents-guide.md (also linked as ./AGENTS.md) before acting on or describing this instance: it is the operating guide. ('vast-capabilities' shows live state only, not the guide.)
[Wed Jul  1 07:00:18 PM PDT 2026] rsync rc=0; files now: 3
Welcome to vast.ai. If authentication fails, try again after a few seconds, and double check your ssh key.
Have fun!
AI agents: READ /etc/vast-agents-guide.md (also linked as ./AGENTS.md) before acting on or describing this instance: it is the operating guide. ('vast-capabilities' shows live state only, not the guide.)
[Wed Jul  1 07:05:23 PM PDT 2026] rsync rc=0; files now: 3
Welcome to vast.ai. If authentication fails, try again after a few seconds, and double check your ssh key.
Have fun!
AI agents: READ /etc/vast-agents-guide.md (also linked as ./AGENTS.md) before acting on or describing this instance: it is the operating guide. ('vast-capabilities' shows live state only, not the guide.)
[Wed Jul  1 07:10:27 PM PDT 2026] rsync rc=0; files now: 3
Welcome to vast.ai. If authentication fails, try again after a few seconds, and double check your ssh key.
Have fun!
AI agents: READ /etc/vast-agents-guide.md (also linked as ./AGENTS.md) before acting on or describing this instance: it is the operating guide. ('vast-capabilities' shows live state only, not the guide.)
[Wed Jul  1 07:15:31 PM PDT 2026] rsync rc=0; files now: 3
Welcome to vast.ai. If authentication fails, try again after a few seconds, and double check your ssh key.
Have fun!
AI agents: READ /etc/vast-agents-guide.md (also linked as ./AGENTS.md) before acting on or describing this instance: it is the operating guide. ('vast-capabilities' shows live state only, not the guide.)
[Wed Jul  1 07:20:36 PM PDT 2026] rsync rc=0; files now: 3
Welcome to vast.ai. If authentication fails, try again after a few seconds, and double check your ssh key.
Have fun!
AI agents: READ /etc/vast-agents-guide.md (also linked as ./AGENTS.md) before acting on or describing this instance: it is the operating guide. ('vast-capabilities' shows live state only, not the guide.)
[Wed Jul  1 07:25:40 PM PDT 2026] rsync rc=0; files now: 3
Welcome to vast.ai. If authentication fails, try again after a few seconds, and double check your ssh key.
Have fun!
AI agents: READ /etc/vast-agents-guide.md (also linked as ./AGENTS.md) before acting on or describing this instance: it is the operating guide. ('vast-capabilities' shows live state only, not the guide.)
[Wed Jul  1 07:30:45 PM PDT 2026] rsync rc=0; files now: 3
Welcome to vast.ai. If authentication fails, try again after a few seconds, and double check your ssh key.
Have fun!
AI agents: READ /etc/vast-agents-guide.md (also linked as ./AGENTS.md) before acting on or describing this instance: it is the operating guide. ('vast-capabilities' shows live state only, not the guide.)
[Wed Jul  1 07:35:49 PM PDT 2026] rsync rc=0; files now: 3
Welcome to vast.ai. If authentication fails, try again after a few seconds, and double check your ssh key.
Have fun!
AI agents: READ /etc/vast-agents-guide.md (also linked as ./AGENTS.md) before acting on or describing this instance: it is the operating guide. ('vast-capabilities' shows live state only, not the guide.)
[Wed Jul  1 07:40:54 PM PDT 2026] rsync rc=0; files now: 3
Welcome to vast.ai. If authentication fails, try again after a few seconds, and double check your ssh key.
Have fun!
AI agents: READ /etc/vast-agents-guide.md (also linked as ./AGENTS.md) before acting on or describing this instance: it is the operating guide. ('vast-capabilities' shows live state only, not the guide.)
[Wed Jul  1 07:45:59 PM PDT 2026] rsync rc=0; files now: 3
Welcome to vast.ai. If authentication fails, try again after a few seconds, and double check your ssh key.
Have fun!
AI agents: READ /etc/vast-agents-guide.md (also linked as ./AGENTS.md) before acting on or describing this instance: it is the operating guide. ('vast-capabilities' shows live state only, not the guide.)
[Wed Jul  1 07:51:03 PM PDT 2026] rsync rc=0; files now: 3
Welcome to vast.ai. If authentication fails, try again after a few seconds, and double check your ssh key.
Have fun!
AI agents: READ /etc/vast-agents-guide.md (also linked as ./AGENTS.md) before acting on or describing this instance: it is the operating guide. ('vast-capabilities' shows live state only, not the guide.)
[Wed Jul  1 07:56:09 PM PDT 2026] rsync rc=0; files now: 3
Welcome to vast.ai. If authentication fails, try again after a few seconds, and double check your ssh key.
Have fun!
AI agents: READ /etc/vast-agents-guide.md (also linked as ./AGENTS.md) before acting on or describing this instance: it is the operating guide. ('vast-capabilities' shows live state only, not the guide.)
[Wed Jul  1 08:01:14 PM PDT 2026] rsync rc=0; files now: 3
