[Wed Jul  1 01:15:12 AM PDT 2026] R1.3 full-artifact sync loop start -> /tmp/galaxy_srv_disk00/pengchx3/rebuttal_nt/box_r13_backup/live (every 600s)
Welcome to vast.ai. If authentication fails, try again after a few seconds, and double check your ssh key.
Have fun!
AI agents: READ /etc/vast-agents-guide.md (also linked as ./AGENTS.md) before acting on or describing this instance: it is the operating guide. ('vast-capabilities' shows live state only, not the guide.)
Welcome to vast.ai. If authentication fails, try again after a few seconds, and double check your ssh key.
Have fun!
AI agents: READ /etc/vast-agents-guide.md (also linked as ./AGENTS.md) before acting on or describing this instance: it is the operating guide. ('vast-capabilities' shows live state only, not the guide.)
Welcome to vast.ai. If authentication fails, try again after a few seconds, and double check your ssh key.
Have fun!
AI agents: READ /etc/vast-agents-guide.md (also linked as ./AGENTS.md) before acting on or describing this instance: it is the operating guide. ('vast-capabilities' shows live state only, not the guide.)
rsync: [generator] failed to set times on "/tmp/galaxy_srv_disk00/pengchx3/rebuttal_nt/box_r13_backup/live/wandb/debug-internal.log": No such file or directory (2)
rsync: [generator] failed to set times on "/tmp/galaxy_srv_disk00/pengchx3/rebuttal_nt/box_r13_backup/live/wandb/debug.log": No such file or directory (2)
rsync: [generator] failed to set times on "/tmp/galaxy_srv_disk00/pengchx3/rebuttal_nt/box_r13_backup/live/wandb/latest-run": No such file or directory (2)
rsync: [generator] failed to set times on "/tmp/galaxy_srv_disk00/pengchx3/rebuttal_nt/box_r13_backup/live/wandb/offline-run-20260630_234636-x13b081n/logs/debug-core.log": No such file or directory (2)
rsync: [generator] failed to set times on "/tmp/galaxy_srv_disk00/pengchx3/rebuttal_nt/box_r13_backup/live/wandb/offline-run-20260630_235013-efpuf9sb/logs/debug-core.log": No such file or directory (2)
rsync: [generator] failed to set times on "/tmp/galaxy_srv_disk00/pengchx3/rebuttal_nt/box_r13_backup/live/wandb/offline-run-20260630_235039-jls84eao/logs/debug-core.log": No such file or directory (2)
rsync: [generator] failed to set times on "/tmp/galaxy_srv_disk00/pengchx3/rebuttal_nt/box_r13_backup/live/wandb/offline-run-20260630_235104-ng8nx1x4/logs/debug-core.log": No such file or directory (2)
rsync: [generator] failed to set times on "/tmp/galaxy_srv_disk00/pengchx3/rebuttal_nt/box_r13_backup/live/wandb/offline-run-20260701_033444-5ajizoss/logs/debug-core.log": No such file or directory (2)
rsync: [generator] failed to set times on "/tmp/galaxy_srv_disk00/pengchx3/rebuttal_nt/box_r13_backup/live/wandb/offline-run-20260701_043646-5eu7lyg8/logs/debug-core.log": No such file or directory (2)
rsync: [generator] failed to set times on "/tmp/galaxy_srv_disk00/pengchx3/rebuttal_nt/box_r13_backup/live/wandb/offline-run-20260701_054550-vrqqodlv/logs/debug-core.log": No such file or directory (2)
rsync: [generator] failed to set times on "/tmp/galaxy_srv_disk00/pengchx3/rebuttal_nt/box_r13_backup/live/wandb/offline-run-20260701_074325-s3laey7g/logs/debug-core.log": No such file or directory (2)
rsync error: some files/attrs were not transferred (see previous errors) (code 23) at main.c(1865) [generator=3.2.7]
Welcome to vast.ai. If authentication fails, try again after a few seconds, and double check your ssh key.
Have fun!
AI agents: READ /etc/vast-agents-guide.md (also linked as ./AGENTS.md) before acting on or describing this instance: it is the operating guide. ('vast-capabilities' shows live state only, not the guide.)
[Wed Jul  1 01:15:41 AM PDT 2026] pass done rc=0; csv=1 best_model_ckpts=8
Welcome to vast.ai. If authentication fails, try again after a few seconds, and double check your ssh key.
Have fun!
AI agents: READ /etc/vast-agents-guide.md (also linked as ./AGENTS.md) before acting on or describing this instance: it is the operating guide. ('vast-capabilities' shows live state only, not the guide.)
Welcome to vast.ai. If authentication fails, try again after a few seconds, and double check your ssh key.
Have fun!
AI agents: READ /etc/vast-agents-guide.md (also linked as ./AGENTS.md) before acting on or describing this instance: it is the operating guide. ('vast-capabilities' shows live state only, not the guide.)
Welcome to vast.ai. If authentication fails, try again after a few seconds, and double check your ssh key.
Have fun!
AI agents: READ /etc/vast-agents-guide.md (also linked as ./AGENTS.md) before acting on or describing this instance: it is the operating guide. ('vast-capabilities' shows live state only, not the guide.)
rsync: [generator] failed to set times on "/tmp/galaxy_srv_disk00/pengchx3/rebuttal_nt/box_r13_backup/live/wandb/offline-run-20260630_234636-x13b081n/logs/debug-core.log": No such file or directory (2)
rsync: [generator] failed to set times on "/tmp/galaxy_srv_disk00/pengchx3/rebuttal_nt/box_r13_backup/live/wandb/offline-run-20260630_235013-efpuf9sb/logs/debug-core.log": No such file or directory (2)
rsync: [generator] failed to set times on "/tmp/galaxy_srv_disk00/pengchx3/rebuttal_nt/box_r13_backup/live/wandb/offline-run-20260630_235039-jls84eao/logs/debug-core.log": No such file or directory (2)
rsync: [generator] failed to set times on "/tmp/galaxy_srv_disk00/pengchx3/rebuttal_nt/box_r13_backup/live/wandb/offline-run-20260630_235104-ng8nx1x4/logs/debug-core.log": No such file or directory (2)
rsync: [generator] failed to set times on "/tmp/galaxy_srv_disk00/pengchx3/rebuttal_nt/box_r13_backup/live/wandb/offline-run-20260701_033444-5ajizoss/logs/debug-core.log": No such file or directory (2)
rsync: [generator] failed to set times on "/tmp/galaxy_srv_disk00/pengchx3/rebuttal_nt/box_r13_backup/live/wandb/offline-run-20260701_043646-5eu7lyg8/logs/debug-core.log": No such file or directory (2)
rsync: [generator] failed to set times on "/tmp/galaxy_srv_disk00/pengchx3/rebuttal_nt/box_r13_backup/live/wandb/offline-run-20260701_054550-vrqqodlv/logs/debug-core.log": No such file or directory (2)
rsync: [generator] failed to set times on "/tmp/galaxy_srv_disk00/pengchx3/rebuttal_nt/box_r13_backup/live/wandb/offline-run-20260701_074325-s3laey7g/logs/debug-core.log": No such file or directory (2)
rsync error: some files/attrs were not transferred (see previous errors) (code 23) at main.c(1865) [generator=3.2.7]
Welcome to vast.ai. If authentication fails, try again after a few seconds, and double check your ssh key.
Have fun!
AI agents: READ /etc/vast-agents-guide.md (also linked as ./AGENTS.md) before acting on or describing this instance: it is the operating guide. ('vast-capabilities' shows live state only, not the guide.)
[Wed Jul  1 01:26:04 AM PDT 2026] pass done rc=0; csv=1 best_model_ckpts=8
Welcome to vast.ai. If authentication fails, try again after a few seconds, and double check your ssh key.
Have fun!
AI agents: READ /etc/vast-agents-guide.md (also linked as ./AGENTS.md) before acting on or describing this instance: it is the operating guide. ('vast-capabilities' shows live state only, not the guide.)
Welcome to vast.ai. If authentication fails, try again after a few seconds, and double check your ssh key.
Have fun!
AI agents: READ /etc/vast-agents-guide.md (also linked as ./AGENTS.md) before acting on or describing this instance: it is the operating guide. ('vast-capabilities' shows live state only, not the guide.)
Welcome to vast.ai. If authentication fails, try again after a few seconds, and double check your ssh key.
Have fun!
AI agents: READ /etc/vast-agents-guide.md (also linked as ./AGENTS.md) before acting on or describing this instance: it is the operating guide. ('vast-capabilities' shows live state only, not the guide.)
rsync: [generator] failed to set times on "/tmp/galaxy_srv_disk00/pengchx3/rebuttal_nt/box_r13_backup/live/wandb/offline-run-20260630_234636-x13b081n/logs/debug-core.log": No such file or directory (2)
rsync: [generator] failed to set times on "/tmp/galaxy_srv_disk00/pengchx3/rebuttal_nt/box_r13_backup/live/wandb/offline-run-20260630_235013-efpuf9sb/logs/debug-core.log": No such file or directory (2)
rsync: [generator] failed to set times on "/tmp/galaxy_srv_disk00/pengchx3/rebuttal_nt/box_r13_backup/live/wandb/offline-run-20260630_235039-jls84eao/logs/debug-core.log": No such file or directory (2)
rsync: [generator] failed to set times on "/tmp/galaxy_srv_disk00/pengchx3/rebuttal_nt/box_r13_backup/live/wandb/offline-run-20260630_235104-ng8nx1x4/logs/debug-core.log": No such file or directory (2)
rsync: [generator] failed to set times on "/tmp/galaxy_srv_disk00/pengchx3/rebuttal_nt/box_r13_backup/live/wandb/offline-run-20260701_033444-5ajizoss/logs/debug-core.log": No such file or directory (2)
rsync: [generator] failed to set times on "/tmp/galaxy_srv_disk00/pengchx3/rebuttal_nt/box_r13_backup/live/wandb/offline-run-20260701_043646-5eu7lyg8/logs/debug-core.log": No such file or directory (2)
rsync: [generator] failed to set times on "/tmp/galaxy_srv_disk00/pengchx3/rebuttal_nt/box_r13_backup/live/wandb/offline-run-20260701_054550-vrqqodlv/logs/debug-core.log": No such file or directory (2)
rsync: [generator] failed to set times on "/tmp/galaxy_srv_disk00/pengchx3/rebuttal_nt/box_r13_backup/live/wandb/offline-run-20260701_074325-s3laey7g/logs/debug-core.log": No such file or directory (2)
rsync error: some files/attrs were not transferred (see previous errors) (code 23) at main.c(1865) [generator=3.2.7]
Welcome to vast.ai. If authentication fails, try again after a few seconds, and double check your ssh key.
Have fun!
AI agents: READ /etc/vast-agents-guide.md (also linked as ./AGENTS.md) before acting on or describing this instance: it is the operating guide. ('vast-capabilities' shows live state only, not the guide.)
[Wed Jul  1 01:36:33 AM PDT 2026] pass done rc=0; csv=1 best_model_ckpts=8
Welcome to vast.ai. If authentication fails, try again after a few seconds, and double check your ssh key.
Have fun!
AI agents: READ /etc/vast-agents-guide.md (also linked as ./AGENTS.md) before acting on or describing this instance: it is the operating guide. ('vast-capabilities' shows live state only, not the guide.)
Welcome to vast.ai. If authentication fails, try again after a few seconds, and double check your ssh key.
Have fun!
AI agents: READ /etc/vast-agents-guide.md (also linked as ./AGENTS.md) before acting on or describing this instance: it is the operating guide. ('vast-capabilities' shows live state only, not the guide.)
Welcome to vast.ai. If authentication fails, try again after a few seconds, and double check your ssh key.
Have fun!
AI agents: READ /etc/vast-agents-guide.md (also linked as ./AGENTS.md) before acting on or describing this instance: it is the operating guide. ('vast-capabilities' shows live state only, not the guide.)
rsync: [generator] failed to set times on "/tmp/galaxy_srv_disk00/pengchx3/rebuttal_nt/box_r13_backup/live/wandb/offline-run-20260630_234636-x13b081n/logs/debug-core.log": No such file or directory (2)
rsync: [generator] failed to set times on "/tmp/galaxy_srv_disk00/pengchx3/rebuttal_nt/box_r13_backup/live/wandb/offline-run-20260630_235013-efpuf9sb/logs/debug-core.log": No such file or directory (2)
rsync: [generator] failed to set times on "/tmp/galaxy_srv_disk00/pengchx3/rebuttal_nt/box_r13_backup/live/wandb/offline-run-20260630_235039-jls84eao/logs/debug-core.log": No such file or directory (2)
rsync: [generator] failed to set times on "/tmp/galaxy_srv_disk00/pengchx3/rebuttal_nt/box_r13_backup/live/wandb/offline-run-20260630_235104-ng8nx1x4/logs/debug-core.log": No such file or directory (2)
rsync: [generator] failed to set times on "/tmp/galaxy_srv_disk00/pengchx3/rebuttal_nt/box_r13_backup/live/wandb/offline-run-20260701_033444-5ajizoss/logs/debug-core.log": No such file or directory (2)
rsync: [generator] failed to set times on "/tmp/galaxy_srv_disk00/pengchx3/rebuttal_nt/box_r13_backup/live/wandb/offline-run-20260701_043646-5eu7lyg8/logs/debug-core.log": No such file or directory (2)
rsync: [generator] failed to set times on "/tmp/galaxy_srv_disk00/pengchx3/rebuttal_nt/box_r13_backup/live/wandb/offline-run-20260701_054550-vrqqodlv/logs/debug-core.log": No such file or directory (2)
rsync: [generator] failed to set times on "/tmp/galaxy_srv_disk00/pengchx3/rebuttal_nt/box_r13_backup/live/wandb/offline-run-20260701_074325-s3laey7g/logs/debug-core.log": No such file or directory (2)
rsync error: some files/attrs were not transferred (see previous errors) (code 23) at main.c(1865) [generator=3.2.7]
Welcome to vast.ai. If authentication fails, try again after a few seconds, and double check your ssh key.
Have fun!
AI agents: READ /etc/vast-agents-guide.md (also linked as ./AGENTS.md) before acting on or describing this instance: it is the operating guide. ('vast-capabilities' shows live state only, not the guide.)
[Wed Jul  1 01:46:55 AM PDT 2026] pass done rc=0; csv=1 best_model_ckpts=8
Welcome to vast.ai. If authentication fails, try again after a few seconds, and double check your ssh key.
Have fun!
AI agents: READ /etc/vast-agents-guide.md (also linked as ./AGENTS.md) before acting on or describing this instance: it is the operating guide. ('vast-capabilities' shows live state only, not the guide.)
Welcome to vast.ai. If authentication fails, try again after a few seconds, and double check your ssh key.
Have fun!
AI agents: READ /etc/vast-agents-guide.md (also linked as ./AGENTS.md) before acting on or describing this instance: it is the operating guide. ('vast-capabilities' shows live state only, not the guide.)
Welcome to vast.ai. If authentication fails, try again after a few seconds, and double check your ssh key.
Have fun!
AI agents: READ /etc/vast-agents-guide.md (also linked as ./AGENTS.md) before acting on or describing this instance: it is the operating guide. ('vast-capabilities' shows live state only, not the guide.)
rsync: [generator] failed to set times on "/tmp/galaxy_srv_disk00/pengchx3/rebuttal_nt/box_r13_backup/live/wandb/offline-run-20260630_234636-x13b081n/logs/debug-core.log": No such file or directory (2)
rsync: [generator] failed to set times on "/tmp/galaxy_srv_disk00/pengchx3/rebuttal_nt/box_r13_backup/live/wandb/offline-run-20260630_235013-efpuf9sb/logs/debug-core.log": No such file or directory (2)
rsync: [generator] failed to set times on "/tmp/galaxy_srv_disk00/pengchx3/rebuttal_nt/box_r13_backup/live/wandb/offline-run-20260630_235039-jls84eao/logs/debug-core.log": No such file or directory (2)
rsync: [generator] failed to set times on "/tmp/galaxy_srv_disk00/pengchx3/rebuttal_nt/box_r13_backup/live/wandb/offline-run-20260630_235104-ng8nx1x4/logs/debug-core.log": No such file or directory (2)
rsync: [generator] failed to set times on "/tmp/galaxy_srv_disk00/pengchx3/rebuttal_nt/box_r13_backup/live/wandb/offline-run-20260701_033444-5ajizoss/logs/debug-core.log": No such file or directory (2)
rsync: [generator] failed to set times on "/tmp/galaxy_srv_disk00/pengchx3/rebuttal_nt/box_r13_backup/live/wandb/offline-run-20260701_043646-5eu7lyg8/logs/debug-core.log": No such file or directory (2)
rsync: [generator] failed to set times on "/tmp/galaxy_srv_disk00/pengchx3/rebuttal_nt/box_r13_backup/live/wandb/offline-run-20260701_054550-vrqqodlv/logs/debug-core.log": No such file or directory (2)
rsync: [generator] failed to set times on "/tmp/galaxy_srv_disk00/pengchx3/rebuttal_nt/box_r13_backup/live/wandb/offline-run-20260701_074325-s3laey7g/logs/debug-core.log": No such file or directory (2)
rsync error: some files/attrs were not transferred (see previous errors) (code 23) at main.c(1865) [generator=3.2.7]
Welcome to vast.ai. If authentication fails, try again after a few seconds, and double check your ssh key.
Have fun!
AI agents: READ /etc/vast-agents-guide.md (also linked as ./AGENTS.md) before acting on or describing this instance: it is the operating guide. ('vast-capabilities' shows live state only, not the guide.)
[Wed Jul  1 01:57:17 AM PDT 2026] pass done rc=0; csv=1 best_model_ckpts=8
Welcome to vast.ai. If authentication fails, try again after a few seconds, and double check your ssh key.
Have fun!
AI agents: READ /etc/vast-agents-guide.md (also linked as ./AGENTS.md) before acting on or describing this instance: it is the operating guide. ('vast-capabilities' shows live state only, not the guide.)
Welcome to vast.ai. If authentication fails, try again after a few seconds, and double check your ssh key.
Have fun!
AI agents: READ /etc/vast-agents-guide.md (also linked as ./AGENTS.md) before acting on or describing this instance: it is the operating guide. ('vast-capabilities' shows live state only, not the guide.)
Welcome to vast.ai. If authentication fails, try again after a few seconds, and double check your ssh key.
Have fun!
AI agents: READ /etc/vast-agents-guide.md (also linked as ./AGENTS.md) before acting on or describing this instance: it is the operating guide. ('vast-capabilities' shows live state only, not the guide.)
rsync: [generator] failed to set times on "/tmp/galaxy_srv_disk00/pengchx3/rebuttal_nt/box_r13_backup/live/wandb/offline-run-20260630_234636-x13b081n/logs/debug-core.log": No such file or directory (2)
rsync: [generator] failed to set times on "/tmp/galaxy_srv_disk00/pengchx3/rebuttal_nt/box_r13_backup/live/wandb/offline-run-20260630_235013-efpuf9sb/logs/debug-core.log": No such file or directory (2)
rsync: [generator] failed to set times on "/tmp/galaxy_srv_disk00/pengchx3/rebuttal_nt/box_r13_backup/live/wandb/offline-run-20260630_235039-jls84eao/logs/debug-core.log": No such file or directory (2)
rsync: [generator] failed to set times on "/tmp/galaxy_srv_disk00/pengchx3/rebuttal_nt/box_r13_backup/live/wandb/offline-run-20260630_235104-ng8nx1x4/logs/debug-core.log": No such file or directory (2)
rsync: [generator] failed to set times on "/tmp/galaxy_srv_disk00/pengchx3/rebuttal_nt/box_r13_backup/live/wandb/offline-run-20260701_033444-5ajizoss/logs/debug-core.log": No such file or directory (2)
rsync: [generator] failed to set times on "/tmp/galaxy_srv_disk00/pengchx3/rebuttal_nt/box_r13_backup/live/wandb/offline-run-20260701_043646-5eu7lyg8/logs/debug-core.log": No such file or directory (2)
rsync: [generator] failed to set times on "/tmp/galaxy_srv_disk00/pengchx3/rebuttal_nt/box_r13_backup/live/wandb/offline-run-20260701_054550-vrqqodlv/logs/debug-core.log": No such file or directory (2)
rsync: [generator] failed to set times on "/tmp/galaxy_srv_disk00/pengchx3/rebuttal_nt/box_r13_backup/live/wandb/offline-run-20260701_074325-s3laey7g/logs/debug-core.log": No such file or directory (2)
rsync error: some files/attrs were not transferred (see previous errors) (code 23) at main.c(1865) [generator=3.2.7]
Welcome to vast.ai. If authentication fails, try again after a few seconds, and double check your ssh key.
Have fun!
AI agents: READ /etc/vast-agents-guide.md (also linked as ./AGENTS.md) before acting on or describing this instance: it is the operating guide. ('vast-capabilities' shows live state only, not the guide.)
[Wed Jul  1 02:07:40 AM PDT 2026] pass done rc=0; csv=1 best_model_ckpts=8
Welcome to vast.ai. If authentication fails, try again after a few seconds, and double check your ssh key.
Have fun!
AI agents: READ /etc/vast-agents-guide.md (also linked as ./AGENTS.md) before acting on or describing this instance: it is the operating guide. ('vast-capabilities' shows live state only, not the guide.)
Welcome to vast.ai. If authentication fails, try again after a few seconds, and double check your ssh key.
Have fun!
AI agents: READ /etc/vast-agents-guide.md (also linked as ./AGENTS.md) before acting on or describing this instance: it is the operating guide. ('vast-capabilities' shows live state only, not the guide.)
Welcome to vast.ai. If authentication fails, try again after a few seconds, and double check your ssh key.
Have fun!
AI agents: READ /etc/vast-agents-guide.md (also linked as ./AGENTS.md) before acting on or describing this instance: it is the operating guide. ('vast-capabilities' shows live state only, not the guide.)
rsync: [generator] failed to set times on "/tmp/galaxy_srv_disk00/pengchx3/rebuttal_nt/box_r13_backup/live/wandb/offline-run-20260630_234636-x13b081n/logs/debug-core.log": No such file or directory (2)
rsync: [generator] failed to set times on "/tmp/galaxy_srv_disk00/pengchx3/rebuttal_nt/box_r13_backup/live/wandb/offline-run-20260630_235013-efpuf9sb/logs/debug-core.log": No such file or directory (2)
rsync: [generator] failed to set times on "/tmp/galaxy_srv_disk00/pengchx3/rebuttal_nt/box_r13_backup/live/wandb/offline-run-20260630_235039-jls84eao/logs/debug-core.log": No such file or directory (2)
rsync: [generator] failed to set times on "/tmp/galaxy_srv_disk00/pengchx3/rebuttal_nt/box_r13_backup/live/wandb/offline-run-20260630_235104-ng8nx1x4/logs/debug-core.log": No such file or directory (2)
rsync: [generator] failed to set times on "/tmp/galaxy_srv_disk00/pengchx3/rebuttal_nt/box_r13_backup/live/wandb/offline-run-20260701_033444-5ajizoss/logs/debug-core.log": No such file or directory (2)
rsync: [generator] failed to set times on "/tmp/galaxy_srv_disk00/pengchx3/rebuttal_nt/box_r13_backup/live/wandb/offline-run-20260701_043646-5eu7lyg8/logs/debug-core.log": No such file or directory (2)
rsync: [generator] failed to set times on "/tmp/galaxy_srv_disk00/pengchx3/rebuttal_nt/box_r13_backup/live/wandb/offline-run-20260701_054550-vrqqodlv/logs/debug-core.log": No such file or directory (2)
rsync: [generator] failed to set times on "/tmp/galaxy_srv_disk00/pengchx3/rebuttal_nt/box_r13_backup/live/wandb/offline-run-20260701_074325-s3laey7g/logs/debug-core.log": No such file or directory (2)
rsync error: some files/attrs were not transferred (see previous errors) (code 23) at main.c(1865) [generator=3.2.7]
Welcome to vast.ai. If authentication fails, try again after a few seconds, and double check your ssh key.
Have fun!
AI agents: READ /etc/vast-agents-guide.md (also linked as ./AGENTS.md) before acting on or describing this instance: it is the operating guide. ('vast-capabilities' shows live state only, not the guide.)
[Wed Jul  1 02:18:03 AM PDT 2026] pass done rc=0; csv=1 best_model_ckpts=8
Welcome to vast.ai. If authentication fails, try again after a few seconds, and double check your ssh key.
Have fun!
AI agents: READ /etc/vast-agents-guide.md (also linked as ./AGENTS.md) before acting on or describing this instance: it is the operating guide. ('vast-capabilities' shows live state only, not the guide.)
Welcome to vast.ai. If authentication fails, try again after a few seconds, and double check your ssh key.
Have fun!
AI agents: READ /etc/vast-agents-guide.md (also linked as ./AGENTS.md) before acting on or describing this instance: it is the operating guide. ('vast-capabilities' shows live state only, not the guide.)
Welcome to vast.ai. If authentication fails, try again after a few seconds, and double check your ssh key.
Have fun!
AI agents: READ /etc/vast-agents-guide.md (also linked as ./AGENTS.md) before acting on or describing this instance: it is the operating guide. ('vast-capabilities' shows live state only, not the guide.)
rsync: [generator] failed to set times on "/tmp/galaxy_srv_disk00/pengchx3/rebuttal_nt/box_r13_backup/live/wandb/offline-run-20260630_234636-x13b081n/logs/debug-core.log": No such file or directory (2)
rsync: [generator] failed to set times on "/tmp/galaxy_srv_disk00/pengchx3/rebuttal_nt/box_r13_backup/live/wandb/offline-run-20260630_235013-efpuf9sb/logs/debug-core.log": No such file or directory (2)
rsync: [generator] failed to set times on "/tmp/galaxy_srv_disk00/pengchx3/rebuttal_nt/box_r13_backup/live/wandb/offline-run-20260630_235039-jls84eao/logs/debug-core.log": No such file or directory (2)
rsync: [generator] failed to set times on "/tmp/galaxy_srv_disk00/pengchx3/rebuttal_nt/box_r13_backup/live/wandb/offline-run-20260630_235104-ng8nx1x4/logs/debug-core.log": No such file or directory (2)
rsync: [generator] failed to set times on "/tmp/galaxy_srv_disk00/pengchx3/rebuttal_nt/box_r13_backup/live/wandb/offline-run-20260701_033444-5ajizoss/logs/debug-core.log": No such file or directory (2)
rsync: [generator] failed to set times on "/tmp/galaxy_srv_disk00/pengchx3/rebuttal_nt/box_r13_backup/live/wandb/offline-run-20260701_043646-5eu7lyg8/logs/debug-core.log": No such file or directory (2)
rsync: [generator] failed to set times on "/tmp/galaxy_srv_disk00/pengchx3/rebuttal_nt/box_r13_backup/live/wandb/offline-run-20260701_054550-vrqqodlv/logs/debug-core.log": No such file or directory (2)
rsync: [generator] failed to set times on "/tmp/galaxy_srv_disk00/pengchx3/rebuttal_nt/box_r13_backup/live/wandb/offline-run-20260701_074325-s3laey7g/logs/debug-core.log": No such file or directory (2)
rsync error: some files/attrs were not transferred (see previous errors) (code 23) at main.c(1865) [generator=3.2.7]
Welcome to vast.ai. If authentication fails, try again after a few seconds, and double check your ssh key.
Have fun!
AI agents: READ /etc/vast-agents-guide.md (also linked as ./AGENTS.md) before acting on or describing this instance: it is the operating guide. ('vast-capabilities' shows live state only, not the guide.)
[Wed Jul  1 02:28:25 AM PDT 2026] pass done rc=0; csv=1 best_model_ckpts=8
Welcome to vast.ai. If authentication fails, try again after a few seconds, and double check your ssh key.
Have fun!
AI agents: READ /etc/vast-agents-guide.md (also linked as ./AGENTS.md) before acting on or describing this instance: it is the operating guide. ('vast-capabilities' shows live state only, not the guide.)
Welcome to vast.ai. If authentication fails, try again after a few seconds, and double check your ssh key.
Have fun!
AI agents: READ /etc/vast-agents-guide.md (also linked as ./AGENTS.md) before acting on or describing this instance: it is the operating guide. ('vast-capabilities' shows live state only, not the guide.)
Welcome to vast.ai. If authentication fails, try again after a few seconds, and double check your ssh key.
Have fun!
AI agents: READ /etc/vast-agents-guide.md (also linked as ./AGENTS.md) before acting on or describing this instance: it is the operating guide. ('vast-capabilities' shows live state only, not the guide.)
rsync: [generator] failed to set times on "/tmp/galaxy_srv_disk00/pengchx3/rebuttal_nt/box_r13_backup/live/wandb/debug-internal.log": No such file or directory (2)
rsync: [generator] failed to set times on "/tmp/galaxy_srv_disk00/pengchx3/rebuttal_nt/box_r13_backup/live/wandb/debug.log": No such file or directory (2)
rsync: [generator] failed to set times on "/tmp/galaxy_srv_disk00/pengchx3/rebuttal_nt/box_r13_backup/live/wandb/latest-run": No such file or directory (2)
rsync: [generator] failed to set times on "/tmp/galaxy_srv_disk00/pengchx3/rebuttal_nt/box_r13_backup/live/wandb/offline-run-20260630_234636-x13b081n/logs/debug-core.log": No such file or directory (2)
rsync: [generator] failed to set times on "/tmp/galaxy_srv_disk00/pengchx3/rebuttal_nt/box_r13_backup/live/wandb/offline-run-20260630_235013-efpuf9sb/logs/debug-core.log": No such file or directory (2)
rsync: [generator] failed to set times on "/tmp/galaxy_srv_disk00/pengchx3/rebuttal_nt/box_r13_backup/live/wandb/offline-run-20260630_235039-jls84eao/logs/debug-core.log": No such file or directory (2)
rsync: [generator] failed to set times on "/tmp/galaxy_srv_disk00/pengchx3/rebuttal_nt/box_r13_backup/live/wandb/offline-run-20260630_235104-ng8nx1x4/logs/debug-core.log": No such file or directory (2)
rsync: [generator] failed to set times on "/tmp/galaxy_srv_disk00/pengchx3/rebuttal_nt/box_r13_backup/live/wandb/offline-run-20260701_033444-5ajizoss/logs/debug-core.log": No such file or directory (2)
rsync: [generator] failed to set times on "/tmp/galaxy_srv_disk00/pengchx3/rebuttal_nt/box_r13_backup/live/wandb/offline-run-20260701_043646-5eu7lyg8/logs/debug-core.log": No such file or directory (2)
rsync: [generator] failed to set times on "/tmp/galaxy_srv_disk00/pengchx3/rebuttal_nt/box_r13_backup/live/wandb/offline-run-20260701_054550-vrqqodlv/logs/debug-core.log": No such file or directory (2)
rsync: [generator] failed to set times on "/tmp/galaxy_srv_disk00/pengchx3/rebuttal_nt/box_r13_backup/live/wandb/offline-run-20260701_074325-s3laey7g/logs/debug-core.log": No such file or directory (2)
rsync: [generator] failed to set times on "/tmp/galaxy_srv_disk00/pengchx3/rebuttal_nt/box_r13_backup/live/wandb/offline-run-20260701_093804-ieiy1udx/logs/debug-core.log": No such file or directory (2)
rsync error: some files/attrs were not transferred (see previous errors) (code 23) at main.c(1865) [generator=3.2.7]
Welcome to vast.ai. If authentication fails, try again after a few seconds, and double check your ssh key.
Have fun!
AI agents: READ /etc/vast-agents-guide.md (also linked as ./AGENTS.md) before acting on or describing this instance: it is the operating guide. ('vast-capabilities' shows live state only, not the guide.)
[Wed Jul  1 02:38:47 AM PDT 2026] pass done rc=0; csv=1 best_model_ckpts=8
Welcome to vast.ai. If authentication fails, try again after a few seconds, and double check your ssh key.
Have fun!
AI agents: READ /etc/vast-agents-guide.md (also linked as ./AGENTS.md) before acting on or describing this instance: it is the operating guide. ('vast-capabilities' shows live state only, not the guide.)
Welcome to vast.ai. If authentication fails, try again after a few seconds, and double check your ssh key.
Have fun!
AI agents: READ /etc/vast-agents-guide.md (also linked as ./AGENTS.md) before acting on or describing this instance: it is the operating guide. ('vast-capabilities' shows live state only, not the guide.)
Welcome to vast.ai. If authentication fails, try again after a few seconds, and double check your ssh key.
Have fun!
AI agents: READ /etc/vast-agents-guide.md (also linked as ./AGENTS.md) before acting on or describing this instance: it is the operating guide. ('vast-capabilities' shows live state only, not the guide.)
rsync: [generator] failed to set times on "/tmp/galaxy_srv_disk00/pengchx3/rebuttal_nt/box_r13_backup/live/wandb/offline-run-20260630_234636-x13b081n/logs/debug-core.log": No such file or directory (2)
rsync: [generator] failed to set times on "/tmp/galaxy_srv_disk00/pengchx3/rebuttal_nt/box_r13_backup/live/wandb/offline-run-20260630_235013-efpuf9sb/logs/debug-core.log": No such file or directory (2)
rsync: [generator] failed to set times on "/tmp/galaxy_srv_disk00/pengchx3/rebuttal_nt/box_r13_backup/live/wandb/offline-run-20260630_235039-jls84eao/logs/debug-core.log": No such file or directory (2)
rsync: [generator] failed to set times on "/tmp/galaxy_srv_disk00/pengchx3/rebuttal_nt/box_r13_backup/live/wandb/offline-run-20260630_235104-ng8nx1x4/logs/debug-core.log": No such file or directory (2)
rsync: [generator] failed to set times on "/tmp/galaxy_srv_disk00/pengchx3/rebuttal_nt/box_r13_backup/live/wandb/offline-run-20260701_033444-5ajizoss/logs/debug-core.log": No such file or directory (2)
rsync: [generator] failed to set times on "/tmp/galaxy_srv_disk00/pengchx3/rebuttal_nt/box_r13_backup/live/wandb/offline-run-20260701_043646-5eu7lyg8/logs/debug-core.log": No such file or directory (2)
rsync: [generator] failed to set times on "/tmp/galaxy_srv_disk00/pengchx3/rebuttal_nt/box_r13_backup/live/wandb/offline-run-20260701_054550-vrqqodlv/logs/debug-core.log": No such file or directory (2)
rsync: [generator] failed to set times on "/tmp/galaxy_srv_disk00/pengchx3/rebuttal_nt/box_r13_backup/live/wandb/offline-run-20260701_074325-s3laey7g/logs/debug-core.log": No such file or directory (2)
rsync: [generator] failed to set times on "/tmp/galaxy_srv_disk00/pengchx3/rebuttal_nt/box_r13_backup/live/wandb/offline-run-20260701_093804-ieiy1udx/logs/debug-core.log": No such file or directory (2)
rsync error: some files/attrs were not transferred (see previous errors) (code 23) at main.c(1865) [generator=3.2.7]
Welcome to vast.ai. If authentication fails, try again after a few seconds, and double check your ssh key.
Have fun!
AI agents: READ /etc/vast-agents-guide.md (also linked as ./AGENTS.md) before acting on or describing this instance: it is the operating guide. ('vast-capabilities' shows live state only, not the guide.)
[Wed Jul  1 02:49:09 AM PDT 2026] pass done rc=0; csv=1 best_model_ckpts=9
Welcome to vast.ai. If authentication fails, try again after a few seconds, and double check your ssh key.
Have fun!
AI agents: READ /etc/vast-agents-guide.md (also linked as ./AGENTS.md) before acting on or describing this instance: it is the operating guide. ('vast-capabilities' shows live state only, not the guide.)
Welcome to vast.ai. If authentication fails, try again after a few seconds, and double check your ssh key.
Have fun!
AI agents: READ /etc/vast-agents-guide.md (also linked as ./AGENTS.md) before acting on or describing this instance: it is the operating guide. ('vast-capabilities' shows live state only, not the guide.)
Welcome to vast.ai. If authentication fails, try again after a few seconds, and double check your ssh key.
Have fun!
AI agents: READ /etc/vast-agents-guide.md (also linked as ./AGENTS.md) before acting on or describing this instance: it is the operating guide. ('vast-capabilities' shows live state only, not the guide.)
rsync: [generator] failed to set times on "/tmp/galaxy_srv_disk00/pengchx3/rebuttal_nt/box_r13_backup/live/wandb/offline-run-20260630_234636-x13b081n/logs/debug-core.log": No such file or directory (2)
rsync: [generator] failed to set times on "/tmp/galaxy_srv_disk00/pengchx3/rebuttal_nt/box_r13_backup/live/wandb/offline-run-20260630_235013-efpuf9sb/logs/debug-core.log": No such file or directory (2)
rsync: [generator] failed to set times on "/tmp/galaxy_srv_disk00/pengchx3/rebuttal_nt/box_r13_backup/live/wandb/offline-run-20260630_235039-jls84eao/logs/debug-core.log": No such file or directory (2)
rsync: [generator] failed to set times on "/tmp/galaxy_srv_disk00/pengchx3/rebuttal_nt/box_r13_backup/live/wandb/offline-run-20260630_235104-ng8nx1x4/logs/debug-core.log": No such file or directory (2)
rsync: [generator] failed to set times on "/tmp/galaxy_srv_disk00/pengchx3/rebuttal_nt/box_r13_backup/live/wandb/offline-run-20260701_033444-5ajizoss/logs/debug-core.log": No such file or directory (2)
rsync: [generator] failed to set times on "/tmp/galaxy_srv_disk00/pengchx3/rebuttal_nt/box_r13_backup/live/wandb/offline-run-20260701_043646-5eu7lyg8/logs/debug-core.log": No such file or directory (2)
rsync: [generator] failed to set times on "/tmp/galaxy_srv_disk00/pengchx3/rebuttal_nt/box_r13_backup/live/wandb/offline-run-20260701_054550-vrqqodlv/logs/debug-core.log": No such file or directory (2)
rsync: [generator] failed to set times on "/tmp/galaxy_srv_disk00/pengchx3/rebuttal_nt/box_r13_backup/live/wandb/offline-run-20260701_074325-s3laey7g/logs/debug-core.log": No such file or directory (2)
rsync: [generator] failed to set times on "/tmp/galaxy_srv_disk00/pengchx3/rebuttal_nt/box_r13_backup/live/wandb/offline-run-20260701_093804-ieiy1udx/logs/debug-core.log": No such file or directory (2)
rsync error: some files/attrs were not transferred (see previous errors) (code 23) at main.c(1865) [generator=3.2.7]
Welcome to vast.ai. If authentication fails, try again after a few seconds, and double check your ssh key.
Have fun!
AI agents: READ /etc/vast-agents-guide.md (also linked as ./AGENTS.md) before acting on or describing this instance: it is the operating guide. ('vast-capabilities' shows live state only, not the guide.)
[Wed Jul  1 02:59:30 AM PDT 2026] pass done rc=0; csv=1 best_model_ckpts=9
Welcome to vast.ai. If authentication fails, try again after a few seconds, and double check your ssh key.
Have fun!
AI agents: READ /etc/vast-agents-guide.md (also linked as ./AGENTS.md) before acting on or describing this instance: it is the operating guide. ('vast-capabilities' shows live state only, not the guide.)
Welcome to vast.ai. If authentication fails, try again after a few seconds, and double check your ssh key.
Have fun!
AI agents: READ /etc/vast-agents-guide.md (also linked as ./AGENTS.md) before acting on or describing this instance: it is the operating guide. ('vast-capabilities' shows live state only, not the guide.)
Welcome to vast.ai. If authentication fails, try again after a few seconds, and double check your ssh key.
Have fun!
AI agents: READ /etc/vast-agents-guide.md (also linked as ./AGENTS.md) before acting on or describing this instance: it is the operating guide. ('vast-capabilities' shows live state only, not the guide.)
rsync: [generator] failed to set times on "/tmp/galaxy_srv_disk00/pengchx3/rebuttal_nt/box_r13_backup/live/wandb/offline-run-20260630_234636-x13b081n/logs/debug-core.log": No such file or directory (2)
rsync: [generator] failed to set times on "/tmp/galaxy_srv_disk00/pengchx3/rebuttal_nt/box_r13_backup/live/wandb/offline-run-20260630_235013-efpuf9sb/logs/debug-core.log": No such file or directory (2)
rsync: [generator] failed to set times on "/tmp/galaxy_srv_disk00/pengchx3/rebuttal_nt/box_r13_backup/live/wandb/offline-run-20260630_235039-jls84eao/logs/debug-core.log": No such file or directory (2)
rsync: [generator] failed to set times on "/tmp/galaxy_srv_disk00/pengchx3/rebuttal_nt/box_r13_backup/live/wandb/offline-run-20260630_235104-ng8nx1x4/logs/debug-core.log": No such file or directory (2)
rsync: [generator] failed to set times on "/tmp/galaxy_srv_disk00/pengchx3/rebuttal_nt/box_r13_backup/live/wandb/offline-run-20260701_033444-5ajizoss/logs/debug-core.log": No such file or directory (2)
rsync: [generator] failed to set times on "/tmp/galaxy_srv_disk00/pengchx3/rebuttal_nt/box_r13_backup/live/wandb/offline-run-20260701_043646-5eu7lyg8/logs/debug-core.log": No such file or directory (2)
rsync: [generator] failed to set times on "/tmp/galaxy_srv_disk00/pengchx3/rebuttal_nt/box_r13_backup/live/wandb/offline-run-20260701_054550-vrqqodlv/logs/debug-core.log": No such file or directory (2)
rsync: [generator] failed to set times on "/tmp/galaxy_srv_disk00/pengchx3/rebuttal_nt/box_r13_backup/live/wandb/offline-run-20260701_074325-s3laey7g/logs/debug-core.log": No such file or directory (2)
rsync: [generator] failed to set times on "/tmp/galaxy_srv_disk00/pengchx3/rebuttal_nt/box_r13_backup/live/wandb/offline-run-20260701_093804-ieiy1udx/logs/debug-core.log": No such file or directory (2)
rsync error: some files/attrs were not transferred (see previous errors) (code 23) at main.c(1865) [generator=3.2.7]
Welcome to vast.ai. If authentication fails, try again after a few seconds, and double check your ssh key.
Have fun!
AI agents: READ /etc/vast-agents-guide.md (also linked as ./AGENTS.md) before acting on or describing this instance: it is the operating guide. ('vast-capabilities' shows live state only, not the guide.)
[Wed Jul  1 03:09:51 AM PDT 2026] pass done rc=0; csv=1 best_model_ckpts=9
Welcome to vast.ai. If authentication fails, try again after a few seconds, and double check your ssh key.
Have fun!
AI agents: READ /etc/vast-agents-guide.md (also linked as ./AGENTS.md) before acting on or describing this instance: it is the operating guide. ('vast-capabilities' shows live state only, not the guide.)
Welcome to vast.ai. If authentication fails, try again after a few seconds, and double check your ssh key.
Have fun!
AI agents: READ /etc/vast-agents-guide.md (also linked as ./AGENTS.md) before acting on or describing this instance: it is the operating guide. ('vast-capabilities' shows live state only, not the guide.)
Welcome to vast.ai. If authentication fails, try again after a few seconds, and double check your ssh key.
Have fun!
AI agents: READ /etc/vast-agents-guide.md (also linked as ./AGENTS.md) before acting on or describing this instance: it is the operating guide. ('vast-capabilities' shows live state only, not the guide.)
rsync: [generator] failed to set times on "/tmp/galaxy_srv_disk00/pengchx3/rebuttal_nt/box_r13_backup/live/wandb/offline-run-20260630_234636-x13b081n/logs/debug-core.log": No such file or directory (2)
rsync: [generator] failed to set times on "/tmp/galaxy_srv_disk00/pengchx3/rebuttal_nt/box_r13_backup/live/wandb/offline-run-20260630_235013-efpuf9sb/logs/debug-core.log": No such file or directory (2)
rsync: [generator] failed to set times on "/tmp/galaxy_srv_disk00/pengchx3/rebuttal_nt/box_r13_backup/live/wandb/offline-run-20260630_235039-jls84eao/logs/debug-core.log": No such file or directory (2)
rsync: [generator] failed to set times on "/tmp/galaxy_srv_disk00/pengchx3/rebuttal_nt/box_r13_backup/live/wandb/offline-run-20260630_235104-ng8nx1x4/logs/debug-core.log": No such file or directory (2)
rsync: [generator] failed to set times on "/tmp/galaxy_srv_disk00/pengchx3/rebuttal_nt/box_r13_backup/live/wandb/offline-run-20260701_033444-5ajizoss/logs/debug-core.log": No such file or directory (2)
rsync: [generator] failed to set times on "/tmp/galaxy_srv_disk00/pengchx3/rebuttal_nt/box_r13_backup/live/wandb/offline-run-20260701_043646-5eu7lyg8/logs/debug-core.log": No such file or directory (2)
rsync: [generator] failed to set times on "/tmp/galaxy_srv_disk00/pengchx3/rebuttal_nt/box_r13_backup/live/wandb/offline-run-20260701_054550-vrqqodlv/logs/debug-core.log": No such file or directory (2)
rsync: [generator] failed to set times on "/tmp/galaxy_srv_disk00/pengchx3/rebuttal_nt/box_r13_backup/live/wandb/offline-run-20260701_074325-s3laey7g/logs/debug-core.log": No such file or directory (2)
rsync: [generator] failed to set times on "/tmp/galaxy_srv_disk00/pengchx3/rebuttal_nt/box_r13_backup/live/wandb/offline-run-20260701_093804-ieiy1udx/logs/debug-core.log": No such file or directory (2)
rsync error: some files/attrs were not transferred (see previous errors) (code 23) at main.c(1865) [generator=3.2.7]
Welcome to vast.ai. If authentication fails, try again after a few seconds, and double check your ssh key.
Have fun!
AI agents: READ /etc/vast-agents-guide.md (also linked as ./AGENTS.md) before acting on or describing this instance: it is the operating guide. ('vast-capabilities' shows live state only, not the guide.)
[Wed Jul  1 03:20:24 AM PDT 2026] pass done rc=0; csv=1 best_model_ckpts=9
Welcome to vast.ai. If authentication fails, try again after a few seconds, and double check your ssh key.
Have fun!
AI agents: READ /etc/vast-agents-guide.md (also linked as ./AGENTS.md) before acting on or describing this instance: it is the operating guide. ('vast-capabilities' shows live state only, not the guide.)
Welcome to vast.ai. If authentication fails, try again after a few seconds, and double check your ssh key.
Have fun!
AI agents: READ /etc/vast-agents-guide.md (also linked as ./AGENTS.md) before acting on or describing this instance: it is the operating guide. ('vast-capabilities' shows live state only, not the guide.)
Welcome to vast.ai. If authentication fails, try again after a few seconds, and double check your ssh key.
Have fun!
AI agents: READ /etc/vast-agents-guide.md (also linked as ./AGENTS.md) before acting on or describing this instance: it is the operating guide. ('vast-capabilities' shows live state only, not the guide.)
rsync: [generator] failed to set times on "/tmp/galaxy_srv_disk00/pengchx3/rebuttal_nt/box_r13_backup/live/wandb/offline-run-20260630_234636-x13b081n/logs/debug-core.log": No such file or directory (2)
rsync: [generator] failed to set times on "/tmp/galaxy_srv_disk00/pengchx3/rebuttal_nt/box_r13_backup/live/wandb/offline-run-20260630_235013-efpuf9sb/logs/debug-core.log": No such file or directory (2)
rsync: [generator] failed to set times on "/tmp/galaxy_srv_disk00/pengchx3/rebuttal_nt/box_r13_backup/live/wandb/offline-run-20260630_235039-jls84eao/logs/debug-core.log": No such file or directory (2)
rsync: [generator] failed to set times on "/tmp/galaxy_srv_disk00/pengchx3/rebuttal_nt/box_r13_backup/live/wandb/offline-run-20260630_235104-ng8nx1x4/logs/debug-core.log": No such file or directory (2)
rsync: [generator] failed to set times on "/tmp/galaxy_srv_disk00/pengchx3/rebuttal_nt/box_r13_backup/live/wandb/offline-run-20260701_033444-5ajizoss/logs/debug-core.log": No such file or directory (2)
rsync: [generator] failed to set times on "/tmp/galaxy_srv_disk00/pengchx3/rebuttal_nt/box_r13_backup/live/wandb/offline-run-20260701_043646-5eu7lyg8/logs/debug-core.log": No such file or directory (2)
rsync: [generator] failed to set times on "/tmp/galaxy_srv_disk00/pengchx3/rebuttal_nt/box_r13_backup/live/wandb/offline-run-20260701_054550-vrqqodlv/logs/debug-core.log": No such file or directory (2)
rsync: [generator] failed to set times on "/tmp/galaxy_srv_disk00/pengchx3/rebuttal_nt/box_r13_backup/live/wandb/offline-run-20260701_074325-s3laey7g/logs/debug-core.log": No such file or directory (2)
rsync: [generator] failed to set times on "/tmp/galaxy_srv_disk00/pengchx3/rebuttal_nt/box_r13_backup/live/wandb/offline-run-20260701_093804-ieiy1udx/logs/debug-core.log": No such file or directory (2)
rsync error: some files/attrs were not transferred (see previous errors) (code 23) at main.c(1865) [generator=3.2.7]
Welcome to vast.ai. If authentication fails, try again after a few seconds, and double check your ssh key.
Have fun!
AI agents: READ /etc/vast-agents-guide.md (also linked as ./AGENTS.md) before acting on or describing this instance: it is the operating guide. ('vast-capabilities' shows live state only, not the guide.)
[Wed Jul  1 03:30:51 AM PDT 2026] pass done rc=0; csv=1 best_model_ckpts=9
Welcome to vast.ai. If authentication fails, try again after a few seconds, and double check your ssh key.
Have fun!
AI agents: READ /etc/vast-agents-guide.md (also linked as ./AGENTS.md) before acting on or describing this instance: it is the operating guide. ('vast-capabilities' shows live state only, not the guide.)
Welcome to vast.ai. If authentication fails, try again after a few seconds, and double check your ssh key.
Have fun!
AI agents: READ /etc/vast-agents-guide.md (also linked as ./AGENTS.md) before acting on or describing this instance: it is the operating guide. ('vast-capabilities' shows live state only, not the guide.)
Welcome to vast.ai. If authentication fails, try again after a few seconds, and double check your ssh key.
Have fun!
AI agents: READ /etc/vast-agents-guide.md (also linked as ./AGENTS.md) before acting on or describing this instance: it is the operating guide. ('vast-capabilities' shows live state only, not the guide.)
rsync: [generator] failed to set times on "/tmp/galaxy_srv_disk00/pengchx3/rebuttal_nt/box_r13_backup/live/wandb/offline-run-20260630_234636-x13b081n/logs/debug-core.log": No such file or directory (2)
rsync: [generator] failed to set times on "/tmp/galaxy_srv_disk00/pengchx3/rebuttal_nt/box_r13_backup/live/wandb/offline-run-20260630_235013-efpuf9sb/logs/debug-core.log": No such file or directory (2)
rsync: [generator] failed to set times on "/tmp/galaxy_srv_disk00/pengchx3/rebuttal_nt/box_r13_backup/live/wandb/offline-run-20260630_235039-jls84eao/logs/debug-core.log": No such file or directory (2)
rsync: [generator] failed to set times on "/tmp/galaxy_srv_disk00/pengchx3/rebuttal_nt/box_r13_backup/live/wandb/offline-run-20260630_235104-ng8nx1x4/logs/debug-core.log": No such file or directory (2)
rsync: [generator] failed to set times on "/tmp/galaxy_srv_disk00/pengchx3/rebuttal_nt/box_r13_backup/live/wandb/offline-run-20260701_033444-5ajizoss/logs/debug-core.log": No such file or directory (2)
rsync: [generator] failed to set times on "/tmp/galaxy_srv_disk00/pengchx3/rebuttal_nt/box_r13_backup/live/wandb/offline-run-20260701_043646-5eu7lyg8/logs/debug-core.log": No such file or directory (2)
rsync: [generator] failed to set times on "/tmp/galaxy_srv_disk00/pengchx3/rebuttal_nt/box_r13_backup/live/wandb/offline-run-20260701_054550-vrqqodlv/logs/debug-core.log": No such file or directory (2)
rsync: [generator] failed to set times on "/tmp/galaxy_srv_disk00/pengchx3/rebuttal_nt/box_r13_backup/live/wandb/offline-run-20260701_074325-s3laey7g/logs/debug-core.log": No such file or directory (2)
rsync: [generator] failed to set times on "/tmp/galaxy_srv_disk00/pengchx3/rebuttal_nt/box_r13_backup/live/wandb/offline-run-20260701_093804-ieiy1udx/logs/debug-core.log": No such file or directory (2)
rsync error: some files/attrs were not transferred (see previous errors) (code 23) at main.c(1865) [generator=3.2.7]
Welcome to vast.ai. If authentication fails, try again after a few seconds, and double check your ssh key.
Have fun!
AI agents: READ /etc/vast-agents-guide.md (also linked as ./AGENTS.md) before acting on or describing this instance: it is the operating guide. ('vast-capabilities' shows live state only, not the guide.)
[Wed Jul  1 03:41:13 AM PDT 2026] pass done rc=0; csv=1 best_model_ckpts=9
Welcome to vast.ai. If authentication fails, try again after a few seconds, and double check your ssh key.
Have fun!
AI agents: READ /etc/vast-agents-guide.md (also linked as ./AGENTS.md) before acting on or describing this instance: it is the operating guide. ('vast-capabilities' shows live state only, not the guide.)
Welcome to vast.ai. If authentication fails, try again after a few seconds, and double check your ssh key.
Have fun!
AI agents: READ /etc/vast-agents-guide.md (also linked as ./AGENTS.md) before acting on or describing this instance: it is the operating guide. ('vast-capabilities' shows live state only, not the guide.)
Welcome to vast.ai. If authentication fails, try again after a few seconds, and double check your ssh key.
Have fun!
AI agents: READ /etc/vast-agents-guide.md (also linked as ./AGENTS.md) before acting on or describing this instance: it is the operating guide. ('vast-capabilities' shows live state only, not the guide.)
rsync: [generator] failed to set times on "/tmp/galaxy_srv_disk00/pengchx3/rebuttal_nt/box_r13_backup/live/wandb/offline-run-20260630_234636-x13b081n/logs/debug-core.log": No such file or directory (2)
rsync: [generator] failed to set times on "/tmp/galaxy_srv_disk00/pengchx3/rebuttal_nt/box_r13_backup/live/wandb/offline-run-20260630_235013-efpuf9sb/logs/debug-core.log": No such file or directory (2)
rsync: [generator] failed to set times on "/tmp/galaxy_srv_disk00/pengchx3/rebuttal_nt/box_r13_backup/live/wandb/offline-run-20260630_235039-jls84eao/logs/debug-core.log": No such file or directory (2)
rsync: [generator] failed to set times on "/tmp/galaxy_srv_disk00/pengchx3/rebuttal_nt/box_r13_backup/live/wandb/offline-run-20260630_235104-ng8nx1x4/logs/debug-core.log": No such file or directory (2)
rsync: [generator] failed to set times on "/tmp/galaxy_srv_disk00/pengchx3/rebuttal_nt/box_r13_backup/live/wandb/offline-run-20260701_033444-5ajizoss/logs/debug-core.log": No such file or directory (2)
rsync: [generator] failed to set times on "/tmp/galaxy_srv_disk00/pengchx3/rebuttal_nt/box_r13_backup/live/wandb/offline-run-20260701_043646-5eu7lyg8/logs/debug-core.log": No such file or directory (2)
rsync: [generator] failed to set times on "/tmp/galaxy_srv_disk00/pengchx3/rebuttal_nt/box_r13_backup/live/wandb/offline-run-20260701_054550-vrqqodlv/logs/debug-core.log": No such file or directory (2)
rsync: [generator] failed to set times on "/tmp/galaxy_srv_disk00/pengchx3/rebuttal_nt/box_r13_backup/live/wandb/offline-run-20260701_074325-s3laey7g/logs/debug-core.log": No such file or directory (2)
rsync: [generator] failed to set times on "/tmp/galaxy_srv_disk00/pengchx3/rebuttal_nt/box_r13_backup/live/wandb/offline-run-20260701_093804-ieiy1udx/logs/debug-core.log": No such file or directory (2)
rsync error: some files/attrs were not transferred (see previous errors) (code 23) at main.c(1865) [generator=3.2.7]
Welcome to vast.ai. If authentication fails, try again after a few seconds, and double check your ssh key.
Have fun!
AI agents: READ /etc/vast-agents-guide.md (also linked as ./AGENTS.md) before acting on or describing this instance: it is the operating guide. ('vast-capabilities' shows live state only, not the guide.)
[Wed Jul  1 03:51:34 AM PDT 2026] pass done rc=0; csv=1 best_model_ckpts=9
Welcome to vast.ai. If authentication fails, try again after a few seconds, and double check your ssh key.
Have fun!
AI agents: READ /etc/vast-agents-guide.md (also linked as ./AGENTS.md) before acting on or describing this instance: it is the operating guide. ('vast-capabilities' shows live state only, not the guide.)
Welcome to vast.ai. If authentication fails, try again after a few seconds, and double check your ssh key.
Have fun!
AI agents: READ /etc/vast-agents-guide.md (also linked as ./AGENTS.md) before acting on or describing this instance: it is the operating guide. ('vast-capabilities' shows live state only, not the guide.)
Welcome to vast.ai. If authentication fails, try again after a few seconds, and double check your ssh key.
Have fun!
AI agents: READ /etc/vast-agents-guide.md (also linked as ./AGENTS.md) before acting on or describing this instance: it is the operating guide. ('vast-capabilities' shows live state only, not the guide.)
rsync: [generator] failed to set times on "/tmp/galaxy_srv_disk00/pengchx3/rebuttal_nt/box_r13_backup/live/wandb/offline-run-20260630_234636-x13b081n/logs/debug-core.log": No such file or directory (2)
rsync: [generator] failed to set times on "/tmp/galaxy_srv_disk00/pengchx3/rebuttal_nt/box_r13_backup/live/wandb/offline-run-20260630_235013-efpuf9sb/logs/debug-core.log": No such file or directory (2)
rsync: [generator] failed to set times on "/tmp/galaxy_srv_disk00/pengchx3/rebuttal_nt/box_r13_backup/live/wandb/offline-run-20260630_235039-jls84eao/logs/debug-core.log": No such file or directory (2)
rsync: [generator] failed to set times on "/tmp/galaxy_srv_disk00/pengchx3/rebuttal_nt/box_r13_backup/live/wandb/offline-run-20260630_235104-ng8nx1x4/logs/debug-core.log": No such file or directory (2)
rsync: [generator] failed to set times on "/tmp/galaxy_srv_disk00/pengchx3/rebuttal_nt/box_r13_backup/live/wandb/offline-run-20260701_033444-5ajizoss/logs/debug-core.log": No such file or directory (2)
rsync: [generator] failed to set times on "/tmp/galaxy_srv_disk00/pengchx3/rebuttal_nt/box_r13_backup/live/wandb/offline-run-20260701_043646-5eu7lyg8/logs/debug-core.log": No such file or directory (2)
rsync: [generator] failed to set times on "/tmp/galaxy_srv_disk00/pengchx3/rebuttal_nt/box_r13_backup/live/wandb/offline-run-20260701_054550-vrqqodlv/logs/debug-core.log": No such file or directory (2)
rsync: [generator] failed to set times on "/tmp/galaxy_srv_disk00/pengchx3/rebuttal_nt/box_r13_backup/live/wandb/offline-run-20260701_074325-s3laey7g/logs/debug-core.log": No such file or directory (2)
rsync: [generator] failed to set times on "/tmp/galaxy_srv_disk00/pengchx3/rebuttal_nt/box_r13_backup/live/wandb/offline-run-20260701_093804-ieiy1udx/logs/debug-core.log": No such file or directory (2)
rsync error: some files/attrs were not transferred (see previous errors) (code 23) at main.c(1865) [generator=3.2.7]
Welcome to vast.ai. If authentication fails, try again after a few seconds, and double check your ssh key.
Have fun!
AI agents: READ /etc/vast-agents-guide.md (also linked as ./AGENTS.md) before acting on or describing this instance: it is the operating guide. ('vast-capabilities' shows live state only, not the guide.)
[Wed Jul  1 04:01:55 AM PDT 2026] pass done rc=0; csv=1 best_model_ckpts=9
Welcome to vast.ai. If authentication fails, try again after a few seconds, and double check your ssh key.
Have fun!
AI agents: READ /etc/vast-agents-guide.md (also linked as ./AGENTS.md) before acting on or describing this instance: it is the operating guide. ('vast-capabilities' shows live state only, not the guide.)
Welcome to vast.ai. If authentication fails, try again after a few seconds, and double check your ssh key.
Have fun!
AI agents: READ /etc/vast-agents-guide.md (also linked as ./AGENTS.md) before acting on or describing this instance: it is the operating guide. ('vast-capabilities' shows live state only, not the guide.)
Welcome to vast.ai. If authentication fails, try again after a few seconds, and double check your ssh key.
Have fun!
AI agents: READ /etc/vast-agents-guide.md (also linked as ./AGENTS.md) before acting on or describing this instance: it is the operating guide. ('vast-capabilities' shows live state only, not the guide.)
rsync: [generator] failed to set times on "/tmp/galaxy_srv_disk00/pengchx3/rebuttal_nt/box_r13_backup/live/wandb/offline-run-20260630_234636-x13b081n/logs/debug-core.log": No such file or directory (2)
rsync: [generator] failed to set times on "/tmp/galaxy_srv_disk00/pengchx3/rebuttal_nt/box_r13_backup/live/wandb/offline-run-20260630_235013-efpuf9sb/logs/debug-core.log": No such file or directory (2)
rsync: [generator] failed to set times on "/tmp/galaxy_srv_disk00/pengchx3/rebuttal_nt/box_r13_backup/live/wandb/offline-run-20260630_235039-jls84eao/logs/debug-core.log": No such file or directory (2)
rsync: [generator] failed to set times on "/tmp/galaxy_srv_disk00/pengchx3/rebuttal_nt/box_r13_backup/live/wandb/offline-run-20260630_235104-ng8nx1x4/logs/debug-core.log": No such file or directory (2)
rsync: [generator] failed to set times on "/tmp/galaxy_srv_disk00/pengchx3/rebuttal_nt/box_r13_backup/live/wandb/offline-run-20260701_033444-5ajizoss/logs/debug-core.log": No such file or directory (2)
rsync: [generator] failed to set times on "/tmp/galaxy_srv_disk00/pengchx3/rebuttal_nt/box_r13_backup/live/wandb/offline-run-20260701_043646-5eu7lyg8/logs/debug-core.log": No such file or directory (2)
rsync: [generator] failed to set times on "/tmp/galaxy_srv_disk00/pengchx3/rebuttal_nt/box_r13_backup/live/wandb/offline-run-20260701_054550-vrqqodlv/logs/debug-core.log": No such file or directory (2)
rsync: [generator] failed to set times on "/tmp/galaxy_srv_disk00/pengchx3/rebuttal_nt/box_r13_backup/live/wandb/offline-run-20260701_074325-s3laey7g/logs/debug-core.log": No such file or directory (2)
rsync: [generator] failed to set times on "/tmp/galaxy_srv_disk00/pengchx3/rebuttal_nt/box_r13_backup/live/wandb/offline-run-20260701_093804-ieiy1udx/logs/debug-core.log": No such file or directory (2)
rsync error: some files/attrs were not transferred (see previous errors) (code 23) at main.c(1865) [generator=3.2.7]
Welcome to vast.ai. If authentication fails, try again after a few seconds, and double check your ssh key.
Have fun!
AI agents: READ /etc/vast-agents-guide.md (also linked as ./AGENTS.md) before acting on or describing this instance: it is the operating guide. ('vast-capabilities' shows live state only, not the guide.)
[Wed Jul  1 04:12:16 AM PDT 2026] pass done rc=0; csv=1 best_model_ckpts=9
Welcome to vast.ai. If authentication fails, try again after a few seconds, and double check your ssh key.
Have fun!
AI agents: READ /etc/vast-agents-guide.md (also linked as ./AGENTS.md) before acting on or describing this instance: it is the operating guide. ('vast-capabilities' shows live state only, not the guide.)
Welcome to vast.ai. If authentication fails, try again after a few seconds, and double check your ssh key.
Have fun!
AI agents: READ /etc/vast-agents-guide.md (also linked as ./AGENTS.md) before acting on or describing this instance: it is the operating guide. ('vast-capabilities' shows live state only, not the guide.)
Welcome to vast.ai. If authentication fails, try again after a few seconds, and double check your ssh key.
Have fun!
AI agents: READ /etc/vast-agents-guide.md (also linked as ./AGENTS.md) before acting on or describing this instance: it is the operating guide. ('vast-capabilities' shows live state only, not the guide.)
rsync: [generator] failed to set times on "/tmp/galaxy_srv_disk00/pengchx3/rebuttal_nt/box_r13_backup/live/wandb/offline-run-20260630_234636-x13b081n/logs/debug-core.log": No such file or directory (2)
rsync: [generator] failed to set times on "/tmp/galaxy_srv_disk00/pengchx3/rebuttal_nt/box_r13_backup/live/wandb/offline-run-20260630_235013-efpuf9sb/logs/debug-core.log": No such file or directory (2)
rsync: [generator] failed to set times on "/tmp/galaxy_srv_disk00/pengchx3/rebuttal_nt/box_r13_backup/live/wandb/offline-run-20260630_235039-jls84eao/logs/debug-core.log": No such file or directory (2)
rsync: [generator] failed to set times on "/tmp/galaxy_srv_disk00/pengchx3/rebuttal_nt/box_r13_backup/live/wandb/offline-run-20260630_235104-ng8nx1x4/logs/debug-core.log": No such file or directory (2)
rsync: [generator] failed to set times on "/tmp/galaxy_srv_disk00/pengchx3/rebuttal_nt/box_r13_backup/live/wandb/offline-run-20260701_033444-5ajizoss/logs/debug-core.log": No such file or directory (2)
rsync: [generator] failed to set times on "/tmp/galaxy_srv_disk00/pengchx3/rebuttal_nt/box_r13_backup/live/wandb/offline-run-20260701_043646-5eu7lyg8/logs/debug-core.log": No such file or directory (2)
rsync: [generator] failed to set times on "/tmp/galaxy_srv_disk00/pengchx3/rebuttal_nt/box_r13_backup/live/wandb/offline-run-20260701_054550-vrqqodlv/logs/debug-core.log": No such file or directory (2)
rsync: [generator] failed to set times on "/tmp/galaxy_srv_disk00/pengchx3/rebuttal_nt/box_r13_backup/live/wandb/offline-run-20260701_074325-s3laey7g/logs/debug-core.log": No such file or directory (2)
rsync: [generator] failed to set times on "/tmp/galaxy_srv_disk00/pengchx3/rebuttal_nt/box_r13_backup/live/wandb/offline-run-20260701_093804-ieiy1udx/logs/debug-core.log": No such file or directory (2)
rsync error: some files/attrs were not transferred (see previous errors) (code 23) at main.c(1865) [generator=3.2.7]
Welcome to vast.ai. If authentication fails, try again after a few seconds, and double check your ssh key.
Have fun!
AI agents: READ /etc/vast-agents-guide.md (also linked as ./AGENTS.md) before acting on or describing this instance: it is the operating guide. ('vast-capabilities' shows live state only, not the guide.)
[Wed Jul  1 04:22:37 AM PDT 2026] pass done rc=0; csv=1 best_model_ckpts=9
Welcome to vast.ai. If authentication fails, try again after a few seconds, and double check your ssh key.
Have fun!
AI agents: READ /etc/vast-agents-guide.md (also linked as ./AGENTS.md) before acting on or describing this instance: it is the operating guide. ('vast-capabilities' shows live state only, not the guide.)
Welcome to vast.ai. If authentication fails, try again after a few seconds, and double check your ssh key.
Have fun!
AI agents: READ /etc/vast-agents-guide.md (also linked as ./AGENTS.md) before acting on or describing this instance: it is the operating guide. ('vast-capabilities' shows live state only, not the guide.)
Welcome to vast.ai. If authentication fails, try again after a few seconds, and double check your ssh key.
Have fun!
AI agents: READ /etc/vast-agents-guide.md (also linked as ./AGENTS.md) before acting on or describing this instance: it is the operating guide. ('vast-capabilities' shows live state only, not the guide.)
rsync: [generator] failed to set times on "/tmp/galaxy_srv_disk00/pengchx3/rebuttal_nt/box_r13_backup/live/wandb/offline-run-20260630_234636-x13b081n/logs/debug-core.log": No such file or directory (2)
rsync: [generator] failed to set times on "/tmp/galaxy_srv_disk00/pengchx3/rebuttal_nt/box_r13_backup/live/wandb/offline-run-20260630_235013-efpuf9sb/logs/debug-core.log": No such file or directory (2)
rsync: [generator] failed to set times on "/tmp/galaxy_srv_disk00/pengchx3/rebuttal_nt/box_r13_backup/live/wandb/offline-run-20260630_235039-jls84eao/logs/debug-core.log": No such file or directory (2)
rsync: [generator] failed to set times on "/tmp/galaxy_srv_disk00/pengchx3/rebuttal_nt/box_r13_backup/live/wandb/offline-run-20260630_235104-ng8nx1x4/logs/debug-core.log": No such file or directory (2)
rsync: [generator] failed to set times on "/tmp/galaxy_srv_disk00/pengchx3/rebuttal_nt/box_r13_backup/live/wandb/offline-run-20260701_033444-5ajizoss/logs/debug-core.log": No such file or directory (2)
rsync: [generator] failed to set times on "/tmp/galaxy_srv_disk00/pengchx3/rebuttal_nt/box_r13_backup/live/wandb/offline-run-20260701_043646-5eu7lyg8/logs/debug-core.log": No such file or directory (2)
rsync: [generator] failed to set times on "/tmp/galaxy_srv_disk00/pengchx3/rebuttal_nt/box_r13_backup/live/wandb/offline-run-20260701_054550-vrqqodlv/logs/debug-core.log": No such file or directory (2)
rsync: [generator] failed to set times on "/tmp/galaxy_srv_disk00/pengchx3/rebuttal_nt/box_r13_backup/live/wandb/offline-run-20260701_074325-s3laey7g/logs/debug-core.log": No such file or directory (2)
rsync: [generator] failed to set times on "/tmp/galaxy_srv_disk00/pengchx3/rebuttal_nt/box_r13_backup/live/wandb/offline-run-20260701_093804-ieiy1udx/logs/debug-core.log": No such file or directory (2)
rsync error: some files/attrs were not transferred (see previous errors) (code 23) at main.c(1865) [generator=3.2.7]
Welcome to vast.ai. If authentication fails, try again after a few seconds, and double check your ssh key.
Have fun!
AI agents: READ /etc/vast-agents-guide.md (also linked as ./AGENTS.md) before acting on or describing this instance: it is the operating guide. ('vast-capabilities' shows live state only, not the guide.)
[Wed Jul  1 04:33:13 AM PDT 2026] pass done rc=0; csv=1 best_model_ckpts=9
Welcome to vast.ai. If authentication fails, try again after a few seconds, and double check your ssh key.
Have fun!
AI agents: READ /etc/vast-agents-guide.md (also linked as ./AGENTS.md) before acting on or describing this instance: it is the operating guide. ('vast-capabilities' shows live state only, not the guide.)
Welcome to vast.ai. If authentication fails, try again after a few seconds, and double check your ssh key.
Have fun!
AI agents: READ /etc/vast-agents-guide.md (also linked as ./AGENTS.md) before acting on or describing this instance: it is the operating guide. ('vast-capabilities' shows live state only, not the guide.)
Welcome to vast.ai. If authentication fails, try again after a few seconds, and double check your ssh key.
Have fun!
AI agents: READ /etc/vast-agents-guide.md (also linked as ./AGENTS.md) before acting on or describing this instance: it is the operating guide. ('vast-capabilities' shows live state only, not the guide.)
rsync: [generator] failed to set times on "/tmp/galaxy_srv_disk00/pengchx3/rebuttal_nt/box_r13_backup/live/wandb/offline-run-20260630_234636-x13b081n/logs/debug-core.log": No such file or directory (2)
rsync: [generator] failed to set times on "/tmp/galaxy_srv_disk00/pengchx3/rebuttal_nt/box_r13_backup/live/wandb/offline-run-20260630_235013-efpuf9sb/logs/debug-core.log": No such file or directory (2)
rsync: [generator] failed to set times on "/tmp/galaxy_srv_disk00/pengchx3/rebuttal_nt/box_r13_backup/live/wandb/offline-run-20260630_235039-jls84eao/logs/debug-core.log": No such file or directory (2)
rsync: [generator] failed to set times on "/tmp/galaxy_srv_disk00/pengchx3/rebuttal_nt/box_r13_backup/live/wandb/offline-run-20260630_235104-ng8nx1x4/logs/debug-core.log": No such file or directory (2)
rsync: [generator] failed to set times on "/tmp/galaxy_srv_disk00/pengchx3/rebuttal_nt/box_r13_backup/live/wandb/offline-run-20260701_033444-5ajizoss/logs/debug-core.log": No such file or directory (2)
rsync: [generator] failed to set times on "/tmp/galaxy_srv_disk00/pengchx3/rebuttal_nt/box_r13_backup/live/wandb/offline-run-20260701_043646-5eu7lyg8/logs/debug-core.log": No such file or directory (2)
rsync: [generator] failed to set times on "/tmp/galaxy_srv_disk00/pengchx3/rebuttal_nt/box_r13_backup/live/wandb/offline-run-20260701_054550-vrqqodlv/logs/debug-core.log": No such file or directory (2)
rsync: [generator] failed to set times on "/tmp/galaxy_srv_disk00/pengchx3/rebuttal_nt/box_r13_backup/live/wandb/offline-run-20260701_074325-s3laey7g/logs/debug-core.log": No such file or directory (2)
rsync: [generator] failed to set times on "/tmp/galaxy_srv_disk00/pengchx3/rebuttal_nt/box_r13_backup/live/wandb/offline-run-20260701_093804-ieiy1udx/logs/debug-core.log": No such file or directory (2)
rsync error: some files/attrs were not transferred (see previous errors) (code 23) at main.c(1865) [generator=3.2.7]
Welcome to vast.ai. If authentication fails, try again after a few seconds, and double check your ssh key.
Have fun!
AI agents: READ /etc/vast-agents-guide.md (also linked as ./AGENTS.md) before acting on or describing this instance: it is the operating guide. ('vast-capabilities' shows live state only, not the guide.)
[Wed Jul  1 04:43:34 AM PDT 2026] pass done rc=0; csv=1 best_model_ckpts=9
Welcome to vast.ai. If authentication fails, try again after a few seconds, and double check your ssh key.
Have fun!
AI agents: READ /etc/vast-agents-guide.md (also linked as ./AGENTS.md) before acting on or describing this instance: it is the operating guide. ('vast-capabilities' shows live state only, not the guide.)
Welcome to vast.ai. If authentication fails, try again after a few seconds, and double check your ssh key.
Have fun!
AI agents: READ /etc/vast-agents-guide.md (also linked as ./AGENTS.md) before acting on or describing this instance: it is the operating guide. ('vast-capabilities' shows live state only, not the guide.)
Welcome to vast.ai. If authentication fails, try again after a few seconds, and double check your ssh key.
Have fun!
AI agents: READ /etc/vast-agents-guide.md (also linked as ./AGENTS.md) before acting on or describing this instance: it is the operating guide. ('vast-capabilities' shows live state only, not the guide.)
rsync: [generator] failed to set times on "/tmp/galaxy_srv_disk00/pengchx3/rebuttal_nt/box_r13_backup/live/wandb/offline-run-20260630_234636-x13b081n/logs/debug-core.log": No such file or directory (2)
rsync: [generator] failed to set times on "/tmp/galaxy_srv_disk00/pengchx3/rebuttal_nt/box_r13_backup/live/wandb/offline-run-20260630_235013-efpuf9sb/logs/debug-core.log": No such file or directory (2)
rsync: [generator] failed to set times on "/tmp/galaxy_srv_disk00/pengchx3/rebuttal_nt/box_r13_backup/live/wandb/offline-run-20260630_235039-jls84eao/logs/debug-core.log": No such file or directory (2)
rsync: [generator] failed to set times on "/tmp/galaxy_srv_disk00/pengchx3/rebuttal_nt/box_r13_backup/live/wandb/offline-run-20260630_235104-ng8nx1x4/logs/debug-core.log": No such file or directory (2)
rsync: [generator] failed to set times on "/tmp/galaxy_srv_disk00/pengchx3/rebuttal_nt/box_r13_backup/live/wandb/offline-run-20260701_033444-5ajizoss/logs/debug-core.log": No such file or directory (2)
rsync: [generator] failed to set times on "/tmp/galaxy_srv_disk00/pengchx3/rebuttal_nt/box_r13_backup/live/wandb/offline-run-20260701_043646-5eu7lyg8/logs/debug-core.log": No such file or directory (2)
rsync: [generator] failed to set times on "/tmp/galaxy_srv_disk00/pengchx3/rebuttal_nt/box_r13_backup/live/wandb/offline-run-20260701_054550-vrqqodlv/logs/debug-core.log": No such file or directory (2)
rsync: [generator] failed to set times on "/tmp/galaxy_srv_disk00/pengchx3/rebuttal_nt/box_r13_backup/live/wandb/offline-run-20260701_074325-s3laey7g/logs/debug-core.log": No such file or directory (2)
rsync: [generator] failed to set times on "/tmp/galaxy_srv_disk00/pengchx3/rebuttal_nt/box_r13_backup/live/wandb/offline-run-20260701_093804-ieiy1udx/logs/debug-core.log": No such file or directory (2)
rsync error: some files/attrs were not transferred (see previous errors) (code 23) at main.c(1865) [generator=3.2.7]
Welcome to vast.ai. If authentication fails, try again after a few seconds, and double check your ssh key.
Have fun!
AI agents: READ /etc/vast-agents-guide.md (also linked as ./AGENTS.md) before acting on or describing this instance: it is the operating guide. ('vast-capabilities' shows live state only, not the guide.)
[Wed Jul  1 04:53:57 AM PDT 2026] pass done rc=0; csv=1 best_model_ckpts=9
Welcome to vast.ai. If authentication fails, try again after a few seconds, and double check your ssh key.
Have fun!
AI agents: READ /etc/vast-agents-guide.md (also linked as ./AGENTS.md) before acting on or describing this instance: it is the operating guide. ('vast-capabilities' shows live state only, not the guide.)
Welcome to vast.ai. If authentication fails, try again after a few seconds, and double check your ssh key.
Have fun!
AI agents: READ /etc/vast-agents-guide.md (also linked as ./AGENTS.md) before acting on or describing this instance: it is the operating guide. ('vast-capabilities' shows live state only, not the guide.)
Welcome to vast.ai. If authentication fails, try again after a few seconds, and double check your ssh key.
Have fun!
AI agents: READ /etc/vast-agents-guide.md (also linked as ./AGENTS.md) before acting on or describing this instance: it is the operating guide. ('vast-capabilities' shows live state only, not the guide.)
rsync: [generator] failed to set times on "/tmp/galaxy_srv_disk00/pengchx3/rebuttal_nt/box_r13_backup/live/wandb/offline-run-20260630_234636-x13b081n/logs/debug-core.log": No such file or directory (2)
rsync: [generator] failed to set times on "/tmp/galaxy_srv_disk00/pengchx3/rebuttal_nt/box_r13_backup/live/wandb/offline-run-20260630_235013-efpuf9sb/logs/debug-core.log": No such file or directory (2)
rsync: [generator] failed to set times on "/tmp/galaxy_srv_disk00/pengchx3/rebuttal_nt/box_r13_backup/live/wandb/offline-run-20260630_235039-jls84eao/logs/debug-core.log": No such file or directory (2)
rsync: [generator] failed to set times on "/tmp/galaxy_srv_disk00/pengchx3/rebuttal_nt/box_r13_backup/live/wandb/offline-run-20260630_235104-ng8nx1x4/logs/debug-core.log": No such file or directory (2)
rsync: [generator] failed to set times on "/tmp/galaxy_srv_disk00/pengchx3/rebuttal_nt/box_r13_backup/live/wandb/offline-run-20260701_033444-5ajizoss/logs/debug-core.log": No such file or directory (2)
rsync: [generator] failed to set times on "/tmp/galaxy_srv_disk00/pengchx3/rebuttal_nt/box_r13_backup/live/wandb/offline-run-20260701_043646-5eu7lyg8/logs/debug-core.log": No such file or directory (2)
rsync: [generator] failed to set times on "/tmp/galaxy_srv_disk00/pengchx3/rebuttal_nt/box_r13_backup/live/wandb/offline-run-20260701_054550-vrqqodlv/logs/debug-core.log": No such file or directory (2)
rsync: [generator] failed to set times on "/tmp/galaxy_srv_disk00/pengchx3/rebuttal_nt/box_r13_backup/live/wandb/offline-run-20260701_074325-s3laey7g/logs/debug-core.log": No such file or directory (2)
rsync: [generator] failed to set times on "/tmp/galaxy_srv_disk00/pengchx3/rebuttal_nt/box_r13_backup/live/wandb/offline-run-20260701_093804-ieiy1udx/logs/debug-core.log": No such file or directory (2)
rsync error: some files/attrs were not transferred (see previous errors) (code 23) at main.c(1865) [generator=3.2.7]
Welcome to vast.ai. If authentication fails, try again after a few seconds, and double check your ssh key.
Have fun!
AI agents: READ /etc/vast-agents-guide.md (also linked as ./AGENTS.md) before acting on or describing this instance: it is the operating guide. ('vast-capabilities' shows live state only, not the guide.)
[Wed Jul  1 05:04:26 AM PDT 2026] pass done rc=0; csv=1 best_model_ckpts=9
Welcome to vast.ai. If authentication fails, try again after a few seconds, and double check your ssh key.
Have fun!
AI agents: READ /etc/vast-agents-guide.md (also linked as ./AGENTS.md) before acting on or describing this instance: it is the operating guide. ('vast-capabilities' shows live state only, not the guide.)
Welcome to vast.ai. If authentication fails, try again after a few seconds, and double check your ssh key.
Have fun!
AI agents: READ /etc/vast-agents-guide.md (also linked as ./AGENTS.md) before acting on or describing this instance: it is the operating guide. ('vast-capabilities' shows live state only, not the guide.)
Welcome to vast.ai. If authentication fails, try again after a few seconds, and double check your ssh key.
Have fun!
AI agents: READ /etc/vast-agents-guide.md (also linked as ./AGENTS.md) before acting on or describing this instance: it is the operating guide. ('vast-capabilities' shows live state only, not the guide.)
rsync: [generator] failed to set times on "/tmp/galaxy_srv_disk00/pengchx3/rebuttal_nt/box_r13_backup/live/wandb/offline-run-20260630_234636-x13b081n/logs/debug-core.log": No such file or directory (2)
rsync: [generator] failed to set times on "/tmp/galaxy_srv_disk00/pengchx3/rebuttal_nt/box_r13_backup/live/wandb/offline-run-20260630_235013-efpuf9sb/logs/debug-core.log": No such file or directory (2)
rsync: [generator] failed to set times on "/tmp/galaxy_srv_disk00/pengchx3/rebuttal_nt/box_r13_backup/live/wandb/offline-run-20260630_235039-jls84eao/logs/debug-core.log": No such file or directory (2)
rsync: [generator] failed to set times on "/tmp/galaxy_srv_disk00/pengchx3/rebuttal_nt/box_r13_backup/live/wandb/offline-run-20260630_235104-ng8nx1x4/logs/debug-core.log": No such file or directory (2)
rsync: [generator] failed to set times on "/tmp/galaxy_srv_disk00/pengchx3/rebuttal_nt/box_r13_backup/live/wandb/offline-run-20260701_033444-5ajizoss/logs/debug-core.log": No such file or directory (2)
rsync: [generator] failed to set times on "/tmp/galaxy_srv_disk00/pengchx3/rebuttal_nt/box_r13_backup/live/wandb/offline-run-20260701_043646-5eu7lyg8/logs/debug-core.log": No such file or directory (2)
rsync: [generator] failed to set times on "/tmp/galaxy_srv_disk00/pengchx3/rebuttal_nt/box_r13_backup/live/wandb/offline-run-20260701_054550-vrqqodlv/logs/debug-core.log": No such file or directory (2)
rsync: [generator] failed to set times on "/tmp/galaxy_srv_disk00/pengchx3/rebuttal_nt/box_r13_backup/live/wandb/offline-run-20260701_074325-s3laey7g/logs/debug-core.log": No such file or directory (2)
rsync: [generator] failed to set times on "/tmp/galaxy_srv_disk00/pengchx3/rebuttal_nt/box_r13_backup/live/wandb/offline-run-20260701_093804-ieiy1udx/logs/debug-core.log": No such file or directory (2)
rsync error: some files/attrs were not transferred (see previous errors) (code 23) at main.c(1865) [generator=3.2.7]
Welcome to vast.ai. If authentication fails, try again after a few seconds, and double check your ssh key.
Have fun!
AI agents: READ /etc/vast-agents-guide.md (also linked as ./AGENTS.md) before acting on or describing this instance: it is the operating guide. ('vast-capabilities' shows live state only, not the guide.)
[Wed Jul  1 05:14:46 AM PDT 2026] pass done rc=0; csv=1 best_model_ckpts=9
Welcome to vast.ai. If authentication fails, try again after a few seconds, and double check your ssh key.
Have fun!
AI agents: READ /etc/vast-agents-guide.md (also linked as ./AGENTS.md) before acting on or describing this instance: it is the operating guide. ('vast-capabilities' shows live state only, not the guide.)
Welcome to vast.ai. If authentication fails, try again after a few seconds, and double check your ssh key.
Have fun!
AI agents: READ /etc/vast-agents-guide.md (also linked as ./AGENTS.md) before acting on or describing this instance: it is the operating guide. ('vast-capabilities' shows live state only, not the guide.)
Welcome to vast.ai. If authentication fails, try again after a few seconds, and double check your ssh key.
Have fun!
AI agents: READ /etc/vast-agents-guide.md (also linked as ./AGENTS.md) before acting on or describing this instance: it is the operating guide. ('vast-capabilities' shows live state only, not the guide.)
rsync: [generator] failed to set times on "/tmp/galaxy_srv_disk00/pengchx3/rebuttal_nt/box_r13_backup/live/wandb/offline-run-20260630_234636-x13b081n/logs/debug-core.log": No such file or directory (2)
rsync: [generator] failed to set times on "/tmp/galaxy_srv_disk00/pengchx3/rebuttal_nt/box_r13_backup/live/wandb/offline-run-20260630_235013-efpuf9sb/logs/debug-core.log": No such file or directory (2)
rsync: [generator] failed to set times on "/tmp/galaxy_srv_disk00/pengchx3/rebuttal_nt/box_r13_backup/live/wandb/offline-run-20260630_235039-jls84eao/logs/debug-core.log": No such file or directory (2)
rsync: [generator] failed to set times on "/tmp/galaxy_srv_disk00/pengchx3/rebuttal_nt/box_r13_backup/live/wandb/offline-run-20260630_235104-ng8nx1x4/logs/debug-core.log": No such file or directory (2)
rsync: [generator] failed to set times on "/tmp/galaxy_srv_disk00/pengchx3/rebuttal_nt/box_r13_backup/live/wandb/offline-run-20260701_033444-5ajizoss/logs/debug-core.log": No such file or directory (2)
rsync: [generator] failed to set times on "/tmp/galaxy_srv_disk00/pengchx3/rebuttal_nt/box_r13_backup/live/wandb/offline-run-20260701_043646-5eu7lyg8/logs/debug-core.log": No such file or directory (2)
rsync: [generator] failed to set times on "/tmp/galaxy_srv_disk00/pengchx3/rebuttal_nt/box_r13_backup/live/wandb/offline-run-20260701_054550-vrqqodlv/logs/debug-core.log": No such file or directory (2)
rsync: [generator] failed to set times on "/tmp/galaxy_srv_disk00/pengchx3/rebuttal_nt/box_r13_backup/live/wandb/offline-run-20260701_074325-s3laey7g/logs/debug-core.log": No such file or directory (2)
rsync: [generator] failed to set times on "/tmp/galaxy_srv_disk00/pengchx3/rebuttal_nt/box_r13_backup/live/wandb/offline-run-20260701_093804-ieiy1udx/logs/debug-core.log": No such file or directory (2)
rsync error: some files/attrs were not transferred (see previous errors) (code 23) at main.c(1865) [generator=3.2.7]
Welcome to vast.ai. If authentication fails, try again after a few seconds, and double check your ssh key.
Have fun!
AI agents: READ /etc/vast-agents-guide.md (also linked as ./AGENTS.md) before acting on or describing this instance: it is the operating guide. ('vast-capabilities' shows live state only, not the guide.)
[Wed Jul  1 05:25:07 AM PDT 2026] pass done rc=0; csv=1 best_model_ckpts=9
Welcome to vast.ai. If authentication fails, try again after a few seconds, and double check your ssh key.
Have fun!
AI agents: READ /etc/vast-agents-guide.md (also linked as ./AGENTS.md) before acting on or describing this instance: it is the operating guide. ('vast-capabilities' shows live state only, not the guide.)
Welcome to vast.ai. If authentication fails, try again after a few seconds, and double check your ssh key.
Have fun!
AI agents: READ /etc/vast-agents-guide.md (also linked as ./AGENTS.md) before acting on or describing this instance: it is the operating guide. ('vast-capabilities' shows live state only, not the guide.)
Welcome to vast.ai. If authentication fails, try again after a few seconds, and double check your ssh key.
Have fun!
AI agents: READ /etc/vast-agents-guide.md (also linked as ./AGENTS.md) before acting on or describing this instance: it is the operating guide. ('vast-capabilities' shows live state only, not the guide.)
rsync: [generator] failed to set times on "/tmp/galaxy_srv_disk00/pengchx3/rebuttal_nt/box_r13_backup/live/wandb/offline-run-20260630_234636-x13b081n/logs/debug-core.log": No such file or directory (2)
rsync: [generator] failed to set times on "/tmp/galaxy_srv_disk00/pengchx3/rebuttal_nt/box_r13_backup/live/wandb/offline-run-20260630_235013-efpuf9sb/logs/debug-core.log": No such file or directory (2)
rsync: [generator] failed to set times on "/tmp/galaxy_srv_disk00/pengchx3/rebuttal_nt/box_r13_backup/live/wandb/offline-run-20260630_235039-jls84eao/logs/debug-core.log": No such file or directory (2)
rsync: [generator] failed to set times on "/tmp/galaxy_srv_disk00/pengchx3/rebuttal_nt/box_r13_backup/live/wandb/offline-run-20260630_235104-ng8nx1x4/logs/debug-core.log": No such file or directory (2)
rsync: [generator] failed to set times on "/tmp/galaxy_srv_disk00/pengchx3/rebuttal_nt/box_r13_backup/live/wandb/offline-run-20260701_033444-5ajizoss/logs/debug-core.log": No such file or directory (2)
rsync: [generator] failed to set times on "/tmp/galaxy_srv_disk00/pengchx3/rebuttal_nt/box_r13_backup/live/wandb/offline-run-20260701_043646-5eu7lyg8/logs/debug-core.log": No such file or directory (2)
rsync: [generator] failed to set times on "/tmp/galaxy_srv_disk00/pengchx3/rebuttal_nt/box_r13_backup/live/wandb/offline-run-20260701_054550-vrqqodlv/logs/debug-core.log": No such file or directory (2)
rsync: [generator] failed to set times on "/tmp/galaxy_srv_disk00/pengchx3/rebuttal_nt/box_r13_backup/live/wandb/offline-run-20260701_074325-s3laey7g/logs/debug-core.log": No such file or directory (2)
rsync: [generator] failed to set times on "/tmp/galaxy_srv_disk00/pengchx3/rebuttal_nt/box_r13_backup/live/wandb/offline-run-20260701_093804-ieiy1udx/logs/debug-core.log": No such file or directory (2)
rsync error: some files/attrs were not transferred (see previous errors) (code 23) at main.c(1865) [generator=3.2.7]
Welcome to vast.ai. If authentication fails, try again after a few seconds, and double check your ssh key.
Have fun!
AI agents: READ /etc/vast-agents-guide.md (also linked as ./AGENTS.md) before acting on or describing this instance: it is the operating guide. ('vast-capabilities' shows live state only, not the guide.)
[Wed Jul  1 05:35:36 AM PDT 2026] pass done rc=0; csv=1 best_model_ckpts=9
Welcome to vast.ai. If authentication fails, try again after a few seconds, and double check your ssh key.
Have fun!
AI agents: READ /etc/vast-agents-guide.md (also linked as ./AGENTS.md) before acting on or describing this instance: it is the operating guide. ('vast-capabilities' shows live state only, not the guide.)
Welcome to vast.ai. If authentication fails, try again after a few seconds, and double check your ssh key.
Have fun!
AI agents: READ /etc/vast-agents-guide.md (also linked as ./AGENTS.md) before acting on or describing this instance: it is the operating guide. ('vast-capabilities' shows live state only, not the guide.)
Welcome to vast.ai. If authentication fails, try again after a few seconds, and double check your ssh key.
Have fun!
AI agents: READ /etc/vast-agents-guide.md (also linked as ./AGENTS.md) before acting on or describing this instance: it is the operating guide. ('vast-capabilities' shows live state only, not the guide.)
rsync: [generator] failed to set times on "/tmp/galaxy_srv_disk00/pengchx3/rebuttal_nt/box_r13_backup/live/wandb/offline-run-20260630_234636-x13b081n/logs/debug-core.log": No such file or directory (2)
rsync: [generator] failed to set times on "/tmp/galaxy_srv_disk00/pengchx3/rebuttal_nt/box_r13_backup/live/wandb/offline-run-20260630_235013-efpuf9sb/logs/debug-core.log": No such file or directory (2)
rsync: [generator] failed to set times on "/tmp/galaxy_srv_disk00/pengchx3/rebuttal_nt/box_r13_backup/live/wandb/offline-run-20260630_235039-jls84eao/logs/debug-core.log": No such file or directory (2)
rsync: [generator] failed to set times on "/tmp/galaxy_srv_disk00/pengchx3/rebuttal_nt/box_r13_backup/live/wandb/offline-run-20260630_235104-ng8nx1x4/logs/debug-core.log": No such file or directory (2)
rsync: [generator] failed to set times on "/tmp/galaxy_srv_disk00/pengchx3/rebuttal_nt/box_r13_backup/live/wandb/offline-run-20260701_033444-5ajizoss/logs/debug-core.log": No such file or directory (2)
rsync: [generator] failed to set times on "/tmp/galaxy_srv_disk00/pengchx3/rebuttal_nt/box_r13_backup/live/wandb/offline-run-20260701_043646-5eu7lyg8/logs/debug-core.log": No such file or directory (2)
rsync: [generator] failed to set times on "/tmp/galaxy_srv_disk00/pengchx3/rebuttal_nt/box_r13_backup/live/wandb/offline-run-20260701_054550-vrqqodlv/logs/debug-core.log": No such file or directory (2)
rsync: [generator] failed to set times on "/tmp/galaxy_srv_disk00/pengchx3/rebuttal_nt/box_r13_backup/live/wandb/offline-run-20260701_074325-s3laey7g/logs/debug-core.log": No such file or directory (2)
rsync: [generator] failed to set times on "/tmp/galaxy_srv_disk00/pengchx3/rebuttal_nt/box_r13_backup/live/wandb/offline-run-20260701_093804-ieiy1udx/logs/debug-core.log": No such file or directory (2)
rsync error: some files/attrs were not transferred (see previous errors) (code 23) at main.c(1865) [generator=3.2.7]
Welcome to vast.ai. If authentication fails, try again after a few seconds, and double check your ssh key.
Have fun!
AI agents: READ /etc/vast-agents-guide.md (also linked as ./AGENTS.md) before acting on or describing this instance: it is the operating guide. ('vast-capabilities' shows live state only, not the guide.)
[Wed Jul  1 05:45:57 AM PDT 2026] pass done rc=0; csv=1 best_model_ckpts=9
Welcome to vast.ai. If authentication fails, try again after a few seconds, and double check your ssh key.
Have fun!
AI agents: READ /etc/vast-agents-guide.md (also linked as ./AGENTS.md) before acting on or describing this instance: it is the operating guide. ('vast-capabilities' shows live state only, not the guide.)
Welcome to vast.ai. If authentication fails, try again after a few seconds, and double check your ssh key.
Have fun!
AI agents: READ /etc/vast-agents-guide.md (also linked as ./AGENTS.md) before acting on or describing this instance: it is the operating guide. ('vast-capabilities' shows live state only, not the guide.)
Welcome to vast.ai. If authentication fails, try again after a few seconds, and double check your ssh key.
Have fun!
AI agents: READ /etc/vast-agents-guide.md (also linked as ./AGENTS.md) before acting on or describing this instance: it is the operating guide. ('vast-capabilities' shows live state only, not the guide.)
rsync: [generator] failed to set times on "/tmp/galaxy_srv_disk00/pengchx3/rebuttal_nt/box_r13_backup/live/wandb/offline-run-20260630_234636-x13b081n/logs/debug-core.log": No such file or directory (2)
rsync: [generator] failed to set times on "/tmp/galaxy_srv_disk00/pengchx3/rebuttal_nt/box_r13_backup/live/wandb/offline-run-20260630_235013-efpuf9sb/logs/debug-core.log": No such file or directory (2)
rsync: [generator] failed to set times on "/tmp/galaxy_srv_disk00/pengchx3/rebuttal_nt/box_r13_backup/live/wandb/offline-run-20260630_235039-jls84eao/logs/debug-core.log": No such file or directory (2)
rsync: [generator] failed to set times on "/tmp/galaxy_srv_disk00/pengchx3/rebuttal_nt/box_r13_backup/live/wandb/offline-run-20260630_235104-ng8nx1x4/logs/debug-core.log": No such file or directory (2)
rsync: [generator] failed to set times on "/tmp/galaxy_srv_disk00/pengchx3/rebuttal_nt/box_r13_backup/live/wandb/offline-run-20260701_033444-5ajizoss/logs/debug-core.log": No such file or directory (2)
rsync: [generator] failed to set times on "/tmp/galaxy_srv_disk00/pengchx3/rebuttal_nt/box_r13_backup/live/wandb/offline-run-20260701_043646-5eu7lyg8/logs/debug-core.log": No such file or directory (2)
rsync: [generator] failed to set times on "/tmp/galaxy_srv_disk00/pengchx3/rebuttal_nt/box_r13_backup/live/wandb/offline-run-20260701_054550-vrqqodlv/logs/debug-core.log": No such file or directory (2)
rsync: [generator] failed to set times on "/tmp/galaxy_srv_disk00/pengchx3/rebuttal_nt/box_r13_backup/live/wandb/offline-run-20260701_074325-s3laey7g/logs/debug-core.log": No such file or directory (2)
rsync: [generator] failed to set times on "/tmp/galaxy_srv_disk00/pengchx3/rebuttal_nt/box_r13_backup/live/wandb/offline-run-20260701_093804-ieiy1udx/logs/debug-core.log": No such file or directory (2)
rsync error: some files/attrs were not transferred (see previous errors) (code 23) at main.c(1865) [generator=3.2.7]
Welcome to vast.ai. If authentication fails, try again after a few seconds, and double check your ssh key.
Have fun!
AI agents: READ /etc/vast-agents-guide.md (also linked as ./AGENTS.md) before acting on or describing this instance: it is the operating guide. ('vast-capabilities' shows live state only, not the guide.)
[Wed Jul  1 05:56:28 AM PDT 2026] pass done rc=0; csv=1 best_model_ckpts=9
Welcome to vast.ai. If authentication fails, try again after a few seconds, and double check your ssh key.
Have fun!
AI agents: READ /etc/vast-agents-guide.md (also linked as ./AGENTS.md) before acting on or describing this instance: it is the operating guide. ('vast-capabilities' shows live state only, not the guide.)
Welcome to vast.ai. If authentication fails, try again after a few seconds, and double check your ssh key.
Have fun!
AI agents: READ /etc/vast-agents-guide.md (also linked as ./AGENTS.md) before acting on or describing this instance: it is the operating guide. ('vast-capabilities' shows live state only, not the guide.)
Welcome to vast.ai. If authentication fails, try again after a few seconds, and double check your ssh key.
Have fun!
AI agents: READ /etc/vast-agents-guide.md (also linked as ./AGENTS.md) before acting on or describing this instance: it is the operating guide. ('vast-capabilities' shows live state only, not the guide.)
rsync: [generator] failed to set times on "/tmp/galaxy_srv_disk00/pengchx3/rebuttal_nt/box_r13_backup/live/wandb/offline-run-20260630_234636-x13b081n/logs/debug-core.log": No such file or directory (2)
rsync: [generator] failed to set times on "/tmp/galaxy_srv_disk00/pengchx3/rebuttal_nt/box_r13_backup/live/wandb/offline-run-20260630_235013-efpuf9sb/logs/debug-core.log": No such file or directory (2)
rsync: [generator] failed to set times on "/tmp/galaxy_srv_disk00/pengchx3/rebuttal_nt/box_r13_backup/live/wandb/offline-run-20260630_235039-jls84eao/logs/debug-core.log": No such file or directory (2)
rsync: [generator] failed to set times on "/tmp/galaxy_srv_disk00/pengchx3/rebuttal_nt/box_r13_backup/live/wandb/offline-run-20260630_235104-ng8nx1x4/logs/debug-core.log": No such file or directory (2)
rsync: [generator] failed to set times on "/tmp/galaxy_srv_disk00/pengchx3/rebuttal_nt/box_r13_backup/live/wandb/offline-run-20260701_033444-5ajizoss/logs/debug-core.log": No such file or directory (2)
rsync: [generator] failed to set times on "/tmp/galaxy_srv_disk00/pengchx3/rebuttal_nt/box_r13_backup/live/wandb/offline-run-20260701_043646-5eu7lyg8/logs/debug-core.log": No such file or directory (2)
rsync: [generator] failed to set times on "/tmp/galaxy_srv_disk00/pengchx3/rebuttal_nt/box_r13_backup/live/wandb/offline-run-20260701_054550-vrqqodlv/logs/debug-core.log": No such file or directory (2)
rsync: [generator] failed to set times on "/tmp/galaxy_srv_disk00/pengchx3/rebuttal_nt/box_r13_backup/live/wandb/offline-run-20260701_074325-s3laey7g/logs/debug-core.log": No such file or directory (2)
rsync: [generator] failed to set times on "/tmp/galaxy_srv_disk00/pengchx3/rebuttal_nt/box_r13_backup/live/wandb/offline-run-20260701_093804-ieiy1udx/logs/debug-core.log": No such file or directory (2)
rsync error: some files/attrs were not transferred (see previous errors) (code 23) at main.c(1865) [generator=3.2.7]
Welcome to vast.ai. If authentication fails, try again after a few seconds, and double check your ssh key.
Have fun!
AI agents: READ /etc/vast-agents-guide.md (also linked as ./AGENTS.md) before acting on or describing this instance: it is the operating guide. ('vast-capabilities' shows live state only, not the guide.)
[Wed Jul  1 06:06:49 AM PDT 2026] pass done rc=0; csv=1 best_model_ckpts=9
Welcome to vast.ai. If authentication fails, try again after a few seconds, and double check your ssh key.
Have fun!
AI agents: READ /etc/vast-agents-guide.md (also linked as ./AGENTS.md) before acting on or describing this instance: it is the operating guide. ('vast-capabilities' shows live state only, not the guide.)
Welcome to vast.ai. If authentication fails, try again after a few seconds, and double check your ssh key.
Have fun!
AI agents: READ /etc/vast-agents-guide.md (also linked as ./AGENTS.md) before acting on or describing this instance: it is the operating guide. ('vast-capabilities' shows live state only, not the guide.)
Welcome to vast.ai. If authentication fails, try again after a few seconds, and double check your ssh key.
Have fun!
AI agents: READ /etc/vast-agents-guide.md (also linked as ./AGENTS.md) before acting on or describing this instance: it is the operating guide. ('vast-capabilities' shows live state only, not the guide.)
rsync: [generator] failed to set times on "/tmp/galaxy_srv_disk00/pengchx3/rebuttal_nt/box_r13_backup/live/wandb/offline-run-20260630_234636-x13b081n/logs/debug-core.log": No such file or directory (2)
rsync: [generator] failed to set times on "/tmp/galaxy_srv_disk00/pengchx3/rebuttal_nt/box_r13_backup/live/wandb/offline-run-20260630_235013-efpuf9sb/logs/debug-core.log": No such file or directory (2)
rsync: [generator] failed to set times on "/tmp/galaxy_srv_disk00/pengchx3/rebuttal_nt/box_r13_backup/live/wandb/offline-run-20260630_235039-jls84eao/logs/debug-core.log": No such file or directory (2)
rsync: [generator] failed to set times on "/tmp/galaxy_srv_disk00/pengchx3/rebuttal_nt/box_r13_backup/live/wandb/offline-run-20260630_235104-ng8nx1x4/logs/debug-core.log": No such file or directory (2)
rsync: [generator] failed to set times on "/tmp/galaxy_srv_disk00/pengchx3/rebuttal_nt/box_r13_backup/live/wandb/offline-run-20260701_033444-5ajizoss/logs/debug-core.log": No such file or directory (2)
rsync: [generator] failed to set times on "/tmp/galaxy_srv_disk00/pengchx3/rebuttal_nt/box_r13_backup/live/wandb/offline-run-20260701_043646-5eu7lyg8/logs/debug-core.log": No such file or directory (2)
rsync: [generator] failed to set times on "/tmp/galaxy_srv_disk00/pengchx3/rebuttal_nt/box_r13_backup/live/wandb/offline-run-20260701_054550-vrqqodlv/logs/debug-core.log": No such file or directory (2)
rsync: [generator] failed to set times on "/tmp/galaxy_srv_disk00/pengchx3/rebuttal_nt/box_r13_backup/live/wandb/offline-run-20260701_074325-s3laey7g/logs/debug-core.log": No such file or directory (2)
rsync: [generator] failed to set times on "/tmp/galaxy_srv_disk00/pengchx3/rebuttal_nt/box_r13_backup/live/wandb/offline-run-20260701_093804-ieiy1udx/logs/debug-core.log": No such file or directory (2)
rsync error: some files/attrs were not transferred (see previous errors) (code 23) at main.c(1865) [generator=3.2.7]
Welcome to vast.ai. If authentication fails, try again after a few seconds, and double check your ssh key.
Have fun!
AI agents: READ /etc/vast-agents-guide.md (also linked as ./AGENTS.md) before acting on or describing this instance: it is the operating guide. ('vast-capabilities' shows live state only, not the guide.)
[Wed Jul  1 06:17:10 AM PDT 2026] pass done rc=0; csv=1 best_model_ckpts=9
Welcome to vast.ai. If authentication fails, try again after a few seconds, and double check your ssh key.
Have fun!
AI agents: READ /etc/vast-agents-guide.md (also linked as ./AGENTS.md) before acting on or describing this instance: it is the operating guide. ('vast-capabilities' shows live state only, not the guide.)
Welcome to vast.ai. If authentication fails, try again after a few seconds, and double check your ssh key.
Have fun!
AI agents: READ /etc/vast-agents-guide.md (also linked as ./AGENTS.md) before acting on or describing this instance: it is the operating guide. ('vast-capabilities' shows live state only, not the guide.)
Welcome to vast.ai. If authentication fails, try again after a few seconds, and double check your ssh key.
Have fun!
AI agents: READ /etc/vast-agents-guide.md (also linked as ./AGENTS.md) before acting on or describing this instance: it is the operating guide. ('vast-capabilities' shows live state only, not the guide.)
rsync: [generator] failed to set times on "/tmp/galaxy_srv_disk00/pengchx3/rebuttal_nt/box_r13_backup/live/wandb/offline-run-20260630_234636-x13b081n/logs/debug-core.log": No such file or directory (2)
rsync: [generator] failed to set times on "/tmp/galaxy_srv_disk00/pengchx3/rebuttal_nt/box_r13_backup/live/wandb/offline-run-20260630_235013-efpuf9sb/logs/debug-core.log": No such file or directory (2)
rsync: [generator] failed to set times on "/tmp/galaxy_srv_disk00/pengchx3/rebuttal_nt/box_r13_backup/live/wandb/offline-run-20260630_235039-jls84eao/logs/debug-core.log": No such file or directory (2)
rsync: [generator] failed to set times on "/tmp/galaxy_srv_disk00/pengchx3/rebuttal_nt/box_r13_backup/live/wandb/offline-run-20260630_235104-ng8nx1x4/logs/debug-core.log": No such file or directory (2)
rsync: [generator] failed to set times on "/tmp/galaxy_srv_disk00/pengchx3/rebuttal_nt/box_r13_backup/live/wandb/offline-run-20260701_033444-5ajizoss/logs/debug-core.log": No such file or directory (2)
rsync: [generator] failed to set times on "/tmp/galaxy_srv_disk00/pengchx3/rebuttal_nt/box_r13_backup/live/wandb/offline-run-20260701_043646-5eu7lyg8/logs/debug-core.log": No such file or directory (2)
rsync: [generator] failed to set times on "/tmp/galaxy_srv_disk00/pengchx3/rebuttal_nt/box_r13_backup/live/wandb/offline-run-20260701_054550-vrqqodlv/logs/debug-core.log": No such file or directory (2)
rsync: [generator] failed to set times on "/tmp/galaxy_srv_disk00/pengchx3/rebuttal_nt/box_r13_backup/live/wandb/offline-run-20260701_074325-s3laey7g/logs/debug-core.log": No such file or directory (2)
rsync: [generator] failed to set times on "/tmp/galaxy_srv_disk00/pengchx3/rebuttal_nt/box_r13_backup/live/wandb/offline-run-20260701_093804-ieiy1udx/logs/debug-core.log": No such file or directory (2)
rsync error: some files/attrs were not transferred (see previous errors) (code 23) at main.c(1865) [generator=3.2.7]
Welcome to vast.ai. If authentication fails, try again after a few seconds, and double check your ssh key.
Have fun!
AI agents: READ /etc/vast-agents-guide.md (also linked as ./AGENTS.md) before acting on or describing this instance: it is the operating guide. ('vast-capabilities' shows live state only, not the guide.)
[Wed Jul  1 06:27:32 AM PDT 2026] pass done rc=0; csv=1 best_model_ckpts=9
Welcome to vast.ai. If authentication fails, try again after a few seconds, and double check your ssh key.
Have fun!
AI agents: READ /etc/vast-agents-guide.md (also linked as ./AGENTS.md) before acting on or describing this instance: it is the operating guide. ('vast-capabilities' shows live state only, not the guide.)
Welcome to vast.ai. If authentication fails, try again after a few seconds, and double check your ssh key.
Have fun!
AI agents: READ /etc/vast-agents-guide.md (also linked as ./AGENTS.md) before acting on or describing this instance: it is the operating guide. ('vast-capabilities' shows live state only, not the guide.)
Welcome to vast.ai. If authentication fails, try again after a few seconds, and double check your ssh key.
Have fun!
AI agents: READ /etc/vast-agents-guide.md (also linked as ./AGENTS.md) before acting on or describing this instance: it is the operating guide. ('vast-capabilities' shows live state only, not the guide.)
rsync: [generator] failed to set times on "/tmp/galaxy_srv_disk00/pengchx3/rebuttal_nt/box_r13_backup/live/wandb/offline-run-20260630_234636-x13b081n/logs/debug-core.log": No such file or directory (2)
rsync: [generator] failed to set times on "/tmp/galaxy_srv_disk00/pengchx3/rebuttal_nt/box_r13_backup/live/wandb/offline-run-20260630_235013-efpuf9sb/logs/debug-core.log": No such file or directory (2)
rsync: [generator] failed to set times on "/tmp/galaxy_srv_disk00/pengchx3/rebuttal_nt/box_r13_backup/live/wandb/offline-run-20260630_235039-jls84eao/logs/debug-core.log": No such file or directory (2)
rsync: [generator] failed to set times on "/tmp/galaxy_srv_disk00/pengchx3/rebuttal_nt/box_r13_backup/live/wandb/offline-run-20260630_235104-ng8nx1x4/logs/debug-core.log": No such file or directory (2)
rsync: [generator] failed to set times on "/tmp/galaxy_srv_disk00/pengchx3/rebuttal_nt/box_r13_backup/live/wandb/offline-run-20260701_033444-5ajizoss/logs/debug-core.log": No such file or directory (2)
rsync: [generator] failed to set times on "/tmp/galaxy_srv_disk00/pengchx3/rebuttal_nt/box_r13_backup/live/wandb/offline-run-20260701_043646-5eu7lyg8/logs/debug-core.log": No such file or directory (2)
rsync: [generator] failed to set times on "/tmp/galaxy_srv_disk00/pengchx3/rebuttal_nt/box_r13_backup/live/wandb/offline-run-20260701_054550-vrqqodlv/logs/debug-core.log": No such file or directory (2)
rsync: [generator] failed to set times on "/tmp/galaxy_srv_disk00/pengchx3/rebuttal_nt/box_r13_backup/live/wandb/offline-run-20260701_074325-s3laey7g/logs/debug-core.log": No such file or directory (2)
rsync: [generator] failed to set times on "/tmp/galaxy_srv_disk00/pengchx3/rebuttal_nt/box_r13_backup/live/wandb/offline-run-20260701_093804-ieiy1udx/logs/debug-core.log": No such file or directory (2)
rsync error: some files/attrs were not transferred (see previous errors) (code 23) at main.c(1865) [generator=3.2.7]
Welcome to vast.ai. If authentication fails, try again after a few seconds, and double check your ssh key.
Have fun!
AI agents: READ /etc/vast-agents-guide.md (also linked as ./AGENTS.md) before acting on or describing this instance: it is the operating guide. ('vast-capabilities' shows live state only, not the guide.)
[Wed Jul  1 06:37:54 AM PDT 2026] pass done rc=0; csv=1 best_model_ckpts=9
Welcome to vast.ai. If authentication fails, try again after a few seconds, and double check your ssh key.
Have fun!
AI agents: READ /etc/vast-agents-guide.md (also linked as ./AGENTS.md) before acting on or describing this instance: it is the operating guide. ('vast-capabilities' shows live state only, not the guide.)
Welcome to vast.ai. If authentication fails, try again after a few seconds, and double check your ssh key.
Have fun!
AI agents: READ /etc/vast-agents-guide.md (also linked as ./AGENTS.md) before acting on or describing this instance: it is the operating guide. ('vast-capabilities' shows live state only, not the guide.)
Welcome to vast.ai. If authentication fails, try again after a few seconds, and double check your ssh key.
Have fun!
AI agents: READ /etc/vast-agents-guide.md (also linked as ./AGENTS.md) before acting on or describing this instance: it is the operating guide. ('vast-capabilities' shows live state only, not the guide.)
rsync: [generator] failed to set times on "/tmp/galaxy_srv_disk00/pengchx3/rebuttal_nt/box_r13_backup/live/wandb/offline-run-20260630_234636-x13b081n/logs/debug-core.log": No such file or directory (2)
rsync: [generator] failed to set times on "/tmp/galaxy_srv_disk00/pengchx3/rebuttal_nt/box_r13_backup/live/wandb/offline-run-20260630_235013-efpuf9sb/logs/debug-core.log": No such file or directory (2)
rsync: [generator] failed to set times on "/tmp/galaxy_srv_disk00/pengchx3/rebuttal_nt/box_r13_backup/live/wandb/offline-run-20260630_235039-jls84eao/logs/debug-core.log": No such file or directory (2)
rsync: [generator] failed to set times on "/tmp/galaxy_srv_disk00/pengchx3/rebuttal_nt/box_r13_backup/live/wandb/offline-run-20260630_235104-ng8nx1x4/logs/debug-core.log": No such file or directory (2)
rsync: [generator] failed to set times on "/tmp/galaxy_srv_disk00/pengchx3/rebuttal_nt/box_r13_backup/live/wandb/offline-run-20260701_033444-5ajizoss/logs/debug-core.log": No such file or directory (2)
rsync: [generator] failed to set times on "/tmp/galaxy_srv_disk00/pengchx3/rebuttal_nt/box_r13_backup/live/wandb/offline-run-20260701_043646-5eu7lyg8/logs/debug-core.log": No such file or directory (2)
rsync: [generator] failed to set times on "/tmp/galaxy_srv_disk00/pengchx3/rebuttal_nt/box_r13_backup/live/wandb/offline-run-20260701_054550-vrqqodlv/logs/debug-core.log": No such file or directory (2)
rsync: [generator] failed to set times on "/tmp/galaxy_srv_disk00/pengchx3/rebuttal_nt/box_r13_backup/live/wandb/offline-run-20260701_074325-s3laey7g/logs/debug-core.log": No such file or directory (2)
rsync: [generator] failed to set times on "/tmp/galaxy_srv_disk00/pengchx3/rebuttal_nt/box_r13_backup/live/wandb/offline-run-20260701_093804-ieiy1udx/logs/debug-core.log": No such file or directory (2)
rsync error: some files/attrs were not transferred (see previous errors) (code 23) at main.c(1865) [generator=3.2.7]
Welcome to vast.ai. If authentication fails, try again after a few seconds, and double check your ssh key.
Have fun!
AI agents: READ /etc/vast-agents-guide.md (also linked as ./AGENTS.md) before acting on or describing this instance: it is the operating guide. ('vast-capabilities' shows live state only, not the guide.)
[Wed Jul  1 06:48:24 AM PDT 2026] pass done rc=0; csv=1 best_model_ckpts=9
Welcome to vast.ai. If authentication fails, try again after a few seconds, and double check your ssh key.
Have fun!
AI agents: READ /etc/vast-agents-guide.md (also linked as ./AGENTS.md) before acting on or describing this instance: it is the operating guide. ('vast-capabilities' shows live state only, not the guide.)
Welcome to vast.ai. If authentication fails, try again after a few seconds, and double check your ssh key.
Have fun!
AI agents: READ /etc/vast-agents-guide.md (also linked as ./AGENTS.md) before acting on or describing this instance: it is the operating guide. ('vast-capabilities' shows live state only, not the guide.)
Welcome to vast.ai. If authentication fails, try again after a few seconds, and double check your ssh key.
Have fun!
AI agents: READ /etc/vast-agents-guide.md (also linked as ./AGENTS.md) before acting on or describing this instance: it is the operating guide. ('vast-capabilities' shows live state only, not the guide.)
rsync: [generator] failed to set times on "/tmp/galaxy_srv_disk00/pengchx3/rebuttal_nt/box_r13_backup/live/wandb/offline-run-20260630_234636-x13b081n/logs/debug-core.log": No such file or directory (2)
rsync: [generator] failed to set times on "/tmp/galaxy_srv_disk00/pengchx3/rebuttal_nt/box_r13_backup/live/wandb/offline-run-20260630_235013-efpuf9sb/logs/debug-core.log": No such file or directory (2)
rsync: [generator] failed to set times on "/tmp/galaxy_srv_disk00/pengchx3/rebuttal_nt/box_r13_backup/live/wandb/offline-run-20260630_235039-jls84eao/logs/debug-core.log": No such file or directory (2)
rsync: [generator] failed to set times on "/tmp/galaxy_srv_disk00/pengchx3/rebuttal_nt/box_r13_backup/live/wandb/offline-run-20260630_235104-ng8nx1x4/logs/debug-core.log": No such file or directory (2)
rsync: [generator] failed to set times on "/tmp/galaxy_srv_disk00/pengchx3/rebuttal_nt/box_r13_backup/live/wandb/offline-run-20260701_033444-5ajizoss/logs/debug-core.log": No such file or directory (2)
rsync: [generator] failed to set times on "/tmp/galaxy_srv_disk00/pengchx3/rebuttal_nt/box_r13_backup/live/wandb/offline-run-20260701_043646-5eu7lyg8/logs/debug-core.log": No such file or directory (2)
rsync: [generator] failed to set times on "/tmp/galaxy_srv_disk00/pengchx3/rebuttal_nt/box_r13_backup/live/wandb/offline-run-20260701_054550-vrqqodlv/logs/debug-core.log": No such file or directory (2)
rsync: [generator] failed to set times on "/tmp/galaxy_srv_disk00/pengchx3/rebuttal_nt/box_r13_backup/live/wandb/offline-run-20260701_074325-s3laey7g/logs/debug-core.log": No such file or directory (2)
rsync: [generator] failed to set times on "/tmp/galaxy_srv_disk00/pengchx3/rebuttal_nt/box_r13_backup/live/wandb/offline-run-20260701_093804-ieiy1udx/logs/debug-core.log": No such file or directory (2)
rsync error: some files/attrs were not transferred (see previous errors) (code 23) at main.c(1865) [generator=3.2.7]
Welcome to vast.ai. If authentication fails, try again after a few seconds, and double check your ssh key.
Have fun!
AI agents: READ /etc/vast-agents-guide.md (also linked as ./AGENTS.md) before acting on or describing this instance: it is the operating guide. ('vast-capabilities' shows live state only, not the guide.)
[Wed Jul  1 06:58:53 AM PDT 2026] pass done rc=0; csv=1 best_model_ckpts=9
Welcome to vast.ai. If authentication fails, try again after a few seconds, and double check your ssh key.
Have fun!
AI agents: READ /etc/vast-agents-guide.md (also linked as ./AGENTS.md) before acting on or describing this instance: it is the operating guide. ('vast-capabilities' shows live state only, not the guide.)
Welcome to vast.ai. If authentication fails, try again after a few seconds, and double check your ssh key.
Have fun!
AI agents: READ /etc/vast-agents-guide.md (also linked as ./AGENTS.md) before acting on or describing this instance: it is the operating guide. ('vast-capabilities' shows live state only, not the guide.)
Welcome to vast.ai. If authentication fails, try again after a few seconds, and double check your ssh key.
Have fun!
AI agents: READ /etc/vast-agents-guide.md (also linked as ./AGENTS.md) before acting on or describing this instance: it is the operating guide. ('vast-capabilities' shows live state only, not the guide.)
rsync: [generator] failed to set times on "/tmp/galaxy_srv_disk00/pengchx3/rebuttal_nt/box_r13_backup/live/wandb/offline-run-20260630_234636-x13b081n/logs/debug-core.log": No such file or directory (2)
rsync: [generator] failed to set times on "/tmp/galaxy_srv_disk00/pengchx3/rebuttal_nt/box_r13_backup/live/wandb/offline-run-20260630_235013-efpuf9sb/logs/debug-core.log": No such file or directory (2)
rsync: [generator] failed to set times on "/tmp/galaxy_srv_disk00/pengchx3/rebuttal_nt/box_r13_backup/live/wandb/offline-run-20260630_235039-jls84eao/logs/debug-core.log": No such file or directory (2)
rsync: [generator] failed to set times on "/tmp/galaxy_srv_disk00/pengchx3/rebuttal_nt/box_r13_backup/live/wandb/offline-run-20260630_235104-ng8nx1x4/logs/debug-core.log": No such file or directory (2)
rsync: [generator] failed to set times on "/tmp/galaxy_srv_disk00/pengchx3/rebuttal_nt/box_r13_backup/live/wandb/offline-run-20260701_033444-5ajizoss/logs/debug-core.log": No such file or directory (2)
rsync: [generator] failed to set times on "/tmp/galaxy_srv_disk00/pengchx3/rebuttal_nt/box_r13_backup/live/wandb/offline-run-20260701_043646-5eu7lyg8/logs/debug-core.log": No such file or directory (2)
rsync: [generator] failed to set times on "/tmp/galaxy_srv_disk00/pengchx3/rebuttal_nt/box_r13_backup/live/wandb/offline-run-20260701_054550-vrqqodlv/logs/debug-core.log": No such file or directory (2)
rsync: [generator] failed to set times on "/tmp/galaxy_srv_disk00/pengchx3/rebuttal_nt/box_r13_backup/live/wandb/offline-run-20260701_074325-s3laey7g/logs/debug-core.log": No such file or directory (2)
rsync: [generator] failed to set times on "/tmp/galaxy_srv_disk00/pengchx3/rebuttal_nt/box_r13_backup/live/wandb/offline-run-20260701_093804-ieiy1udx/logs/debug-core.log": No such file or directory (2)
rsync error: some files/attrs were not transferred (see previous errors) (code 23) at main.c(1865) [generator=3.2.7]
Welcome to vast.ai. If authentication fails, try again after a few seconds, and double check your ssh key.
Have fun!
AI agents: READ /etc/vast-agents-guide.md (also linked as ./AGENTS.md) before acting on or describing this instance: it is the operating guide. ('vast-capabilities' shows live state only, not the guide.)
[Wed Jul  1 07:09:15 AM PDT 2026] pass done rc=0; csv=1 best_model_ckpts=9
Welcome to vast.ai. If authentication fails, try again after a few seconds, and double check your ssh key.
Have fun!
AI agents: READ /etc/vast-agents-guide.md (also linked as ./AGENTS.md) before acting on or describing this instance: it is the operating guide. ('vast-capabilities' shows live state only, not the guide.)
Welcome to vast.ai. If authentication fails, try again after a few seconds, and double check your ssh key.
Have fun!
AI agents: READ /etc/vast-agents-guide.md (also linked as ./AGENTS.md) before acting on or describing this instance: it is the operating guide. ('vast-capabilities' shows live state only, not the guide.)
Welcome to vast.ai. If authentication fails, try again after a few seconds, and double check your ssh key.
Have fun!
AI agents: READ /etc/vast-agents-guide.md (also linked as ./AGENTS.md) before acting on or describing this instance: it is the operating guide. ('vast-capabilities' shows live state only, not the guide.)
rsync: [generator] failed to set times on "/tmp/galaxy_srv_disk00/pengchx3/rebuttal_nt/box_r13_backup/live/wandb/offline-run-20260630_234636-x13b081n/logs/debug-core.log": No such file or directory (2)
rsync: [generator] failed to set times on "/tmp/galaxy_srv_disk00/pengchx3/rebuttal_nt/box_r13_backup/live/wandb/offline-run-20260630_235013-efpuf9sb/logs/debug-core.log": No such file or directory (2)
rsync: [generator] failed to set times on "/tmp/galaxy_srv_disk00/pengchx3/rebuttal_nt/box_r13_backup/live/wandb/offline-run-20260630_235039-jls84eao/logs/debug-core.log": No such file or directory (2)
rsync: [generator] failed to set times on "/tmp/galaxy_srv_disk00/pengchx3/rebuttal_nt/box_r13_backup/live/wandb/offline-run-20260630_235104-ng8nx1x4/logs/debug-core.log": No such file or directory (2)
rsync: [generator] failed to set times on "/tmp/galaxy_srv_disk00/pengchx3/rebuttal_nt/box_r13_backup/live/wandb/offline-run-20260701_033444-5ajizoss/logs/debug-core.log": No such file or directory (2)
rsync: [generator] failed to set times on "/tmp/galaxy_srv_disk00/pengchx3/rebuttal_nt/box_r13_backup/live/wandb/offline-run-20260701_043646-5eu7lyg8/logs/debug-core.log": No such file or directory (2)
rsync: [generator] failed to set times on "/tmp/galaxy_srv_disk00/pengchx3/rebuttal_nt/box_r13_backup/live/wandb/offline-run-20260701_054550-vrqqodlv/logs/debug-core.log": No such file or directory (2)
rsync: [generator] failed to set times on "/tmp/galaxy_srv_disk00/pengchx3/rebuttal_nt/box_r13_backup/live/wandb/offline-run-20260701_074325-s3laey7g/logs/debug-core.log": No such file or directory (2)
rsync: [generator] failed to set times on "/tmp/galaxy_srv_disk00/pengchx3/rebuttal_nt/box_r13_backup/live/wandb/offline-run-20260701_093804-ieiy1udx/logs/debug-core.log": No such file or directory (2)
rsync error: some files/attrs were not transferred (see previous errors) (code 23) at main.c(1865) [generator=3.2.7]
Welcome to vast.ai. If authentication fails, try again after a few seconds, and double check your ssh key.
Have fun!
AI agents: READ /etc/vast-agents-guide.md (also linked as ./AGENTS.md) before acting on or describing this instance: it is the operating guide. ('vast-capabilities' shows live state only, not the guide.)
[Wed Jul  1 07:19:36 AM PDT 2026] pass done rc=0; csv=1 best_model_ckpts=9
Welcome to vast.ai. If authentication fails, try again after a few seconds, and double check your ssh key.
Have fun!
AI agents: READ /etc/vast-agents-guide.md (also linked as ./AGENTS.md) before acting on or describing this instance: it is the operating guide. ('vast-capabilities' shows live state only, not the guide.)
Welcome to vast.ai. If authentication fails, try again after a few seconds, and double check your ssh key.
Have fun!
AI agents: READ /etc/vast-agents-guide.md (also linked as ./AGENTS.md) before acting on or describing this instance: it is the operating guide. ('vast-capabilities' shows live state only, not the guide.)
Welcome to vast.ai. If authentication fails, try again after a few seconds, and double check your ssh key.
Have fun!
AI agents: READ /etc/vast-agents-guide.md (also linked as ./AGENTS.md) before acting on or describing this instance: it is the operating guide. ('vast-capabilities' shows live state only, not the guide.)
rsync: [generator] failed to set times on "/tmp/galaxy_srv_disk00/pengchx3/rebuttal_nt/box_r13_backup/live/wandb/offline-run-20260630_234636-x13b081n/logs/debug-core.log": No such file or directory (2)
rsync: [generator] failed to set times on "/tmp/galaxy_srv_disk00/pengchx3/rebuttal_nt/box_r13_backup/live/wandb/offline-run-20260630_235013-efpuf9sb/logs/debug-core.log": No such file or directory (2)
rsync: [generator] failed to set times on "/tmp/galaxy_srv_disk00/pengchx3/rebuttal_nt/box_r13_backup/live/wandb/offline-run-20260630_235039-jls84eao/logs/debug-core.log": No such file or directory (2)
rsync: [generator] failed to set times on "/tmp/galaxy_srv_disk00/pengchx3/rebuttal_nt/box_r13_backup/live/wandb/offline-run-20260630_235104-ng8nx1x4/logs/debug-core.log": No such file or directory (2)
rsync: [generator] failed to set times on "/tmp/galaxy_srv_disk00/pengchx3/rebuttal_nt/box_r13_backup/live/wandb/offline-run-20260701_033444-5ajizoss/logs/debug-core.log": No such file or directory (2)
rsync: [generator] failed to set times on "/tmp/galaxy_srv_disk00/pengchx3/rebuttal_nt/box_r13_backup/live/wandb/offline-run-20260701_043646-5eu7lyg8/logs/debug-core.log": No such file or directory (2)
rsync: [generator] failed to set times on "/tmp/galaxy_srv_disk00/pengchx3/rebuttal_nt/box_r13_backup/live/wandb/offline-run-20260701_054550-vrqqodlv/logs/debug-core.log": No such file or directory (2)
rsync: [generator] failed to set times on "/tmp/galaxy_srv_disk00/pengchx3/rebuttal_nt/box_r13_backup/live/wandb/offline-run-20260701_074325-s3laey7g/logs/debug-core.log": No such file or directory (2)
rsync: [generator] failed to set times on "/tmp/galaxy_srv_disk00/pengchx3/rebuttal_nt/box_r13_backup/live/wandb/offline-run-20260701_093804-ieiy1udx/logs/debug-core.log": No such file or directory (2)
rsync error: some files/attrs were not transferred (see previous errors) (code 23) at main.c(1865) [generator=3.2.7]
Welcome to vast.ai. If authentication fails, try again after a few seconds, and double check your ssh key.
Have fun!
AI agents: READ /etc/vast-agents-guide.md (also linked as ./AGENTS.md) before acting on or describing this instance: it is the operating guide. ('vast-capabilities' shows live state only, not the guide.)
[Wed Jul  1 07:29:57 AM PDT 2026] pass done rc=0; csv=1 best_model_ckpts=9
Welcome to vast.ai. If authentication fails, try again after a few seconds, and double check your ssh key.
Have fun!
AI agents: READ /etc/vast-agents-guide.md (also linked as ./AGENTS.md) before acting on or describing this instance: it is the operating guide. ('vast-capabilities' shows live state only, not the guide.)
Welcome to vast.ai. If authentication fails, try again after a few seconds, and double check your ssh key.
Have fun!
AI agents: READ /etc/vast-agents-guide.md (also linked as ./AGENTS.md) before acting on or describing this instance: it is the operating guide. ('vast-capabilities' shows live state only, not the guide.)
Welcome to vast.ai. If authentication fails, try again after a few seconds, and double check your ssh key.
Have fun!
AI agents: READ /etc/vast-agents-guide.md (also linked as ./AGENTS.md) before acting on or describing this instance: it is the operating guide. ('vast-capabilities' shows live state only, not the guide.)
rsync: [generator] failed to set times on "/tmp/galaxy_srv_disk00/pengchx3/rebuttal_nt/box_r13_backup/live/wandb/offline-run-20260630_234636-x13b081n/logs/debug-core.log": No such file or directory (2)
rsync: [generator] failed to set times on "/tmp/galaxy_srv_disk00/pengchx3/rebuttal_nt/box_r13_backup/live/wandb/offline-run-20260630_235013-efpuf9sb/logs/debug-core.log": No such file or directory (2)
rsync: [generator] failed to set times on "/tmp/galaxy_srv_disk00/pengchx3/rebuttal_nt/box_r13_backup/live/wandb/offline-run-20260630_235039-jls84eao/logs/debug-core.log": No such file or directory (2)
rsync: [generator] failed to set times on "/tmp/galaxy_srv_disk00/pengchx3/rebuttal_nt/box_r13_backup/live/wandb/offline-run-20260630_235104-ng8nx1x4/logs/debug-core.log": No such file or directory (2)
rsync: [generator] failed to set times on "/tmp/galaxy_srv_disk00/pengchx3/rebuttal_nt/box_r13_backup/live/wandb/offline-run-20260701_033444-5ajizoss/logs/debug-core.log": No such file or directory (2)
rsync: [generator] failed to set times on "/tmp/galaxy_srv_disk00/pengchx3/rebuttal_nt/box_r13_backup/live/wandb/offline-run-20260701_043646-5eu7lyg8/logs/debug-core.log": No such file or directory (2)
rsync: [generator] failed to set times on "/tmp/galaxy_srv_disk00/pengchx3/rebuttal_nt/box_r13_backup/live/wandb/offline-run-20260701_054550-vrqqodlv/logs/debug-core.log": No such file or directory (2)
rsync: [generator] failed to set times on "/tmp/galaxy_srv_disk00/pengchx3/rebuttal_nt/box_r13_backup/live/wandb/offline-run-20260701_074325-s3laey7g/logs/debug-core.log": No such file or directory (2)
rsync: [generator] failed to set times on "/tmp/galaxy_srv_disk00/pengchx3/rebuttal_nt/box_r13_backup/live/wandb/offline-run-20260701_093804-ieiy1udx/logs/debug-core.log": No such file or directory (2)
rsync error: some files/attrs were not transferred (see previous errors) (code 23) at main.c(1865) [generator=3.2.7]
Welcome to vast.ai. If authentication fails, try again after a few seconds, and double check your ssh key.
Have fun!
AI agents: READ /etc/vast-agents-guide.md (also linked as ./AGENTS.md) before acting on or describing this instance: it is the operating guide. ('vast-capabilities' shows live state only, not the guide.)
[Wed Jul  1 07:40:19 AM PDT 2026] pass done rc=0; csv=1 best_model_ckpts=9
Welcome to vast.ai. If authentication fails, try again after a few seconds, and double check your ssh key.
Have fun!
AI agents: READ /etc/vast-agents-guide.md (also linked as ./AGENTS.md) before acting on or describing this instance: it is the operating guide. ('vast-capabilities' shows live state only, not the guide.)
Welcome to vast.ai. If authentication fails, try again after a few seconds, and double check your ssh key.
Have fun!
AI agents: READ /etc/vast-agents-guide.md (also linked as ./AGENTS.md) before acting on or describing this instance: it is the operating guide. ('vast-capabilities' shows live state only, not the guide.)
Welcome to vast.ai. If authentication fails, try again after a few seconds, and double check your ssh key.
Have fun!
AI agents: READ /etc/vast-agents-guide.md (also linked as ./AGENTS.md) before acting on or describing this instance: it is the operating guide. ('vast-capabilities' shows live state only, not the guide.)
rsync: [generator] failed to set times on "/tmp/galaxy_srv_disk00/pengchx3/rebuttal_nt/box_r13_backup/live/wandb/offline-run-20260630_234636-x13b081n/logs/debug-core.log": No such file or directory (2)
rsync: [generator] failed to set times on "/tmp/galaxy_srv_disk00/pengchx3/rebuttal_nt/box_r13_backup/live/wandb/offline-run-20260630_235013-efpuf9sb/logs/debug-core.log": No such file or directory (2)
rsync: [generator] failed to set times on "/tmp/galaxy_srv_disk00/pengchx3/rebuttal_nt/box_r13_backup/live/wandb/offline-run-20260630_235039-jls84eao/logs/debug-core.log": No such file or directory (2)
rsync: [generator] failed to set times on "/tmp/galaxy_srv_disk00/pengchx3/rebuttal_nt/box_r13_backup/live/wandb/offline-run-20260630_235104-ng8nx1x4/logs/debug-core.log": No such file or directory (2)
rsync: [generator] failed to set times on "/tmp/galaxy_srv_disk00/pengchx3/rebuttal_nt/box_r13_backup/live/wandb/offline-run-20260701_033444-5ajizoss/logs/debug-core.log": No such file or directory (2)
rsync: [generator] failed to set times on "/tmp/galaxy_srv_disk00/pengchx3/rebuttal_nt/box_r13_backup/live/wandb/offline-run-20260701_043646-5eu7lyg8/logs/debug-core.log": No such file or directory (2)
rsync: [generator] failed to set times on "/tmp/galaxy_srv_disk00/pengchx3/rebuttal_nt/box_r13_backup/live/wandb/offline-run-20260701_054550-vrqqodlv/logs/debug-core.log": No such file or directory (2)
rsync: [generator] failed to set times on "/tmp/galaxy_srv_disk00/pengchx3/rebuttal_nt/box_r13_backup/live/wandb/offline-run-20260701_074325-s3laey7g/logs/debug-core.log": No such file or directory (2)
rsync: [generator] failed to set times on "/tmp/galaxy_srv_disk00/pengchx3/rebuttal_nt/box_r13_backup/live/wandb/offline-run-20260701_093804-ieiy1udx/logs/debug-core.log": No such file or directory (2)
rsync error: some files/attrs were not transferred (see previous errors) (code 23) at main.c(1865) [generator=3.2.7]
Welcome to vast.ai. If authentication fails, try again after a few seconds, and double check your ssh key.
Have fun!
AI agents: READ /etc/vast-agents-guide.md (also linked as ./AGENTS.md) before acting on or describing this instance: it is the operating guide. ('vast-capabilities' shows live state only, not the guide.)
[Wed Jul  1 07:50:39 AM PDT 2026] pass done rc=0; csv=1 best_model_ckpts=9
Welcome to vast.ai. If authentication fails, try again after a few seconds, and double check your ssh key.
Have fun!
AI agents: READ /etc/vast-agents-guide.md (also linked as ./AGENTS.md) before acting on or describing this instance: it is the operating guide. ('vast-capabilities' shows live state only, not the guide.)
Welcome to vast.ai. If authentication fails, try again after a few seconds, and double check your ssh key.
Have fun!
AI agents: READ /etc/vast-agents-guide.md (also linked as ./AGENTS.md) before acting on or describing this instance: it is the operating guide. ('vast-capabilities' shows live state only, not the guide.)
Welcome to vast.ai. If authentication fails, try again after a few seconds, and double check your ssh key.
Have fun!
AI agents: READ /etc/vast-agents-guide.md (also linked as ./AGENTS.md) before acting on or describing this instance: it is the operating guide. ('vast-capabilities' shows live state only, not the guide.)
rsync: [generator] failed to set times on "/tmp/galaxy_srv_disk00/pengchx3/rebuttal_nt/box_r13_backup/live/wandb/offline-run-20260630_234636-x13b081n/logs/debug-core.log": No such file or directory (2)
rsync: [generator] failed to set times on "/tmp/galaxy_srv_disk00/pengchx3/rebuttal_nt/box_r13_backup/live/wandb/offline-run-20260630_235013-efpuf9sb/logs/debug-core.log": No such file or directory (2)
rsync: [generator] failed to set times on "/tmp/galaxy_srv_disk00/pengchx3/rebuttal_nt/box_r13_backup/live/wandb/offline-run-20260630_235039-jls84eao/logs/debug-core.log": No such file or directory (2)
rsync: [generator] failed to set times on "/tmp/galaxy_srv_disk00/pengchx3/rebuttal_nt/box_r13_backup/live/wandb/offline-run-20260630_235104-ng8nx1x4/logs/debug-core.log": No such file or directory (2)
rsync: [generator] failed to set times on "/tmp/galaxy_srv_disk00/pengchx3/rebuttal_nt/box_r13_backup/live/wandb/offline-run-20260701_033444-5ajizoss/logs/debug-core.log": No such file or directory (2)
rsync: [generator] failed to set times on "/tmp/galaxy_srv_disk00/pengchx3/rebuttal_nt/box_r13_backup/live/wandb/offline-run-20260701_043646-5eu7lyg8/logs/debug-core.log": No such file or directory (2)
rsync: [generator] failed to set times on "/tmp/galaxy_srv_disk00/pengchx3/rebuttal_nt/box_r13_backup/live/wandb/offline-run-20260701_054550-vrqqodlv/logs/debug-core.log": No such file or directory (2)
rsync: [generator] failed to set times on "/tmp/galaxy_srv_disk00/pengchx3/rebuttal_nt/box_r13_backup/live/wandb/offline-run-20260701_074325-s3laey7g/logs/debug-core.log": No such file or directory (2)
rsync: [generator] failed to set times on "/tmp/galaxy_srv_disk00/pengchx3/rebuttal_nt/box_r13_backup/live/wandb/offline-run-20260701_093804-ieiy1udx/logs/debug-core.log": No such file or directory (2)
rsync error: some files/attrs were not transferred (see previous errors) (code 23) at main.c(1865) [generator=3.2.7]
Welcome to vast.ai. If authentication fails, try again after a few seconds, and double check your ssh key.
Have fun!
AI agents: READ /etc/vast-agents-guide.md (also linked as ./AGENTS.md) before acting on or describing this instance: it is the operating guide. ('vast-capabilities' shows live state only, not the guide.)
[Wed Jul  1 08:01:01 AM PDT 2026] pass done rc=0; csv=1 best_model_ckpts=9
Welcome to vast.ai. If authentication fails, try again after a few seconds, and double check your ssh key.
Have fun!
AI agents: READ /etc/vast-agents-guide.md (also linked as ./AGENTS.md) before acting on or describing this instance: it is the operating guide. ('vast-capabilities' shows live state only, not the guide.)
Welcome to vast.ai. If authentication fails, try again after a few seconds, and double check your ssh key.
Have fun!
AI agents: READ /etc/vast-agents-guide.md (also linked as ./AGENTS.md) before acting on or describing this instance: it is the operating guide. ('vast-capabilities' shows live state only, not the guide.)
Welcome to vast.ai. If authentication fails, try again after a few seconds, and double check your ssh key.
Have fun!
AI agents: READ /etc/vast-agents-guide.md (also linked as ./AGENTS.md) before acting on or describing this instance: it is the operating guide. ('vast-capabilities' shows live state only, not the guide.)
rsync: [generator] failed to set times on "/tmp/galaxy_srv_disk00/pengchx3/rebuttal_nt/box_r13_backup/live/wandb/offline-run-20260630_234636-x13b081n/logs/debug-core.log": No such file or directory (2)
rsync: [generator] failed to set times on "/tmp/galaxy_srv_disk00/pengchx3/rebuttal_nt/box_r13_backup/live/wandb/offline-run-20260630_235013-efpuf9sb/logs/debug-core.log": No such file or directory (2)
rsync: [generator] failed to set times on "/tmp/galaxy_srv_disk00/pengchx3/rebuttal_nt/box_r13_backup/live/wandb/offline-run-20260630_235039-jls84eao/logs/debug-core.log": No such file or directory (2)
rsync: [generator] failed to set times on "/tmp/galaxy_srv_disk00/pengchx3/rebuttal_nt/box_r13_backup/live/wandb/offline-run-20260630_235104-ng8nx1x4/logs/debug-core.log": No such file or directory (2)
rsync: [generator] failed to set times on "/tmp/galaxy_srv_disk00/pengchx3/rebuttal_nt/box_r13_backup/live/wandb/offline-run-20260701_033444-5ajizoss/logs/debug-core.log": No such file or directory (2)
rsync: [generator] failed to set times on "/tmp/galaxy_srv_disk00/pengchx3/rebuttal_nt/box_r13_backup/live/wandb/offline-run-20260701_043646-5eu7lyg8/logs/debug-core.log": No such file or directory (2)
rsync: [generator] failed to set times on "/tmp/galaxy_srv_disk00/pengchx3/rebuttal_nt/box_r13_backup/live/wandb/offline-run-20260701_054550-vrqqodlv/logs/debug-core.log": No such file or directory (2)
rsync: [generator] failed to set times on "/tmp/galaxy_srv_disk00/pengchx3/rebuttal_nt/box_r13_backup/live/wandb/offline-run-20260701_074325-s3laey7g/logs/debug-core.log": No such file or directory (2)
rsync: [generator] failed to set times on "/tmp/galaxy_srv_disk00/pengchx3/rebuttal_nt/box_r13_backup/live/wandb/offline-run-20260701_093804-ieiy1udx/logs/debug-core.log": No such file or directory (2)
rsync error: some files/attrs were not transferred (see previous errors) (code 23) at main.c(1865) [generator=3.2.7]
Welcome to vast.ai. If authentication fails, try again after a few seconds, and double check your ssh key.
Have fun!
AI agents: READ /etc/vast-agents-guide.md (also linked as ./AGENTS.md) before acting on or describing this instance: it is the operating guide. ('vast-capabilities' shows live state only, not the guide.)
[Wed Jul  1 08:11:22 AM PDT 2026] pass done rc=0; csv=1 best_model_ckpts=9
Welcome to vast.ai. If authentication fails, try again after a few seconds, and double check your ssh key.
Have fun!
AI agents: READ /etc/vast-agents-guide.md (also linked as ./AGENTS.md) before acting on or describing this instance: it is the operating guide. ('vast-capabilities' shows live state only, not the guide.)
Welcome to vast.ai. If authentication fails, try again after a few seconds, and double check your ssh key.
Have fun!
AI agents: READ /etc/vast-agents-guide.md (also linked as ./AGENTS.md) before acting on or describing this instance: it is the operating guide. ('vast-capabilities' shows live state only, not the guide.)
Welcome to vast.ai. If authentication fails, try again after a few seconds, and double check your ssh key.
Have fun!
AI agents: READ /etc/vast-agents-guide.md (also linked as ./AGENTS.md) before acting on or describing this instance: it is the operating guide. ('vast-capabilities' shows live state only, not the guide.)
rsync: [generator] failed to set times on "/tmp/galaxy_srv_disk00/pengchx3/rebuttal_nt/box_r13_backup/live/wandb/offline-run-20260630_234636-x13b081n/logs/debug-core.log": No such file or directory (2)
rsync: [generator] failed to set times on "/tmp/galaxy_srv_disk00/pengchx3/rebuttal_nt/box_r13_backup/live/wandb/offline-run-20260630_235013-efpuf9sb/logs/debug-core.log": No such file or directory (2)
rsync: [generator] failed to set times on "/tmp/galaxy_srv_disk00/pengchx3/rebuttal_nt/box_r13_backup/live/wandb/offline-run-20260630_235039-jls84eao/logs/debug-core.log": No such file or directory (2)
rsync: [generator] failed to set times on "/tmp/galaxy_srv_disk00/pengchx3/rebuttal_nt/box_r13_backup/live/wandb/offline-run-20260630_235104-ng8nx1x4/logs/debug-core.log": No such file or directory (2)
rsync: [generator] failed to set times on "/tmp/galaxy_srv_disk00/pengchx3/rebuttal_nt/box_r13_backup/live/wandb/offline-run-20260701_033444-5ajizoss/logs/debug-core.log": No such file or directory (2)
rsync: [generator] failed to set times on "/tmp/galaxy_srv_disk00/pengchx3/rebuttal_nt/box_r13_backup/live/wandb/offline-run-20260701_043646-5eu7lyg8/logs/debug-core.log": No such file or directory (2)
rsync: [generator] failed to set times on "/tmp/galaxy_srv_disk00/pengchx3/rebuttal_nt/box_r13_backup/live/wandb/offline-run-20260701_054550-vrqqodlv/logs/debug-core.log": No such file or directory (2)
rsync: [generator] failed to set times on "/tmp/galaxy_srv_disk00/pengchx3/rebuttal_nt/box_r13_backup/live/wandb/offline-run-20260701_074325-s3laey7g/logs/debug-core.log": No such file or directory (2)
rsync: [generator] failed to set times on "/tmp/galaxy_srv_disk00/pengchx3/rebuttal_nt/box_r13_backup/live/wandb/offline-run-20260701_093804-ieiy1udx/logs/debug-core.log": No such file or directory (2)
rsync error: some files/attrs were not transferred (see previous errors) (code 23) at main.c(1865) [generator=3.2.7]
Welcome to vast.ai. If authentication fails, try again after a few seconds, and double check your ssh key.
Have fun!
AI agents: READ /etc/vast-agents-guide.md (also linked as ./AGENTS.md) before acting on or describing this instance: it is the operating guide. ('vast-capabilities' shows live state only, not the guide.)
[Wed Jul  1 08:21:44 AM PDT 2026] pass done rc=0; csv=1 best_model_ckpts=9
Welcome to vast.ai. If authentication fails, try again after a few seconds, and double check your ssh key.
Have fun!
AI agents: READ /etc/vast-agents-guide.md (also linked as ./AGENTS.md) before acting on or describing this instance: it is the operating guide. ('vast-capabilities' shows live state only, not the guide.)
Welcome to vast.ai. If authentication fails, try again after a few seconds, and double check your ssh key.
Have fun!
AI agents: READ /etc/vast-agents-guide.md (also linked as ./AGENTS.md) before acting on or describing this instance: it is the operating guide. ('vast-capabilities' shows live state only, not the guide.)
Welcome to vast.ai. If authentication fails, try again after a few seconds, and double check your ssh key.
Have fun!
AI agents: READ /etc/vast-agents-guide.md (also linked as ./AGENTS.md) before acting on or describing this instance: it is the operating guide. ('vast-capabilities' shows live state only, not the guide.)
rsync: [generator] failed to set times on "/tmp/galaxy_srv_disk00/pengchx3/rebuttal_nt/box_r13_backup/live/wandb/offline-run-20260630_234636-x13b081n/logs/debug-core.log": No such file or directory (2)
rsync: [generator] failed to set times on "/tmp/galaxy_srv_disk00/pengchx3/rebuttal_nt/box_r13_backup/live/wandb/offline-run-20260630_235013-efpuf9sb/logs/debug-core.log": No such file or directory (2)
rsync: [generator] failed to set times on "/tmp/galaxy_srv_disk00/pengchx3/rebuttal_nt/box_r13_backup/live/wandb/offline-run-20260630_235039-jls84eao/logs/debug-core.log": No such file or directory (2)
rsync: [generator] failed to set times on "/tmp/galaxy_srv_disk00/pengchx3/rebuttal_nt/box_r13_backup/live/wandb/offline-run-20260630_235104-ng8nx1x4/logs/debug-core.log": No such file or directory (2)
rsync: [generator] failed to set times on "/tmp/galaxy_srv_disk00/pengchx3/rebuttal_nt/box_r13_backup/live/wandb/offline-run-20260701_033444-5ajizoss/logs/debug-core.log": No such file or directory (2)
rsync: [generator] failed to set times on "/tmp/galaxy_srv_disk00/pengchx3/rebuttal_nt/box_r13_backup/live/wandb/offline-run-20260701_043646-5eu7lyg8/logs/debug-core.log": No such file or directory (2)
rsync: [generator] failed to set times on "/tmp/galaxy_srv_disk00/pengchx3/rebuttal_nt/box_r13_backup/live/wandb/offline-run-20260701_054550-vrqqodlv/logs/debug-core.log": No such file or directory (2)
rsync: [generator] failed to set times on "/tmp/galaxy_srv_disk00/pengchx3/rebuttal_nt/box_r13_backup/live/wandb/offline-run-20260701_074325-s3laey7g/logs/debug-core.log": No such file or directory (2)
rsync: [generator] failed to set times on "/tmp/galaxy_srv_disk00/pengchx3/rebuttal_nt/box_r13_backup/live/wandb/offline-run-20260701_093804-ieiy1udx/logs/debug-core.log": No such file or directory (2)
rsync error: some files/attrs were not transferred (see previous errors) (code 23) at main.c(1865) [generator=3.2.7]
Welcome to vast.ai. If authentication fails, try again after a few seconds, and double check your ssh key.
Have fun!
AI agents: READ /etc/vast-agents-guide.md (also linked as ./AGENTS.md) before acting on or describing this instance: it is the operating guide. ('vast-capabilities' shows live state only, not the guide.)
[Wed Jul  1 08:32:16 AM PDT 2026] pass done rc=0; csv=1 best_model_ckpts=9
Welcome to vast.ai. If authentication fails, try again after a few seconds, and double check your ssh key.
Have fun!
AI agents: READ /etc/vast-agents-guide.md (also linked as ./AGENTS.md) before acting on or describing this instance: it is the operating guide. ('vast-capabilities' shows live state only, not the guide.)
Welcome to vast.ai. If authentication fails, try again after a few seconds, and double check your ssh key.
Have fun!
AI agents: READ /etc/vast-agents-guide.md (also linked as ./AGENTS.md) before acting on or describing this instance: it is the operating guide. ('vast-capabilities' shows live state only, not the guide.)
Welcome to vast.ai. If authentication fails, try again after a few seconds, and double check your ssh key.
Have fun!
AI agents: READ /etc/vast-agents-guide.md (also linked as ./AGENTS.md) before acting on or describing this instance: it is the operating guide. ('vast-capabilities' shows live state only, not the guide.)
rsync: [generator] failed to set times on "/tmp/galaxy_srv_disk00/pengchx3/rebuttal_nt/box_r13_backup/live/wandb/offline-run-20260630_234636-x13b081n/logs/debug-core.log": No such file or directory (2)
rsync: [generator] failed to set times on "/tmp/galaxy_srv_disk00/pengchx3/rebuttal_nt/box_r13_backup/live/wandb/offline-run-20260630_235013-efpuf9sb/logs/debug-core.log": No such file or directory (2)
rsync: [generator] failed to set times on "/tmp/galaxy_srv_disk00/pengchx3/rebuttal_nt/box_r13_backup/live/wandb/offline-run-20260630_235039-jls84eao/logs/debug-core.log": No such file or directory (2)
rsync: [generator] failed to set times on "/tmp/galaxy_srv_disk00/pengchx3/rebuttal_nt/box_r13_backup/live/wandb/offline-run-20260630_235104-ng8nx1x4/logs/debug-core.log": No such file or directory (2)
rsync: [generator] failed to set times on "/tmp/galaxy_srv_disk00/pengchx3/rebuttal_nt/box_r13_backup/live/wandb/offline-run-20260701_033444-5ajizoss/logs/debug-core.log": No such file or directory (2)
rsync: [generator] failed to set times on "/tmp/galaxy_srv_disk00/pengchx3/rebuttal_nt/box_r13_backup/live/wandb/offline-run-20260701_043646-5eu7lyg8/logs/debug-core.log": No such file or directory (2)
rsync: [generator] failed to set times on "/tmp/galaxy_srv_disk00/pengchx3/rebuttal_nt/box_r13_backup/live/wandb/offline-run-20260701_054550-vrqqodlv/logs/debug-core.log": No such file or directory (2)
rsync: [generator] failed to set times on "/tmp/galaxy_srv_disk00/pengchx3/rebuttal_nt/box_r13_backup/live/wandb/offline-run-20260701_074325-s3laey7g/logs/debug-core.log": No such file or directory (2)
rsync: [generator] failed to set times on "/tmp/galaxy_srv_disk00/pengchx3/rebuttal_nt/box_r13_backup/live/wandb/offline-run-20260701_093804-ieiy1udx/logs/debug-core.log": No such file or directory (2)
rsync error: some files/attrs were not transferred (see previous errors) (code 23) at main.c(1865) [generator=3.2.7]
Welcome to vast.ai. If authentication fails, try again after a few seconds, and double check your ssh key.
Have fun!
AI agents: READ /etc/vast-agents-guide.md (also linked as ./AGENTS.md) before acting on or describing this instance: it is the operating guide. ('vast-capabilities' shows live state only, not the guide.)
[Wed Jul  1 08:42:47 AM PDT 2026] pass done rc=0; csv=1 best_model_ckpts=9
Welcome to vast.ai. If authentication fails, try again after a few seconds, and double check your ssh key.
Have fun!
AI agents: READ /etc/vast-agents-guide.md (also linked as ./AGENTS.md) before acting on or describing this instance: it is the operating guide. ('vast-capabilities' shows live state only, not the guide.)
Welcome to vast.ai. If authentication fails, try again after a few seconds, and double check your ssh key.
Have fun!
AI agents: READ /etc/vast-agents-guide.md (also linked as ./AGENTS.md) before acting on or describing this instance: it is the operating guide. ('vast-capabilities' shows live state only, not the guide.)
Welcome to vast.ai. If authentication fails, try again after a few seconds, and double check your ssh key.
Have fun!
AI agents: READ /etc/vast-agents-guide.md (also linked as ./AGENTS.md) before acting on or describing this instance: it is the operating guide. ('vast-capabilities' shows live state only, not the guide.)
rsync: [generator] failed to set times on "/tmp/galaxy_srv_disk00/pengchx3/rebuttal_nt/box_r13_backup/live/wandb/offline-run-20260630_234636-x13b081n/logs/debug-core.log": No such file or directory (2)
rsync: [generator] failed to set times on "/tmp/galaxy_srv_disk00/pengchx3/rebuttal_nt/box_r13_backup/live/wandb/offline-run-20260630_235013-efpuf9sb/logs/debug-core.log": No such file or directory (2)
rsync: [generator] failed to set times on "/tmp/galaxy_srv_disk00/pengchx3/rebuttal_nt/box_r13_backup/live/wandb/offline-run-20260630_235039-jls84eao/logs/debug-core.log": No such file or directory (2)
rsync: [generator] failed to set times on "/tmp/galaxy_srv_disk00/pengchx3/rebuttal_nt/box_r13_backup/live/wandb/offline-run-20260630_235104-ng8nx1x4/logs/debug-core.log": No such file or directory (2)
rsync: [generator] failed to set times on "/tmp/galaxy_srv_disk00/pengchx3/rebuttal_nt/box_r13_backup/live/wandb/offline-run-20260701_033444-5ajizoss/logs/debug-core.log": No such file or directory (2)
rsync: [generator] failed to set times on "/tmp/galaxy_srv_disk00/pengchx3/rebuttal_nt/box_r13_backup/live/wandb/offline-run-20260701_043646-5eu7lyg8/logs/debug-core.log": No such file or directory (2)
rsync: [generator] failed to set times on "/tmp/galaxy_srv_disk00/pengchx3/rebuttal_nt/box_r13_backup/live/wandb/offline-run-20260701_054550-vrqqodlv/logs/debug-core.log": No such file or directory (2)
rsync: [generator] failed to set times on "/tmp/galaxy_srv_disk00/pengchx3/rebuttal_nt/box_r13_backup/live/wandb/offline-run-20260701_074325-s3laey7g/logs/debug-core.log": No such file or directory (2)
rsync: [generator] failed to set times on "/tmp/galaxy_srv_disk00/pengchx3/rebuttal_nt/box_r13_backup/live/wandb/offline-run-20260701_093804-ieiy1udx/logs/debug-core.log": No such file or directory (2)
rsync error: some files/attrs were not transferred (see previous errors) (code 23) at main.c(1865) [generator=3.2.7]
Welcome to vast.ai. If authentication fails, try again after a few seconds, and double check your ssh key.
Have fun!
AI agents: READ /etc/vast-agents-guide.md (also linked as ./AGENTS.md) before acting on or describing this instance: it is the operating guide. ('vast-capabilities' shows live state only, not the guide.)
[Wed Jul  1 08:53:08 AM PDT 2026] pass done rc=0; csv=1 best_model_ckpts=9
Welcome to vast.ai. If authentication fails, try again after a few seconds, and double check your ssh key.
Have fun!
AI agents: READ /etc/vast-agents-guide.md (also linked as ./AGENTS.md) before acting on or describing this instance: it is the operating guide. ('vast-capabilities' shows live state only, not the guide.)
Welcome to vast.ai. If authentication fails, try again after a few seconds, and double check your ssh key.
Have fun!
AI agents: READ /etc/vast-agents-guide.md (also linked as ./AGENTS.md) before acting on or describing this instance: it is the operating guide. ('vast-capabilities' shows live state only, not the guide.)
Welcome to vast.ai. If authentication fails, try again after a few seconds, and double check your ssh key.
Have fun!
AI agents: READ /etc/vast-agents-guide.md (also linked as ./AGENTS.md) before acting on or describing this instance: it is the operating guide. ('vast-capabilities' shows live state only, not the guide.)
rsync: [generator] failed to set times on "/tmp/galaxy_srv_disk00/pengchx3/rebuttal_nt/box_r13_backup/live/wandb/offline-run-20260630_234636-x13b081n/logs/debug-core.log": No such file or directory (2)
rsync: [generator] failed to set times on "/tmp/galaxy_srv_disk00/pengchx3/rebuttal_nt/box_r13_backup/live/wandb/offline-run-20260630_235013-efpuf9sb/logs/debug-core.log": No such file or directory (2)
rsync: [generator] failed to set times on "/tmp/galaxy_srv_disk00/pengchx3/rebuttal_nt/box_r13_backup/live/wandb/offline-run-20260630_235039-jls84eao/logs/debug-core.log": No such file or directory (2)
rsync: [generator] failed to set times on "/tmp/galaxy_srv_disk00/pengchx3/rebuttal_nt/box_r13_backup/live/wandb/offline-run-20260630_235104-ng8nx1x4/logs/debug-core.log": No such file or directory (2)
rsync: [generator] failed to set times on "/tmp/galaxy_srv_disk00/pengchx3/rebuttal_nt/box_r13_backup/live/wandb/offline-run-20260701_033444-5ajizoss/logs/debug-core.log": No such file or directory (2)
rsync: [generator] failed to set times on "/tmp/galaxy_srv_disk00/pengchx3/rebuttal_nt/box_r13_backup/live/wandb/offline-run-20260701_043646-5eu7lyg8/logs/debug-core.log": No such file or directory (2)
rsync: [generator] failed to set times on "/tmp/galaxy_srv_disk00/pengchx3/rebuttal_nt/box_r13_backup/live/wandb/offline-run-20260701_054550-vrqqodlv/logs/debug-core.log": No such file or directory (2)
rsync: [generator] failed to set times on "/tmp/galaxy_srv_disk00/pengchx3/rebuttal_nt/box_r13_backup/live/wandb/offline-run-20260701_074325-s3laey7g/logs/debug-core.log": No such file or directory (2)
rsync: [generator] failed to set times on "/tmp/galaxy_srv_disk00/pengchx3/rebuttal_nt/box_r13_backup/live/wandb/offline-run-20260701_093804-ieiy1udx/logs/debug-core.log": No such file or directory (2)
rsync error: some files/attrs were not transferred (see previous errors) (code 23) at main.c(1865) [generator=3.2.7]
Welcome to vast.ai. If authentication fails, try again after a few seconds, and double check your ssh key.
Have fun!
AI agents: READ /etc/vast-agents-guide.md (also linked as ./AGENTS.md) before acting on or describing this instance: it is the operating guide. ('vast-capabilities' shows live state only, not the guide.)
[Wed Jul  1 09:03:30 AM PDT 2026] pass done rc=0; csv=1 best_model_ckpts=9
Welcome to vast.ai. If authentication fails, try again after a few seconds, and double check your ssh key.
Have fun!
AI agents: READ /etc/vast-agents-guide.md (also linked as ./AGENTS.md) before acting on or describing this instance: it is the operating guide. ('vast-capabilities' shows live state only, not the guide.)
Welcome to vast.ai. If authentication fails, try again after a few seconds, and double check your ssh key.
Have fun!
AI agents: READ /etc/vast-agents-guide.md (also linked as ./AGENTS.md) before acting on or describing this instance: it is the operating guide. ('vast-capabilities' shows live state only, not the guide.)
Welcome to vast.ai. If authentication fails, try again after a few seconds, and double check your ssh key.
Have fun!
AI agents: READ /etc/vast-agents-guide.md (also linked as ./AGENTS.md) before acting on or describing this instance: it is the operating guide. ('vast-capabilities' shows live state only, not the guide.)
rsync: [generator] failed to set times on "/tmp/galaxy_srv_disk00/pengchx3/rebuttal_nt/box_r13_backup/live/wandb/offline-run-20260630_234636-x13b081n/logs/debug-core.log": No such file or directory (2)
rsync: [generator] failed to set times on "/tmp/galaxy_srv_disk00/pengchx3/rebuttal_nt/box_r13_backup/live/wandb/offline-run-20260630_235013-efpuf9sb/logs/debug-core.log": No such file or directory (2)
rsync: [generator] failed to set times on "/tmp/galaxy_srv_disk00/pengchx3/rebuttal_nt/box_r13_backup/live/wandb/offline-run-20260630_235039-jls84eao/logs/debug-core.log": No such file or directory (2)
rsync: [generator] failed to set times on "/tmp/galaxy_srv_disk00/pengchx3/rebuttal_nt/box_r13_backup/live/wandb/offline-run-20260630_235104-ng8nx1x4/logs/debug-core.log": No such file or directory (2)
rsync: [generator] failed to set times on "/tmp/galaxy_srv_disk00/pengchx3/rebuttal_nt/box_r13_backup/live/wandb/offline-run-20260701_033444-5ajizoss/logs/debug-core.log": No such file or directory (2)
rsync: [generator] failed to set times on "/tmp/galaxy_srv_disk00/pengchx3/rebuttal_nt/box_r13_backup/live/wandb/offline-run-20260701_043646-5eu7lyg8/logs/debug-core.log": No such file or directory (2)
rsync: [generator] failed to set times on "/tmp/galaxy_srv_disk00/pengchx3/rebuttal_nt/box_r13_backup/live/wandb/offline-run-20260701_054550-vrqqodlv/logs/debug-core.log": No such file or directory (2)
rsync: [generator] failed to set times on "/tmp/galaxy_srv_disk00/pengchx3/rebuttal_nt/box_r13_backup/live/wandb/offline-run-20260701_074325-s3laey7g/logs/debug-core.log": No such file or directory (2)
rsync: [generator] failed to set times on "/tmp/galaxy_srv_disk00/pengchx3/rebuttal_nt/box_r13_backup/live/wandb/offline-run-20260701_093804-ieiy1udx/logs/debug-core.log": No such file or directory (2)
rsync error: some files/attrs were not transferred (see previous errors) (code 23) at main.c(1865) [generator=3.2.7]
Welcome to vast.ai. If authentication fails, try again after a few seconds, and double check your ssh key.
Have fun!
AI agents: READ /etc/vast-agents-guide.md (also linked as ./AGENTS.md) before acting on or describing this instance: it is the operating guide. ('vast-capabilities' shows live state only, not the guide.)
[Wed Jul  1 09:14:01 AM PDT 2026] pass done rc=0; csv=1 best_model_ckpts=9
Welcome to vast.ai. If authentication fails, try again after a few seconds, and double check your ssh key.
Have fun!
AI agents: READ /etc/vast-agents-guide.md (also linked as ./AGENTS.md) before acting on or describing this instance: it is the operating guide. ('vast-capabilities' shows live state only, not the guide.)
Welcome to vast.ai. If authentication fails, try again after a few seconds, and double check your ssh key.
Have fun!
AI agents: READ /etc/vast-agents-guide.md (also linked as ./AGENTS.md) before acting on or describing this instance: it is the operating guide. ('vast-capabilities' shows live state only, not the guide.)
Welcome to vast.ai. If authentication fails, try again after a few seconds, and double check your ssh key.
Have fun!
AI agents: READ /etc/vast-agents-guide.md (also linked as ./AGENTS.md) before acting on or describing this instance: it is the operating guide. ('vast-capabilities' shows live state only, not the guide.)
rsync: [generator] failed to set times on "/tmp/galaxy_srv_disk00/pengchx3/rebuttal_nt/box_r13_backup/live/wandb/offline-run-20260630_234636-x13b081n/logs/debug-core.log": No such file or directory (2)
rsync: [generator] failed to set times on "/tmp/galaxy_srv_disk00/pengchx3/rebuttal_nt/box_r13_backup/live/wandb/offline-run-20260630_235013-efpuf9sb/logs/debug-core.log": No such file or directory (2)
rsync: [generator] failed to set times on "/tmp/galaxy_srv_disk00/pengchx3/rebuttal_nt/box_r13_backup/live/wandb/offline-run-20260630_235039-jls84eao/logs/debug-core.log": No such file or directory (2)
rsync: [generator] failed to set times on "/tmp/galaxy_srv_disk00/pengchx3/rebuttal_nt/box_r13_backup/live/wandb/offline-run-20260630_235104-ng8nx1x4/logs/debug-core.log": No such file or directory (2)
rsync: [generator] failed to set times on "/tmp/galaxy_srv_disk00/pengchx3/rebuttal_nt/box_r13_backup/live/wandb/offline-run-20260701_033444-5ajizoss/logs/debug-core.log": No such file or directory (2)
rsync: [generator] failed to set times on "/tmp/galaxy_srv_disk00/pengchx3/rebuttal_nt/box_r13_backup/live/wandb/offline-run-20260701_043646-5eu7lyg8/logs/debug-core.log": No such file or directory (2)
rsync: [generator] failed to set times on "/tmp/galaxy_srv_disk00/pengchx3/rebuttal_nt/box_r13_backup/live/wandb/offline-run-20260701_054550-vrqqodlv/logs/debug-core.log": No such file or directory (2)
rsync: [generator] failed to set times on "/tmp/galaxy_srv_disk00/pengchx3/rebuttal_nt/box_r13_backup/live/wandb/offline-run-20260701_074325-s3laey7g/logs/debug-core.log": No such file or directory (2)
rsync: [generator] failed to set times on "/tmp/galaxy_srv_disk00/pengchx3/rebuttal_nt/box_r13_backup/live/wandb/offline-run-20260701_093804-ieiy1udx/logs/debug-core.log": No such file or directory (2)
rsync error: some files/attrs were not transferred (see previous errors) (code 23) at main.c(1865) [generator=3.2.7]
Welcome to vast.ai. If authentication fails, try again after a few seconds, and double check your ssh key.
Have fun!
AI agents: READ /etc/vast-agents-guide.md (also linked as ./AGENTS.md) before acting on or describing this instance: it is the operating guide. ('vast-capabilities' shows live state only, not the guide.)
[Wed Jul  1 09:24:25 AM PDT 2026] pass done rc=0; csv=1 best_model_ckpts=9
Welcome to vast.ai. If authentication fails, try again after a few seconds, and double check your ssh key.
Have fun!
AI agents: READ /etc/vast-agents-guide.md (also linked as ./AGENTS.md) before acting on or describing this instance: it is the operating guide. ('vast-capabilities' shows live state only, not the guide.)
Welcome to vast.ai. If authentication fails, try again after a few seconds, and double check your ssh key.
Have fun!
AI agents: READ /etc/vast-agents-guide.md (also linked as ./AGENTS.md) before acting on or describing this instance: it is the operating guide. ('vast-capabilities' shows live state only, not the guide.)
Welcome to vast.ai. If authentication fails, try again after a few seconds, and double check your ssh key.
Have fun!
AI agents: READ /etc/vast-agents-guide.md (also linked as ./AGENTS.md) before acting on or describing this instance: it is the operating guide. ('vast-capabilities' shows live state only, not the guide.)
rsync: [generator] failed to set times on "/tmp/galaxy_srv_disk00/pengchx3/rebuttal_nt/box_r13_backup/live/wandb/offline-run-20260630_234636-x13b081n/logs/debug-core.log": No such file or directory (2)
rsync: [generator] failed to set times on "/tmp/galaxy_srv_disk00/pengchx3/rebuttal_nt/box_r13_backup/live/wandb/offline-run-20260630_235013-efpuf9sb/logs/debug-core.log": No such file or directory (2)
rsync: [generator] failed to set times on "/tmp/galaxy_srv_disk00/pengchx3/rebuttal_nt/box_r13_backup/live/wandb/offline-run-20260630_235039-jls84eao/logs/debug-core.log": No such file or directory (2)
rsync: [generator] failed to set times on "/tmp/galaxy_srv_disk00/pengchx3/rebuttal_nt/box_r13_backup/live/wandb/offline-run-20260630_235104-ng8nx1x4/logs/debug-core.log": No such file or directory (2)
rsync: [generator] failed to set times on "/tmp/galaxy_srv_disk00/pengchx3/rebuttal_nt/box_r13_backup/live/wandb/offline-run-20260701_033444-5ajizoss/logs/debug-core.log": No such file or directory (2)
rsync: [generator] failed to set times on "/tmp/galaxy_srv_disk00/pengchx3/rebuttal_nt/box_r13_backup/live/wandb/offline-run-20260701_043646-5eu7lyg8/logs/debug-core.log": No such file or directory (2)
rsync: [generator] failed to set times on "/tmp/galaxy_srv_disk00/pengchx3/rebuttal_nt/box_r13_backup/live/wandb/offline-run-20260701_054550-vrqqodlv/logs/debug-core.log": No such file or directory (2)
rsync: [generator] failed to set times on "/tmp/galaxy_srv_disk00/pengchx3/rebuttal_nt/box_r13_backup/live/wandb/offline-run-20260701_074325-s3laey7g/logs/debug-core.log": No such file or directory (2)
rsync: [generator] failed to set times on "/tmp/galaxy_srv_disk00/pengchx3/rebuttal_nt/box_r13_backup/live/wandb/offline-run-20260701_093804-ieiy1udx/logs/debug-core.log": No such file or directory (2)
rsync error: some files/attrs were not transferred (see previous errors) (code 23) at main.c(1865) [generator=3.2.7]
Welcome to vast.ai. If authentication fails, try again after a few seconds, and double check your ssh key.
Have fun!
AI agents: READ /etc/vast-agents-guide.md (also linked as ./AGENTS.md) before acting on or describing this instance: it is the operating guide. ('vast-capabilities' shows live state only, not the guide.)
[Wed Jul  1 09:34:46 AM PDT 2026] pass done rc=0; csv=1 best_model_ckpts=9
Welcome to vast.ai. If authentication fails, try again after a few seconds, and double check your ssh key.
Have fun!
AI agents: READ /etc/vast-agents-guide.md (also linked as ./AGENTS.md) before acting on or describing this instance: it is the operating guide. ('vast-capabilities' shows live state only, not the guide.)
Timeout, server 115.124.123.240 not responding.
rsync error: unexplained error (code 255) at main.c(1865) [generator=3.2.7]
Welcome to vast.ai. If authentication fails, try again after a few seconds, and double check your ssh key.
Have fun!
AI agents: READ /etc/vast-agents-guide.md (also linked as ./AGENTS.md) before acting on or describing this instance: it is the operating guide. ('vast-capabilities' shows live state only, not the guide.)
Welcome to vast.ai. If authentication fails, try again after a few seconds, and double check your ssh key.
Have fun!
AI agents: READ /etc/vast-agents-guide.md (also linked as ./AGENTS.md) before acting on or describing this instance: it is the operating guide. ('vast-capabilities' shows live state only, not the guide.)
rsync: [generator] failed to set times on "/tmp/galaxy_srv_disk00/pengchx3/rebuttal_nt/box_r13_backup/live/wandb/offline-run-20260630_234636-x13b081n/logs/debug-core.log": No such file or directory (2)
rsync: [generator] failed to set times on "/tmp/galaxy_srv_disk00/pengchx3/rebuttal_nt/box_r13_backup/live/wandb/offline-run-20260630_235013-efpuf9sb/logs/debug-core.log": No such file or directory (2)
rsync: [generator] failed to set times on "/tmp/galaxy_srv_disk00/pengchx3/rebuttal_nt/box_r13_backup/live/wandb/offline-run-20260630_235039-jls84eao/logs/debug-core.log": No such file or directory (2)
rsync: [generator] failed to set times on "/tmp/galaxy_srv_disk00/pengchx3/rebuttal_nt/box_r13_backup/live/wandb/offline-run-20260630_235104-ng8nx1x4/logs/debug-core.log": No such file or directory (2)
rsync: [generator] failed to set times on "/tmp/galaxy_srv_disk00/pengchx3/rebuttal_nt/box_r13_backup/live/wandb/offline-run-20260701_033444-5ajizoss/logs/debug-core.log": No such file or directory (2)
rsync: [generator] failed to set times on "/tmp/galaxy_srv_disk00/pengchx3/rebuttal_nt/box_r13_backup/live/wandb/offline-run-20260701_043646-5eu7lyg8/logs/debug-core.log": No such file or directory (2)
rsync: [generator] failed to set times on "/tmp/galaxy_srv_disk00/pengchx3/rebuttal_nt/box_r13_backup/live/wandb/offline-run-20260701_054550-vrqqodlv/logs/debug-core.log": No such file or directory (2)
rsync: [generator] failed to set times on "/tmp/galaxy_srv_disk00/pengchx3/rebuttal_nt/box_r13_backup/live/wandb/offline-run-20260701_074325-s3laey7g/logs/debug-core.log": No such file or directory (2)
rsync: [generator] failed to set times on "/tmp/galaxy_srv_disk00/pengchx3/rebuttal_nt/box_r13_backup/live/wandb/offline-run-20260701_093804-ieiy1udx/logs/debug-core.log": No such file or directory (2)
rsync error: some files/attrs were not transferred (see previous errors) (code 23) at main.c(1865) [generator=3.2.7]
Welcome to vast.ai. If authentication fails, try again after a few seconds, and double check your ssh key.
Have fun!
AI agents: READ /etc/vast-agents-guide.md (also linked as ./AGENTS.md) before acting on or describing this instance: it is the operating guide. ('vast-capabilities' shows live state only, not the guide.)
[Wed Jul  1 09:46:19 AM PDT 2026] pass done rc=0; csv=1 best_model_ckpts=9
Welcome to vast.ai. If authentication fails, try again after a few seconds, and double check your ssh key.
Have fun!
AI agents: READ /etc/vast-agents-guide.md (also linked as ./AGENTS.md) before acting on or describing this instance: it is the operating guide. ('vast-capabilities' shows live state only, not the guide.)
Welcome to vast.ai. If authentication fails, try again after a few seconds, and double check your ssh key.
Have fun!
AI agents: READ /etc/vast-agents-guide.md (also linked as ./AGENTS.md) before acting on or describing this instance: it is the operating guide. ('vast-capabilities' shows live state only, not the guide.)
Welcome to vast.ai. If authentication fails, try again after a few seconds, and double check your ssh key.
Have fun!
AI agents: READ /etc/vast-agents-guide.md (also linked as ./AGENTS.md) before acting on or describing this instance: it is the operating guide. ('vast-capabilities' shows live state only, not the guide.)
rsync: [generator] failed to set times on "/tmp/galaxy_srv_disk00/pengchx3/rebuttal_nt/box_r13_backup/live/wandb/offline-run-20260630_234636-x13b081n/logs/debug-core.log": No such file or directory (2)
rsync: [generator] failed to set times on "/tmp/galaxy_srv_disk00/pengchx3/rebuttal_nt/box_r13_backup/live/wandb/offline-run-20260630_235013-efpuf9sb/logs/debug-core.log": No such file or directory (2)
rsync: [generator] failed to set times on "/tmp/galaxy_srv_disk00/pengchx3/rebuttal_nt/box_r13_backup/live/wandb/offline-run-20260630_235039-jls84eao/logs/debug-core.log": No such file or directory (2)
rsync: [generator] failed to set times on "/tmp/galaxy_srv_disk00/pengchx3/rebuttal_nt/box_r13_backup/live/wandb/offline-run-20260630_235104-ng8nx1x4/logs/debug-core.log": No such file or directory (2)
rsync: [generator] failed to set times on "/tmp/galaxy_srv_disk00/pengchx3/rebuttal_nt/box_r13_backup/live/wandb/offline-run-20260701_033444-5ajizoss/logs/debug-core.log": No such file or directory (2)
rsync: [generator] failed to set times on "/tmp/galaxy_srv_disk00/pengchx3/rebuttal_nt/box_r13_backup/live/wandb/offline-run-20260701_043646-5eu7lyg8/logs/debug-core.log": No such file or directory (2)
rsync: [generator] failed to set times on "/tmp/galaxy_srv_disk00/pengchx3/rebuttal_nt/box_r13_backup/live/wandb/offline-run-20260701_054550-vrqqodlv/logs/debug-core.log": No such file or directory (2)
rsync: [generator] failed to set times on "/tmp/galaxy_srv_disk00/pengchx3/rebuttal_nt/box_r13_backup/live/wandb/offline-run-20260701_074325-s3laey7g/logs/debug-core.log": No such file or directory (2)
rsync: [generator] failed to set times on "/tmp/galaxy_srv_disk00/pengchx3/rebuttal_nt/box_r13_backup/live/wandb/offline-run-20260701_093804-ieiy1udx/logs/debug-core.log": No such file or directory (2)
rsync error: some files/attrs were not transferred (see previous errors) (code 23) at main.c(1865) [generator=3.2.7]
Welcome to vast.ai. If authentication fails, try again after a few seconds, and double check your ssh key.
Have fun!
AI agents: READ /etc/vast-agents-guide.md (also linked as ./AGENTS.md) before acting on or describing this instance: it is the operating guide. ('vast-capabilities' shows live state only, not the guide.)
[Wed Jul  1 09:56:44 AM PDT 2026] pass done rc=0; csv=1 best_model_ckpts=9
Welcome to vast.ai. If authentication fails, try again after a few seconds, and double check your ssh key.
Have fun!
AI agents: READ /etc/vast-agents-guide.md (also linked as ./AGENTS.md) before acting on or describing this instance: it is the operating guide. ('vast-capabilities' shows live state only, not the guide.)
Welcome to vast.ai. If authentication fails, try again after a few seconds, and double check your ssh key.
Have fun!
AI agents: READ /etc/vast-agents-guide.md (also linked as ./AGENTS.md) before acting on or describing this instance: it is the operating guide. ('vast-capabilities' shows live state only, not the guide.)
Welcome to vast.ai. If authentication fails, try again after a few seconds, and double check your ssh key.
Have fun!
AI agents: READ /etc/vast-agents-guide.md (also linked as ./AGENTS.md) before acting on or describing this instance: it is the operating guide. ('vast-capabilities' shows live state only, not the guide.)
rsync: [generator] failed to set times on "/tmp/galaxy_srv_disk00/pengchx3/rebuttal_nt/box_r13_backup/live/wandb/offline-run-20260630_234636-x13b081n/logs/debug-core.log": No such file or directory (2)
rsync: [generator] failed to set times on "/tmp/galaxy_srv_disk00/pengchx3/rebuttal_nt/box_r13_backup/live/wandb/offline-run-20260630_235013-efpuf9sb/logs/debug-core.log": No such file or directory (2)
rsync: [generator] failed to set times on "/tmp/galaxy_srv_disk00/pengchx3/rebuttal_nt/box_r13_backup/live/wandb/offline-run-20260630_235039-jls84eao/logs/debug-core.log": No such file or directory (2)
rsync: [generator] failed to set times on "/tmp/galaxy_srv_disk00/pengchx3/rebuttal_nt/box_r13_backup/live/wandb/offline-run-20260630_235104-ng8nx1x4/logs/debug-core.log": No such file or directory (2)
rsync: [generator] failed to set times on "/tmp/galaxy_srv_disk00/pengchx3/rebuttal_nt/box_r13_backup/live/wandb/offline-run-20260701_033444-5ajizoss/logs/debug-core.log": No such file or directory (2)
rsync: [generator] failed to set times on "/tmp/galaxy_srv_disk00/pengchx3/rebuttal_nt/box_r13_backup/live/wandb/offline-run-20260701_043646-5eu7lyg8/logs/debug-core.log": No such file or directory (2)
rsync: [generator] failed to set times on "/tmp/galaxy_srv_disk00/pengchx3/rebuttal_nt/box_r13_backup/live/wandb/offline-run-20260701_054550-vrqqodlv/logs/debug-core.log": No such file or directory (2)
rsync: [generator] failed to set times on "/tmp/galaxy_srv_disk00/pengchx3/rebuttal_nt/box_r13_backup/live/wandb/offline-run-20260701_074325-s3laey7g/logs/debug-core.log": No such file or directory (2)
rsync: [generator] failed to set times on "/tmp/galaxy_srv_disk00/pengchx3/rebuttal_nt/box_r13_backup/live/wandb/offline-run-20260701_093804-ieiy1udx/logs/debug-core.log": No such file or directory (2)
rsync error: some files/attrs were not transferred (see previous errors) (code 23) at main.c(1865) [generator=3.2.7]
Welcome to vast.ai. If authentication fails, try again after a few seconds, and double check your ssh key.
Have fun!
AI agents: READ /etc/vast-agents-guide.md (also linked as ./AGENTS.md) before acting on or describing this instance: it is the operating guide. ('vast-capabilities' shows live state only, not the guide.)
[Wed Jul  1 10:07:24 AM PDT 2026] pass done rc=0; csv=1 best_model_ckpts=9
Welcome to vast.ai. If authentication fails, try again after a few seconds, and double check your ssh key.
Have fun!
AI agents: READ /etc/vast-agents-guide.md (also linked as ./AGENTS.md) before acting on or describing this instance: it is the operating guide. ('vast-capabilities' shows live state only, not the guide.)
Welcome to vast.ai. If authentication fails, try again after a few seconds, and double check your ssh key.
Have fun!
AI agents: READ /etc/vast-agents-guide.md (also linked as ./AGENTS.md) before acting on or describing this instance: it is the operating guide. ('vast-capabilities' shows live state only, not the guide.)
Welcome to vast.ai. If authentication fails, try again after a few seconds, and double check your ssh key.
Have fun!
AI agents: READ /etc/vast-agents-guide.md (also linked as ./AGENTS.md) before acting on or describing this instance: it is the operating guide. ('vast-capabilities' shows live state only, not the guide.)
rsync: [generator] failed to set times on "/tmp/galaxy_srv_disk00/pengchx3/rebuttal_nt/box_r13_backup/live/wandb/offline-run-20260630_234636-x13b081n/logs/debug-core.log": No such file or directory (2)
rsync: [generator] failed to set times on "/tmp/galaxy_srv_disk00/pengchx3/rebuttal_nt/box_r13_backup/live/wandb/offline-run-20260630_235013-efpuf9sb/logs/debug-core.log": No such file or directory (2)
rsync: [generator] failed to set times on "/tmp/galaxy_srv_disk00/pengchx3/rebuttal_nt/box_r13_backup/live/wandb/offline-run-20260630_235039-jls84eao/logs/debug-core.log": No such file or directory (2)
rsync: [generator] failed to set times on "/tmp/galaxy_srv_disk00/pengchx3/rebuttal_nt/box_r13_backup/live/wandb/offline-run-20260630_235104-ng8nx1x4/logs/debug-core.log": No such file or directory (2)
rsync: [generator] failed to set times on "/tmp/galaxy_srv_disk00/pengchx3/rebuttal_nt/box_r13_backup/live/wandb/offline-run-20260701_033444-5ajizoss/logs/debug-core.log": No such file or directory (2)
rsync: [generator] failed to set times on "/tmp/galaxy_srv_disk00/pengchx3/rebuttal_nt/box_r13_backup/live/wandb/offline-run-20260701_043646-5eu7lyg8/logs/debug-core.log": No such file or directory (2)
rsync: [generator] failed to set times on "/tmp/galaxy_srv_disk00/pengchx3/rebuttal_nt/box_r13_backup/live/wandb/offline-run-20260701_054550-vrqqodlv/logs/debug-core.log": No such file or directory (2)
rsync: [generator] failed to set times on "/tmp/galaxy_srv_disk00/pengchx3/rebuttal_nt/box_r13_backup/live/wandb/offline-run-20260701_074325-s3laey7g/logs/debug-core.log": No such file or directory (2)
rsync: [generator] failed to set times on "/tmp/galaxy_srv_disk00/pengchx3/rebuttal_nt/box_r13_backup/live/wandb/offline-run-20260701_093804-ieiy1udx/logs/debug-core.log": No such file or directory (2)
rsync error: some files/attrs were not transferred (see previous errors) (code 23) at main.c(1865) [generator=3.2.7]
Welcome to vast.ai. If authentication fails, try again after a few seconds, and double check your ssh key.
Have fun!
AI agents: READ /etc/vast-agents-guide.md (also linked as ./AGENTS.md) before acting on or describing this instance: it is the operating guide. ('vast-capabilities' shows live state only, not the guide.)
[Wed Jul  1 10:17:45 AM PDT 2026] pass done rc=0; csv=1 best_model_ckpts=9
Welcome to vast.ai. If authentication fails, try again after a few seconds, and double check your ssh key.
Have fun!
AI agents: READ /etc/vast-agents-guide.md (also linked as ./AGENTS.md) before acting on or describing this instance: it is the operating guide. ('vast-capabilities' shows live state only, not the guide.)
Welcome to vast.ai. If authentication fails, try again after a few seconds, and double check your ssh key.
Have fun!
AI agents: READ /etc/vast-agents-guide.md (also linked as ./AGENTS.md) before acting on or describing this instance: it is the operating guide. ('vast-capabilities' shows live state only, not the guide.)
Welcome to vast.ai. If authentication fails, try again after a few seconds, and double check your ssh key.
Have fun!
AI agents: READ /etc/vast-agents-guide.md (also linked as ./AGENTS.md) before acting on or describing this instance: it is the operating guide. ('vast-capabilities' shows live state only, not the guide.)
rsync: [generator] failed to set times on "/tmp/galaxy_srv_disk00/pengchx3/rebuttal_nt/box_r13_backup/live/wandb/offline-run-20260630_234636-x13b081n/logs/debug-core.log": No such file or directory (2)
rsync: [generator] failed to set times on "/tmp/galaxy_srv_disk00/pengchx3/rebuttal_nt/box_r13_backup/live/wandb/offline-run-20260630_235013-efpuf9sb/logs/debug-core.log": No such file or directory (2)
rsync: [generator] failed to set times on "/tmp/galaxy_srv_disk00/pengchx3/rebuttal_nt/box_r13_backup/live/wandb/offline-run-20260630_235039-jls84eao/logs/debug-core.log": No such file or directory (2)
rsync: [generator] failed to set times on "/tmp/galaxy_srv_disk00/pengchx3/rebuttal_nt/box_r13_backup/live/wandb/offline-run-20260630_235104-ng8nx1x4/logs/debug-core.log": No such file or directory (2)
rsync: [generator] failed to set times on "/tmp/galaxy_srv_disk00/pengchx3/rebuttal_nt/box_r13_backup/live/wandb/offline-run-20260701_033444-5ajizoss/logs/debug-core.log": No such file or directory (2)
rsync: [generator] failed to set times on "/tmp/galaxy_srv_disk00/pengchx3/rebuttal_nt/box_r13_backup/live/wandb/offline-run-20260701_043646-5eu7lyg8/logs/debug-core.log": No such file or directory (2)
rsync: [generator] failed to set times on "/tmp/galaxy_srv_disk00/pengchx3/rebuttal_nt/box_r13_backup/live/wandb/offline-run-20260701_054550-vrqqodlv/logs/debug-core.log": No such file or directory (2)
rsync: [generator] failed to set times on "/tmp/galaxy_srv_disk00/pengchx3/rebuttal_nt/box_r13_backup/live/wandb/offline-run-20260701_074325-s3laey7g/logs/debug-core.log": No such file or directory (2)
rsync: [generator] failed to set times on "/tmp/galaxy_srv_disk00/pengchx3/rebuttal_nt/box_r13_backup/live/wandb/offline-run-20260701_093804-ieiy1udx/logs/debug-core.log": No such file or directory (2)
rsync error: some files/attrs were not transferred (see previous errors) (code 23) at main.c(1865) [generator=3.2.7]
Welcome to vast.ai. If authentication fails, try again after a few seconds, and double check your ssh key.
Have fun!
AI agents: READ /etc/vast-agents-guide.md (also linked as ./AGENTS.md) before acting on or describing this instance: it is the operating guide. ('vast-capabilities' shows live state only, not the guide.)
[Wed Jul  1 10:28:06 AM PDT 2026] pass done rc=0; csv=1 best_model_ckpts=9
Welcome to vast.ai. If authentication fails, try again after a few seconds, and double check your ssh key.
Have fun!
AI agents: READ /etc/vast-agents-guide.md (also linked as ./AGENTS.md) before acting on or describing this instance: it is the operating guide. ('vast-capabilities' shows live state only, not the guide.)
Welcome to vast.ai. If authentication fails, try again after a few seconds, and double check your ssh key.
Have fun!
AI agents: READ /etc/vast-agents-guide.md (also linked as ./AGENTS.md) before acting on or describing this instance: it is the operating guide. ('vast-capabilities' shows live state only, not the guide.)
Welcome to vast.ai. If authentication fails, try again after a few seconds, and double check your ssh key.
Have fun!
AI agents: READ /etc/vast-agents-guide.md (also linked as ./AGENTS.md) before acting on or describing this instance: it is the operating guide. ('vast-capabilities' shows live state only, not the guide.)
rsync: [generator] failed to set times on "/tmp/galaxy_srv_disk00/pengchx3/rebuttal_nt/box_r13_backup/live/wandb/offline-run-20260630_234636-x13b081n/logs/debug-core.log": No such file or directory (2)
rsync: [generator] failed to set times on "/tmp/galaxy_srv_disk00/pengchx3/rebuttal_nt/box_r13_backup/live/wandb/offline-run-20260630_235013-efpuf9sb/logs/debug-core.log": No such file or directory (2)
rsync: [generator] failed to set times on "/tmp/galaxy_srv_disk00/pengchx3/rebuttal_nt/box_r13_backup/live/wandb/offline-run-20260630_235039-jls84eao/logs/debug-core.log": No such file or directory (2)
rsync: [generator] failed to set times on "/tmp/galaxy_srv_disk00/pengchx3/rebuttal_nt/box_r13_backup/live/wandb/offline-run-20260630_235104-ng8nx1x4/logs/debug-core.log": No such file or directory (2)
rsync: [generator] failed to set times on "/tmp/galaxy_srv_disk00/pengchx3/rebuttal_nt/box_r13_backup/live/wandb/offline-run-20260701_033444-5ajizoss/logs/debug-core.log": No such file or directory (2)
rsync: [generator] failed to set times on "/tmp/galaxy_srv_disk00/pengchx3/rebuttal_nt/box_r13_backup/live/wandb/offline-run-20260701_043646-5eu7lyg8/logs/debug-core.log": No such file or directory (2)
rsync: [generator] failed to set times on "/tmp/galaxy_srv_disk00/pengchx3/rebuttal_nt/box_r13_backup/live/wandb/offline-run-20260701_054550-vrqqodlv/logs/debug-core.log": No such file or directory (2)
rsync: [generator] failed to set times on "/tmp/galaxy_srv_disk00/pengchx3/rebuttal_nt/box_r13_backup/live/wandb/offline-run-20260701_074325-s3laey7g/logs/debug-core.log": No such file or directory (2)
rsync: [generator] failed to set times on "/tmp/galaxy_srv_disk00/pengchx3/rebuttal_nt/box_r13_backup/live/wandb/offline-run-20260701_093804-ieiy1udx/logs/debug-core.log": No such file or directory (2)
rsync error: some files/attrs were not transferred (see previous errors) (code 23) at main.c(1865) [generator=3.2.7]
Welcome to vast.ai. If authentication fails, try again after a few seconds, and double check your ssh key.
Have fun!
AI agents: READ /etc/vast-agents-guide.md (also linked as ./AGENTS.md) before acting on or describing this instance: it is the operating guide. ('vast-capabilities' shows live state only, not the guide.)
[Wed Jul  1 10:38:26 AM PDT 2026] pass done rc=0; csv=1 best_model_ckpts=9
Welcome to vast.ai. If authentication fails, try again after a few seconds, and double check your ssh key.
Have fun!
AI agents: READ /etc/vast-agents-guide.md (also linked as ./AGENTS.md) before acting on or describing this instance: it is the operating guide. ('vast-capabilities' shows live state only, not the guide.)
Welcome to vast.ai. If authentication fails, try again after a few seconds, and double check your ssh key.
Have fun!
AI agents: READ /etc/vast-agents-guide.md (also linked as ./AGENTS.md) before acting on or describing this instance: it is the operating guide. ('vast-capabilities' shows live state only, not the guide.)
Welcome to vast.ai. If authentication fails, try again after a few seconds, and double check your ssh key.
Have fun!
AI agents: READ /etc/vast-agents-guide.md (also linked as ./AGENTS.md) before acting on or describing this instance: it is the operating guide. ('vast-capabilities' shows live state only, not the guide.)
rsync: [generator] failed to set times on "/tmp/galaxy_srv_disk00/pengchx3/rebuttal_nt/box_r13_backup/live/wandb/offline-run-20260630_234636-x13b081n/logs/debug-core.log": No such file or directory (2)
rsync: [generator] failed to set times on "/tmp/galaxy_srv_disk00/pengchx3/rebuttal_nt/box_r13_backup/live/wandb/offline-run-20260630_235013-efpuf9sb/logs/debug-core.log": No such file or directory (2)
rsync: [generator] failed to set times on "/tmp/galaxy_srv_disk00/pengchx3/rebuttal_nt/box_r13_backup/live/wandb/offline-run-20260630_235039-jls84eao/logs/debug-core.log": No such file or directory (2)
rsync: [generator] failed to set times on "/tmp/galaxy_srv_disk00/pengchx3/rebuttal_nt/box_r13_backup/live/wandb/offline-run-20260630_235104-ng8nx1x4/logs/debug-core.log": No such file or directory (2)
rsync: [generator] failed to set times on "/tmp/galaxy_srv_disk00/pengchx3/rebuttal_nt/box_r13_backup/live/wandb/offline-run-20260701_033444-5ajizoss/logs/debug-core.log": No such file or directory (2)
rsync: [generator] failed to set times on "/tmp/galaxy_srv_disk00/pengchx3/rebuttal_nt/box_r13_backup/live/wandb/offline-run-20260701_043646-5eu7lyg8/logs/debug-core.log": No such file or directory (2)
rsync: [generator] failed to set times on "/tmp/galaxy_srv_disk00/pengchx3/rebuttal_nt/box_r13_backup/live/wandb/offline-run-20260701_054550-vrqqodlv/logs/debug-core.log": No such file or directory (2)
rsync: [generator] failed to set times on "/tmp/galaxy_srv_disk00/pengchx3/rebuttal_nt/box_r13_backup/live/wandb/offline-run-20260701_074325-s3laey7g/logs/debug-core.log": No such file or directory (2)
rsync: [generator] failed to set times on "/tmp/galaxy_srv_disk00/pengchx3/rebuttal_nt/box_r13_backup/live/wandb/offline-run-20260701_093804-ieiy1udx/logs/debug-core.log": No such file or directory (2)
rsync error: some files/attrs were not transferred (see previous errors) (code 23) at main.c(1865) [generator=3.2.7]
Welcome to vast.ai. If authentication fails, try again after a few seconds, and double check your ssh key.
Have fun!
AI agents: READ /etc/vast-agents-guide.md (also linked as ./AGENTS.md) before acting on or describing this instance: it is the operating guide. ('vast-capabilities' shows live state only, not the guide.)
[Wed Jul  1 10:48:59 AM PDT 2026] pass done rc=0; csv=1 best_model_ckpts=9
Welcome to vast.ai. If authentication fails, try again after a few seconds, and double check your ssh key.
Have fun!
AI agents: READ /etc/vast-agents-guide.md (also linked as ./AGENTS.md) before acting on or describing this instance: it is the operating guide. ('vast-capabilities' shows live state only, not the guide.)
Welcome to vast.ai. If authentication fails, try again after a few seconds, and double check your ssh key.
Have fun!
AI agents: READ /etc/vast-agents-guide.md (also linked as ./AGENTS.md) before acting on or describing this instance: it is the operating guide. ('vast-capabilities' shows live state only, not the guide.)
Welcome to vast.ai. If authentication fails, try again after a few seconds, and double check your ssh key.
Have fun!
AI agents: READ /etc/vast-agents-guide.md (also linked as ./AGENTS.md) before acting on or describing this instance: it is the operating guide. ('vast-capabilities' shows live state only, not the guide.)
rsync: [generator] failed to set times on "/tmp/galaxy_srv_disk00/pengchx3/rebuttal_nt/box_r13_backup/live/wandb/offline-run-20260630_234636-x13b081n/logs/debug-core.log": No such file or directory (2)
rsync: [generator] failed to set times on "/tmp/galaxy_srv_disk00/pengchx3/rebuttal_nt/box_r13_backup/live/wandb/offline-run-20260630_235013-efpuf9sb/logs/debug-core.log": No such file or directory (2)
rsync: [generator] failed to set times on "/tmp/galaxy_srv_disk00/pengchx3/rebuttal_nt/box_r13_backup/live/wandb/offline-run-20260630_235039-jls84eao/logs/debug-core.log": No such file or directory (2)
rsync: [generator] failed to set times on "/tmp/galaxy_srv_disk00/pengchx3/rebuttal_nt/box_r13_backup/live/wandb/offline-run-20260630_235104-ng8nx1x4/logs/debug-core.log": No such file or directory (2)
rsync: [generator] failed to set times on "/tmp/galaxy_srv_disk00/pengchx3/rebuttal_nt/box_r13_backup/live/wandb/offline-run-20260701_033444-5ajizoss/logs/debug-core.log": No such file or directory (2)
rsync: [generator] failed to set times on "/tmp/galaxy_srv_disk00/pengchx3/rebuttal_nt/box_r13_backup/live/wandb/offline-run-20260701_043646-5eu7lyg8/logs/debug-core.log": No such file or directory (2)
rsync: [generator] failed to set times on "/tmp/galaxy_srv_disk00/pengchx3/rebuttal_nt/box_r13_backup/live/wandb/offline-run-20260701_054550-vrqqodlv/logs/debug-core.log": No such file or directory (2)
rsync: [generator] failed to set times on "/tmp/galaxy_srv_disk00/pengchx3/rebuttal_nt/box_r13_backup/live/wandb/offline-run-20260701_074325-s3laey7g/logs/debug-core.log": No such file or directory (2)
rsync: [generator] failed to set times on "/tmp/galaxy_srv_disk00/pengchx3/rebuttal_nt/box_r13_backup/live/wandb/offline-run-20260701_093804-ieiy1udx/logs/debug-core.log": No such file or directory (2)
rsync error: some files/attrs were not transferred (see previous errors) (code 23) at main.c(1865) [generator=3.2.7]
Welcome to vast.ai. If authentication fails, try again after a few seconds, and double check your ssh key.
Have fun!
AI agents: READ /etc/vast-agents-guide.md (also linked as ./AGENTS.md) before acting on or describing this instance: it is the operating guide. ('vast-capabilities' shows live state only, not the guide.)
[Wed Jul  1 10:59:32 AM PDT 2026] pass done rc=0; csv=1 best_model_ckpts=9
Welcome to vast.ai. If authentication fails, try again after a few seconds, and double check your ssh key.
Have fun!
AI agents: READ /etc/vast-agents-guide.md (also linked as ./AGENTS.md) before acting on or describing this instance: it is the operating guide. ('vast-capabilities' shows live state only, not the guide.)
Welcome to vast.ai. If authentication fails, try again after a few seconds, and double check your ssh key.
Have fun!
AI agents: READ /etc/vast-agents-guide.md (also linked as ./AGENTS.md) before acting on or describing this instance: it is the operating guide. ('vast-capabilities' shows live state only, not the guide.)
Welcome to vast.ai. If authentication fails, try again after a few seconds, and double check your ssh key.
Have fun!
AI agents: READ /etc/vast-agents-guide.md (also linked as ./AGENTS.md) before acting on or describing this instance: it is the operating guide. ('vast-capabilities' shows live state only, not the guide.)
rsync: [generator] failed to set times on "/tmp/galaxy_srv_disk00/pengchx3/rebuttal_nt/box_r13_backup/live/wandb/offline-run-20260630_234636-x13b081n/logs/debug-core.log": No such file or directory (2)
rsync: [generator] failed to set times on "/tmp/galaxy_srv_disk00/pengchx3/rebuttal_nt/box_r13_backup/live/wandb/offline-run-20260630_235013-efpuf9sb/logs/debug-core.log": No such file or directory (2)
rsync: [generator] failed to set times on "/tmp/galaxy_srv_disk00/pengchx3/rebuttal_nt/box_r13_backup/live/wandb/offline-run-20260630_235039-jls84eao/logs/debug-core.log": No such file or directory (2)
rsync: [generator] failed to set times on "/tmp/galaxy_srv_disk00/pengchx3/rebuttal_nt/box_r13_backup/live/wandb/offline-run-20260630_235104-ng8nx1x4/logs/debug-core.log": No such file or directory (2)
rsync: [generator] failed to set times on "/tmp/galaxy_srv_disk00/pengchx3/rebuttal_nt/box_r13_backup/live/wandb/offline-run-20260701_033444-5ajizoss/logs/debug-core.log": No such file or directory (2)
rsync: [generator] failed to set times on "/tmp/galaxy_srv_disk00/pengchx3/rebuttal_nt/box_r13_backup/live/wandb/offline-run-20260701_043646-5eu7lyg8/logs/debug-core.log": No such file or directory (2)
rsync: [generator] failed to set times on "/tmp/galaxy_srv_disk00/pengchx3/rebuttal_nt/box_r13_backup/live/wandb/offline-run-20260701_054550-vrqqodlv/logs/debug-core.log": No such file or directory (2)
rsync: [generator] failed to set times on "/tmp/galaxy_srv_disk00/pengchx3/rebuttal_nt/box_r13_backup/live/wandb/offline-run-20260701_074325-s3laey7g/logs/debug-core.log": No such file or directory (2)
rsync: [generator] failed to set times on "/tmp/galaxy_srv_disk00/pengchx3/rebuttal_nt/box_r13_backup/live/wandb/offline-run-20260701_093804-ieiy1udx/logs/debug-core.log": No such file or directory (2)
rsync error: some files/attrs were not transferred (see previous errors) (code 23) at main.c(1865) [generator=3.2.7]
Welcome to vast.ai. If authentication fails, try again after a few seconds, and double check your ssh key.
Have fun!
AI agents: READ /etc/vast-agents-guide.md (also linked as ./AGENTS.md) before acting on or describing this instance: it is the operating guide. ('vast-capabilities' shows live state only, not the guide.)
[Wed Jul  1 11:10:03 AM PDT 2026] pass done rc=0; csv=1 best_model_ckpts=9
Welcome to vast.ai. If authentication fails, try again after a few seconds, and double check your ssh key.
Have fun!
AI agents: READ /etc/vast-agents-guide.md (also linked as ./AGENTS.md) before acting on or describing this instance: it is the operating guide. ('vast-capabilities' shows live state only, not the guide.)
Welcome to vast.ai. If authentication fails, try again after a few seconds, and double check your ssh key.
Have fun!
AI agents: READ /etc/vast-agents-guide.md (also linked as ./AGENTS.md) before acting on or describing this instance: it is the operating guide. ('vast-capabilities' shows live state only, not the guide.)
Welcome to vast.ai. If authentication fails, try again after a few seconds, and double check your ssh key.
Have fun!
AI agents: READ /etc/vast-agents-guide.md (also linked as ./AGENTS.md) before acting on or describing this instance: it is the operating guide. ('vast-capabilities' shows live state only, not the guide.)
rsync: [generator] failed to set times on "/tmp/galaxy_srv_disk00/pengchx3/rebuttal_nt/box_r13_backup/live/wandb/offline-run-20260630_234636-x13b081n/logs/debug-core.log": No such file or directory (2)
rsync: [generator] failed to set times on "/tmp/galaxy_srv_disk00/pengchx3/rebuttal_nt/box_r13_backup/live/wandb/offline-run-20260630_235013-efpuf9sb/logs/debug-core.log": No such file or directory (2)
rsync: [generator] failed to set times on "/tmp/galaxy_srv_disk00/pengchx3/rebuttal_nt/box_r13_backup/live/wandb/offline-run-20260630_235039-jls84eao/logs/debug-core.log": No such file or directory (2)
rsync: [generator] failed to set times on "/tmp/galaxy_srv_disk00/pengchx3/rebuttal_nt/box_r13_backup/live/wandb/offline-run-20260630_235104-ng8nx1x4/logs/debug-core.log": No such file or directory (2)
rsync: [generator] failed to set times on "/tmp/galaxy_srv_disk00/pengchx3/rebuttal_nt/box_r13_backup/live/wandb/offline-run-20260701_033444-5ajizoss/logs/debug-core.log": No such file or directory (2)
rsync: [generator] failed to set times on "/tmp/galaxy_srv_disk00/pengchx3/rebuttal_nt/box_r13_backup/live/wandb/offline-run-20260701_043646-5eu7lyg8/logs/debug-core.log": No such file or directory (2)
rsync: [generator] failed to set times on "/tmp/galaxy_srv_disk00/pengchx3/rebuttal_nt/box_r13_backup/live/wandb/offline-run-20260701_054550-vrqqodlv/logs/debug-core.log": No such file or directory (2)
rsync: [generator] failed to set times on "/tmp/galaxy_srv_disk00/pengchx3/rebuttal_nt/box_r13_backup/live/wandb/offline-run-20260701_074325-s3laey7g/logs/debug-core.log": No such file or directory (2)
rsync: [generator] failed to set times on "/tmp/galaxy_srv_disk00/pengchx3/rebuttal_nt/box_r13_backup/live/wandb/offline-run-20260701_093804-ieiy1udx/logs/debug-core.log": No such file or directory (2)
rsync error: some files/attrs were not transferred (see previous errors) (code 23) at main.c(1865) [generator=3.2.7]
Welcome to vast.ai. If authentication fails, try again after a few seconds, and double check your ssh key.
Have fun!
AI agents: READ /etc/vast-agents-guide.md (also linked as ./AGENTS.md) before acting on or describing this instance: it is the operating guide. ('vast-capabilities' shows live state only, not the guide.)
[Wed Jul  1 11:20:24 AM PDT 2026] pass done rc=0; csv=1 best_model_ckpts=9
Welcome to vast.ai. If authentication fails, try again after a few seconds, and double check your ssh key.
Have fun!
AI agents: READ /etc/vast-agents-guide.md (also linked as ./AGENTS.md) before acting on or describing this instance: it is the operating guide. ('vast-capabilities' shows live state only, not the guide.)
Welcome to vast.ai. If authentication fails, try again after a few seconds, and double check your ssh key.
Have fun!
AI agents: READ /etc/vast-agents-guide.md (also linked as ./AGENTS.md) before acting on or describing this instance: it is the operating guide. ('vast-capabilities' shows live state only, not the guide.)
Welcome to vast.ai. If authentication fails, try again after a few seconds, and double check your ssh key.
Have fun!
AI agents: READ /etc/vast-agents-guide.md (also linked as ./AGENTS.md) before acting on or describing this instance: it is the operating guide. ('vast-capabilities' shows live state only, not the guide.)
rsync: [generator] failed to set times on "/tmp/galaxy_srv_disk00/pengchx3/rebuttal_nt/box_r13_backup/live/wandb/debug-internal.log": No such file or directory (2)
rsync: [generator] failed to set times on "/tmp/galaxy_srv_disk00/pengchx3/rebuttal_nt/box_r13_backup/live/wandb/debug.log": No such file or directory (2)
rsync: [generator] failed to set times on "/tmp/galaxy_srv_disk00/pengchx3/rebuttal_nt/box_r13_backup/live/wandb/latest-run": No such file or directory (2)
rsync: [generator] failed to set times on "/tmp/galaxy_srv_disk00/pengchx3/rebuttal_nt/box_r13_backup/live/wandb/offline-run-20260630_234636-x13b081n/logs/debug-core.log": No such file or directory (2)
rsync: [generator] failed to set times on "/tmp/galaxy_srv_disk00/pengchx3/rebuttal_nt/box_r13_backup/live/wandb/offline-run-20260630_235013-efpuf9sb/logs/debug-core.log": No such file or directory (2)
rsync: [generator] failed to set times on "/tmp/galaxy_srv_disk00/pengchx3/rebuttal_nt/box_r13_backup/live/wandb/offline-run-20260630_235039-jls84eao/logs/debug-core.log": No such file or directory (2)
rsync: [generator] failed to set times on "/tmp/galaxy_srv_disk00/pengchx3/rebuttal_nt/box_r13_backup/live/wandb/offline-run-20260630_235104-ng8nx1x4/logs/debug-core.log": No such file or directory (2)
rsync: [generator] failed to set times on "/tmp/galaxy_srv_disk00/pengchx3/rebuttal_nt/box_r13_backup/live/wandb/offline-run-20260701_033444-5ajizoss/logs/debug-core.log": No such file or directory (2)
rsync: [generator] failed to set times on "/tmp/galaxy_srv_disk00/pengchx3/rebuttal_nt/box_r13_backup/live/wandb/offline-run-20260701_043646-5eu7lyg8/logs/debug-core.log": No such file or directory (2)
rsync: [generator] failed to set times on "/tmp/galaxy_srv_disk00/pengchx3/rebuttal_nt/box_r13_backup/live/wandb/offline-run-20260701_054550-vrqqodlv/logs/debug-core.log": No such file or directory (2)
rsync: [generator] failed to set times on "/tmp/galaxy_srv_disk00/pengchx3/rebuttal_nt/box_r13_backup/live/wandb/offline-run-20260701_074325-s3laey7g/logs/debug-core.log": No such file or directory (2)
rsync: [generator] failed to set times on "/tmp/galaxy_srv_disk00/pengchx3/rebuttal_nt/box_r13_backup/live/wandb/offline-run-20260701_093804-ieiy1udx/logs/debug-core.log": No such file or directory (2)
rsync: [generator] failed to set times on "/tmp/galaxy_srv_disk00/pengchx3/rebuttal_nt/box_r13_backup/live/wandb/offline-run-20260701_182201-to9kjqlt/logs/debug-core.log": No such file or directory (2)
rsync error: some files/attrs were not transferred (see previous errors) (code 23) at main.c(1865) [generator=3.2.7]
Welcome to vast.ai. If authentication fails, try again after a few seconds, and double check your ssh key.
Have fun!
AI agents: READ /etc/vast-agents-guide.md (also linked as ./AGENTS.md) before acting on or describing this instance: it is the operating guide. ('vast-capabilities' shows live state only, not the guide.)
[Wed Jul  1 11:30:45 AM PDT 2026] pass done rc=0; csv=1 best_model_ckpts=10
Welcome to vast.ai. If authentication fails, try again after a few seconds, and double check your ssh key.
Have fun!
AI agents: READ /etc/vast-agents-guide.md (also linked as ./AGENTS.md) before acting on or describing this instance: it is the operating guide. ('vast-capabilities' shows live state only, not the guide.)
Welcome to vast.ai. If authentication fails, try again after a few seconds, and double check your ssh key.
Have fun!
AI agents: READ /etc/vast-agents-guide.md (also linked as ./AGENTS.md) before acting on or describing this instance: it is the operating guide. ('vast-capabilities' shows live state only, not the guide.)
Welcome to vast.ai. If authentication fails, try again after a few seconds, and double check your ssh key.
Have fun!
AI agents: READ /etc/vast-agents-guide.md (also linked as ./AGENTS.md) before acting on or describing this instance: it is the operating guide. ('vast-capabilities' shows live state only, not the guide.)
rsync: [generator] failed to set times on "/tmp/galaxy_srv_disk00/pengchx3/rebuttal_nt/box_r13_backup/live/wandb/offline-run-20260630_234636-x13b081n/logs/debug-core.log": No such file or directory (2)
rsync: [generator] failed to set times on "/tmp/galaxy_srv_disk00/pengchx3/rebuttal_nt/box_r13_backup/live/wandb/offline-run-20260630_235013-efpuf9sb/logs/debug-core.log": No such file or directory (2)
rsync: [generator] failed to set times on "/tmp/galaxy_srv_disk00/pengchx3/rebuttal_nt/box_r13_backup/live/wandb/offline-run-20260630_235039-jls84eao/logs/debug-core.log": No such file or directory (2)
rsync: [generator] failed to set times on "/tmp/galaxy_srv_disk00/pengchx3/rebuttal_nt/box_r13_backup/live/wandb/offline-run-20260630_235104-ng8nx1x4/logs/debug-core.log": No such file or directory (2)
rsync: [generator] failed to set times on "/tmp/galaxy_srv_disk00/pengchx3/rebuttal_nt/box_r13_backup/live/wandb/offline-run-20260701_033444-5ajizoss/logs/debug-core.log": No such file or directory (2)
rsync: [generator] failed to set times on "/tmp/galaxy_srv_disk00/pengchx3/rebuttal_nt/box_r13_backup/live/wandb/offline-run-20260701_043646-5eu7lyg8/logs/debug-core.log": No such file or directory (2)
rsync: [generator] failed to set times on "/tmp/galaxy_srv_disk00/pengchx3/rebuttal_nt/box_r13_backup/live/wandb/offline-run-20260701_054550-vrqqodlv/logs/debug-core.log": No such file or directory (2)
rsync: [generator] failed to set times on "/tmp/galaxy_srv_disk00/pengchx3/rebuttal_nt/box_r13_backup/live/wandb/offline-run-20260701_074325-s3laey7g/logs/debug-core.log": No such file or directory (2)
rsync: [generator] failed to set times on "/tmp/galaxy_srv_disk00/pengchx3/rebuttal_nt/box_r13_backup/live/wandb/offline-run-20260701_093804-ieiy1udx/logs/debug-core.log": No such file or directory (2)
rsync: [generator] failed to set times on "/tmp/galaxy_srv_disk00/pengchx3/rebuttal_nt/box_r13_backup/live/wandb/offline-run-20260701_182201-to9kjqlt/logs/debug-core.log": No such file or directory (2)
rsync error: some files/attrs were not transferred (see previous errors) (code 23) at main.c(1865) [generator=3.2.7]
Welcome to vast.ai. If authentication fails, try again after a few seconds, and double check your ssh key.
Have fun!
AI agents: READ /etc/vast-agents-guide.md (also linked as ./AGENTS.md) before acting on or describing this instance: it is the operating guide. ('vast-capabilities' shows live state only, not the guide.)
[Wed Jul  1 11:41:07 AM PDT 2026] pass done rc=0; csv=1 best_model_ckpts=10
Welcome to vast.ai. If authentication fails, try again after a few seconds, and double check your ssh key.
Have fun!
AI agents: READ /etc/vast-agents-guide.md (also linked as ./AGENTS.md) before acting on or describing this instance: it is the operating guide. ('vast-capabilities' shows live state only, not the guide.)
Welcome to vast.ai. If authentication fails, try again after a few seconds, and double check your ssh key.
Have fun!
AI agents: READ /etc/vast-agents-guide.md (also linked as ./AGENTS.md) before acting on or describing this instance: it is the operating guide. ('vast-capabilities' shows live state only, not the guide.)
Welcome to vast.ai. If authentication fails, try again after a few seconds, and double check your ssh key.
Have fun!
AI agents: READ /etc/vast-agents-guide.md (also linked as ./AGENTS.md) before acting on or describing this instance: it is the operating guide. ('vast-capabilities' shows live state only, not the guide.)
rsync: [generator] failed to set times on "/tmp/galaxy_srv_disk00/pengchx3/rebuttal_nt/box_r13_backup/live/wandb/offline-run-20260630_234636-x13b081n/logs/debug-core.log": No such file or directory (2)
rsync: [generator] failed to set times on "/tmp/galaxy_srv_disk00/pengchx3/rebuttal_nt/box_r13_backup/live/wandb/offline-run-20260630_235013-efpuf9sb/logs/debug-core.log": No such file or directory (2)
rsync: [generator] failed to set times on "/tmp/galaxy_srv_disk00/pengchx3/rebuttal_nt/box_r13_backup/live/wandb/offline-run-20260630_235039-jls84eao/logs/debug-core.log": No such file or directory (2)
rsync: [generator] failed to set times on "/tmp/galaxy_srv_disk00/pengchx3/rebuttal_nt/box_r13_backup/live/wandb/offline-run-20260630_235104-ng8nx1x4/logs/debug-core.log": No such file or directory (2)
rsync: [generator] failed to set times on "/tmp/galaxy_srv_disk00/pengchx3/rebuttal_nt/box_r13_backup/live/wandb/offline-run-20260701_033444-5ajizoss/logs/debug-core.log": No such file or directory (2)
rsync: [generator] failed to set times on "/tmp/galaxy_srv_disk00/pengchx3/rebuttal_nt/box_r13_backup/live/wandb/offline-run-20260701_043646-5eu7lyg8/logs/debug-core.log": No such file or directory (2)
rsync: [generator] failed to set times on "/tmp/galaxy_srv_disk00/pengchx3/rebuttal_nt/box_r13_backup/live/wandb/offline-run-20260701_054550-vrqqodlv/logs/debug-core.log": No such file or directory (2)
rsync: [generator] failed to set times on "/tmp/galaxy_srv_disk00/pengchx3/rebuttal_nt/box_r13_backup/live/wandb/offline-run-20260701_074325-s3laey7g/logs/debug-core.log": No such file or directory (2)
rsync: [generator] failed to set times on "/tmp/galaxy_srv_disk00/pengchx3/rebuttal_nt/box_r13_backup/live/wandb/offline-run-20260701_093804-ieiy1udx/logs/debug-core.log": No such file or directory (2)
rsync: [generator] failed to set times on "/tmp/galaxy_srv_disk00/pengchx3/rebuttal_nt/box_r13_backup/live/wandb/offline-run-20260701_182201-to9kjqlt/logs/debug-core.log": No such file or directory (2)
rsync error: some files/attrs were not transferred (see previous errors) (code 23) at main.c(1865) [generator=3.2.7]
Welcome to vast.ai. If authentication fails, try again after a few seconds, and double check your ssh key.
Have fun!
AI agents: READ /etc/vast-agents-guide.md (also linked as ./AGENTS.md) before acting on or describing this instance: it is the operating guide. ('vast-capabilities' shows live state only, not the guide.)
[Wed Jul  1 11:51:30 AM PDT 2026] pass done rc=0; csv=1 best_model_ckpts=10
Welcome to vast.ai. If authentication fails, try again after a few seconds, and double check your ssh key.
Have fun!
AI agents: READ /etc/vast-agents-guide.md (also linked as ./AGENTS.md) before acting on or describing this instance: it is the operating guide. ('vast-capabilities' shows live state only, not the guide.)
Welcome to vast.ai. If authentication fails, try again after a few seconds, and double check your ssh key.
Have fun!
AI agents: READ /etc/vast-agents-guide.md (also linked as ./AGENTS.md) before acting on or describing this instance: it is the operating guide. ('vast-capabilities' shows live state only, not the guide.)
Welcome to vast.ai. If authentication fails, try again after a few seconds, and double check your ssh key.
Have fun!
AI agents: READ /etc/vast-agents-guide.md (also linked as ./AGENTS.md) before acting on or describing this instance: it is the operating guide. ('vast-capabilities' shows live state only, not the guide.)
rsync: [generator] failed to set times on "/tmp/galaxy_srv_disk00/pengchx3/rebuttal_nt/box_r13_backup/live/wandb/offline-run-20260630_234636-x13b081n/logs/debug-core.log": No such file or directory (2)
rsync: [generator] failed to set times on "/tmp/galaxy_srv_disk00/pengchx3/rebuttal_nt/box_r13_backup/live/wandb/offline-run-20260630_235013-efpuf9sb/logs/debug-core.log": No such file or directory (2)
rsync: [generator] failed to set times on "/tmp/galaxy_srv_disk00/pengchx3/rebuttal_nt/box_r13_backup/live/wandb/offline-run-20260630_235039-jls84eao/logs/debug-core.log": No such file or directory (2)
rsync: [generator] failed to set times on "/tmp/galaxy_srv_disk00/pengchx3/rebuttal_nt/box_r13_backup/live/wandb/offline-run-20260630_235104-ng8nx1x4/logs/debug-core.log": No such file or directory (2)
rsync: [generator] failed to set times on "/tmp/galaxy_srv_disk00/pengchx3/rebuttal_nt/box_r13_backup/live/wandb/offline-run-20260701_033444-5ajizoss/logs/debug-core.log": No such file or directory (2)
rsync: [generator] failed to set times on "/tmp/galaxy_srv_disk00/pengchx3/rebuttal_nt/box_r13_backup/live/wandb/offline-run-20260701_043646-5eu7lyg8/logs/debug-core.log": No such file or directory (2)
rsync: [generator] failed to set times on "/tmp/galaxy_srv_disk00/pengchx3/rebuttal_nt/box_r13_backup/live/wandb/offline-run-20260701_054550-vrqqodlv/logs/debug-core.log": No such file or directory (2)
rsync: [generator] failed to set times on "/tmp/galaxy_srv_disk00/pengchx3/rebuttal_nt/box_r13_backup/live/wandb/offline-run-20260701_074325-s3laey7g/logs/debug-core.log": No such file or directory (2)
rsync: [generator] failed to set times on "/tmp/galaxy_srv_disk00/pengchx3/rebuttal_nt/box_r13_backup/live/wandb/offline-run-20260701_093804-ieiy1udx/logs/debug-core.log": No such file or directory (2)
rsync: [generator] failed to set times on "/tmp/galaxy_srv_disk00/pengchx3/rebuttal_nt/box_r13_backup/live/wandb/offline-run-20260701_182201-to9kjqlt/logs/debug-core.log": No such file or directory (2)
rsync error: some files/attrs were not transferred (see previous errors) (code 23) at main.c(1865) [generator=3.2.7]
Welcome to vast.ai. If authentication fails, try again after a few seconds, and double check your ssh key.
Have fun!
AI agents: READ /etc/vast-agents-guide.md (also linked as ./AGENTS.md) before acting on or describing this instance: it is the operating guide. ('vast-capabilities' shows live state only, not the guide.)
[Wed Jul  1 12:02:05 PM PDT 2026] pass done rc=0; csv=1 best_model_ckpts=10
Welcome to vast.ai. If authentication fails, try again after a few seconds, and double check your ssh key.
Have fun!
AI agents: READ /etc/vast-agents-guide.md (also linked as ./AGENTS.md) before acting on or describing this instance: it is the operating guide. ('vast-capabilities' shows live state only, not the guide.)
Welcome to vast.ai. If authentication fails, try again after a few seconds, and double check your ssh key.
Have fun!
AI agents: READ /etc/vast-agents-guide.md (also linked as ./AGENTS.md) before acting on or describing this instance: it is the operating guide. ('vast-capabilities' shows live state only, not the guide.)
Welcome to vast.ai. If authentication fails, try again after a few seconds, and double check your ssh key.
Have fun!
AI agents: READ /etc/vast-agents-guide.md (also linked as ./AGENTS.md) before acting on or describing this instance: it is the operating guide. ('vast-capabilities' shows live state only, not the guide.)
rsync: [generator] failed to set times on "/tmp/galaxy_srv_disk00/pengchx3/rebuttal_nt/box_r13_backup/live/wandb/offline-run-20260630_234636-x13b081n/logs/debug-core.log": No such file or directory (2)
rsync: [generator] failed to set times on "/tmp/galaxy_srv_disk00/pengchx3/rebuttal_nt/box_r13_backup/live/wandb/offline-run-20260630_235013-efpuf9sb/logs/debug-core.log": No such file or directory (2)
rsync: [generator] failed to set times on "/tmp/galaxy_srv_disk00/pengchx3/rebuttal_nt/box_r13_backup/live/wandb/offline-run-20260630_235039-jls84eao/logs/debug-core.log": No such file or directory (2)
rsync: [generator] failed to set times on "/tmp/galaxy_srv_disk00/pengchx3/rebuttal_nt/box_r13_backup/live/wandb/offline-run-20260630_235104-ng8nx1x4/logs/debug-core.log": No such file or directory (2)
rsync: [generator] failed to set times on "/tmp/galaxy_srv_disk00/pengchx3/rebuttal_nt/box_r13_backup/live/wandb/offline-run-20260701_033444-5ajizoss/logs/debug-core.log": No such file or directory (2)
rsync: [generator] failed to set times on "/tmp/galaxy_srv_disk00/pengchx3/rebuttal_nt/box_r13_backup/live/wandb/offline-run-20260701_043646-5eu7lyg8/logs/debug-core.log": No such file or directory (2)
rsync: [generator] failed to set times on "/tmp/galaxy_srv_disk00/pengchx3/rebuttal_nt/box_r13_backup/live/wandb/offline-run-20260701_054550-vrqqodlv/logs/debug-core.log": No such file or directory (2)
rsync: [generator] failed to set times on "/tmp/galaxy_srv_disk00/pengchx3/rebuttal_nt/box_r13_backup/live/wandb/offline-run-20260701_074325-s3laey7g/logs/debug-core.log": No such file or directory (2)
rsync: [generator] failed to set times on "/tmp/galaxy_srv_disk00/pengchx3/rebuttal_nt/box_r13_backup/live/wandb/offline-run-20260701_093804-ieiy1udx/logs/debug-core.log": No such file or directory (2)
rsync: [generator] failed to set times on "/tmp/galaxy_srv_disk00/pengchx3/rebuttal_nt/box_r13_backup/live/wandb/offline-run-20260701_182201-to9kjqlt/logs/debug-core.log": No such file or directory (2)
rsync error: some files/attrs were not transferred (see previous errors) (code 23) at main.c(1865) [generator=3.2.7]
Welcome to vast.ai. If authentication fails, try again after a few seconds, and double check your ssh key.
Have fun!
AI agents: READ /etc/vast-agents-guide.md (also linked as ./AGENTS.md) before acting on or describing this instance: it is the operating guide. ('vast-capabilities' shows live state only, not the guide.)
[Wed Jul  1 12:12:29 PM PDT 2026] pass done rc=0; csv=1 best_model_ckpts=10
Welcome to vast.ai. If authentication fails, try again after a few seconds, and double check your ssh key.
Have fun!
AI agents: READ /etc/vast-agents-guide.md (also linked as ./AGENTS.md) before acting on or describing this instance: it is the operating guide. ('vast-capabilities' shows live state only, not the guide.)
Welcome to vast.ai. If authentication fails, try again after a few seconds, and double check your ssh key.
Have fun!
AI agents: READ /etc/vast-agents-guide.md (also linked as ./AGENTS.md) before acting on or describing this instance: it is the operating guide. ('vast-capabilities' shows live state only, not the guide.)
Welcome to vast.ai. If authentication fails, try again after a few seconds, and double check your ssh key.
Have fun!
AI agents: READ /etc/vast-agents-guide.md (also linked as ./AGENTS.md) before acting on or describing this instance: it is the operating guide. ('vast-capabilities' shows live state only, not the guide.)
rsync: [generator] failed to set times on "/tmp/galaxy_srv_disk00/pengchx3/rebuttal_nt/box_r13_backup/live/wandb/offline-run-20260630_234636-x13b081n/logs/debug-core.log": No such file or directory (2)
rsync: [generator] failed to set times on "/tmp/galaxy_srv_disk00/pengchx3/rebuttal_nt/box_r13_backup/live/wandb/offline-run-20260630_235013-efpuf9sb/logs/debug-core.log": No such file or directory (2)
rsync: [generator] failed to set times on "/tmp/galaxy_srv_disk00/pengchx3/rebuttal_nt/box_r13_backup/live/wandb/offline-run-20260630_235039-jls84eao/logs/debug-core.log": No such file or directory (2)
rsync: [generator] failed to set times on "/tmp/galaxy_srv_disk00/pengchx3/rebuttal_nt/box_r13_backup/live/wandb/offline-run-20260630_235104-ng8nx1x4/logs/debug-core.log": No such file or directory (2)
rsync: [generator] failed to set times on "/tmp/galaxy_srv_disk00/pengchx3/rebuttal_nt/box_r13_backup/live/wandb/offline-run-20260701_033444-5ajizoss/logs/debug-core.log": No such file or directory (2)
rsync: [generator] failed to set times on "/tmp/galaxy_srv_disk00/pengchx3/rebuttal_nt/box_r13_backup/live/wandb/offline-run-20260701_043646-5eu7lyg8/logs/debug-core.log": No such file or directory (2)
rsync: [generator] failed to set times on "/tmp/galaxy_srv_disk00/pengchx3/rebuttal_nt/box_r13_backup/live/wandb/offline-run-20260701_054550-vrqqodlv/logs/debug-core.log": No such file or directory (2)
rsync: [generator] failed to set times on "/tmp/galaxy_srv_disk00/pengchx3/rebuttal_nt/box_r13_backup/live/wandb/offline-run-20260701_074325-s3laey7g/logs/debug-core.log": No such file or directory (2)
rsync: [generator] failed to set times on "/tmp/galaxy_srv_disk00/pengchx3/rebuttal_nt/box_r13_backup/live/wandb/offline-run-20260701_093804-ieiy1udx/logs/debug-core.log": No such file or directory (2)
rsync: [generator] failed to set times on "/tmp/galaxy_srv_disk00/pengchx3/rebuttal_nt/box_r13_backup/live/wandb/offline-run-20260701_182201-to9kjqlt/logs/debug-core.log": No such file or directory (2)
rsync error: some files/attrs were not transferred (see previous errors) (code 23) at main.c(1865) [generator=3.2.7]
Welcome to vast.ai. If authentication fails, try again after a few seconds, and double check your ssh key.
Have fun!
AI agents: READ /etc/vast-agents-guide.md (also linked as ./AGENTS.md) before acting on or describing this instance: it is the operating guide. ('vast-capabilities' shows live state only, not the guide.)
[Wed Jul  1 12:22:52 PM PDT 2026] pass done rc=0; csv=1 best_model_ckpts=10
Welcome to vast.ai. If authentication fails, try again after a few seconds, and double check your ssh key.
Have fun!
AI agents: READ /etc/vast-agents-guide.md (also linked as ./AGENTS.md) before acting on or describing this instance: it is the operating guide. ('vast-capabilities' shows live state only, not the guide.)
Welcome to vast.ai. If authentication fails, try again after a few seconds, and double check your ssh key.
Have fun!
AI agents: READ /etc/vast-agents-guide.md (also linked as ./AGENTS.md) before acting on or describing this instance: it is the operating guide. ('vast-capabilities' shows live state only, not the guide.)
Welcome to vast.ai. If authentication fails, try again after a few seconds, and double check your ssh key.
Have fun!
AI agents: READ /etc/vast-agents-guide.md (also linked as ./AGENTS.md) before acting on or describing this instance: it is the operating guide. ('vast-capabilities' shows live state only, not the guide.)
rsync: [generator] failed to set times on "/tmp/galaxy_srv_disk00/pengchx3/rebuttal_nt/box_r13_backup/live/wandb/debug-internal.log": No such file or directory (2)
rsync: [generator] failed to set times on "/tmp/galaxy_srv_disk00/pengchx3/rebuttal_nt/box_r13_backup/live/wandb/debug.log": No such file or directory (2)
rsync: [generator] failed to set times on "/tmp/galaxy_srv_disk00/pengchx3/rebuttal_nt/box_r13_backup/live/wandb/latest-run": No such file or directory (2)
rsync: [generator] failed to set times on "/tmp/galaxy_srv_disk00/pengchx3/rebuttal_nt/box_r13_backup/live/wandb/offline-run-20260630_234636-x13b081n/logs/debug-core.log": No such file or directory (2)
rsync: [generator] failed to set times on "/tmp/galaxy_srv_disk00/pengchx3/rebuttal_nt/box_r13_backup/live/wandb/offline-run-20260630_235013-efpuf9sb/logs/debug-core.log": No such file or directory (2)
rsync: [generator] failed to set times on "/tmp/galaxy_srv_disk00/pengchx3/rebuttal_nt/box_r13_backup/live/wandb/offline-run-20260630_235039-jls84eao/logs/debug-core.log": No such file or directory (2)
rsync: [generator] failed to set times on "/tmp/galaxy_srv_disk00/pengchx3/rebuttal_nt/box_r13_backup/live/wandb/offline-run-20260630_235104-ng8nx1x4/logs/debug-core.log": No such file or directory (2)
rsync: [generator] failed to set times on "/tmp/galaxy_srv_disk00/pengchx3/rebuttal_nt/box_r13_backup/live/wandb/offline-run-20260701_033444-5ajizoss/logs/debug-core.log": No such file or directory (2)
rsync: [generator] failed to set times on "/tmp/galaxy_srv_disk00/pengchx3/rebuttal_nt/box_r13_backup/live/wandb/offline-run-20260701_043646-5eu7lyg8/logs/debug-core.log": No such file or directory (2)
rsync: [generator] failed to set times on "/tmp/galaxy_srv_disk00/pengchx3/rebuttal_nt/box_r13_backup/live/wandb/offline-run-20260701_054550-vrqqodlv/logs/debug-core.log": No such file or directory (2)
rsync: [generator] failed to set times on "/tmp/galaxy_srv_disk00/pengchx3/rebuttal_nt/box_r13_backup/live/wandb/offline-run-20260701_074325-s3laey7g/logs/debug-core.log": No such file or directory (2)
rsync: [generator] failed to set times on "/tmp/galaxy_srv_disk00/pengchx3/rebuttal_nt/box_r13_backup/live/wandb/offline-run-20260701_093804-ieiy1udx/logs/debug-core.log": No such file or directory (2)
rsync: [generator] failed to set times on "/tmp/galaxy_srv_disk00/pengchx3/rebuttal_nt/box_r13_backup/live/wandb/offline-run-20260701_182201-to9kjqlt/logs/debug-core.log": No such file or directory (2)
rsync: [generator] failed to set times on "/tmp/galaxy_srv_disk00/pengchx3/rebuttal_nt/box_r13_backup/live/wandb/offline-run-20260701_193119-ufbc0knu/logs/debug-core.log": No such file or directory (2)
rsync error: some files/attrs were not transferred (see previous errors) (code 23) at main.c(1865) [generator=3.2.7]
Welcome to vast.ai. If authentication fails, try again after a few seconds, and double check your ssh key.
Have fun!
AI agents: READ /etc/vast-agents-guide.md (also linked as ./AGENTS.md) before acting on or describing this instance: it is the operating guide. ('vast-capabilities' shows live state only, not the guide.)
[Wed Jul  1 12:33:13 PM PDT 2026] pass done rc=0; csv=2 best_model_ckpts=10
Welcome to vast.ai. If authentication fails, try again after a few seconds, and double check your ssh key.
Have fun!
AI agents: READ /etc/vast-agents-guide.md (also linked as ./AGENTS.md) before acting on or describing this instance: it is the operating guide. ('vast-capabilities' shows live state only, not the guide.)
Welcome to vast.ai. If authentication fails, try again after a few seconds, and double check your ssh key.
Have fun!
AI agents: READ /etc/vast-agents-guide.md (also linked as ./AGENTS.md) before acting on or describing this instance: it is the operating guide. ('vast-capabilities' shows live state only, not the guide.)
Welcome to vast.ai. If authentication fails, try again after a few seconds, and double check your ssh key.
Have fun!
AI agents: READ /etc/vast-agents-guide.md (also linked as ./AGENTS.md) before acting on or describing this instance: it is the operating guide. ('vast-capabilities' shows live state only, not the guide.)
rsync: [generator] failed to set times on "/tmp/galaxy_srv_disk00/pengchx3/rebuttal_nt/box_r13_backup/live/wandb/offline-run-20260630_234636-x13b081n/logs/debug-core.log": No such file or directory (2)
rsync: [generator] failed to set times on "/tmp/galaxy_srv_disk00/pengchx3/rebuttal_nt/box_r13_backup/live/wandb/offline-run-20260630_235013-efpuf9sb/logs/debug-core.log": No such file or directory (2)
rsync: [generator] failed to set times on "/tmp/galaxy_srv_disk00/pengchx3/rebuttal_nt/box_r13_backup/live/wandb/offline-run-20260630_235039-jls84eao/logs/debug-core.log": No such file or directory (2)
rsync: [generator] failed to set times on "/tmp/galaxy_srv_disk00/pengchx3/rebuttal_nt/box_r13_backup/live/wandb/offline-run-20260630_235104-ng8nx1x4/logs/debug-core.log": No such file or directory (2)
rsync: [generator] failed to set times on "/tmp/galaxy_srv_disk00/pengchx3/rebuttal_nt/box_r13_backup/live/wandb/offline-run-20260701_033444-5ajizoss/logs/debug-core.log": No such file or directory (2)
rsync: [generator] failed to set times on "/tmp/galaxy_srv_disk00/pengchx3/rebuttal_nt/box_r13_backup/live/wandb/offline-run-20260701_043646-5eu7lyg8/logs/debug-core.log": No such file or directory (2)
rsync: [generator] failed to set times on "/tmp/galaxy_srv_disk00/pengchx3/rebuttal_nt/box_r13_backup/live/wandb/offline-run-20260701_054550-vrqqodlv/logs/debug-core.log": No such file or directory (2)
rsync: [generator] failed to set times on "/tmp/galaxy_srv_disk00/pengchx3/rebuttal_nt/box_r13_backup/live/wandb/offline-run-20260701_074325-s3laey7g/logs/debug-core.log": No such file or directory (2)
rsync: [generator] failed to set times on "/tmp/galaxy_srv_disk00/pengchx3/rebuttal_nt/box_r13_backup/live/wandb/offline-run-20260701_093804-ieiy1udx/logs/debug-core.log": No such file or directory (2)
rsync: [generator] failed to set times on "/tmp/galaxy_srv_disk00/pengchx3/rebuttal_nt/box_r13_backup/live/wandb/offline-run-20260701_182201-to9kjqlt/logs/debug-core.log": No such file or directory (2)
rsync: [generator] failed to set times on "/tmp/galaxy_srv_disk00/pengchx3/rebuttal_nt/box_r13_backup/live/wandb/offline-run-20260701_193119-ufbc0knu/logs/debug-core.log": No such file or directory (2)
rsync error: some files/attrs were not transferred (see previous errors) (code 23) at main.c(1865) [generator=3.2.7]
Welcome to vast.ai. If authentication fails, try again after a few seconds, and double check your ssh key.
Have fun!
AI agents: READ /etc/vast-agents-guide.md (also linked as ./AGENTS.md) before acting on or describing this instance: it is the operating guide. ('vast-capabilities' shows live state only, not the guide.)
[Wed Jul  1 12:43:42 PM PDT 2026] pass done rc=0; csv=2 best_model_ckpts=11
Welcome to vast.ai. If authentication fails, try again after a few seconds, and double check your ssh key.
Have fun!
AI agents: READ /etc/vast-agents-guide.md (also linked as ./AGENTS.md) before acting on or describing this instance: it is the operating guide. ('vast-capabilities' shows live state only, not the guide.)
Welcome to vast.ai. If authentication fails, try again after a few seconds, and double check your ssh key.
Have fun!
AI agents: READ /etc/vast-agents-guide.md (also linked as ./AGENTS.md) before acting on or describing this instance: it is the operating guide. ('vast-capabilities' shows live state only, not the guide.)
Welcome to vast.ai. If authentication fails, try again after a few seconds, and double check your ssh key.
Have fun!
AI agents: READ /etc/vast-agents-guide.md (also linked as ./AGENTS.md) before acting on or describing this instance: it is the operating guide. ('vast-capabilities' shows live state only, not the guide.)
rsync: [generator] failed to set times on "/tmp/galaxy_srv_disk00/pengchx3/rebuttal_nt/box_r13_backup/live/wandb/offline-run-20260630_234636-x13b081n/logs/debug-core.log": No such file or directory (2)
rsync: [generator] failed to set times on "/tmp/galaxy_srv_disk00/pengchx3/rebuttal_nt/box_r13_backup/live/wandb/offline-run-20260630_235013-efpuf9sb/logs/debug-core.log": No such file or directory (2)
rsync: [generator] failed to set times on "/tmp/galaxy_srv_disk00/pengchx3/rebuttal_nt/box_r13_backup/live/wandb/offline-run-20260630_235039-jls84eao/logs/debug-core.log": No such file or directory (2)
rsync: [generator] failed to set times on "/tmp/galaxy_srv_disk00/pengchx3/rebuttal_nt/box_r13_backup/live/wandb/offline-run-20260630_235104-ng8nx1x4/logs/debug-core.log": No such file or directory (2)
rsync: [generator] failed to set times on "/tmp/galaxy_srv_disk00/pengchx3/rebuttal_nt/box_r13_backup/live/wandb/offline-run-20260701_033444-5ajizoss/logs/debug-core.log": No such file or directory (2)
rsync: [generator] failed to set times on "/tmp/galaxy_srv_disk00/pengchx3/rebuttal_nt/box_r13_backup/live/wandb/offline-run-20260701_043646-5eu7lyg8/logs/debug-core.log": No such file or directory (2)
rsync: [generator] failed to set times on "/tmp/galaxy_srv_disk00/pengchx3/rebuttal_nt/box_r13_backup/live/wandb/offline-run-20260701_054550-vrqqodlv/logs/debug-core.log": No such file or directory (2)
rsync: [generator] failed to set times on "/tmp/galaxy_srv_disk00/pengchx3/rebuttal_nt/box_r13_backup/live/wandb/offline-run-20260701_074325-s3laey7g/logs/debug-core.log": No such file or directory (2)
rsync: [generator] failed to set times on "/tmp/galaxy_srv_disk00/pengchx3/rebuttal_nt/box_r13_backup/live/wandb/offline-run-20260701_093804-ieiy1udx/logs/debug-core.log": No such file or directory (2)
rsync: [generator] failed to set times on "/tmp/galaxy_srv_disk00/pengchx3/rebuttal_nt/box_r13_backup/live/wandb/offline-run-20260701_182201-to9kjqlt/logs/debug-core.log": No such file or directory (2)
rsync: [generator] failed to set times on "/tmp/galaxy_srv_disk00/pengchx3/rebuttal_nt/box_r13_backup/live/wandb/offline-run-20260701_193119-ufbc0knu/logs/debug-core.log": No such file or directory (2)
rsync error: some files/attrs were not transferred (see previous errors) (code 23) at main.c(1865) [generator=3.2.7]
Welcome to vast.ai. If authentication fails, try again after a few seconds, and double check your ssh key.
Have fun!
AI agents: READ /etc/vast-agents-guide.md (also linked as ./AGENTS.md) before acting on or describing this instance: it is the operating guide. ('vast-capabilities' shows live state only, not the guide.)
[Wed Jul  1 12:54:04 PM PDT 2026] pass done rc=0; csv=2 best_model_ckpts=11
Welcome to vast.ai. If authentication fails, try again after a few seconds, and double check your ssh key.
Have fun!
AI agents: READ /etc/vast-agents-guide.md (also linked as ./AGENTS.md) before acting on or describing this instance: it is the operating guide. ('vast-capabilities' shows live state only, not the guide.)
Welcome to vast.ai. If authentication fails, try again after a few seconds, and double check your ssh key.
Have fun!
AI agents: READ /etc/vast-agents-guide.md (also linked as ./AGENTS.md) before acting on or describing this instance: it is the operating guide. ('vast-capabilities' shows live state only, not the guide.)
Welcome to vast.ai. If authentication fails, try again after a few seconds, and double check your ssh key.
Have fun!
AI agents: READ /etc/vast-agents-guide.md (also linked as ./AGENTS.md) before acting on or describing this instance: it is the operating guide. ('vast-capabilities' shows live state only, not the guide.)
rsync: [generator] failed to set times on "/tmp/galaxy_srv_disk00/pengchx3/rebuttal_nt/box_r13_backup/live/wandb/offline-run-20260630_234636-x13b081n/logs/debug-core.log": No such file or directory (2)
rsync: [generator] failed to set times on "/tmp/galaxy_srv_disk00/pengchx3/rebuttal_nt/box_r13_backup/live/wandb/offline-run-20260630_235013-efpuf9sb/logs/debug-core.log": No such file or directory (2)
rsync: [generator] failed to set times on "/tmp/galaxy_srv_disk00/pengchx3/rebuttal_nt/box_r13_backup/live/wandb/offline-run-20260630_235039-jls84eao/logs/debug-core.log": No such file or directory (2)
rsync: [generator] failed to set times on "/tmp/galaxy_srv_disk00/pengchx3/rebuttal_nt/box_r13_backup/live/wandb/offline-run-20260630_235104-ng8nx1x4/logs/debug-core.log": No such file or directory (2)
rsync: [generator] failed to set times on "/tmp/galaxy_srv_disk00/pengchx3/rebuttal_nt/box_r13_backup/live/wandb/offline-run-20260701_033444-5ajizoss/logs/debug-core.log": No such file or directory (2)
rsync: [generator] failed to set times on "/tmp/galaxy_srv_disk00/pengchx3/rebuttal_nt/box_r13_backup/live/wandb/offline-run-20260701_043646-5eu7lyg8/logs/debug-core.log": No such file or directory (2)
rsync: [generator] failed to set times on "/tmp/galaxy_srv_disk00/pengchx3/rebuttal_nt/box_r13_backup/live/wandb/offline-run-20260701_054550-vrqqodlv/logs/debug-core.log": No such file or directory (2)
rsync: [generator] failed to set times on "/tmp/galaxy_srv_disk00/pengchx3/rebuttal_nt/box_r13_backup/live/wandb/offline-run-20260701_074325-s3laey7g/logs/debug-core.log": No such file or directory (2)
rsync: [generator] failed to set times on "/tmp/galaxy_srv_disk00/pengchx3/rebuttal_nt/box_r13_backup/live/wandb/offline-run-20260701_093804-ieiy1udx/logs/debug-core.log": No such file or directory (2)
rsync: [generator] failed to set times on "/tmp/galaxy_srv_disk00/pengchx3/rebuttal_nt/box_r13_backup/live/wandb/offline-run-20260701_182201-to9kjqlt/logs/debug-core.log": No such file or directory (2)
rsync: [generator] failed to set times on "/tmp/galaxy_srv_disk00/pengchx3/rebuttal_nt/box_r13_backup/live/wandb/offline-run-20260701_193119-ufbc0knu/logs/debug-core.log": No such file or directory (2)
rsync error: some files/attrs were not transferred (see previous errors) (code 23) at main.c(1865) [generator=3.2.7]
Welcome to vast.ai. If authentication fails, try again after a few seconds, and double check your ssh key.
Have fun!
AI agents: READ /etc/vast-agents-guide.md (also linked as ./AGENTS.md) before acting on or describing this instance: it is the operating guide. ('vast-capabilities' shows live state only, not the guide.)
[Wed Jul  1 01:04:29 PM PDT 2026] pass done rc=0; csv=2 best_model_ckpts=11
Welcome to vast.ai. If authentication fails, try again after a few seconds, and double check your ssh key.
Have fun!
AI agents: READ /etc/vast-agents-guide.md (also linked as ./AGENTS.md) before acting on or describing this instance: it is the operating guide. ('vast-capabilities' shows live state only, not the guide.)
Welcome to vast.ai. If authentication fails, try again after a few seconds, and double check your ssh key.
Have fun!
AI agents: READ /etc/vast-agents-guide.md (also linked as ./AGENTS.md) before acting on or describing this instance: it is the operating guide. ('vast-capabilities' shows live state only, not the guide.)
Welcome to vast.ai. If authentication fails, try again after a few seconds, and double check your ssh key.
Have fun!
AI agents: READ /etc/vast-agents-guide.md (also linked as ./AGENTS.md) before acting on or describing this instance: it is the operating guide. ('vast-capabilities' shows live state only, not the guide.)
rsync: [generator] failed to set times on "/tmp/galaxy_srv_disk00/pengchx3/rebuttal_nt/box_r13_backup/live/wandb/offline-run-20260630_234636-x13b081n/logs/debug-core.log": No such file or directory (2)
rsync: [generator] failed to set times on "/tmp/galaxy_srv_disk00/pengchx3/rebuttal_nt/box_r13_backup/live/wandb/offline-run-20260630_235013-efpuf9sb/logs/debug-core.log": No such file or directory (2)
rsync: [generator] failed to set times on "/tmp/galaxy_srv_disk00/pengchx3/rebuttal_nt/box_r13_backup/live/wandb/offline-run-20260630_235039-jls84eao/logs/debug-core.log": No such file or directory (2)
rsync: [generator] failed to set times on "/tmp/galaxy_srv_disk00/pengchx3/rebuttal_nt/box_r13_backup/live/wandb/offline-run-20260630_235104-ng8nx1x4/logs/debug-core.log": No such file or directory (2)
rsync: [generator] failed to set times on "/tmp/galaxy_srv_disk00/pengchx3/rebuttal_nt/box_r13_backup/live/wandb/offline-run-20260701_033444-5ajizoss/logs/debug-core.log": No such file or directory (2)
rsync: [generator] failed to set times on "/tmp/galaxy_srv_disk00/pengchx3/rebuttal_nt/box_r13_backup/live/wandb/offline-run-20260701_043646-5eu7lyg8/logs/debug-core.log": No such file or directory (2)
rsync: [generator] failed to set times on "/tmp/galaxy_srv_disk00/pengchx3/rebuttal_nt/box_r13_backup/live/wandb/offline-run-20260701_054550-vrqqodlv/logs/debug-core.log": No such file or directory (2)
rsync: [generator] failed to set times on "/tmp/galaxy_srv_disk00/pengchx3/rebuttal_nt/box_r13_backup/live/wandb/offline-run-20260701_074325-s3laey7g/logs/debug-core.log": No such file or directory (2)
rsync: [generator] failed to set times on "/tmp/galaxy_srv_disk00/pengchx3/rebuttal_nt/box_r13_backup/live/wandb/offline-run-20260701_093804-ieiy1udx/logs/debug-core.log": No such file or directory (2)
rsync: [generator] failed to set times on "/tmp/galaxy_srv_disk00/pengchx3/rebuttal_nt/box_r13_backup/live/wandb/offline-run-20260701_182201-to9kjqlt/logs/debug-core.log": No such file or directory (2)
rsync: [generator] failed to set times on "/tmp/galaxy_srv_disk00/pengchx3/rebuttal_nt/box_r13_backup/live/wandb/offline-run-20260701_193119-ufbc0knu/logs/debug-core.log": No such file or directory (2)
rsync error: some files/attrs were not transferred (see previous errors) (code 23) at main.c(1865) [generator=3.2.7]
Welcome to vast.ai. If authentication fails, try again after a few seconds, and double check your ssh key.
Have fun!
AI agents: READ /etc/vast-agents-guide.md (also linked as ./AGENTS.md) before acting on or describing this instance: it is the operating guide. ('vast-capabilities' shows live state only, not the guide.)
[Wed Jul  1 01:14:50 PM PDT 2026] pass done rc=0; csv=2 best_model_ckpts=11
Welcome to vast.ai. If authentication fails, try again after a few seconds, and double check your ssh key.
Have fun!
AI agents: READ /etc/vast-agents-guide.md (also linked as ./AGENTS.md) before acting on or describing this instance: it is the operating guide. ('vast-capabilities' shows live state only, not the guide.)
Welcome to vast.ai. If authentication fails, try again after a few seconds, and double check your ssh key.
Have fun!
AI agents: READ /etc/vast-agents-guide.md (also linked as ./AGENTS.md) before acting on or describing this instance: it is the operating guide. ('vast-capabilities' shows live state only, not the guide.)
Welcome to vast.ai. If authentication fails, try again after a few seconds, and double check your ssh key.
Have fun!
AI agents: READ /etc/vast-agents-guide.md (also linked as ./AGENTS.md) before acting on or describing this instance: it is the operating guide. ('vast-capabilities' shows live state only, not the guide.)
rsync: [generator] failed to set times on "/tmp/galaxy_srv_disk00/pengchx3/rebuttal_nt/box_r13_backup/live/wandb/offline-run-20260630_234636-x13b081n/logs/debug-core.log": No such file or directory (2)
rsync: [generator] failed to set times on "/tmp/galaxy_srv_disk00/pengchx3/rebuttal_nt/box_r13_backup/live/wandb/offline-run-20260630_235013-efpuf9sb/logs/debug-core.log": No such file or directory (2)
rsync: [generator] failed to set times on "/tmp/galaxy_srv_disk00/pengchx3/rebuttal_nt/box_r13_backup/live/wandb/offline-run-20260630_235039-jls84eao/logs/debug-core.log": No such file or directory (2)
rsync: [generator] failed to set times on "/tmp/galaxy_srv_disk00/pengchx3/rebuttal_nt/box_r13_backup/live/wandb/offline-run-20260630_235104-ng8nx1x4/logs/debug-core.log": No such file or directory (2)
rsync: [generator] failed to set times on "/tmp/galaxy_srv_disk00/pengchx3/rebuttal_nt/box_r13_backup/live/wandb/offline-run-20260701_033444-5ajizoss/logs/debug-core.log": No such file or directory (2)
rsync: [generator] failed to set times on "/tmp/galaxy_srv_disk00/pengchx3/rebuttal_nt/box_r13_backup/live/wandb/offline-run-20260701_043646-5eu7lyg8/logs/debug-core.log": No such file or directory (2)
rsync: [generator] failed to set times on "/tmp/galaxy_srv_disk00/pengchx3/rebuttal_nt/box_r13_backup/live/wandb/offline-run-20260701_054550-vrqqodlv/logs/debug-core.log": No such file or directory (2)
rsync: [generator] failed to set times on "/tmp/galaxy_srv_disk00/pengchx3/rebuttal_nt/box_r13_backup/live/wandb/offline-run-20260701_074325-s3laey7g/logs/debug-core.log": No such file or directory (2)
rsync: [generator] failed to set times on "/tmp/galaxy_srv_disk00/pengchx3/rebuttal_nt/box_r13_backup/live/wandb/offline-run-20260701_093804-ieiy1udx/logs/debug-core.log": No such file or directory (2)
rsync: [generator] failed to set times on "/tmp/galaxy_srv_disk00/pengchx3/rebuttal_nt/box_r13_backup/live/wandb/offline-run-20260701_182201-to9kjqlt/logs/debug-core.log": No such file or directory (2)
rsync: [generator] failed to set times on "/tmp/galaxy_srv_disk00/pengchx3/rebuttal_nt/box_r13_backup/live/wandb/offline-run-20260701_193119-ufbc0knu/logs/debug-core.log": No such file or directory (2)
rsync error: some files/attrs were not transferred (see previous errors) (code 23) at main.c(1865) [generator=3.2.7]
Welcome to vast.ai. If authentication fails, try again after a few seconds, and double check your ssh key.
Have fun!
AI agents: READ /etc/vast-agents-guide.md (also linked as ./AGENTS.md) before acting on or describing this instance: it is the operating guide. ('vast-capabilities' shows live state only, not the guide.)
[Wed Jul  1 01:25:12 PM PDT 2026] pass done rc=0; csv=2 best_model_ckpts=11
Welcome to vast.ai. If authentication fails, try again after a few seconds, and double check your ssh key.
Have fun!
AI agents: READ /etc/vast-agents-guide.md (also linked as ./AGENTS.md) before acting on or describing this instance: it is the operating guide. ('vast-capabilities' shows live state only, not the guide.)
Welcome to vast.ai. If authentication fails, try again after a few seconds, and double check your ssh key.
Have fun!
AI agents: READ /etc/vast-agents-guide.md (also linked as ./AGENTS.md) before acting on or describing this instance: it is the operating guide. ('vast-capabilities' shows live state only, not the guide.)
Welcome to vast.ai. If authentication fails, try again after a few seconds, and double check your ssh key.
Have fun!
AI agents: READ /etc/vast-agents-guide.md (also linked as ./AGENTS.md) before acting on or describing this instance: it is the operating guide. ('vast-capabilities' shows live state only, not the guide.)
rsync: [generator] failed to set times on "/tmp/galaxy_srv_disk00/pengchx3/rebuttal_nt/box_r13_backup/live/wandb/offline-run-20260630_234636-x13b081n/logs/debug-core.log": No such file or directory (2)
rsync: [generator] failed to set times on "/tmp/galaxy_srv_disk00/pengchx3/rebuttal_nt/box_r13_backup/live/wandb/offline-run-20260630_235013-efpuf9sb/logs/debug-core.log": No such file or directory (2)
rsync: [generator] failed to set times on "/tmp/galaxy_srv_disk00/pengchx3/rebuttal_nt/box_r13_backup/live/wandb/offline-run-20260630_235039-jls84eao/logs/debug-core.log": No such file or directory (2)
rsync: [generator] failed to set times on "/tmp/galaxy_srv_disk00/pengchx3/rebuttal_nt/box_r13_backup/live/wandb/offline-run-20260630_235104-ng8nx1x4/logs/debug-core.log": No such file or directory (2)
rsync: [generator] failed to set times on "/tmp/galaxy_srv_disk00/pengchx3/rebuttal_nt/box_r13_backup/live/wandb/offline-run-20260701_033444-5ajizoss/logs/debug-core.log": No such file or directory (2)
rsync: [generator] failed to set times on "/tmp/galaxy_srv_disk00/pengchx3/rebuttal_nt/box_r13_backup/live/wandb/offline-run-20260701_043646-5eu7lyg8/logs/debug-core.log": No such file or directory (2)
rsync: [generator] failed to set times on "/tmp/galaxy_srv_disk00/pengchx3/rebuttal_nt/box_r13_backup/live/wandb/offline-run-20260701_054550-vrqqodlv/logs/debug-core.log": No such file or directory (2)
rsync: [generator] failed to set times on "/tmp/galaxy_srv_disk00/pengchx3/rebuttal_nt/box_r13_backup/live/wandb/offline-run-20260701_074325-s3laey7g/logs/debug-core.log": No such file or directory (2)
rsync: [generator] failed to set times on "/tmp/galaxy_srv_disk00/pengchx3/rebuttal_nt/box_r13_backup/live/wandb/offline-run-20260701_093804-ieiy1udx/logs/debug-core.log": No such file or directory (2)
rsync: [generator] failed to set times on "/tmp/galaxy_srv_disk00/pengchx3/rebuttal_nt/box_r13_backup/live/wandb/offline-run-20260701_182201-to9kjqlt/logs/debug-core.log": No such file or directory (2)
rsync: [generator] failed to set times on "/tmp/galaxy_srv_disk00/pengchx3/rebuttal_nt/box_r13_backup/live/wandb/offline-run-20260701_193119-ufbc0knu/logs/debug-core.log": No such file or directory (2)
rsync error: some files/attrs were not transferred (see previous errors) (code 23) at main.c(1865) [generator=3.2.7]
Welcome to vast.ai. If authentication fails, try again after a few seconds, and double check your ssh key.
Have fun!
AI agents: READ /etc/vast-agents-guide.md (also linked as ./AGENTS.md) before acting on or describing this instance: it is the operating guide. ('vast-capabilities' shows live state only, not the guide.)
[Wed Jul  1 01:35:34 PM PDT 2026] pass done rc=0; csv=2 best_model_ckpts=11
Welcome to vast.ai. If authentication fails, try again after a few seconds, and double check your ssh key.
Have fun!
AI agents: READ /etc/vast-agents-guide.md (also linked as ./AGENTS.md) before acting on or describing this instance: it is the operating guide. ('vast-capabilities' shows live state only, not the guide.)
Welcome to vast.ai. If authentication fails, try again after a few seconds, and double check your ssh key.
Have fun!
AI agents: READ /etc/vast-agents-guide.md (also linked as ./AGENTS.md) before acting on or describing this instance: it is the operating guide. ('vast-capabilities' shows live state only, not the guide.)
Welcome to vast.ai. If authentication fails, try again after a few seconds, and double check your ssh key.
Have fun!
AI agents: READ /etc/vast-agents-guide.md (also linked as ./AGENTS.md) before acting on or describing this instance: it is the operating guide. ('vast-capabilities' shows live state only, not the guide.)
rsync: [generator] failed to set times on "/tmp/galaxy_srv_disk00/pengchx3/rebuttal_nt/box_r13_backup/live/wandb/offline-run-20260630_234636-x13b081n/logs/debug-core.log": No such file or directory (2)
rsync: [generator] failed to set times on "/tmp/galaxy_srv_disk00/pengchx3/rebuttal_nt/box_r13_backup/live/wandb/offline-run-20260630_235013-efpuf9sb/logs/debug-core.log": No such file or directory (2)
rsync: [generator] failed to set times on "/tmp/galaxy_srv_disk00/pengchx3/rebuttal_nt/box_r13_backup/live/wandb/offline-run-20260630_235039-jls84eao/logs/debug-core.log": No such file or directory (2)
rsync: [generator] failed to set times on "/tmp/galaxy_srv_disk00/pengchx3/rebuttal_nt/box_r13_backup/live/wandb/offline-run-20260630_235104-ng8nx1x4/logs/debug-core.log": No such file or directory (2)
rsync: [generator] failed to set times on "/tmp/galaxy_srv_disk00/pengchx3/rebuttal_nt/box_r13_backup/live/wandb/offline-run-20260701_033444-5ajizoss/logs/debug-core.log": No such file or directory (2)
rsync: [generator] failed to set times on "/tmp/galaxy_srv_disk00/pengchx3/rebuttal_nt/box_r13_backup/live/wandb/offline-run-20260701_043646-5eu7lyg8/logs/debug-core.log": No such file or directory (2)
rsync: [generator] failed to set times on "/tmp/galaxy_srv_disk00/pengchx3/rebuttal_nt/box_r13_backup/live/wandb/offline-run-20260701_054550-vrqqodlv/logs/debug-core.log": No such file or directory (2)
rsync: [generator] failed to set times on "/tmp/galaxy_srv_disk00/pengchx3/rebuttal_nt/box_r13_backup/live/wandb/offline-run-20260701_074325-s3laey7g/logs/debug-core.log": No such file or directory (2)
rsync: [generator] failed to set times on "/tmp/galaxy_srv_disk00/pengchx3/rebuttal_nt/box_r13_backup/live/wandb/offline-run-20260701_093804-ieiy1udx/logs/debug-core.log": No such file or directory (2)
rsync: [generator] failed to set times on "/tmp/galaxy_srv_disk00/pengchx3/rebuttal_nt/box_r13_backup/live/wandb/offline-run-20260701_182201-to9kjqlt/logs/debug-core.log": No such file or directory (2)
rsync: [generator] failed to set times on "/tmp/galaxy_srv_disk00/pengchx3/rebuttal_nt/box_r13_backup/live/wandb/offline-run-20260701_193119-ufbc0knu/logs/debug-core.log": No such file or directory (2)
rsync error: some files/attrs were not transferred (see previous errors) (code 23) at main.c(1865) [generator=3.2.7]
Welcome to vast.ai. If authentication fails, try again after a few seconds, and double check your ssh key.
Have fun!
AI agents: READ /etc/vast-agents-guide.md (also linked as ./AGENTS.md) before acting on or describing this instance: it is the operating guide. ('vast-capabilities' shows live state only, not the guide.)
[Wed Jul  1 01:45:56 PM PDT 2026] pass done rc=0; csv=2 best_model_ckpts=11
Welcome to vast.ai. If authentication fails, try again after a few seconds, and double check your ssh key.
Have fun!
AI agents: READ /etc/vast-agents-guide.md (also linked as ./AGENTS.md) before acting on or describing this instance: it is the operating guide. ('vast-capabilities' shows live state only, not the guide.)
Welcome to vast.ai. If authentication fails, try again after a few seconds, and double check your ssh key.
Have fun!
AI agents: READ /etc/vast-agents-guide.md (also linked as ./AGENTS.md) before acting on or describing this instance: it is the operating guide. ('vast-capabilities' shows live state only, not the guide.)
Welcome to vast.ai. If authentication fails, try again after a few seconds, and double check your ssh key.
Have fun!
AI agents: READ /etc/vast-agents-guide.md (also linked as ./AGENTS.md) before acting on or describing this instance: it is the operating guide. ('vast-capabilities' shows live state only, not the guide.)
rsync: [generator] failed to set times on "/tmp/galaxy_srv_disk00/pengchx3/rebuttal_nt/box_r13_backup/live/wandb/offline-run-20260630_234636-x13b081n/logs/debug-core.log": No such file or directory (2)
rsync: [generator] failed to set times on "/tmp/galaxy_srv_disk00/pengchx3/rebuttal_nt/box_r13_backup/live/wandb/offline-run-20260630_235013-efpuf9sb/logs/debug-core.log": No such file or directory (2)
rsync: [generator] failed to set times on "/tmp/galaxy_srv_disk00/pengchx3/rebuttal_nt/box_r13_backup/live/wandb/offline-run-20260630_235039-jls84eao/logs/debug-core.log": No such file or directory (2)
rsync: [generator] failed to set times on "/tmp/galaxy_srv_disk00/pengchx3/rebuttal_nt/box_r13_backup/live/wandb/offline-run-20260630_235104-ng8nx1x4/logs/debug-core.log": No such file or directory (2)
rsync: [generator] failed to set times on "/tmp/galaxy_srv_disk00/pengchx3/rebuttal_nt/box_r13_backup/live/wandb/offline-run-20260701_033444-5ajizoss/logs/debug-core.log": No such file or directory (2)
rsync: [generator] failed to set times on "/tmp/galaxy_srv_disk00/pengchx3/rebuttal_nt/box_r13_backup/live/wandb/offline-run-20260701_043646-5eu7lyg8/logs/debug-core.log": No such file or directory (2)
rsync: [generator] failed to set times on "/tmp/galaxy_srv_disk00/pengchx3/rebuttal_nt/box_r13_backup/live/wandb/offline-run-20260701_054550-vrqqodlv/logs/debug-core.log": No such file or directory (2)
rsync: [generator] failed to set times on "/tmp/galaxy_srv_disk00/pengchx3/rebuttal_nt/box_r13_backup/live/wandb/offline-run-20260701_074325-s3laey7g/logs/debug-core.log": No such file or directory (2)
rsync: [generator] failed to set times on "/tmp/galaxy_srv_disk00/pengchx3/rebuttal_nt/box_r13_backup/live/wandb/offline-run-20260701_093804-ieiy1udx/logs/debug-core.log": No such file or directory (2)
rsync: [generator] failed to set times on "/tmp/galaxy_srv_disk00/pengchx3/rebuttal_nt/box_r13_backup/live/wandb/offline-run-20260701_182201-to9kjqlt/logs/debug-core.log": No such file or directory (2)
rsync: [generator] failed to set times on "/tmp/galaxy_srv_disk00/pengchx3/rebuttal_nt/box_r13_backup/live/wandb/offline-run-20260701_193119-ufbc0knu/logs/debug-core.log": No such file or directory (2)
rsync error: some files/attrs were not transferred (see previous errors) (code 23) at main.c(1865) [generator=3.2.7]
Welcome to vast.ai. If authentication fails, try again after a few seconds, and double check your ssh key.
Have fun!
AI agents: READ /etc/vast-agents-guide.md (also linked as ./AGENTS.md) before acting on or describing this instance: it is the operating guide. ('vast-capabilities' shows live state only, not the guide.)
[Wed Jul  1 01:56:17 PM PDT 2026] pass done rc=0; csv=2 best_model_ckpts=11
Welcome to vast.ai. If authentication fails, try again after a few seconds, and double check your ssh key.
Have fun!
AI agents: READ /etc/vast-agents-guide.md (also linked as ./AGENTS.md) before acting on or describing this instance: it is the operating guide. ('vast-capabilities' shows live state only, not the guide.)
Welcome to vast.ai. If authentication fails, try again after a few seconds, and double check your ssh key.
Have fun!
AI agents: READ /etc/vast-agents-guide.md (also linked as ./AGENTS.md) before acting on or describing this instance: it is the operating guide. ('vast-capabilities' shows live state only, not the guide.)
Welcome to vast.ai. If authentication fails, try again after a few seconds, and double check your ssh key.
Have fun!
AI agents: READ /etc/vast-agents-guide.md (also linked as ./AGENTS.md) before acting on or describing this instance: it is the operating guide. ('vast-capabilities' shows live state only, not the guide.)
rsync: [generator] failed to set times on "/tmp/galaxy_srv_disk00/pengchx3/rebuttal_nt/box_r13_backup/live/wandb/offline-run-20260630_234636-x13b081n/logs/debug-core.log": No such file or directory (2)
rsync: [generator] failed to set times on "/tmp/galaxy_srv_disk00/pengchx3/rebuttal_nt/box_r13_backup/live/wandb/offline-run-20260630_235013-efpuf9sb/logs/debug-core.log": No such file or directory (2)
rsync: [generator] failed to set times on "/tmp/galaxy_srv_disk00/pengchx3/rebuttal_nt/box_r13_backup/live/wandb/offline-run-20260630_235039-jls84eao/logs/debug-core.log": No such file or directory (2)
rsync: [generator] failed to set times on "/tmp/galaxy_srv_disk00/pengchx3/rebuttal_nt/box_r13_backup/live/wandb/offline-run-20260630_235104-ng8nx1x4/logs/debug-core.log": No such file or directory (2)
rsync: [generator] failed to set times on "/tmp/galaxy_srv_disk00/pengchx3/rebuttal_nt/box_r13_backup/live/wandb/offline-run-20260701_033444-5ajizoss/logs/debug-core.log": No such file or directory (2)
rsync: [generator] failed to set times on "/tmp/galaxy_srv_disk00/pengchx3/rebuttal_nt/box_r13_backup/live/wandb/offline-run-20260701_043646-5eu7lyg8/logs/debug-core.log": No such file or directory (2)
rsync: [generator] failed to set times on "/tmp/galaxy_srv_disk00/pengchx3/rebuttal_nt/box_r13_backup/live/wandb/offline-run-20260701_054550-vrqqodlv/logs/debug-core.log": No such file or directory (2)
rsync: [generator] failed to set times on "/tmp/galaxy_srv_disk00/pengchx3/rebuttal_nt/box_r13_backup/live/wandb/offline-run-20260701_074325-s3laey7g/logs/debug-core.log": No such file or directory (2)
rsync: [generator] failed to set times on "/tmp/galaxy_srv_disk00/pengchx3/rebuttal_nt/box_r13_backup/live/wandb/offline-run-20260701_093804-ieiy1udx/logs/debug-core.log": No such file or directory (2)
rsync: [generator] failed to set times on "/tmp/galaxy_srv_disk00/pengchx3/rebuttal_nt/box_r13_backup/live/wandb/offline-run-20260701_182201-to9kjqlt/logs/debug-core.log": No such file or directory (2)
rsync: [generator] failed to set times on "/tmp/galaxy_srv_disk00/pengchx3/rebuttal_nt/box_r13_backup/live/wandb/offline-run-20260701_193119-ufbc0knu/logs/debug-core.log": No such file or directory (2)
rsync error: some files/attrs were not transferred (see previous errors) (code 23) at main.c(1865) [generator=3.2.7]
Welcome to vast.ai. If authentication fails, try again after a few seconds, and double check your ssh key.
Have fun!
AI agents: READ /etc/vast-agents-guide.md (also linked as ./AGENTS.md) before acting on or describing this instance: it is the operating guide. ('vast-capabilities' shows live state only, not the guide.)
[Wed Jul  1 02:06:39 PM PDT 2026] pass done rc=0; csv=2 best_model_ckpts=11
Welcome to vast.ai. If authentication fails, try again after a few seconds, and double check your ssh key.
Have fun!
AI agents: READ /etc/vast-agents-guide.md (also linked as ./AGENTS.md) before acting on or describing this instance: it is the operating guide. ('vast-capabilities' shows live state only, not the guide.)
Welcome to vast.ai. If authentication fails, try again after a few seconds, and double check your ssh key.
Have fun!
AI agents: READ /etc/vast-agents-guide.md (also linked as ./AGENTS.md) before acting on or describing this instance: it is the operating guide. ('vast-capabilities' shows live state only, not the guide.)
Welcome to vast.ai. If authentication fails, try again after a few seconds, and double check your ssh key.
Have fun!
AI agents: READ /etc/vast-agents-guide.md (also linked as ./AGENTS.md) before acting on or describing this instance: it is the operating guide. ('vast-capabilities' shows live state only, not the guide.)
rsync: [generator] failed to set times on "/tmp/galaxy_srv_disk00/pengchx3/rebuttal_nt/box_r13_backup/live/wandb/offline-run-20260630_234636-x13b081n/logs/debug-core.log": No such file or directory (2)
rsync: [generator] failed to set times on "/tmp/galaxy_srv_disk00/pengchx3/rebuttal_nt/box_r13_backup/live/wandb/offline-run-20260630_235013-efpuf9sb/logs/debug-core.log": No such file or directory (2)
rsync: [generator] failed to set times on "/tmp/galaxy_srv_disk00/pengchx3/rebuttal_nt/box_r13_backup/live/wandb/offline-run-20260630_235039-jls84eao/logs/debug-core.log": No such file or directory (2)
rsync: [generator] failed to set times on "/tmp/galaxy_srv_disk00/pengchx3/rebuttal_nt/box_r13_backup/live/wandb/offline-run-20260630_235104-ng8nx1x4/logs/debug-core.log": No such file or directory (2)
rsync: [generator] failed to set times on "/tmp/galaxy_srv_disk00/pengchx3/rebuttal_nt/box_r13_backup/live/wandb/offline-run-20260701_033444-5ajizoss/logs/debug-core.log": No such file or directory (2)
rsync: [generator] failed to set times on "/tmp/galaxy_srv_disk00/pengchx3/rebuttal_nt/box_r13_backup/live/wandb/offline-run-20260701_043646-5eu7lyg8/logs/debug-core.log": No such file or directory (2)
rsync: [generator] failed to set times on "/tmp/galaxy_srv_disk00/pengchx3/rebuttal_nt/box_r13_backup/live/wandb/offline-run-20260701_054550-vrqqodlv/logs/debug-core.log": No such file or directory (2)
rsync: [generator] failed to set times on "/tmp/galaxy_srv_disk00/pengchx3/rebuttal_nt/box_r13_backup/live/wandb/offline-run-20260701_074325-s3laey7g/logs/debug-core.log": No such file or directory (2)
rsync: [generator] failed to set times on "/tmp/galaxy_srv_disk00/pengchx3/rebuttal_nt/box_r13_backup/live/wandb/offline-run-20260701_093804-ieiy1udx/logs/debug-core.log": No such file or directory (2)
rsync: [generator] failed to set times on "/tmp/galaxy_srv_disk00/pengchx3/rebuttal_nt/box_r13_backup/live/wandb/offline-run-20260701_182201-to9kjqlt/logs/debug-core.log": No such file or directory (2)
rsync: [generator] failed to set times on "/tmp/galaxy_srv_disk00/pengchx3/rebuttal_nt/box_r13_backup/live/wandb/offline-run-20260701_193119-ufbc0knu/logs/debug-core.log": No such file or directory (2)
rsync error: some files/attrs were not transferred (see previous errors) (code 23) at main.c(1865) [generator=3.2.7]
Welcome to vast.ai. If authentication fails, try again after a few seconds, and double check your ssh key.
Have fun!
AI agents: READ /etc/vast-agents-guide.md (also linked as ./AGENTS.md) before acting on or describing this instance: it is the operating guide. ('vast-capabilities' shows live state only, not the guide.)
[Wed Jul  1 02:17:00 PM PDT 2026] pass done rc=0; csv=2 best_model_ckpts=11
Welcome to vast.ai. If authentication fails, try again after a few seconds, and double check your ssh key.
Have fun!
AI agents: READ /etc/vast-agents-guide.md (also linked as ./AGENTS.md) before acting on or describing this instance: it is the operating guide. ('vast-capabilities' shows live state only, not the guide.)
Welcome to vast.ai. If authentication fails, try again after a few seconds, and double check your ssh key.
Have fun!
AI agents: READ /etc/vast-agents-guide.md (also linked as ./AGENTS.md) before acting on or describing this instance: it is the operating guide. ('vast-capabilities' shows live state only, not the guide.)
Welcome to vast.ai. If authentication fails, try again after a few seconds, and double check your ssh key.
Have fun!
AI agents: READ /etc/vast-agents-guide.md (also linked as ./AGENTS.md) before acting on or describing this instance: it is the operating guide. ('vast-capabilities' shows live state only, not the guide.)
rsync: [generator] failed to set times on "/tmp/galaxy_srv_disk00/pengchx3/rebuttal_nt/box_r13_backup/live/wandb/offline-run-20260630_234636-x13b081n/logs/debug-core.log": No such file or directory (2)
rsync: [generator] failed to set times on "/tmp/galaxy_srv_disk00/pengchx3/rebuttal_nt/box_r13_backup/live/wandb/offline-run-20260630_235013-efpuf9sb/logs/debug-core.log": No such file or directory (2)
rsync: [generator] failed to set times on "/tmp/galaxy_srv_disk00/pengchx3/rebuttal_nt/box_r13_backup/live/wandb/offline-run-20260630_235039-jls84eao/logs/debug-core.log": No such file or directory (2)
rsync: [generator] failed to set times on "/tmp/galaxy_srv_disk00/pengchx3/rebuttal_nt/box_r13_backup/live/wandb/offline-run-20260630_235104-ng8nx1x4/logs/debug-core.log": No such file or directory (2)
rsync: [generator] failed to set times on "/tmp/galaxy_srv_disk00/pengchx3/rebuttal_nt/box_r13_backup/live/wandb/offline-run-20260701_033444-5ajizoss/logs/debug-core.log": No such file or directory (2)
rsync: [generator] failed to set times on "/tmp/galaxy_srv_disk00/pengchx3/rebuttal_nt/box_r13_backup/live/wandb/offline-run-20260701_043646-5eu7lyg8/logs/debug-core.log": No such file or directory (2)
rsync: [generator] failed to set times on "/tmp/galaxy_srv_disk00/pengchx3/rebuttal_nt/box_r13_backup/live/wandb/offline-run-20260701_054550-vrqqodlv/logs/debug-core.log": No such file or directory (2)
rsync: [generator] failed to set times on "/tmp/galaxy_srv_disk00/pengchx3/rebuttal_nt/box_r13_backup/live/wandb/offline-run-20260701_074325-s3laey7g/logs/debug-core.log": No such file or directory (2)
rsync: [generator] failed to set times on "/tmp/galaxy_srv_disk00/pengchx3/rebuttal_nt/box_r13_backup/live/wandb/offline-run-20260701_093804-ieiy1udx/logs/debug-core.log": No such file or directory (2)
rsync: [generator] failed to set times on "/tmp/galaxy_srv_disk00/pengchx3/rebuttal_nt/box_r13_backup/live/wandb/offline-run-20260701_182201-to9kjqlt/logs/debug-core.log": No such file or directory (2)
rsync: [generator] failed to set times on "/tmp/galaxy_srv_disk00/pengchx3/rebuttal_nt/box_r13_backup/live/wandb/offline-run-20260701_193119-ufbc0knu/logs/debug-core.log": No such file or directory (2)
rsync error: some files/attrs were not transferred (see previous errors) (code 23) at main.c(1865) [generator=3.2.7]
Welcome to vast.ai. If authentication fails, try again after a few seconds, and double check your ssh key.
Have fun!
AI agents: READ /etc/vast-agents-guide.md (also linked as ./AGENTS.md) before acting on or describing this instance: it is the operating guide. ('vast-capabilities' shows live state only, not the guide.)
[Wed Jul  1 02:27:22 PM PDT 2026] pass done rc=0; csv=2 best_model_ckpts=11
Welcome to vast.ai. If authentication fails, try again after a few seconds, and double check your ssh key.
Have fun!
AI agents: READ /etc/vast-agents-guide.md (also linked as ./AGENTS.md) before acting on or describing this instance: it is the operating guide. ('vast-capabilities' shows live state only, not the guide.)
Welcome to vast.ai. If authentication fails, try again after a few seconds, and double check your ssh key.
Have fun!
AI agents: READ /etc/vast-agents-guide.md (also linked as ./AGENTS.md) before acting on or describing this instance: it is the operating guide. ('vast-capabilities' shows live state only, not the guide.)
Welcome to vast.ai. If authentication fails, try again after a few seconds, and double check your ssh key.
Have fun!
AI agents: READ /etc/vast-agents-guide.md (also linked as ./AGENTS.md) before acting on or describing this instance: it is the operating guide. ('vast-capabilities' shows live state only, not the guide.)
rsync: [generator] failed to set times on "/tmp/galaxy_srv_disk00/pengchx3/rebuttal_nt/box_r13_backup/live/wandb/offline-run-20260630_234636-x13b081n/logs/debug-core.log": No such file or directory (2)
rsync: [generator] failed to set times on "/tmp/galaxy_srv_disk00/pengchx3/rebuttal_nt/box_r13_backup/live/wandb/offline-run-20260630_235013-efpuf9sb/logs/debug-core.log": No such file or directory (2)
rsync: [generator] failed to set times on "/tmp/galaxy_srv_disk00/pengchx3/rebuttal_nt/box_r13_backup/live/wandb/offline-run-20260630_235039-jls84eao/logs/debug-core.log": No such file or directory (2)
rsync: [generator] failed to set times on "/tmp/galaxy_srv_disk00/pengchx3/rebuttal_nt/box_r13_backup/live/wandb/offline-run-20260630_235104-ng8nx1x4/logs/debug-core.log": No such file or directory (2)
rsync: [generator] failed to set times on "/tmp/galaxy_srv_disk00/pengchx3/rebuttal_nt/box_r13_backup/live/wandb/offline-run-20260701_033444-5ajizoss/logs/debug-core.log": No such file or directory (2)
rsync: [generator] failed to set times on "/tmp/galaxy_srv_disk00/pengchx3/rebuttal_nt/box_r13_backup/live/wandb/offline-run-20260701_043646-5eu7lyg8/logs/debug-core.log": No such file or directory (2)
rsync: [generator] failed to set times on "/tmp/galaxy_srv_disk00/pengchx3/rebuttal_nt/box_r13_backup/live/wandb/offline-run-20260701_054550-vrqqodlv/logs/debug-core.log": No such file or directory (2)
rsync: [generator] failed to set times on "/tmp/galaxy_srv_disk00/pengchx3/rebuttal_nt/box_r13_backup/live/wandb/offline-run-20260701_074325-s3laey7g/logs/debug-core.log": No such file or directory (2)
rsync: [generator] failed to set times on "/tmp/galaxy_srv_disk00/pengchx3/rebuttal_nt/box_r13_backup/live/wandb/offline-run-20260701_093804-ieiy1udx/logs/debug-core.log": No such file or directory (2)
rsync: [generator] failed to set times on "/tmp/galaxy_srv_disk00/pengchx3/rebuttal_nt/box_r13_backup/live/wandb/offline-run-20260701_182201-to9kjqlt/logs/debug-core.log": No such file or directory (2)
rsync: [generator] failed to set times on "/tmp/galaxy_srv_disk00/pengchx3/rebuttal_nt/box_r13_backup/live/wandb/offline-run-20260701_193119-ufbc0knu/logs/debug-core.log": No such file or directory (2)
rsync error: some files/attrs were not transferred (see previous errors) (code 23) at main.c(1865) [generator=3.2.7]
Welcome to vast.ai. If authentication fails, try again after a few seconds, and double check your ssh key.
Have fun!
AI agents: READ /etc/vast-agents-guide.md (also linked as ./AGENTS.md) before acting on or describing this instance: it is the operating guide. ('vast-capabilities' shows live state only, not the guide.)
[Wed Jul  1 02:37:45 PM PDT 2026] pass done rc=0; csv=2 best_model_ckpts=11
Welcome to vast.ai. If authentication fails, try again after a few seconds, and double check your ssh key.
Have fun!
AI agents: READ /etc/vast-agents-guide.md (also linked as ./AGENTS.md) before acting on or describing this instance: it is the operating guide. ('vast-capabilities' shows live state only, not the guide.)
Welcome to vast.ai. If authentication fails, try again after a few seconds, and double check your ssh key.
Have fun!
AI agents: READ /etc/vast-agents-guide.md (also linked as ./AGENTS.md) before acting on or describing this instance: it is the operating guide. ('vast-capabilities' shows live state only, not the guide.)
Welcome to vast.ai. If authentication fails, try again after a few seconds, and double check your ssh key.
Have fun!
AI agents: READ /etc/vast-agents-guide.md (also linked as ./AGENTS.md) before acting on or describing this instance: it is the operating guide. ('vast-capabilities' shows live state only, not the guide.)
rsync: [generator] failed to set times on "/tmp/galaxy_srv_disk00/pengchx3/rebuttal_nt/box_r13_backup/live/wandb/offline-run-20260630_234636-x13b081n/logs/debug-core.log": No such file or directory (2)
rsync: [generator] failed to set times on "/tmp/galaxy_srv_disk00/pengchx3/rebuttal_nt/box_r13_backup/live/wandb/offline-run-20260630_235013-efpuf9sb/logs/debug-core.log": No such file or directory (2)
rsync: [generator] failed to set times on "/tmp/galaxy_srv_disk00/pengchx3/rebuttal_nt/box_r13_backup/live/wandb/offline-run-20260630_235039-jls84eao/logs/debug-core.log": No such file or directory (2)
rsync: [generator] failed to set times on "/tmp/galaxy_srv_disk00/pengchx3/rebuttal_nt/box_r13_backup/live/wandb/offline-run-20260630_235104-ng8nx1x4/logs/debug-core.log": No such file or directory (2)
rsync: [generator] failed to set times on "/tmp/galaxy_srv_disk00/pengchx3/rebuttal_nt/box_r13_backup/live/wandb/offline-run-20260701_033444-5ajizoss/logs/debug-core.log": No such file or directory (2)
rsync: [generator] failed to set times on "/tmp/galaxy_srv_disk00/pengchx3/rebuttal_nt/box_r13_backup/live/wandb/offline-run-20260701_043646-5eu7lyg8/logs/debug-core.log": No such file or directory (2)
rsync: [generator] failed to set times on "/tmp/galaxy_srv_disk00/pengchx3/rebuttal_nt/box_r13_backup/live/wandb/offline-run-20260701_054550-vrqqodlv/logs/debug-core.log": No such file or directory (2)
rsync: [generator] failed to set times on "/tmp/galaxy_srv_disk00/pengchx3/rebuttal_nt/box_r13_backup/live/wandb/offline-run-20260701_074325-s3laey7g/logs/debug-core.log": No such file or directory (2)
rsync: [generator] failed to set times on "/tmp/galaxy_srv_disk00/pengchx3/rebuttal_nt/box_r13_backup/live/wandb/offline-run-20260701_093804-ieiy1udx/logs/debug-core.log": No such file or directory (2)
rsync: [generator] failed to set times on "/tmp/galaxy_srv_disk00/pengchx3/rebuttal_nt/box_r13_backup/live/wandb/offline-run-20260701_182201-to9kjqlt/logs/debug-core.log": No such file or directory (2)
rsync: [generator] failed to set times on "/tmp/galaxy_srv_disk00/pengchx3/rebuttal_nt/box_r13_backup/live/wandb/offline-run-20260701_193119-ufbc0knu/logs/debug-core.log": No such file or directory (2)
rsync error: some files/attrs were not transferred (see previous errors) (code 23) at main.c(1865) [generator=3.2.7]
Welcome to vast.ai. If authentication fails, try again after a few seconds, and double check your ssh key.
Have fun!
AI agents: READ /etc/vast-agents-guide.md (also linked as ./AGENTS.md) before acting on or describing this instance: it is the operating guide. ('vast-capabilities' shows live state only, not the guide.)
[Wed Jul  1 02:48:06 PM PDT 2026] pass done rc=0; csv=2 best_model_ckpts=11
Welcome to vast.ai. If authentication fails, try again after a few seconds, and double check your ssh key.
Have fun!
AI agents: READ /etc/vast-agents-guide.md (also linked as ./AGENTS.md) before acting on or describing this instance: it is the operating guide. ('vast-capabilities' shows live state only, not the guide.)
Welcome to vast.ai. If authentication fails, try again after a few seconds, and double check your ssh key.
Have fun!
AI agents: READ /etc/vast-agents-guide.md (also linked as ./AGENTS.md) before acting on or describing this instance: it is the operating guide. ('vast-capabilities' shows live state only, not the guide.)
Welcome to vast.ai. If authentication fails, try again after a few seconds, and double check your ssh key.
Have fun!
AI agents: READ /etc/vast-agents-guide.md (also linked as ./AGENTS.md) before acting on or describing this instance: it is the operating guide. ('vast-capabilities' shows live state only, not the guide.)
rsync: [generator] failed to set times on "/tmp/galaxy_srv_disk00/pengchx3/rebuttal_nt/box_r13_backup/live/wandb/offline-run-20260630_234636-x13b081n/logs/debug-core.log": No such file or directory (2)
rsync: [generator] failed to set times on "/tmp/galaxy_srv_disk00/pengchx3/rebuttal_nt/box_r13_backup/live/wandb/offline-run-20260630_235013-efpuf9sb/logs/debug-core.log": No such file or directory (2)
rsync: [generator] failed to set times on "/tmp/galaxy_srv_disk00/pengchx3/rebuttal_nt/box_r13_backup/live/wandb/offline-run-20260630_235039-jls84eao/logs/debug-core.log": No such file or directory (2)
rsync: [generator] failed to set times on "/tmp/galaxy_srv_disk00/pengchx3/rebuttal_nt/box_r13_backup/live/wandb/offline-run-20260630_235104-ng8nx1x4/logs/debug-core.log": No such file or directory (2)
rsync: [generator] failed to set times on "/tmp/galaxy_srv_disk00/pengchx3/rebuttal_nt/box_r13_backup/live/wandb/offline-run-20260701_033444-5ajizoss/logs/debug-core.log": No such file or directory (2)
rsync: [generator] failed to set times on "/tmp/galaxy_srv_disk00/pengchx3/rebuttal_nt/box_r13_backup/live/wandb/offline-run-20260701_043646-5eu7lyg8/logs/debug-core.log": No such file or directory (2)
rsync: [generator] failed to set times on "/tmp/galaxy_srv_disk00/pengchx3/rebuttal_nt/box_r13_backup/live/wandb/offline-run-20260701_054550-vrqqodlv/logs/debug-core.log": No such file or directory (2)
rsync: [generator] failed to set times on "/tmp/galaxy_srv_disk00/pengchx3/rebuttal_nt/box_r13_backup/live/wandb/offline-run-20260701_074325-s3laey7g/logs/debug-core.log": No such file or directory (2)
rsync: [generator] failed to set times on "/tmp/galaxy_srv_disk00/pengchx3/rebuttal_nt/box_r13_backup/live/wandb/offline-run-20260701_093804-ieiy1udx/logs/debug-core.log": No such file or directory (2)
rsync: [generator] failed to set times on "/tmp/galaxy_srv_disk00/pengchx3/rebuttal_nt/box_r13_backup/live/wandb/offline-run-20260701_182201-to9kjqlt/logs/debug-core.log": No such file or directory (2)
rsync: [generator] failed to set times on "/tmp/galaxy_srv_disk00/pengchx3/rebuttal_nt/box_r13_backup/live/wandb/offline-run-20260701_193119-ufbc0knu/logs/debug-core.log": No such file or directory (2)
rsync error: some files/attrs were not transferred (see previous errors) (code 23) at main.c(1865) [generator=3.2.7]
Welcome to vast.ai. If authentication fails, try again after a few seconds, and double check your ssh key.
Have fun!
AI agents: READ /etc/vast-agents-guide.md (also linked as ./AGENTS.md) before acting on or describing this instance: it is the operating guide. ('vast-capabilities' shows live state only, not the guide.)
[Wed Jul  1 02:58:28 PM PDT 2026] pass done rc=0; csv=2 best_model_ckpts=11
Welcome to vast.ai. If authentication fails, try again after a few seconds, and double check your ssh key.
Have fun!
AI agents: READ /etc/vast-agents-guide.md (also linked as ./AGENTS.md) before acting on or describing this instance: it is the operating guide. ('vast-capabilities' shows live state only, not the guide.)
Welcome to vast.ai. If authentication fails, try again after a few seconds, and double check your ssh key.
Have fun!
AI agents: READ /etc/vast-agents-guide.md (also linked as ./AGENTS.md) before acting on or describing this instance: it is the operating guide. ('vast-capabilities' shows live state only, not the guide.)
Welcome to vast.ai. If authentication fails, try again after a few seconds, and double check your ssh key.
Have fun!
AI agents: READ /etc/vast-agents-guide.md (also linked as ./AGENTS.md) before acting on or describing this instance: it is the operating guide. ('vast-capabilities' shows live state only, not the guide.)
rsync: [generator] failed to set times on "/tmp/galaxy_srv_disk00/pengchx3/rebuttal_nt/box_r13_backup/live/wandb/offline-run-20260630_234636-x13b081n/logs/debug-core.log": No such file or directory (2)
rsync: [generator] failed to set times on "/tmp/galaxy_srv_disk00/pengchx3/rebuttal_nt/box_r13_backup/live/wandb/offline-run-20260630_235013-efpuf9sb/logs/debug-core.log": No such file or directory (2)
rsync: [generator] failed to set times on "/tmp/galaxy_srv_disk00/pengchx3/rebuttal_nt/box_r13_backup/live/wandb/offline-run-20260630_235039-jls84eao/logs/debug-core.log": No such file or directory (2)
rsync: [generator] failed to set times on "/tmp/galaxy_srv_disk00/pengchx3/rebuttal_nt/box_r13_backup/live/wandb/offline-run-20260630_235104-ng8nx1x4/logs/debug-core.log": No such file or directory (2)
rsync: [generator] failed to set times on "/tmp/galaxy_srv_disk00/pengchx3/rebuttal_nt/box_r13_backup/live/wandb/offline-run-20260701_033444-5ajizoss/logs/debug-core.log": No such file or directory (2)
rsync: [generator] failed to set times on "/tmp/galaxy_srv_disk00/pengchx3/rebuttal_nt/box_r13_backup/live/wandb/offline-run-20260701_043646-5eu7lyg8/logs/debug-core.log": No such file or directory (2)
rsync: [generator] failed to set times on "/tmp/galaxy_srv_disk00/pengchx3/rebuttal_nt/box_r13_backup/live/wandb/offline-run-20260701_054550-vrqqodlv/logs/debug-core.log": No such file or directory (2)
rsync: [generator] failed to set times on "/tmp/galaxy_srv_disk00/pengchx3/rebuttal_nt/box_r13_backup/live/wandb/offline-run-20260701_074325-s3laey7g/logs/debug-core.log": No such file or directory (2)
rsync: [generator] failed to set times on "/tmp/galaxy_srv_disk00/pengchx3/rebuttal_nt/box_r13_backup/live/wandb/offline-run-20260701_093804-ieiy1udx/logs/debug-core.log": No such file or directory (2)
rsync: [generator] failed to set times on "/tmp/galaxy_srv_disk00/pengchx3/rebuttal_nt/box_r13_backup/live/wandb/offline-run-20260701_182201-to9kjqlt/logs/debug-core.log": No such file or directory (2)
rsync: [generator] failed to set times on "/tmp/galaxy_srv_disk00/pengchx3/rebuttal_nt/box_r13_backup/live/wandb/offline-run-20260701_193119-ufbc0knu/logs/debug-core.log": No such file or directory (2)
rsync error: some files/attrs were not transferred (see previous errors) (code 23) at main.c(1865) [generator=3.2.7]
Welcome to vast.ai. If authentication fails, try again after a few seconds, and double check your ssh key.
Have fun!
AI agents: READ /etc/vast-agents-guide.md (also linked as ./AGENTS.md) before acting on or describing this instance: it is the operating guide. ('vast-capabilities' shows live state only, not the guide.)
[Wed Jul  1 03:08:50 PM PDT 2026] pass done rc=0; csv=2 best_model_ckpts=11
Welcome to vast.ai. If authentication fails, try again after a few seconds, and double check your ssh key.
Have fun!
AI agents: READ /etc/vast-agents-guide.md (also linked as ./AGENTS.md) before acting on or describing this instance: it is the operating guide. ('vast-capabilities' shows live state only, not the guide.)
Welcome to vast.ai. If authentication fails, try again after a few seconds, and double check your ssh key.
Have fun!
AI agents: READ /etc/vast-agents-guide.md (also linked as ./AGENTS.md) before acting on or describing this instance: it is the operating guide. ('vast-capabilities' shows live state only, not the guide.)
Welcome to vast.ai. If authentication fails, try again after a few seconds, and double check your ssh key.
Have fun!
AI agents: READ /etc/vast-agents-guide.md (also linked as ./AGENTS.md) before acting on or describing this instance: it is the operating guide. ('vast-capabilities' shows live state only, not the guide.)
rsync: [generator] failed to set times on "/tmp/galaxy_srv_disk00/pengchx3/rebuttal_nt/box_r13_backup/live/wandb/offline-run-20260630_234636-x13b081n/logs/debug-core.log": No such file or directory (2)
rsync: [generator] failed to set times on "/tmp/galaxy_srv_disk00/pengchx3/rebuttal_nt/box_r13_backup/live/wandb/offline-run-20260630_235013-efpuf9sb/logs/debug-core.log": No such file or directory (2)
rsync: [generator] failed to set times on "/tmp/galaxy_srv_disk00/pengchx3/rebuttal_nt/box_r13_backup/live/wandb/offline-run-20260630_235039-jls84eao/logs/debug-core.log": No such file or directory (2)
rsync: [generator] failed to set times on "/tmp/galaxy_srv_disk00/pengchx3/rebuttal_nt/box_r13_backup/live/wandb/offline-run-20260630_235104-ng8nx1x4/logs/debug-core.log": No such file or directory (2)
rsync: [generator] failed to set times on "/tmp/galaxy_srv_disk00/pengchx3/rebuttal_nt/box_r13_backup/live/wandb/offline-run-20260701_033444-5ajizoss/logs/debug-core.log": No such file or directory (2)
rsync: [generator] failed to set times on "/tmp/galaxy_srv_disk00/pengchx3/rebuttal_nt/box_r13_backup/live/wandb/offline-run-20260701_043646-5eu7lyg8/logs/debug-core.log": No such file or directory (2)
rsync: [generator] failed to set times on "/tmp/galaxy_srv_disk00/pengchx3/rebuttal_nt/box_r13_backup/live/wandb/offline-run-20260701_054550-vrqqodlv/logs/debug-core.log": No such file or directory (2)
rsync: [generator] failed to set times on "/tmp/galaxy_srv_disk00/pengchx3/rebuttal_nt/box_r13_backup/live/wandb/offline-run-20260701_074325-s3laey7g/logs/debug-core.log": No such file or directory (2)
rsync: [generator] failed to set times on "/tmp/galaxy_srv_disk00/pengchx3/rebuttal_nt/box_r13_backup/live/wandb/offline-run-20260701_093804-ieiy1udx/logs/debug-core.log": No such file or directory (2)
rsync: [generator] failed to set times on "/tmp/galaxy_srv_disk00/pengchx3/rebuttal_nt/box_r13_backup/live/wandb/offline-run-20260701_182201-to9kjqlt/logs/debug-core.log": No such file or directory (2)
rsync: [generator] failed to set times on "/tmp/galaxy_srv_disk00/pengchx3/rebuttal_nt/box_r13_backup/live/wandb/offline-run-20260701_193119-ufbc0knu/logs/debug-core.log": No such file or directory (2)
rsync error: some files/attrs were not transferred (see previous errors) (code 23) at main.c(1865) [generator=3.2.7]
Welcome to vast.ai. If authentication fails, try again after a few seconds, and double check your ssh key.
Have fun!
AI agents: READ /etc/vast-agents-guide.md (also linked as ./AGENTS.md) before acting on or describing this instance: it is the operating guide. ('vast-capabilities' shows live state only, not the guide.)
[Wed Jul  1 03:19:15 PM PDT 2026] pass done rc=0; csv=2 best_model_ckpts=11
Welcome to vast.ai. If authentication fails, try again after a few seconds, and double check your ssh key.
Have fun!
AI agents: READ /etc/vast-agents-guide.md (also linked as ./AGENTS.md) before acting on or describing this instance: it is the operating guide. ('vast-capabilities' shows live state only, not the guide.)
Welcome to vast.ai. If authentication fails, try again after a few seconds, and double check your ssh key.
Have fun!
AI agents: READ /etc/vast-agents-guide.md (also linked as ./AGENTS.md) before acting on or describing this instance: it is the operating guide. ('vast-capabilities' shows live state only, not the guide.)
Welcome to vast.ai. If authentication fails, try again after a few seconds, and double check your ssh key.
Have fun!
AI agents: READ /etc/vast-agents-guide.md (also linked as ./AGENTS.md) before acting on or describing this instance: it is the operating guide. ('vast-capabilities' shows live state only, not the guide.)
rsync: [generator] failed to set times on "/tmp/galaxy_srv_disk00/pengchx3/rebuttal_nt/box_r13_backup/live/wandb/offline-run-20260630_234636-x13b081n/logs/debug-core.log": No such file or directory (2)
rsync: [generator] failed to set times on "/tmp/galaxy_srv_disk00/pengchx3/rebuttal_nt/box_r13_backup/live/wandb/offline-run-20260630_235013-efpuf9sb/logs/debug-core.log": No such file or directory (2)
rsync: [generator] failed to set times on "/tmp/galaxy_srv_disk00/pengchx3/rebuttal_nt/box_r13_backup/live/wandb/offline-run-20260630_235039-jls84eao/logs/debug-core.log": No such file or directory (2)
rsync: [generator] failed to set times on "/tmp/galaxy_srv_disk00/pengchx3/rebuttal_nt/box_r13_backup/live/wandb/offline-run-20260630_235104-ng8nx1x4/logs/debug-core.log": No such file or directory (2)
rsync: [generator] failed to set times on "/tmp/galaxy_srv_disk00/pengchx3/rebuttal_nt/box_r13_backup/live/wandb/offline-run-20260701_033444-5ajizoss/logs/debug-core.log": No such file or directory (2)
rsync: [generator] failed to set times on "/tmp/galaxy_srv_disk00/pengchx3/rebuttal_nt/box_r13_backup/live/wandb/offline-run-20260701_043646-5eu7lyg8/logs/debug-core.log": No such file or directory (2)
rsync: [generator] failed to set times on "/tmp/galaxy_srv_disk00/pengchx3/rebuttal_nt/box_r13_backup/live/wandb/offline-run-20260701_054550-vrqqodlv/logs/debug-core.log": No such file or directory (2)
rsync: [generator] failed to set times on "/tmp/galaxy_srv_disk00/pengchx3/rebuttal_nt/box_r13_backup/live/wandb/offline-run-20260701_074325-s3laey7g/logs/debug-core.log": No such file or directory (2)
rsync: [generator] failed to set times on "/tmp/galaxy_srv_disk00/pengchx3/rebuttal_nt/box_r13_backup/live/wandb/offline-run-20260701_093804-ieiy1udx/logs/debug-core.log": No such file or directory (2)
rsync: [generator] failed to set times on "/tmp/galaxy_srv_disk00/pengchx3/rebuttal_nt/box_r13_backup/live/wandb/offline-run-20260701_182201-to9kjqlt/logs/debug-core.log": No such file or directory (2)
rsync: [generator] failed to set times on "/tmp/galaxy_srv_disk00/pengchx3/rebuttal_nt/box_r13_backup/live/wandb/offline-run-20260701_193119-ufbc0knu/logs/debug-core.log": No such file or directory (2)
rsync error: some files/attrs were not transferred (see previous errors) (code 23) at main.c(1865) [generator=3.2.7]
Welcome to vast.ai. If authentication fails, try again after a few seconds, and double check your ssh key.
Have fun!
AI agents: READ /etc/vast-agents-guide.md (also linked as ./AGENTS.md) before acting on or describing this instance: it is the operating guide. ('vast-capabilities' shows live state only, not the guide.)
[Wed Jul  1 03:29:37 PM PDT 2026] pass done rc=0; csv=2 best_model_ckpts=11
Welcome to vast.ai. If authentication fails, try again after a few seconds, and double check your ssh key.
Have fun!
AI agents: READ /etc/vast-agents-guide.md (also linked as ./AGENTS.md) before acting on or describing this instance: it is the operating guide. ('vast-capabilities' shows live state only, not the guide.)
Welcome to vast.ai. If authentication fails, try again after a few seconds, and double check your ssh key.
Have fun!
AI agents: READ /etc/vast-agents-guide.md (also linked as ./AGENTS.md) before acting on or describing this instance: it is the operating guide. ('vast-capabilities' shows live state only, not the guide.)
Welcome to vast.ai. If authentication fails, try again after a few seconds, and double check your ssh key.
Have fun!
AI agents: READ /etc/vast-agents-guide.md (also linked as ./AGENTS.md) before acting on or describing this instance: it is the operating guide. ('vast-capabilities' shows live state only, not the guide.)
rsync: [generator] failed to set times on "/tmp/galaxy_srv_disk00/pengchx3/rebuttal_nt/box_r13_backup/live/wandb/offline-run-20260630_234636-x13b081n/logs/debug-core.log": No such file or directory (2)
rsync: [generator] failed to set times on "/tmp/galaxy_srv_disk00/pengchx3/rebuttal_nt/box_r13_backup/live/wandb/offline-run-20260630_235013-efpuf9sb/logs/debug-core.log": No such file or directory (2)
rsync: [generator] failed to set times on "/tmp/galaxy_srv_disk00/pengchx3/rebuttal_nt/box_r13_backup/live/wandb/offline-run-20260630_235039-jls84eao/logs/debug-core.log": No such file or directory (2)
rsync: [generator] failed to set times on "/tmp/galaxy_srv_disk00/pengchx3/rebuttal_nt/box_r13_backup/live/wandb/offline-run-20260630_235104-ng8nx1x4/logs/debug-core.log": No such file or directory (2)
rsync: [generator] failed to set times on "/tmp/galaxy_srv_disk00/pengchx3/rebuttal_nt/box_r13_backup/live/wandb/offline-run-20260701_033444-5ajizoss/logs/debug-core.log": No such file or directory (2)
rsync: [generator] failed to set times on "/tmp/galaxy_srv_disk00/pengchx3/rebuttal_nt/box_r13_backup/live/wandb/offline-run-20260701_043646-5eu7lyg8/logs/debug-core.log": No such file or directory (2)
rsync: [generator] failed to set times on "/tmp/galaxy_srv_disk00/pengchx3/rebuttal_nt/box_r13_backup/live/wandb/offline-run-20260701_054550-vrqqodlv/logs/debug-core.log": No such file or directory (2)
rsync: [generator] failed to set times on "/tmp/galaxy_srv_disk00/pengchx3/rebuttal_nt/box_r13_backup/live/wandb/offline-run-20260701_074325-s3laey7g/logs/debug-core.log": No such file or directory (2)
rsync: [generator] failed to set times on "/tmp/galaxy_srv_disk00/pengchx3/rebuttal_nt/box_r13_backup/live/wandb/offline-run-20260701_093804-ieiy1udx/logs/debug-core.log": No such file or directory (2)
rsync: [generator] failed to set times on "/tmp/galaxy_srv_disk00/pengchx3/rebuttal_nt/box_r13_backup/live/wandb/offline-run-20260701_182201-to9kjqlt/logs/debug-core.log": No such file or directory (2)
rsync: [generator] failed to set times on "/tmp/galaxy_srv_disk00/pengchx3/rebuttal_nt/box_r13_backup/live/wandb/offline-run-20260701_193119-ufbc0knu/logs/debug-core.log": No such file or directory (2)
rsync error: some files/attrs were not transferred (see previous errors) (code 23) at main.c(1865) [generator=3.2.7]
Welcome to vast.ai. If authentication fails, try again after a few seconds, and double check your ssh key.
Have fun!
AI agents: READ /etc/vast-agents-guide.md (also linked as ./AGENTS.md) before acting on or describing this instance: it is the operating guide. ('vast-capabilities' shows live state only, not the guide.)
[Wed Jul  1 03:40:05 PM PDT 2026] pass done rc=0; csv=2 best_model_ckpts=11
Welcome to vast.ai. If authentication fails, try again after a few seconds, and double check your ssh key.
Have fun!
AI agents: READ /etc/vast-agents-guide.md (also linked as ./AGENTS.md) before acting on or describing this instance: it is the operating guide. ('vast-capabilities' shows live state only, not the guide.)
Welcome to vast.ai. If authentication fails, try again after a few seconds, and double check your ssh key.
Have fun!
AI agents: READ /etc/vast-agents-guide.md (also linked as ./AGENTS.md) before acting on or describing this instance: it is the operating guide. ('vast-capabilities' shows live state only, not the guide.)
Welcome to vast.ai. If authentication fails, try again after a few seconds, and double check your ssh key.
Have fun!
AI agents: READ /etc/vast-agents-guide.md (also linked as ./AGENTS.md) before acting on or describing this instance: it is the operating guide. ('vast-capabilities' shows live state only, not the guide.)
rsync: [generator] failed to set times on "/tmp/galaxy_srv_disk00/pengchx3/rebuttal_nt/box_r13_backup/live/wandb/offline-run-20260630_234636-x13b081n/logs/debug-core.log": No such file or directory (2)
rsync: [generator] failed to set times on "/tmp/galaxy_srv_disk00/pengchx3/rebuttal_nt/box_r13_backup/live/wandb/offline-run-20260630_235013-efpuf9sb/logs/debug-core.log": No such file or directory (2)
rsync: [generator] failed to set times on "/tmp/galaxy_srv_disk00/pengchx3/rebuttal_nt/box_r13_backup/live/wandb/offline-run-20260630_235039-jls84eao/logs/debug-core.log": No such file or directory (2)
rsync: [generator] failed to set times on "/tmp/galaxy_srv_disk00/pengchx3/rebuttal_nt/box_r13_backup/live/wandb/offline-run-20260630_235104-ng8nx1x4/logs/debug-core.log": No such file or directory (2)
rsync: [generator] failed to set times on "/tmp/galaxy_srv_disk00/pengchx3/rebuttal_nt/box_r13_backup/live/wandb/offline-run-20260701_033444-5ajizoss/logs/debug-core.log": No such file or directory (2)
rsync: [generator] failed to set times on "/tmp/galaxy_srv_disk00/pengchx3/rebuttal_nt/box_r13_backup/live/wandb/offline-run-20260701_043646-5eu7lyg8/logs/debug-core.log": No such file or directory (2)
rsync: [generator] failed to set times on "/tmp/galaxy_srv_disk00/pengchx3/rebuttal_nt/box_r13_backup/live/wandb/offline-run-20260701_054550-vrqqodlv/logs/debug-core.log": No such file or directory (2)
rsync: [generator] failed to set times on "/tmp/galaxy_srv_disk00/pengchx3/rebuttal_nt/box_r13_backup/live/wandb/offline-run-20260701_074325-s3laey7g/logs/debug-core.log": No such file or directory (2)
rsync: [generator] failed to set times on "/tmp/galaxy_srv_disk00/pengchx3/rebuttal_nt/box_r13_backup/live/wandb/offline-run-20260701_093804-ieiy1udx/logs/debug-core.log": No such file or directory (2)
rsync: [generator] failed to set times on "/tmp/galaxy_srv_disk00/pengchx3/rebuttal_nt/box_r13_backup/live/wandb/offline-run-20260701_182201-to9kjqlt/logs/debug-core.log": No such file or directory (2)
rsync: [generator] failed to set times on "/tmp/galaxy_srv_disk00/pengchx3/rebuttal_nt/box_r13_backup/live/wandb/offline-run-20260701_193119-ufbc0knu/logs/debug-core.log": No such file or directory (2)
rsync error: some files/attrs were not transferred (see previous errors) (code 23) at main.c(1865) [generator=3.2.7]
Welcome to vast.ai. If authentication fails, try again after a few seconds, and double check your ssh key.
Have fun!
AI agents: READ /etc/vast-agents-guide.md (also linked as ./AGENTS.md) before acting on or describing this instance: it is the operating guide. ('vast-capabilities' shows live state only, not the guide.)
[Wed Jul  1 03:50:26 PM PDT 2026] pass done rc=0; csv=2 best_model_ckpts=11
Welcome to vast.ai. If authentication fails, try again after a few seconds, and double check your ssh key.
Have fun!
AI agents: READ /etc/vast-agents-guide.md (also linked as ./AGENTS.md) before acting on or describing this instance: it is the operating guide. ('vast-capabilities' shows live state only, not the guide.)
Welcome to vast.ai. If authentication fails, try again after a few seconds, and double check your ssh key.
Have fun!
AI agents: READ /etc/vast-agents-guide.md (also linked as ./AGENTS.md) before acting on or describing this instance: it is the operating guide. ('vast-capabilities' shows live state only, not the guide.)
Welcome to vast.ai. If authentication fails, try again after a few seconds, and double check your ssh key.
Have fun!
AI agents: READ /etc/vast-agents-guide.md (also linked as ./AGENTS.md) before acting on or describing this instance: it is the operating guide. ('vast-capabilities' shows live state only, not the guide.)
rsync: [generator] failed to set times on "/tmp/galaxy_srv_disk00/pengchx3/rebuttal_nt/box_r13_backup/live/wandb/offline-run-20260630_234636-x13b081n/logs/debug-core.log": No such file or directory (2)
rsync: [generator] failed to set times on "/tmp/galaxy_srv_disk00/pengchx3/rebuttal_nt/box_r13_backup/live/wandb/offline-run-20260630_235013-efpuf9sb/logs/debug-core.log": No such file or directory (2)
rsync: [generator] failed to set times on "/tmp/galaxy_srv_disk00/pengchx3/rebuttal_nt/box_r13_backup/live/wandb/offline-run-20260630_235039-jls84eao/logs/debug-core.log": No such file or directory (2)
rsync: [generator] failed to set times on "/tmp/galaxy_srv_disk00/pengchx3/rebuttal_nt/box_r13_backup/live/wandb/offline-run-20260630_235104-ng8nx1x4/logs/debug-core.log": No such file or directory (2)
rsync: [generator] failed to set times on "/tmp/galaxy_srv_disk00/pengchx3/rebuttal_nt/box_r13_backup/live/wandb/offline-run-20260701_033444-5ajizoss/logs/debug-core.log": No such file or directory (2)
rsync: [generator] failed to set times on "/tmp/galaxy_srv_disk00/pengchx3/rebuttal_nt/box_r13_backup/live/wandb/offline-run-20260701_043646-5eu7lyg8/logs/debug-core.log": No such file or directory (2)
rsync: [generator] failed to set times on "/tmp/galaxy_srv_disk00/pengchx3/rebuttal_nt/box_r13_backup/live/wandb/offline-run-20260701_054550-vrqqodlv/logs/debug-core.log": No such file or directory (2)
rsync: [generator] failed to set times on "/tmp/galaxy_srv_disk00/pengchx3/rebuttal_nt/box_r13_backup/live/wandb/offline-run-20260701_074325-s3laey7g/logs/debug-core.log": No such file or directory (2)
rsync: [generator] failed to set times on "/tmp/galaxy_srv_disk00/pengchx3/rebuttal_nt/box_r13_backup/live/wandb/offline-run-20260701_093804-ieiy1udx/logs/debug-core.log": No such file or directory (2)
rsync: [generator] failed to set times on "/tmp/galaxy_srv_disk00/pengchx3/rebuttal_nt/box_r13_backup/live/wandb/offline-run-20260701_182201-to9kjqlt/logs/debug-core.log": No such file or directory (2)
rsync: [generator] failed to set times on "/tmp/galaxy_srv_disk00/pengchx3/rebuttal_nt/box_r13_backup/live/wandb/offline-run-20260701_193119-ufbc0knu/logs/debug-core.log": No such file or directory (2)
rsync error: some files/attrs were not transferred (see previous errors) (code 23) at main.c(1865) [generator=3.2.7]
Welcome to vast.ai. If authentication fails, try again after a few seconds, and double check your ssh key.
Have fun!
AI agents: READ /etc/vast-agents-guide.md (also linked as ./AGENTS.md) before acting on or describing this instance: it is the operating guide. ('vast-capabilities' shows live state only, not the guide.)
[Wed Jul  1 04:00:47 PM PDT 2026] pass done rc=0; csv=2 best_model_ckpts=11
Welcome to vast.ai. If authentication fails, try again after a few seconds, and double check your ssh key.
Have fun!
AI agents: READ /etc/vast-agents-guide.md (also linked as ./AGENTS.md) before acting on or describing this instance: it is the operating guide. ('vast-capabilities' shows live state only, not the guide.)
Welcome to vast.ai. If authentication fails, try again after a few seconds, and double check your ssh key.
Have fun!
AI agents: READ /etc/vast-agents-guide.md (also linked as ./AGENTS.md) before acting on or describing this instance: it is the operating guide. ('vast-capabilities' shows live state only, not the guide.)
Welcome to vast.ai. If authentication fails, try again after a few seconds, and double check your ssh key.
Have fun!
AI agents: READ /etc/vast-agents-guide.md (also linked as ./AGENTS.md) before acting on or describing this instance: it is the operating guide. ('vast-capabilities' shows live state only, not the guide.)
rsync: [generator] failed to set times on "/tmp/galaxy_srv_disk00/pengchx3/rebuttal_nt/box_r13_backup/live/wandb/offline-run-20260630_234636-x13b081n/logs/debug-core.log": No such file or directory (2)
rsync: [generator] failed to set times on "/tmp/galaxy_srv_disk00/pengchx3/rebuttal_nt/box_r13_backup/live/wandb/offline-run-20260630_235013-efpuf9sb/logs/debug-core.log": No such file or directory (2)
rsync: [generator] failed to set times on "/tmp/galaxy_srv_disk00/pengchx3/rebuttal_nt/box_r13_backup/live/wandb/offline-run-20260630_235039-jls84eao/logs/debug-core.log": No such file or directory (2)
rsync: [generator] failed to set times on "/tmp/galaxy_srv_disk00/pengchx3/rebuttal_nt/box_r13_backup/live/wandb/offline-run-20260630_235104-ng8nx1x4/logs/debug-core.log": No such file or directory (2)
rsync: [generator] failed to set times on "/tmp/galaxy_srv_disk00/pengchx3/rebuttal_nt/box_r13_backup/live/wandb/offline-run-20260701_033444-5ajizoss/logs/debug-core.log": No such file or directory (2)
rsync: [generator] failed to set times on "/tmp/galaxy_srv_disk00/pengchx3/rebuttal_nt/box_r13_backup/live/wandb/offline-run-20260701_043646-5eu7lyg8/logs/debug-core.log": No such file or directory (2)
rsync: [generator] failed to set times on "/tmp/galaxy_srv_disk00/pengchx3/rebuttal_nt/box_r13_backup/live/wandb/offline-run-20260701_054550-vrqqodlv/logs/debug-core.log": No such file or directory (2)
rsync: [generator] failed to set times on "/tmp/galaxy_srv_disk00/pengchx3/rebuttal_nt/box_r13_backup/live/wandb/offline-run-20260701_074325-s3laey7g/logs/debug-core.log": No such file or directory (2)
rsync: [generator] failed to set times on "/tmp/galaxy_srv_disk00/pengchx3/rebuttal_nt/box_r13_backup/live/wandb/offline-run-20260701_093804-ieiy1udx/logs/debug-core.log": No such file or directory (2)
rsync: [generator] failed to set times on "/tmp/galaxy_srv_disk00/pengchx3/rebuttal_nt/box_r13_backup/live/wandb/offline-run-20260701_182201-to9kjqlt/logs/debug-core.log": No such file or directory (2)
rsync: [generator] failed to set times on "/tmp/galaxy_srv_disk00/pengchx3/rebuttal_nt/box_r13_backup/live/wandb/offline-run-20260701_193119-ufbc0knu/logs/debug-core.log": No such file or directory (2)
rsync error: some files/attrs were not transferred (see previous errors) (code 23) at main.c(1865) [generator=3.2.7]
Welcome to vast.ai. If authentication fails, try again after a few seconds, and double check your ssh key.
Have fun!
AI agents: READ /etc/vast-agents-guide.md (also linked as ./AGENTS.md) before acting on or describing this instance: it is the operating guide. ('vast-capabilities' shows live state only, not the guide.)
[Wed Jul  1 04:11:09 PM PDT 2026] pass done rc=0; csv=3 best_model_ckpts=11
Welcome to vast.ai. If authentication fails, try again after a few seconds, and double check your ssh key.
Have fun!
AI agents: READ /etc/vast-agents-guide.md (also linked as ./AGENTS.md) before acting on or describing this instance: it is the operating guide. ('vast-capabilities' shows live state only, not the guide.)
Welcome to vast.ai. If authentication fails, try again after a few seconds, and double check your ssh key.
Have fun!
AI agents: READ /etc/vast-agents-guide.md (also linked as ./AGENTS.md) before acting on or describing this instance: it is the operating guide. ('vast-capabilities' shows live state only, not the guide.)
Welcome to vast.ai. If authentication fails, try again after a few seconds, and double check your ssh key.
Have fun!
AI agents: READ /etc/vast-agents-guide.md (also linked as ./AGENTS.md) before acting on or describing this instance: it is the operating guide. ('vast-capabilities' shows live state only, not the guide.)
rsync: [generator] failed to set times on "/tmp/galaxy_srv_disk00/pengchx3/rebuttal_nt/box_r13_backup/live/wandb/debug-internal.log": No such file or directory (2)
rsync: [generator] failed to set times on "/tmp/galaxy_srv_disk00/pengchx3/rebuttal_nt/box_r13_backup/live/wandb/debug.log": No such file or directory (2)
rsync: [generator] failed to set times on "/tmp/galaxy_srv_disk00/pengchx3/rebuttal_nt/box_r13_backup/live/wandb/latest-run": No such file or directory (2)
rsync: [generator] failed to set times on "/tmp/galaxy_srv_disk00/pengchx3/rebuttal_nt/box_r13_backup/live/wandb/offline-run-20260630_234636-x13b081n/logs/debug-core.log": No such file or directory (2)
rsync: [generator] failed to set times on "/tmp/galaxy_srv_disk00/pengchx3/rebuttal_nt/box_r13_backup/live/wandb/offline-run-20260630_235013-efpuf9sb/logs/debug-core.log": No such file or directory (2)
rsync: [generator] failed to set times on "/tmp/galaxy_srv_disk00/pengchx3/rebuttal_nt/box_r13_backup/live/wandb/offline-run-20260630_235039-jls84eao/logs/debug-core.log": No such file or directory (2)
rsync: [generator] failed to set times on "/tmp/galaxy_srv_disk00/pengchx3/rebuttal_nt/box_r13_backup/live/wandb/offline-run-20260630_235104-ng8nx1x4/logs/debug-core.log": No such file or directory (2)
rsync: [generator] failed to set times on "/tmp/galaxy_srv_disk00/pengchx3/rebuttal_nt/box_r13_backup/live/wandb/offline-run-20260701_033444-5ajizoss/logs/debug-core.log": No such file or directory (2)
rsync: [generator] failed to set times on "/tmp/galaxy_srv_disk00/pengchx3/rebuttal_nt/box_r13_backup/live/wandb/offline-run-20260701_043646-5eu7lyg8/logs/debug-core.log": No such file or directory (2)
rsync: [generator] failed to set times on "/tmp/galaxy_srv_disk00/pengchx3/rebuttal_nt/box_r13_backup/live/wandb/offline-run-20260701_054550-vrqqodlv/logs/debug-core.log": No such file or directory (2)
rsync: [generator] failed to set times on "/tmp/galaxy_srv_disk00/pengchx3/rebuttal_nt/box_r13_backup/live/wandb/offline-run-20260701_074325-s3laey7g/logs/debug-core.log": No such file or directory (2)
rsync: [generator] failed to set times on "/tmp/galaxy_srv_disk00/pengchx3/rebuttal_nt/box_r13_backup/live/wandb/offline-run-20260701_093804-ieiy1udx/logs/debug-core.log": No such file or directory (2)
rsync: [generator] failed to set times on "/tmp/galaxy_srv_disk00/pengchx3/rebuttal_nt/box_r13_backup/live/wandb/offline-run-20260701_182201-to9kjqlt/logs/debug-core.log": No such file or directory (2)
rsync: [generator] failed to set times on "/tmp/galaxy_srv_disk00/pengchx3/rebuttal_nt/box_r13_backup/live/wandb/offline-run-20260701_193119-ufbc0knu/logs/debug-core.log": No such file or directory (2)
rsync: [generator] failed to set times on "/tmp/galaxy_srv_disk00/pengchx3/rebuttal_nt/box_r13_backup/live/wandb/offline-run-20260701_231443-zbce4w06/logs/debug-core.log": No such file or directory (2)
rsync error: some files/attrs were not transferred (see previous errors) (code 23) at main.c(1865) [generator=3.2.7]
Welcome to vast.ai. If authentication fails, try again after a few seconds, and double check your ssh key.
Have fun!
AI agents: READ /etc/vast-agents-guide.md (also linked as ./AGENTS.md) before acting on or describing this instance: it is the operating guide. ('vast-capabilities' shows live state only, not the guide.)
[Wed Jul  1 04:21:34 PM PDT 2026] pass done rc=0; csv=3 best_model_ckpts=12
Welcome to vast.ai. If authentication fails, try again after a few seconds, and double check your ssh key.
Have fun!
AI agents: READ /etc/vast-agents-guide.md (also linked as ./AGENTS.md) before acting on or describing this instance: it is the operating guide. ('vast-capabilities' shows live state only, not the guide.)
Welcome to vast.ai. If authentication fails, try again after a few seconds, and double check your ssh key.
Have fun!
AI agents: READ /etc/vast-agents-guide.md (also linked as ./AGENTS.md) before acting on or describing this instance: it is the operating guide. ('vast-capabilities' shows live state only, not the guide.)
Welcome to vast.ai. If authentication fails, try again after a few seconds, and double check your ssh key.
Have fun!
AI agents: READ /etc/vast-agents-guide.md (also linked as ./AGENTS.md) before acting on or describing this instance: it is the operating guide. ('vast-capabilities' shows live state only, not the guide.)
rsync: [generator] failed to set times on "/tmp/galaxy_srv_disk00/pengchx3/rebuttal_nt/box_r13_backup/live/wandb/offline-run-20260630_234636-x13b081n/logs/debug-core.log": No such file or directory (2)
rsync: [generator] failed to set times on "/tmp/galaxy_srv_disk00/pengchx3/rebuttal_nt/box_r13_backup/live/wandb/offline-run-20260630_235013-efpuf9sb/logs/debug-core.log": No such file or directory (2)
rsync: [generator] failed to set times on "/tmp/galaxy_srv_disk00/pengchx3/rebuttal_nt/box_r13_backup/live/wandb/offline-run-20260630_235039-jls84eao/logs/debug-core.log": No such file or directory (2)
rsync: [generator] failed to set times on "/tmp/galaxy_srv_disk00/pengchx3/rebuttal_nt/box_r13_backup/live/wandb/offline-run-20260630_235104-ng8nx1x4/logs/debug-core.log": No such file or directory (2)
rsync: [generator] failed to set times on "/tmp/galaxy_srv_disk00/pengchx3/rebuttal_nt/box_r13_backup/live/wandb/offline-run-20260701_033444-5ajizoss/logs/debug-core.log": No such file or directory (2)
rsync: [generator] failed to set times on "/tmp/galaxy_srv_disk00/pengchx3/rebuttal_nt/box_r13_backup/live/wandb/offline-run-20260701_043646-5eu7lyg8/logs/debug-core.log": No such file or directory (2)
rsync: [generator] failed to set times on "/tmp/galaxy_srv_disk00/pengchx3/rebuttal_nt/box_r13_backup/live/wandb/offline-run-20260701_054550-vrqqodlv/logs/debug-core.log": No such file or directory (2)
rsync: [generator] failed to set times on "/tmp/galaxy_srv_disk00/pengchx3/rebuttal_nt/box_r13_backup/live/wandb/offline-run-20260701_074325-s3laey7g/logs/debug-core.log": No such file or directory (2)
rsync: [generator] failed to set times on "/tmp/galaxy_srv_disk00/pengchx3/rebuttal_nt/box_r13_backup/live/wandb/offline-run-20260701_093804-ieiy1udx/logs/debug-core.log": No such file or directory (2)
rsync: [generator] failed to set times on "/tmp/galaxy_srv_disk00/pengchx3/rebuttal_nt/box_r13_backup/live/wandb/offline-run-20260701_182201-to9kjqlt/logs/debug-core.log": No such file or directory (2)
rsync: [generator] failed to set times on "/tmp/galaxy_srv_disk00/pengchx3/rebuttal_nt/box_r13_backup/live/wandb/offline-run-20260701_193119-ufbc0knu/logs/debug-core.log": No such file or directory (2)
rsync: [generator] failed to set times on "/tmp/galaxy_srv_disk00/pengchx3/rebuttal_nt/box_r13_backup/live/wandb/offline-run-20260701_231443-zbce4w06/logs/debug-core.log": No such file or directory (2)
rsync error: some files/attrs were not transferred (see previous errors) (code 23) at main.c(1865) [generator=3.2.7]
Welcome to vast.ai. If authentication fails, try again after a few seconds, and double check your ssh key.
Have fun!
AI agents: READ /etc/vast-agents-guide.md (also linked as ./AGENTS.md) before acting on or describing this instance: it is the operating guide. ('vast-capabilities' shows live state only, not the guide.)
[Wed Jul  1 04:31:56 PM PDT 2026] pass done rc=0; csv=3 best_model_ckpts=12
Welcome to vast.ai. If authentication fails, try again after a few seconds, and double check your ssh key.
Have fun!
AI agents: READ /etc/vast-agents-guide.md (also linked as ./AGENTS.md) before acting on or describing this instance: it is the operating guide. ('vast-capabilities' shows live state only, not the guide.)
Welcome to vast.ai. If authentication fails, try again after a few seconds, and double check your ssh key.
Have fun!
AI agents: READ /etc/vast-agents-guide.md (also linked as ./AGENTS.md) before acting on or describing this instance: it is the operating guide. ('vast-capabilities' shows live state only, not the guide.)
Welcome to vast.ai. If authentication fails, try again after a few seconds, and double check your ssh key.
Have fun!
AI agents: READ /etc/vast-agents-guide.md (also linked as ./AGENTS.md) before acting on or describing this instance: it is the operating guide. ('vast-capabilities' shows live state only, not the guide.)
rsync: [generator] failed to set times on "/tmp/galaxy_srv_disk00/pengchx3/rebuttal_nt/box_r13_backup/live/wandb/offline-run-20260630_234636-x13b081n/logs/debug-core.log": No such file or directory (2)
rsync: [generator] failed to set times on "/tmp/galaxy_srv_disk00/pengchx3/rebuttal_nt/box_r13_backup/live/wandb/offline-run-20260630_235013-efpuf9sb/logs/debug-core.log": No such file or directory (2)
rsync: [generator] failed to set times on "/tmp/galaxy_srv_disk00/pengchx3/rebuttal_nt/box_r13_backup/live/wandb/offline-run-20260630_235039-jls84eao/logs/debug-core.log": No such file or directory (2)
rsync: [generator] failed to set times on "/tmp/galaxy_srv_disk00/pengchx3/rebuttal_nt/box_r13_backup/live/wandb/offline-run-20260630_235104-ng8nx1x4/logs/debug-core.log": No such file or directory (2)
rsync: [generator] failed to set times on "/tmp/galaxy_srv_disk00/pengchx3/rebuttal_nt/box_r13_backup/live/wandb/offline-run-20260701_033444-5ajizoss/logs/debug-core.log": No such file or directory (2)
rsync: [generator] failed to set times on "/tmp/galaxy_srv_disk00/pengchx3/rebuttal_nt/box_r13_backup/live/wandb/offline-run-20260701_043646-5eu7lyg8/logs/debug-core.log": No such file or directory (2)
rsync: [generator] failed to set times on "/tmp/galaxy_srv_disk00/pengchx3/rebuttal_nt/box_r13_backup/live/wandb/offline-run-20260701_054550-vrqqodlv/logs/debug-core.log": No such file or directory (2)
rsync: [generator] failed to set times on "/tmp/galaxy_srv_disk00/pengchx3/rebuttal_nt/box_r13_backup/live/wandb/offline-run-20260701_074325-s3laey7g/logs/debug-core.log": No such file or directory (2)
rsync: [generator] failed to set times on "/tmp/galaxy_srv_disk00/pengchx3/rebuttal_nt/box_r13_backup/live/wandb/offline-run-20260701_093804-ieiy1udx/logs/debug-core.log": No such file or directory (2)
rsync: [generator] failed to set times on "/tmp/galaxy_srv_disk00/pengchx3/rebuttal_nt/box_r13_backup/live/wandb/offline-run-20260701_182201-to9kjqlt/logs/debug-core.log": No such file or directory (2)
rsync: [generator] failed to set times on "/tmp/galaxy_srv_disk00/pengchx3/rebuttal_nt/box_r13_backup/live/wandb/offline-run-20260701_193119-ufbc0knu/logs/debug-core.log": No such file or directory (2)
rsync: [generator] failed to set times on "/tmp/galaxy_srv_disk00/pengchx3/rebuttal_nt/box_r13_backup/live/wandb/offline-run-20260701_231443-zbce4w06/logs/debug-core.log": No such file or directory (2)
rsync error: some files/attrs were not transferred (see previous errors) (code 23) at main.c(1865) [generator=3.2.7]
Welcome to vast.ai. If authentication fails, try again after a few seconds, and double check your ssh key.
Have fun!
AI agents: READ /etc/vast-agents-guide.md (also linked as ./AGENTS.md) before acting on or describing this instance: it is the operating guide. ('vast-capabilities' shows live state only, not the guide.)
[Wed Jul  1 04:42:24 PM PDT 2026] pass done rc=0; csv=3 best_model_ckpts=12
Welcome to vast.ai. If authentication fails, try again after a few seconds, and double check your ssh key.
Have fun!
AI agents: READ /etc/vast-agents-guide.md (also linked as ./AGENTS.md) before acting on or describing this instance: it is the operating guide. ('vast-capabilities' shows live state only, not the guide.)
Welcome to vast.ai. If authentication fails, try again after a few seconds, and double check your ssh key.
Have fun!
AI agents: READ /etc/vast-agents-guide.md (also linked as ./AGENTS.md) before acting on or describing this instance: it is the operating guide. ('vast-capabilities' shows live state only, not the guide.)
Welcome to vast.ai. If authentication fails, try again after a few seconds, and double check your ssh key.
Have fun!
AI agents: READ /etc/vast-agents-guide.md (also linked as ./AGENTS.md) before acting on or describing this instance: it is the operating guide. ('vast-capabilities' shows live state only, not the guide.)
rsync: [generator] failed to set times on "/tmp/galaxy_srv_disk00/pengchx3/rebuttal_nt/box_r13_backup/live/wandb/offline-run-20260630_234636-x13b081n/logs/debug-core.log": No such file or directory (2)
rsync: [generator] failed to set times on "/tmp/galaxy_srv_disk00/pengchx3/rebuttal_nt/box_r13_backup/live/wandb/offline-run-20260630_235013-efpuf9sb/logs/debug-core.log": No such file or directory (2)
rsync: [generator] failed to set times on "/tmp/galaxy_srv_disk00/pengchx3/rebuttal_nt/box_r13_backup/live/wandb/offline-run-20260630_235039-jls84eao/logs/debug-core.log": No such file or directory (2)
rsync: [generator] failed to set times on "/tmp/galaxy_srv_disk00/pengchx3/rebuttal_nt/box_r13_backup/live/wandb/offline-run-20260630_235104-ng8nx1x4/logs/debug-core.log": No such file or directory (2)
rsync: [generator] failed to set times on "/tmp/galaxy_srv_disk00/pengchx3/rebuttal_nt/box_r13_backup/live/wandb/offline-run-20260701_033444-5ajizoss/logs/debug-core.log": No such file or directory (2)
rsync: [generator] failed to set times on "/tmp/galaxy_srv_disk00/pengchx3/rebuttal_nt/box_r13_backup/live/wandb/offline-run-20260701_043646-5eu7lyg8/logs/debug-core.log": No such file or directory (2)
rsync: [generator] failed to set times on "/tmp/galaxy_srv_disk00/pengchx3/rebuttal_nt/box_r13_backup/live/wandb/offline-run-20260701_054550-vrqqodlv/logs/debug-core.log": No such file or directory (2)
rsync: [generator] failed to set times on "/tmp/galaxy_srv_disk00/pengchx3/rebuttal_nt/box_r13_backup/live/wandb/offline-run-20260701_074325-s3laey7g/logs/debug-core.log": No such file or directory (2)
rsync: [generator] failed to set times on "/tmp/galaxy_srv_disk00/pengchx3/rebuttal_nt/box_r13_backup/live/wandb/offline-run-20260701_093804-ieiy1udx/logs/debug-core.log": No such file or directory (2)
rsync: [generator] failed to set times on "/tmp/galaxy_srv_disk00/pengchx3/rebuttal_nt/box_r13_backup/live/wandb/offline-run-20260701_182201-to9kjqlt/logs/debug-core.log": No such file or directory (2)
rsync: [generator] failed to set times on "/tmp/galaxy_srv_disk00/pengchx3/rebuttal_nt/box_r13_backup/live/wandb/offline-run-20260701_193119-ufbc0knu/logs/debug-core.log": No such file or directory (2)
rsync: [generator] failed to set times on "/tmp/galaxy_srv_disk00/pengchx3/rebuttal_nt/box_r13_backup/live/wandb/offline-run-20260701_231443-zbce4w06/logs/debug-core.log": No such file or directory (2)
rsync error: some files/attrs were not transferred (see previous errors) (code 23) at main.c(1865) [generator=3.2.7]
Welcome to vast.ai. If authentication fails, try again after a few seconds, and double check your ssh key.
Have fun!
AI agents: READ /etc/vast-agents-guide.md (also linked as ./AGENTS.md) before acting on or describing this instance: it is the operating guide. ('vast-capabilities' shows live state only, not the guide.)
[Wed Jul  1 04:53:00 PM PDT 2026] pass done rc=0; csv=3 best_model_ckpts=12
Welcome to vast.ai. If authentication fails, try again after a few seconds, and double check your ssh key.
Have fun!
AI agents: READ /etc/vast-agents-guide.md (also linked as ./AGENTS.md) before acting on or describing this instance: it is the operating guide. ('vast-capabilities' shows live state only, not the guide.)
Welcome to vast.ai. If authentication fails, try again after a few seconds, and double check your ssh key.
Have fun!
AI agents: READ /etc/vast-agents-guide.md (also linked as ./AGENTS.md) before acting on or describing this instance: it is the operating guide. ('vast-capabilities' shows live state only, not the guide.)
Welcome to vast.ai. If authentication fails, try again after a few seconds, and double check your ssh key.
Have fun!
AI agents: READ /etc/vast-agents-guide.md (also linked as ./AGENTS.md) before acting on or describing this instance: it is the operating guide. ('vast-capabilities' shows live state only, not the guide.)
rsync: [generator] failed to set times on "/tmp/galaxy_srv_disk00/pengchx3/rebuttal_nt/box_r13_backup/live/wandb/offline-run-20260630_234636-x13b081n/logs/debug-core.log": No such file or directory (2)
rsync: [generator] failed to set times on "/tmp/galaxy_srv_disk00/pengchx3/rebuttal_nt/box_r13_backup/live/wandb/offline-run-20260630_235013-efpuf9sb/logs/debug-core.log": No such file or directory (2)
rsync: [generator] failed to set times on "/tmp/galaxy_srv_disk00/pengchx3/rebuttal_nt/box_r13_backup/live/wandb/offline-run-20260630_235039-jls84eao/logs/debug-core.log": No such file or directory (2)
rsync: [generator] failed to set times on "/tmp/galaxy_srv_disk00/pengchx3/rebuttal_nt/box_r13_backup/live/wandb/offline-run-20260630_235104-ng8nx1x4/logs/debug-core.log": No such file or directory (2)
rsync: [generator] failed to set times on "/tmp/galaxy_srv_disk00/pengchx3/rebuttal_nt/box_r13_backup/live/wandb/offline-run-20260701_033444-5ajizoss/logs/debug-core.log": No such file or directory (2)
rsync: [generator] failed to set times on "/tmp/galaxy_srv_disk00/pengchx3/rebuttal_nt/box_r13_backup/live/wandb/offline-run-20260701_043646-5eu7lyg8/logs/debug-core.log": No such file or directory (2)
rsync: [generator] failed to set times on "/tmp/galaxy_srv_disk00/pengchx3/rebuttal_nt/box_r13_backup/live/wandb/offline-run-20260701_054550-vrqqodlv/logs/debug-core.log": No such file or directory (2)
rsync: [generator] failed to set times on "/tmp/galaxy_srv_disk00/pengchx3/rebuttal_nt/box_r13_backup/live/wandb/offline-run-20260701_074325-s3laey7g/logs/debug-core.log": No such file or directory (2)
rsync: [generator] failed to set times on "/tmp/galaxy_srv_disk00/pengchx3/rebuttal_nt/box_r13_backup/live/wandb/offline-run-20260701_093804-ieiy1udx/logs/debug-core.log": No such file or directory (2)
rsync: [generator] failed to set times on "/tmp/galaxy_srv_disk00/pengchx3/rebuttal_nt/box_r13_backup/live/wandb/offline-run-20260701_182201-to9kjqlt/logs/debug-core.log": No such file or directory (2)
rsync: [generator] failed to set times on "/tmp/galaxy_srv_disk00/pengchx3/rebuttal_nt/box_r13_backup/live/wandb/offline-run-20260701_193119-ufbc0knu/logs/debug-core.log": No such file or directory (2)
rsync: [generator] failed to set times on "/tmp/galaxy_srv_disk00/pengchx3/rebuttal_nt/box_r13_backup/live/wandb/offline-run-20260701_231443-zbce4w06/logs/debug-core.log": No such file or directory (2)
rsync error: some files/attrs were not transferred (see previous errors) (code 23) at main.c(1865) [generator=3.2.7]
Welcome to vast.ai. If authentication fails, try again after a few seconds, and double check your ssh key.
Have fun!
AI agents: READ /etc/vast-agents-guide.md (also linked as ./AGENTS.md) before acting on or describing this instance: it is the operating guide. ('vast-capabilities' shows live state only, not the guide.)
[Wed Jul  1 05:03:22 PM PDT 2026] pass done rc=0; csv=3 best_model_ckpts=12
Welcome to vast.ai. If authentication fails, try again after a few seconds, and double check your ssh key.
Have fun!
AI agents: READ /etc/vast-agents-guide.md (also linked as ./AGENTS.md) before acting on or describing this instance: it is the operating guide. ('vast-capabilities' shows live state only, not the guide.)
Welcome to vast.ai. If authentication fails, try again after a few seconds, and double check your ssh key.
Have fun!
AI agents: READ /etc/vast-agents-guide.md (also linked as ./AGENTS.md) before acting on or describing this instance: it is the operating guide. ('vast-capabilities' shows live state only, not the guide.)
Welcome to vast.ai. If authentication fails, try again after a few seconds, and double check your ssh key.
Have fun!
AI agents: READ /etc/vast-agents-guide.md (also linked as ./AGENTS.md) before acting on or describing this instance: it is the operating guide. ('vast-capabilities' shows live state only, not the guide.)
rsync: [generator] failed to set times on "/tmp/galaxy_srv_disk00/pengchx3/rebuttal_nt/box_r13_backup/live/wandb/debug-internal.log": No such file or directory (2)
rsync: [generator] failed to set times on "/tmp/galaxy_srv_disk00/pengchx3/rebuttal_nt/box_r13_backup/live/wandb/debug.log": No such file or directory (2)
rsync: [generator] failed to set times on "/tmp/galaxy_srv_disk00/pengchx3/rebuttal_nt/box_r13_backup/live/wandb/latest-run": No such file or directory (2)
rsync: [generator] failed to set times on "/tmp/galaxy_srv_disk00/pengchx3/rebuttal_nt/box_r13_backup/live/wandb/offline-run-20260630_234636-x13b081n/logs/debug-core.log": No such file or directory (2)
rsync: [generator] failed to set times on "/tmp/galaxy_srv_disk00/pengchx3/rebuttal_nt/box_r13_backup/live/wandb/offline-run-20260630_235013-efpuf9sb/logs/debug-core.log": No such file or directory (2)
rsync: [generator] failed to set times on "/tmp/galaxy_srv_disk00/pengchx3/rebuttal_nt/box_r13_backup/live/wandb/offline-run-20260630_235039-jls84eao/logs/debug-core.log": No such file or directory (2)
rsync: [generator] failed to set times on "/tmp/galaxy_srv_disk00/pengchx3/rebuttal_nt/box_r13_backup/live/wandb/offline-run-20260630_235104-ng8nx1x4/logs/debug-core.log": No such file or directory (2)
rsync: [generator] failed to set times on "/tmp/galaxy_srv_disk00/pengchx3/rebuttal_nt/box_r13_backup/live/wandb/offline-run-20260701_033444-5ajizoss/logs/debug-core.log": No such file or directory (2)
rsync: [generator] failed to set times on "/tmp/galaxy_srv_disk00/pengchx3/rebuttal_nt/box_r13_backup/live/wandb/offline-run-20260701_043646-5eu7lyg8/logs/debug-core.log": No such file or directory (2)
rsync: [generator] failed to set times on "/tmp/galaxy_srv_disk00/pengchx3/rebuttal_nt/box_r13_backup/live/wandb/offline-run-20260701_054550-vrqqodlv/logs/debug-core.log": No such file or directory (2)
rsync: [generator] failed to set times on "/tmp/galaxy_srv_disk00/pengchx3/rebuttal_nt/box_r13_backup/live/wandb/offline-run-20260701_074325-s3laey7g/logs/debug-core.log": No such file or directory (2)
rsync: [generator] failed to set times on "/tmp/galaxy_srv_disk00/pengchx3/rebuttal_nt/box_r13_backup/live/wandb/offline-run-20260701_093804-ieiy1udx/logs/debug-core.log": No such file or directory (2)
rsync: [generator] failed to set times on "/tmp/galaxy_srv_disk00/pengchx3/rebuttal_nt/box_r13_backup/live/wandb/offline-run-20260701_182201-to9kjqlt/logs/debug-core.log": No such file or directory (2)
rsync: [generator] failed to set times on "/tmp/galaxy_srv_disk00/pengchx3/rebuttal_nt/box_r13_backup/live/wandb/offline-run-20260701_193119-ufbc0knu/logs/debug-core.log": No such file or directory (2)
rsync: [generator] failed to set times on "/tmp/galaxy_srv_disk00/pengchx3/rebuttal_nt/box_r13_backup/live/wandb/offline-run-20260701_231443-zbce4w06/logs/debug-core.log": No such file or directory (2)
rsync: [generator] failed to set times on "/tmp/galaxy_srv_disk00/pengchx3/rebuttal_nt/box_r13_backup/live/wandb/offline-run-20260702_000543-fymgqobp/logs/debug-core.log": No such file or directory (2)
rsync error: some files/attrs were not transferred (see previous errors) (code 23) at main.c(1865) [generator=3.2.7]
Welcome to vast.ai. If authentication fails, try again after a few seconds, and double check your ssh key.
Have fun!
AI agents: READ /etc/vast-agents-guide.md (also linked as ./AGENTS.md) before acting on or describing this instance: it is the operating guide. ('vast-capabilities' shows live state only, not the guide.)
[Wed Jul  1 05:13:44 PM PDT 2026] pass done rc=0; csv=3 best_model_ckpts=13
Welcome to vast.ai. If authentication fails, try again after a few seconds, and double check your ssh key.
Have fun!
AI agents: READ /etc/vast-agents-guide.md (also linked as ./AGENTS.md) before acting on or describing this instance: it is the operating guide. ('vast-capabilities' shows live state only, not the guide.)
Welcome to vast.ai. If authentication fails, try again after a few seconds, and double check your ssh key.
Have fun!
AI agents: READ /etc/vast-agents-guide.md (also linked as ./AGENTS.md) before acting on or describing this instance: it is the operating guide. ('vast-capabilities' shows live state only, not the guide.)
Welcome to vast.ai. If authentication fails, try again after a few seconds, and double check your ssh key.
Have fun!
AI agents: READ /etc/vast-agents-guide.md (also linked as ./AGENTS.md) before acting on or describing this instance: it is the operating guide. ('vast-capabilities' shows live state only, not the guide.)
rsync: [generator] failed to set times on "/tmp/galaxy_srv_disk00/pengchx3/rebuttal_nt/box_r13_backup/live/wandb/offline-run-20260630_234636-x13b081n/logs/debug-core.log": No such file or directory (2)
rsync: [generator] failed to set times on "/tmp/galaxy_srv_disk00/pengchx3/rebuttal_nt/box_r13_backup/live/wandb/offline-run-20260630_235013-efpuf9sb/logs/debug-core.log": No such file or directory (2)
rsync: [generator] failed to set times on "/tmp/galaxy_srv_disk00/pengchx3/rebuttal_nt/box_r13_backup/live/wandb/offline-run-20260630_235039-jls84eao/logs/debug-core.log": No such file or directory (2)
rsync: [generator] failed to set times on "/tmp/galaxy_srv_disk00/pengchx3/rebuttal_nt/box_r13_backup/live/wandb/offline-run-20260630_235104-ng8nx1x4/logs/debug-core.log": No such file or directory (2)
rsync: [generator] failed to set times on "/tmp/galaxy_srv_disk00/pengchx3/rebuttal_nt/box_r13_backup/live/wandb/offline-run-20260701_033444-5ajizoss/logs/debug-core.log": No such file or directory (2)
rsync: [generator] failed to set times on "/tmp/galaxy_srv_disk00/pengchx3/rebuttal_nt/box_r13_backup/live/wandb/offline-run-20260701_043646-5eu7lyg8/logs/debug-core.log": No such file or directory (2)
rsync: [generator] failed to set times on "/tmp/galaxy_srv_disk00/pengchx3/rebuttal_nt/box_r13_backup/live/wandb/offline-run-20260701_054550-vrqqodlv/logs/debug-core.log": No such file or directory (2)
rsync: [generator] failed to set times on "/tmp/galaxy_srv_disk00/pengchx3/rebuttal_nt/box_r13_backup/live/wandb/offline-run-20260701_074325-s3laey7g/logs/debug-core.log": No such file or directory (2)
rsync: [generator] failed to set times on "/tmp/galaxy_srv_disk00/pengchx3/rebuttal_nt/box_r13_backup/live/wandb/offline-run-20260701_093804-ieiy1udx/logs/debug-core.log": No such file or directory (2)
rsync: [generator] failed to set times on "/tmp/galaxy_srv_disk00/pengchx3/rebuttal_nt/box_r13_backup/live/wandb/offline-run-20260701_182201-to9kjqlt/logs/debug-core.log": No such file or directory (2)
rsync: [generator] failed to set times on "/tmp/galaxy_srv_disk00/pengchx3/rebuttal_nt/box_r13_backup/live/wandb/offline-run-20260701_193119-ufbc0knu/logs/debug-core.log": No such file or directory (2)
rsync: [generator] failed to set times on "/tmp/galaxy_srv_disk00/pengchx3/rebuttal_nt/box_r13_backup/live/wandb/offline-run-20260701_231443-zbce4w06/logs/debug-core.log": No such file or directory (2)
rsync: [generator] failed to set times on "/tmp/galaxy_srv_disk00/pengchx3/rebuttal_nt/box_r13_backup/live/wandb/offline-run-20260702_000543-fymgqobp/logs/debug-core.log": No such file or directory (2)
rsync error: some files/attrs were not transferred (see previous errors) (code 23) at main.c(1865) [generator=3.2.7]
Welcome to vast.ai. If authentication fails, try again after a few seconds, and double check your ssh key.
Have fun!
AI agents: READ /etc/vast-agents-guide.md (also linked as ./AGENTS.md) before acting on or describing this instance: it is the operating guide. ('vast-capabilities' shows live state only, not the guide.)
[Wed Jul  1 05:24:15 PM PDT 2026] pass done rc=0; csv=3 best_model_ckpts=13
Welcome to vast.ai. If authentication fails, try again after a few seconds, and double check your ssh key.
Have fun!
AI agents: READ /etc/vast-agents-guide.md (also linked as ./AGENTS.md) before acting on or describing this instance: it is the operating guide. ('vast-capabilities' shows live state only, not the guide.)
Welcome to vast.ai. If authentication fails, try again after a few seconds, and double check your ssh key.
Have fun!
AI agents: READ /etc/vast-agents-guide.md (also linked as ./AGENTS.md) before acting on or describing this instance: it is the operating guide. ('vast-capabilities' shows live state only, not the guide.)
Welcome to vast.ai. If authentication fails, try again after a few seconds, and double check your ssh key.
Have fun!
AI agents: READ /etc/vast-agents-guide.md (also linked as ./AGENTS.md) before acting on or describing this instance: it is the operating guide. ('vast-capabilities' shows live state only, not the guide.)
rsync: [generator] failed to set times on "/tmp/galaxy_srv_disk00/pengchx3/rebuttal_nt/box_r13_backup/live/wandb/offline-run-20260630_234636-x13b081n/logs/debug-core.log": No such file or directory (2)
rsync: [generator] failed to set times on "/tmp/galaxy_srv_disk00/pengchx3/rebuttal_nt/box_r13_backup/live/wandb/offline-run-20260630_235013-efpuf9sb/logs/debug-core.log": No such file or directory (2)
rsync: [generator] failed to set times on "/tmp/galaxy_srv_disk00/pengchx3/rebuttal_nt/box_r13_backup/live/wandb/offline-run-20260630_235039-jls84eao/logs/debug-core.log": No such file or directory (2)
rsync: [generator] failed to set times on "/tmp/galaxy_srv_disk00/pengchx3/rebuttal_nt/box_r13_backup/live/wandb/offline-run-20260630_235104-ng8nx1x4/logs/debug-core.log": No such file or directory (2)
rsync: [generator] failed to set times on "/tmp/galaxy_srv_disk00/pengchx3/rebuttal_nt/box_r13_backup/live/wandb/offline-run-20260701_033444-5ajizoss/logs/debug-core.log": No such file or directory (2)
rsync: [generator] failed to set times on "/tmp/galaxy_srv_disk00/pengchx3/rebuttal_nt/box_r13_backup/live/wandb/offline-run-20260701_043646-5eu7lyg8/logs/debug-core.log": No such file or directory (2)
rsync: [generator] failed to set times on "/tmp/galaxy_srv_disk00/pengchx3/rebuttal_nt/box_r13_backup/live/wandb/offline-run-20260701_054550-vrqqodlv/logs/debug-core.log": No such file or directory (2)
rsync: [generator] failed to set times on "/tmp/galaxy_srv_disk00/pengchx3/rebuttal_nt/box_r13_backup/live/wandb/offline-run-20260701_074325-s3laey7g/logs/debug-core.log": No such file or directory (2)
rsync: [generator] failed to set times on "/tmp/galaxy_srv_disk00/pengchx3/rebuttal_nt/box_r13_backup/live/wandb/offline-run-20260701_093804-ieiy1udx/logs/debug-core.log": No such file or directory (2)
rsync: [generator] failed to set times on "/tmp/galaxy_srv_disk00/pengchx3/rebuttal_nt/box_r13_backup/live/wandb/offline-run-20260701_182201-to9kjqlt/logs/debug-core.log": No such file or directory (2)
rsync: [generator] failed to set times on "/tmp/galaxy_srv_disk00/pengchx3/rebuttal_nt/box_r13_backup/live/wandb/offline-run-20260701_193119-ufbc0knu/logs/debug-core.log": No such file or directory (2)
rsync: [generator] failed to set times on "/tmp/galaxy_srv_disk00/pengchx3/rebuttal_nt/box_r13_backup/live/wandb/offline-run-20260701_231443-zbce4w06/logs/debug-core.log": No such file or directory (2)
rsync: [generator] failed to set times on "/tmp/galaxy_srv_disk00/pengchx3/rebuttal_nt/box_r13_backup/live/wandb/offline-run-20260702_000543-fymgqobp/logs/debug-core.log": No such file or directory (2)
rsync error: some files/attrs were not transferred (see previous errors) (code 23) at main.c(1865) [generator=3.2.7]
Welcome to vast.ai. If authentication fails, try again after a few seconds, and double check your ssh key.
Have fun!
AI agents: READ /etc/vast-agents-guide.md (also linked as ./AGENTS.md) before acting on or describing this instance: it is the operating guide. ('vast-capabilities' shows live state only, not the guide.)
[Wed Jul  1 05:34:44 PM PDT 2026] pass done rc=0; csv=3 best_model_ckpts=13
Welcome to vast.ai. If authentication fails, try again after a few seconds, and double check your ssh key.
Have fun!
AI agents: READ /etc/vast-agents-guide.md (also linked as ./AGENTS.md) before acting on or describing this instance: it is the operating guide. ('vast-capabilities' shows live state only, not the guide.)
Welcome to vast.ai. If authentication fails, try again after a few seconds, and double check your ssh key.
Have fun!
AI agents: READ /etc/vast-agents-guide.md (also linked as ./AGENTS.md) before acting on or describing this instance: it is the operating guide. ('vast-capabilities' shows live state only, not the guide.)
Welcome to vast.ai. If authentication fails, try again after a few seconds, and double check your ssh key.
Have fun!
AI agents: READ /etc/vast-agents-guide.md (also linked as ./AGENTS.md) before acting on or describing this instance: it is the operating guide. ('vast-capabilities' shows live state only, not the guide.)
rsync: [generator] failed to set times on "/tmp/galaxy_srv_disk00/pengchx3/rebuttal_nt/box_r13_backup/live/wandb/offline-run-20260630_234636-x13b081n/logs/debug-core.log": No such file or directory (2)
rsync: [generator] failed to set times on "/tmp/galaxy_srv_disk00/pengchx3/rebuttal_nt/box_r13_backup/live/wandb/offline-run-20260630_235013-efpuf9sb/logs/debug-core.log": No such file or directory (2)
rsync: [generator] failed to set times on "/tmp/galaxy_srv_disk00/pengchx3/rebuttal_nt/box_r13_backup/live/wandb/offline-run-20260630_235039-jls84eao/logs/debug-core.log": No such file or directory (2)
rsync: [generator] failed to set times on "/tmp/galaxy_srv_disk00/pengchx3/rebuttal_nt/box_r13_backup/live/wandb/offline-run-20260630_235104-ng8nx1x4/logs/debug-core.log": No such file or directory (2)
rsync: [generator] failed to set times on "/tmp/galaxy_srv_disk00/pengchx3/rebuttal_nt/box_r13_backup/live/wandb/offline-run-20260701_033444-5ajizoss/logs/debug-core.log": No such file or directory (2)
rsync: [generator] failed to set times on "/tmp/galaxy_srv_disk00/pengchx3/rebuttal_nt/box_r13_backup/live/wandb/offline-run-20260701_043646-5eu7lyg8/logs/debug-core.log": No such file or directory (2)
rsync: [generator] failed to set times on "/tmp/galaxy_srv_disk00/pengchx3/rebuttal_nt/box_r13_backup/live/wandb/offline-run-20260701_054550-vrqqodlv/logs/debug-core.log": No such file or directory (2)
rsync: [generator] failed to set times on "/tmp/galaxy_srv_disk00/pengchx3/rebuttal_nt/box_r13_backup/live/wandb/offline-run-20260701_074325-s3laey7g/logs/debug-core.log": No such file or directory (2)
rsync: [generator] failed to set times on "/tmp/galaxy_srv_disk00/pengchx3/rebuttal_nt/box_r13_backup/live/wandb/offline-run-20260701_093804-ieiy1udx/logs/debug-core.log": No such file or directory (2)
rsync: [generator] failed to set times on "/tmp/galaxy_srv_disk00/pengchx3/rebuttal_nt/box_r13_backup/live/wandb/offline-run-20260701_182201-to9kjqlt/logs/debug-core.log": No such file or directory (2)
rsync: [generator] failed to set times on "/tmp/galaxy_srv_disk00/pengchx3/rebuttal_nt/box_r13_backup/live/wandb/offline-run-20260701_193119-ufbc0knu/logs/debug-core.log": No such file or directory (2)
rsync: [generator] failed to set times on "/tmp/galaxy_srv_disk00/pengchx3/rebuttal_nt/box_r13_backup/live/wandb/offline-run-20260701_231443-zbce4w06/logs/debug-core.log": No such file or directory (2)
rsync: [generator] failed to set times on "/tmp/galaxy_srv_disk00/pengchx3/rebuttal_nt/box_r13_backup/live/wandb/offline-run-20260702_000543-fymgqobp/logs/debug-core.log": No such file or directory (2)
rsync error: some files/attrs were not transferred (see previous errors) (code 23) at main.c(1865) [generator=3.2.7]
Welcome to vast.ai. If authentication fails, try again after a few seconds, and double check your ssh key.
Have fun!
AI agents: READ /etc/vast-agents-guide.md (also linked as ./AGENTS.md) before acting on or describing this instance: it is the operating guide. ('vast-capabilities' shows live state only, not the guide.)
[Wed Jul  1 05:45:12 PM PDT 2026] pass done rc=0; csv=3 best_model_ckpts=13
Welcome to vast.ai. If authentication fails, try again after a few seconds, and double check your ssh key.
Have fun!
AI agents: READ /etc/vast-agents-guide.md (also linked as ./AGENTS.md) before acting on or describing this instance: it is the operating guide. ('vast-capabilities' shows live state only, not the guide.)
Welcome to vast.ai. If authentication fails, try again after a few seconds, and double check your ssh key.
Have fun!
AI agents: READ /etc/vast-agents-guide.md (also linked as ./AGENTS.md) before acting on or describing this instance: it is the operating guide. ('vast-capabilities' shows live state only, not the guide.)
Welcome to vast.ai. If authentication fails, try again after a few seconds, and double check your ssh key.
Have fun!
AI agents: READ /etc/vast-agents-guide.md (also linked as ./AGENTS.md) before acting on or describing this instance: it is the operating guide. ('vast-capabilities' shows live state only, not the guide.)
rsync: [generator] failed to set times on "/tmp/galaxy_srv_disk00/pengchx3/rebuttal_nt/box_r13_backup/live/wandb/offline-run-20260630_234636-x13b081n/logs/debug-core.log": No such file or directory (2)
rsync: [generator] failed to set times on "/tmp/galaxy_srv_disk00/pengchx3/rebuttal_nt/box_r13_backup/live/wandb/offline-run-20260630_235013-efpuf9sb/logs/debug-core.log": No such file or directory (2)
rsync: [generator] failed to set times on "/tmp/galaxy_srv_disk00/pengchx3/rebuttal_nt/box_r13_backup/live/wandb/offline-run-20260630_235039-jls84eao/logs/debug-core.log": No such file or directory (2)
rsync: [generator] failed to set times on "/tmp/galaxy_srv_disk00/pengchx3/rebuttal_nt/box_r13_backup/live/wandb/offline-run-20260630_235104-ng8nx1x4/logs/debug-core.log": No such file or directory (2)
rsync: [generator] failed to set times on "/tmp/galaxy_srv_disk00/pengchx3/rebuttal_nt/box_r13_backup/live/wandb/offline-run-20260701_033444-5ajizoss/logs/debug-core.log": No such file or directory (2)
rsync: [generator] failed to set times on "/tmp/galaxy_srv_disk00/pengchx3/rebuttal_nt/box_r13_backup/live/wandb/offline-run-20260701_043646-5eu7lyg8/logs/debug-core.log": No such file or directory (2)
rsync: [generator] failed to set times on "/tmp/galaxy_srv_disk00/pengchx3/rebuttal_nt/box_r13_backup/live/wandb/offline-run-20260701_054550-vrqqodlv/logs/debug-core.log": No such file or directory (2)
rsync: [generator] failed to set times on "/tmp/galaxy_srv_disk00/pengchx3/rebuttal_nt/box_r13_backup/live/wandb/offline-run-20260701_074325-s3laey7g/logs/debug-core.log": No such file or directory (2)
rsync: [generator] failed to set times on "/tmp/galaxy_srv_disk00/pengchx3/rebuttal_nt/box_r13_backup/live/wandb/offline-run-20260701_093804-ieiy1udx/logs/debug-core.log": No such file or directory (2)
rsync: [generator] failed to set times on "/tmp/galaxy_srv_disk00/pengchx3/rebuttal_nt/box_r13_backup/live/wandb/offline-run-20260701_182201-to9kjqlt/logs/debug-core.log": No such file or directory (2)
rsync: [generator] failed to set times on "/tmp/galaxy_srv_disk00/pengchx3/rebuttal_nt/box_r13_backup/live/wandb/offline-run-20260701_193119-ufbc0knu/logs/debug-core.log": No such file or directory (2)
rsync: [generator] failed to set times on "/tmp/galaxy_srv_disk00/pengchx3/rebuttal_nt/box_r13_backup/live/wandb/offline-run-20260701_231443-zbce4w06/logs/debug-core.log": No such file or directory (2)
rsync: [generator] failed to set times on "/tmp/galaxy_srv_disk00/pengchx3/rebuttal_nt/box_r13_backup/live/wandb/offline-run-20260702_000543-fymgqobp/logs/debug-core.log": No such file or directory (2)
rsync error: some files/attrs were not transferred (see previous errors) (code 23) at main.c(1865) [generator=3.2.7]
Welcome to vast.ai. If authentication fails, try again after a few seconds, and double check your ssh key.
Have fun!
AI agents: READ /etc/vast-agents-guide.md (also linked as ./AGENTS.md) before acting on or describing this instance: it is the operating guide. ('vast-capabilities' shows live state only, not the guide.)
[Wed Jul  1 05:55:40 PM PDT 2026] pass done rc=0; csv=3 best_model_ckpts=13
Welcome to vast.ai. If authentication fails, try again after a few seconds, and double check your ssh key.
Have fun!
AI agents: READ /etc/vast-agents-guide.md (also linked as ./AGENTS.md) before acting on or describing this instance: it is the operating guide. ('vast-capabilities' shows live state only, not the guide.)
Welcome to vast.ai. If authentication fails, try again after a few seconds, and double check your ssh key.
Have fun!
AI agents: READ /etc/vast-agents-guide.md (also linked as ./AGENTS.md) before acting on or describing this instance: it is the operating guide. ('vast-capabilities' shows live state only, not the guide.)
Welcome to vast.ai. If authentication fails, try again after a few seconds, and double check your ssh key.
Have fun!
AI agents: READ /etc/vast-agents-guide.md (also linked as ./AGENTS.md) before acting on or describing this instance: it is the operating guide. ('vast-capabilities' shows live state only, not the guide.)
rsync: [generator] failed to set times on "/tmp/galaxy_srv_disk00/pengchx3/rebuttal_nt/box_r13_backup/live/wandb/offline-run-20260630_234636-x13b081n/logs/debug-core.log": No such file or directory (2)
rsync: [generator] failed to set times on "/tmp/galaxy_srv_disk00/pengchx3/rebuttal_nt/box_r13_backup/live/wandb/offline-run-20260630_235013-efpuf9sb/logs/debug-core.log": No such file or directory (2)
rsync: [generator] failed to set times on "/tmp/galaxy_srv_disk00/pengchx3/rebuttal_nt/box_r13_backup/live/wandb/offline-run-20260630_235039-jls84eao/logs/debug-core.log": No such file or directory (2)
rsync: [generator] failed to set times on "/tmp/galaxy_srv_disk00/pengchx3/rebuttal_nt/box_r13_backup/live/wandb/offline-run-20260630_235104-ng8nx1x4/logs/debug-core.log": No such file or directory (2)
rsync: [generator] failed to set times on "/tmp/galaxy_srv_disk00/pengchx3/rebuttal_nt/box_r13_backup/live/wandb/offline-run-20260701_033444-5ajizoss/logs/debug-core.log": No such file or directory (2)
rsync: [generator] failed to set times on "/tmp/galaxy_srv_disk00/pengchx3/rebuttal_nt/box_r13_backup/live/wandb/offline-run-20260701_043646-5eu7lyg8/logs/debug-core.log": No such file or directory (2)
rsync: [generator] failed to set times on "/tmp/galaxy_srv_disk00/pengchx3/rebuttal_nt/box_r13_backup/live/wandb/offline-run-20260701_054550-vrqqodlv/logs/debug-core.log": No such file or directory (2)
rsync: [generator] failed to set times on "/tmp/galaxy_srv_disk00/pengchx3/rebuttal_nt/box_r13_backup/live/wandb/offline-run-20260701_074325-s3laey7g/logs/debug-core.log": No such file or directory (2)
rsync: [generator] failed to set times on "/tmp/galaxy_srv_disk00/pengchx3/rebuttal_nt/box_r13_backup/live/wandb/offline-run-20260701_093804-ieiy1udx/logs/debug-core.log": No such file or directory (2)
rsync: [generator] failed to set times on "/tmp/galaxy_srv_disk00/pengchx3/rebuttal_nt/box_r13_backup/live/wandb/offline-run-20260701_182201-to9kjqlt/logs/debug-core.log": No such file or directory (2)
rsync: [generator] failed to set times on "/tmp/galaxy_srv_disk00/pengchx3/rebuttal_nt/box_r13_backup/live/wandb/offline-run-20260701_193119-ufbc0knu/logs/debug-core.log": No such file or directory (2)
rsync: [generator] failed to set times on "/tmp/galaxy_srv_disk00/pengchx3/rebuttal_nt/box_r13_backup/live/wandb/offline-run-20260701_231443-zbce4w06/logs/debug-core.log": No such file or directory (2)
rsync: [generator] failed to set times on "/tmp/galaxy_srv_disk00/pengchx3/rebuttal_nt/box_r13_backup/live/wandb/offline-run-20260702_000543-fymgqobp/logs/debug-core.log": No such file or directory (2)
rsync error: some files/attrs were not transferred (see previous errors) (code 23) at main.c(1865) [generator=3.2.7]
Welcome to vast.ai. If authentication fails, try again after a few seconds, and double check your ssh key.
Have fun!
AI agents: READ /etc/vast-agents-guide.md (also linked as ./AGENTS.md) before acting on or describing this instance: it is the operating guide. ('vast-capabilities' shows live state only, not the guide.)
[Wed Jul  1 06:06:12 PM PDT 2026] pass done rc=0; csv=3 best_model_ckpts=13
Welcome to vast.ai. If authentication fails, try again after a few seconds, and double check your ssh key.
Have fun!
AI agents: READ /etc/vast-agents-guide.md (also linked as ./AGENTS.md) before acting on or describing this instance: it is the operating guide. ('vast-capabilities' shows live state only, not the guide.)
Welcome to vast.ai. If authentication fails, try again after a few seconds, and double check your ssh key.
Have fun!
AI agents: READ /etc/vast-agents-guide.md (also linked as ./AGENTS.md) before acting on or describing this instance: it is the operating guide. ('vast-capabilities' shows live state only, not the guide.)
Welcome to vast.ai. If authentication fails, try again after a few seconds, and double check your ssh key.
Have fun!
AI agents: READ /etc/vast-agents-guide.md (also linked as ./AGENTS.md) before acting on or describing this instance: it is the operating guide. ('vast-capabilities' shows live state only, not the guide.)
rsync: [generator] failed to set times on "/tmp/galaxy_srv_disk00/pengchx3/rebuttal_nt/box_r13_backup/live/wandb/offline-run-20260630_234636-x13b081n/logs/debug-core.log": No such file or directory (2)
rsync: [generator] failed to set times on "/tmp/galaxy_srv_disk00/pengchx3/rebuttal_nt/box_r13_backup/live/wandb/offline-run-20260630_235013-efpuf9sb/logs/debug-core.log": No such file or directory (2)
rsync: [generator] failed to set times on "/tmp/galaxy_srv_disk00/pengchx3/rebuttal_nt/box_r13_backup/live/wandb/offline-run-20260630_235039-jls84eao/logs/debug-core.log": No such file or directory (2)
rsync: [generator] failed to set times on "/tmp/galaxy_srv_disk00/pengchx3/rebuttal_nt/box_r13_backup/live/wandb/offline-run-20260630_235104-ng8nx1x4/logs/debug-core.log": No such file or directory (2)
rsync: [generator] failed to set times on "/tmp/galaxy_srv_disk00/pengchx3/rebuttal_nt/box_r13_backup/live/wandb/offline-run-20260701_033444-5ajizoss/logs/debug-core.log": No such file or directory (2)
rsync: [generator] failed to set times on "/tmp/galaxy_srv_disk00/pengchx3/rebuttal_nt/box_r13_backup/live/wandb/offline-run-20260701_043646-5eu7lyg8/logs/debug-core.log": No such file or directory (2)
rsync: [generator] failed to set times on "/tmp/galaxy_srv_disk00/pengchx3/rebuttal_nt/box_r13_backup/live/wandb/offline-run-20260701_054550-vrqqodlv/logs/debug-core.log": No such file or directory (2)
rsync: [generator] failed to set times on "/tmp/galaxy_srv_disk00/pengchx3/rebuttal_nt/box_r13_backup/live/wandb/offline-run-20260701_074325-s3laey7g/logs/debug-core.log": No such file or directory (2)
rsync: [generator] failed to set times on "/tmp/galaxy_srv_disk00/pengchx3/rebuttal_nt/box_r13_backup/live/wandb/offline-run-20260701_093804-ieiy1udx/logs/debug-core.log": No such file or directory (2)
rsync: [generator] failed to set times on "/tmp/galaxy_srv_disk00/pengchx3/rebuttal_nt/box_r13_backup/live/wandb/offline-run-20260701_182201-to9kjqlt/logs/debug-core.log": No such file or directory (2)
rsync: [generator] failed to set times on "/tmp/galaxy_srv_disk00/pengchx3/rebuttal_nt/box_r13_backup/live/wandb/offline-run-20260701_193119-ufbc0knu/logs/debug-core.log": No such file or directory (2)
rsync: [generator] failed to set times on "/tmp/galaxy_srv_disk00/pengchx3/rebuttal_nt/box_r13_backup/live/wandb/offline-run-20260701_231443-zbce4w06/logs/debug-core.log": No such file or directory (2)
rsync: [generator] failed to set times on "/tmp/galaxy_srv_disk00/pengchx3/rebuttal_nt/box_r13_backup/live/wandb/offline-run-20260702_000543-fymgqobp/logs/debug-core.log": No such file or directory (2)
rsync error: some files/attrs were not transferred (see previous errors) (code 23) at main.c(1865) [generator=3.2.7]
Welcome to vast.ai. If authentication fails, try again after a few seconds, and double check your ssh key.
Have fun!
AI agents: READ /etc/vast-agents-guide.md (also linked as ./AGENTS.md) before acting on or describing this instance: it is the operating guide. ('vast-capabilities' shows live state only, not the guide.)
[Wed Jul  1 06:16:42 PM PDT 2026] pass done rc=0; csv=3 best_model_ckpts=13
Welcome to vast.ai. If authentication fails, try again after a few seconds, and double check your ssh key.
Have fun!
AI agents: READ /etc/vast-agents-guide.md (also linked as ./AGENTS.md) before acting on or describing this instance: it is the operating guide. ('vast-capabilities' shows live state only, not the guide.)
Welcome to vast.ai. If authentication fails, try again after a few seconds, and double check your ssh key.
Have fun!
AI agents: READ /etc/vast-agents-guide.md (also linked as ./AGENTS.md) before acting on or describing this instance: it is the operating guide. ('vast-capabilities' shows live state only, not the guide.)
Welcome to vast.ai. If authentication fails, try again after a few seconds, and double check your ssh key.
Have fun!
AI agents: READ /etc/vast-agents-guide.md (also linked as ./AGENTS.md) before acting on or describing this instance: it is the operating guide. ('vast-capabilities' shows live state only, not the guide.)
rsync: [generator] failed to set times on "/tmp/galaxy_srv_disk00/pengchx3/rebuttal_nt/box_r13_backup/live/wandb/offline-run-20260630_234636-x13b081n/logs/debug-core.log": No such file or directory (2)
rsync: [generator] failed to set times on "/tmp/galaxy_srv_disk00/pengchx3/rebuttal_nt/box_r13_backup/live/wandb/offline-run-20260630_235013-efpuf9sb/logs/debug-core.log": No such file or directory (2)
rsync: [generator] failed to set times on "/tmp/galaxy_srv_disk00/pengchx3/rebuttal_nt/box_r13_backup/live/wandb/offline-run-20260630_235039-jls84eao/logs/debug-core.log": No such file or directory (2)
rsync: [generator] failed to set times on "/tmp/galaxy_srv_disk00/pengchx3/rebuttal_nt/box_r13_backup/live/wandb/offline-run-20260630_235104-ng8nx1x4/logs/debug-core.log": No such file or directory (2)
rsync: [generator] failed to set times on "/tmp/galaxy_srv_disk00/pengchx3/rebuttal_nt/box_r13_backup/live/wandb/offline-run-20260701_033444-5ajizoss/logs/debug-core.log": No such file or directory (2)
rsync: [generator] failed to set times on "/tmp/galaxy_srv_disk00/pengchx3/rebuttal_nt/box_r13_backup/live/wandb/offline-run-20260701_043646-5eu7lyg8/logs/debug-core.log": No such file or directory (2)
rsync: [generator] failed to set times on "/tmp/galaxy_srv_disk00/pengchx3/rebuttal_nt/box_r13_backup/live/wandb/offline-run-20260701_054550-vrqqodlv/logs/debug-core.log": No such file or directory (2)
rsync: [generator] failed to set times on "/tmp/galaxy_srv_disk00/pengchx3/rebuttal_nt/box_r13_backup/live/wandb/offline-run-20260701_074325-s3laey7g/logs/debug-core.log": No such file or directory (2)
rsync: [generator] failed to set times on "/tmp/galaxy_srv_disk00/pengchx3/rebuttal_nt/box_r13_backup/live/wandb/offline-run-20260701_093804-ieiy1udx/logs/debug-core.log": No such file or directory (2)
rsync: [generator] failed to set times on "/tmp/galaxy_srv_disk00/pengchx3/rebuttal_nt/box_r13_backup/live/wandb/offline-run-20260701_182201-to9kjqlt/logs/debug-core.log": No such file or directory (2)
rsync: [generator] failed to set times on "/tmp/galaxy_srv_disk00/pengchx3/rebuttal_nt/box_r13_backup/live/wandb/offline-run-20260701_193119-ufbc0knu/logs/debug-core.log": No such file or directory (2)
rsync: [generator] failed to set times on "/tmp/galaxy_srv_disk00/pengchx3/rebuttal_nt/box_r13_backup/live/wandb/offline-run-20260701_231443-zbce4w06/logs/debug-core.log": No such file or directory (2)
rsync: [generator] failed to set times on "/tmp/galaxy_srv_disk00/pengchx3/rebuttal_nt/box_r13_backup/live/wandb/offline-run-20260702_000543-fymgqobp/logs/debug-core.log": No such file or directory (2)
rsync error: some files/attrs were not transferred (see previous errors) (code 23) at main.c(1865) [generator=3.2.7]
Welcome to vast.ai. If authentication fails, try again after a few seconds, and double check your ssh key.
Have fun!
AI agents: READ /etc/vast-agents-guide.md (also linked as ./AGENTS.md) before acting on or describing this instance: it is the operating guide. ('vast-capabilities' shows live state only, not the guide.)
[Wed Jul  1 06:27:04 PM PDT 2026] pass done rc=0; csv=3 best_model_ckpts=13
Welcome to vast.ai. If authentication fails, try again after a few seconds, and double check your ssh key.
Have fun!
AI agents: READ /etc/vast-agents-guide.md (also linked as ./AGENTS.md) before acting on or describing this instance: it is the operating guide. ('vast-capabilities' shows live state only, not the guide.)
Welcome to vast.ai. If authentication fails, try again after a few seconds, and double check your ssh key.
Have fun!
AI agents: READ /etc/vast-agents-guide.md (also linked as ./AGENTS.md) before acting on or describing this instance: it is the operating guide. ('vast-capabilities' shows live state only, not the guide.)
Welcome to vast.ai. If authentication fails, try again after a few seconds, and double check your ssh key.
Have fun!
AI agents: READ /etc/vast-agents-guide.md (also linked as ./AGENTS.md) before acting on or describing this instance: it is the operating guide. ('vast-capabilities' shows live state only, not the guide.)
rsync: [generator] failed to set times on "/tmp/galaxy_srv_disk00/pengchx3/rebuttal_nt/box_r13_backup/live/wandb/offline-run-20260630_234636-x13b081n/logs/debug-core.log": No such file or directory (2)
rsync: [generator] failed to set times on "/tmp/galaxy_srv_disk00/pengchx3/rebuttal_nt/box_r13_backup/live/wandb/offline-run-20260630_235013-efpuf9sb/logs/debug-core.log": No such file or directory (2)
rsync: [generator] failed to set times on "/tmp/galaxy_srv_disk00/pengchx3/rebuttal_nt/box_r13_backup/live/wandb/offline-run-20260630_235039-jls84eao/logs/debug-core.log": No such file or directory (2)
rsync: [generator] failed to set times on "/tmp/galaxy_srv_disk00/pengchx3/rebuttal_nt/box_r13_backup/live/wandb/offline-run-20260630_235104-ng8nx1x4/logs/debug-core.log": No such file or directory (2)
rsync: [generator] failed to set times on "/tmp/galaxy_srv_disk00/pengchx3/rebuttal_nt/box_r13_backup/live/wandb/offline-run-20260701_033444-5ajizoss/logs/debug-core.log": No such file or directory (2)
rsync: [generator] failed to set times on "/tmp/galaxy_srv_disk00/pengchx3/rebuttal_nt/box_r13_backup/live/wandb/offline-run-20260701_043646-5eu7lyg8/logs/debug-core.log": No such file or directory (2)
rsync: [generator] failed to set times on "/tmp/galaxy_srv_disk00/pengchx3/rebuttal_nt/box_r13_backup/live/wandb/offline-run-20260701_054550-vrqqodlv/logs/debug-core.log": No such file or directory (2)
rsync: [generator] failed to set times on "/tmp/galaxy_srv_disk00/pengchx3/rebuttal_nt/box_r13_backup/live/wandb/offline-run-20260701_074325-s3laey7g/logs/debug-core.log": No such file or directory (2)
rsync: [generator] failed to set times on "/tmp/galaxy_srv_disk00/pengchx3/rebuttal_nt/box_r13_backup/live/wandb/offline-run-20260701_093804-ieiy1udx/logs/debug-core.log": No such file or directory (2)
rsync: [generator] failed to set times on "/tmp/galaxy_srv_disk00/pengchx3/rebuttal_nt/box_r13_backup/live/wandb/offline-run-20260701_182201-to9kjqlt/logs/debug-core.log": No such file or directory (2)
rsync: [generator] failed to set times on "/tmp/galaxy_srv_disk00/pengchx3/rebuttal_nt/box_r13_backup/live/wandb/offline-run-20260701_193119-ufbc0knu/logs/debug-core.log": No such file or directory (2)
rsync: [generator] failed to set times on "/tmp/galaxy_srv_disk00/pengchx3/rebuttal_nt/box_r13_backup/live/wandb/offline-run-20260701_231443-zbce4w06/logs/debug-core.log": No such file or directory (2)
rsync: [generator] failed to set times on "/tmp/galaxy_srv_disk00/pengchx3/rebuttal_nt/box_r13_backup/live/wandb/offline-run-20260702_000543-fymgqobp/logs/debug-core.log": No such file or directory (2)
rsync error: some files/attrs were not transferred (see previous errors) (code 23) at main.c(1865) [generator=3.2.7]
Welcome to vast.ai. If authentication fails, try again after a few seconds, and double check your ssh key.
Have fun!
AI agents: READ /etc/vast-agents-guide.md (also linked as ./AGENTS.md) before acting on or describing this instance: it is the operating guide. ('vast-capabilities' shows live state only, not the guide.)
[Wed Jul  1 06:37:26 PM PDT 2026] pass done rc=0; csv=3 best_model_ckpts=13
Welcome to vast.ai. If authentication fails, try again after a few seconds, and double check your ssh key.
Have fun!
AI agents: READ /etc/vast-agents-guide.md (also linked as ./AGENTS.md) before acting on or describing this instance: it is the operating guide. ('vast-capabilities' shows live state only, not the guide.)
Welcome to vast.ai. If authentication fails, try again after a few seconds, and double check your ssh key.
Have fun!
AI agents: READ /etc/vast-agents-guide.md (also linked as ./AGENTS.md) before acting on or describing this instance: it is the operating guide. ('vast-capabilities' shows live state only, not the guide.)
Welcome to vast.ai. If authentication fails, try again after a few seconds, and double check your ssh key.
Have fun!
AI agents: READ /etc/vast-agents-guide.md (also linked as ./AGENTS.md) before acting on or describing this instance: it is the operating guide. ('vast-capabilities' shows live state only, not the guide.)
rsync: [generator] failed to set times on "/tmp/galaxy_srv_disk00/pengchx3/rebuttal_nt/box_r13_backup/live/wandb/offline-run-20260630_234636-x13b081n/logs/debug-core.log": No such file or directory (2)
rsync: [generator] failed to set times on "/tmp/galaxy_srv_disk00/pengchx3/rebuttal_nt/box_r13_backup/live/wandb/offline-run-20260630_235013-efpuf9sb/logs/debug-core.log": No such file or directory (2)
rsync: [generator] failed to set times on "/tmp/galaxy_srv_disk00/pengchx3/rebuttal_nt/box_r13_backup/live/wandb/offline-run-20260630_235039-jls84eao/logs/debug-core.log": No such file or directory (2)
rsync: [generator] failed to set times on "/tmp/galaxy_srv_disk00/pengchx3/rebuttal_nt/box_r13_backup/live/wandb/offline-run-20260630_235104-ng8nx1x4/logs/debug-core.log": No such file or directory (2)
rsync: [generator] failed to set times on "/tmp/galaxy_srv_disk00/pengchx3/rebuttal_nt/box_r13_backup/live/wandb/offline-run-20260701_033444-5ajizoss/logs/debug-core.log": No such file or directory (2)
rsync: [generator] failed to set times on "/tmp/galaxy_srv_disk00/pengchx3/rebuttal_nt/box_r13_backup/live/wandb/offline-run-20260701_043646-5eu7lyg8/logs/debug-core.log": No such file or directory (2)
rsync: [generator] failed to set times on "/tmp/galaxy_srv_disk00/pengchx3/rebuttal_nt/box_r13_backup/live/wandb/offline-run-20260701_054550-vrqqodlv/logs/debug-core.log": No such file or directory (2)
rsync: [generator] failed to set times on "/tmp/galaxy_srv_disk00/pengchx3/rebuttal_nt/box_r13_backup/live/wandb/offline-run-20260701_074325-s3laey7g/logs/debug-core.log": No such file or directory (2)
rsync: [generator] failed to set times on "/tmp/galaxy_srv_disk00/pengchx3/rebuttal_nt/box_r13_backup/live/wandb/offline-run-20260701_093804-ieiy1udx/logs/debug-core.log": No such file or directory (2)
rsync: [generator] failed to set times on "/tmp/galaxy_srv_disk00/pengchx3/rebuttal_nt/box_r13_backup/live/wandb/offline-run-20260701_182201-to9kjqlt/logs/debug-core.log": No such file or directory (2)
rsync: [generator] failed to set times on "/tmp/galaxy_srv_disk00/pengchx3/rebuttal_nt/box_r13_backup/live/wandb/offline-run-20260701_193119-ufbc0knu/logs/debug-core.log": No such file or directory (2)
rsync: [generator] failed to set times on "/tmp/galaxy_srv_disk00/pengchx3/rebuttal_nt/box_r13_backup/live/wandb/offline-run-20260701_231443-zbce4w06/logs/debug-core.log": No such file or directory (2)
rsync: [generator] failed to set times on "/tmp/galaxy_srv_disk00/pengchx3/rebuttal_nt/box_r13_backup/live/wandb/offline-run-20260702_000543-fymgqobp/logs/debug-core.log": No such file or directory (2)
rsync error: some files/attrs were not transferred (see previous errors) (code 23) at main.c(1865) [generator=3.2.7]
Welcome to vast.ai. If authentication fails, try again after a few seconds, and double check your ssh key.
Have fun!
AI agents: READ /etc/vast-agents-guide.md (also linked as ./AGENTS.md) before acting on or describing this instance: it is the operating guide. ('vast-capabilities' shows live state only, not the guide.)
[Wed Jul  1 06:47:48 PM PDT 2026] pass done rc=0; csv=3 best_model_ckpts=13
Welcome to vast.ai. If authentication fails, try again after a few seconds, and double check your ssh key.
Have fun!
AI agents: READ /etc/vast-agents-guide.md (also linked as ./AGENTS.md) before acting on or describing this instance: it is the operating guide. ('vast-capabilities' shows live state only, not the guide.)
Welcome to vast.ai. If authentication fails, try again after a few seconds, and double check your ssh key.
Have fun!
AI agents: READ /etc/vast-agents-guide.md (also linked as ./AGENTS.md) before acting on or describing this instance: it is the operating guide. ('vast-capabilities' shows live state only, not the guide.)
Welcome to vast.ai. If authentication fails, try again after a few seconds, and double check your ssh key.
Have fun!
AI agents: READ /etc/vast-agents-guide.md (also linked as ./AGENTS.md) before acting on or describing this instance: it is the operating guide. ('vast-capabilities' shows live state only, not the guide.)
rsync: [generator] failed to set times on "/tmp/galaxy_srv_disk00/pengchx3/rebuttal_nt/box_r13_backup/live/wandb/offline-run-20260630_234636-x13b081n/logs/debug-core.log": No such file or directory (2)
rsync: [generator] failed to set times on "/tmp/galaxy_srv_disk00/pengchx3/rebuttal_nt/box_r13_backup/live/wandb/offline-run-20260630_235013-efpuf9sb/logs/debug-core.log": No such file or directory (2)
rsync: [generator] failed to set times on "/tmp/galaxy_srv_disk00/pengchx3/rebuttal_nt/box_r13_backup/live/wandb/offline-run-20260630_235039-jls84eao/logs/debug-core.log": No such file or directory (2)
rsync: [generator] failed to set times on "/tmp/galaxy_srv_disk00/pengchx3/rebuttal_nt/box_r13_backup/live/wandb/offline-run-20260630_235104-ng8nx1x4/logs/debug-core.log": No such file or directory (2)
rsync: [generator] failed to set times on "/tmp/galaxy_srv_disk00/pengchx3/rebuttal_nt/box_r13_backup/live/wandb/offline-run-20260701_033444-5ajizoss/logs/debug-core.log": No such file or directory (2)
rsync: [generator] failed to set times on "/tmp/galaxy_srv_disk00/pengchx3/rebuttal_nt/box_r13_backup/live/wandb/offline-run-20260701_043646-5eu7lyg8/logs/debug-core.log": No such file or directory (2)
rsync: [generator] failed to set times on "/tmp/galaxy_srv_disk00/pengchx3/rebuttal_nt/box_r13_backup/live/wandb/offline-run-20260701_054550-vrqqodlv/logs/debug-core.log": No such file or directory (2)
rsync: [generator] failed to set times on "/tmp/galaxy_srv_disk00/pengchx3/rebuttal_nt/box_r13_backup/live/wandb/offline-run-20260701_074325-s3laey7g/logs/debug-core.log": No such file or directory (2)
rsync: [generator] failed to set times on "/tmp/galaxy_srv_disk00/pengchx3/rebuttal_nt/box_r13_backup/live/wandb/offline-run-20260701_093804-ieiy1udx/logs/debug-core.log": No such file or directory (2)
rsync: [generator] failed to set times on "/tmp/galaxy_srv_disk00/pengchx3/rebuttal_nt/box_r13_backup/live/wandb/offline-run-20260701_182201-to9kjqlt/logs/debug-core.log": No such file or directory (2)
rsync: [generator] failed to set times on "/tmp/galaxy_srv_disk00/pengchx3/rebuttal_nt/box_r13_backup/live/wandb/offline-run-20260701_193119-ufbc0knu/logs/debug-core.log": No such file or directory (2)
rsync: [generator] failed to set times on "/tmp/galaxy_srv_disk00/pengchx3/rebuttal_nt/box_r13_backup/live/wandb/offline-run-20260701_231443-zbce4w06/logs/debug-core.log": No such file or directory (2)
rsync: [generator] failed to set times on "/tmp/galaxy_srv_disk00/pengchx3/rebuttal_nt/box_r13_backup/live/wandb/offline-run-20260702_000543-fymgqobp/logs/debug-core.log": No such file or directory (2)
rsync error: some files/attrs were not transferred (see previous errors) (code 23) at main.c(1865) [generator=3.2.7]
Welcome to vast.ai. If authentication fails, try again after a few seconds, and double check your ssh key.
Have fun!
AI agents: READ /etc/vast-agents-guide.md (also linked as ./AGENTS.md) before acting on or describing this instance: it is the operating guide. ('vast-capabilities' shows live state only, not the guide.)
[Wed Jul  1 06:58:09 PM PDT 2026] pass done rc=0; csv=3 best_model_ckpts=13
Welcome to vast.ai. If authentication fails, try again after a few seconds, and double check your ssh key.
Have fun!
AI agents: READ /etc/vast-agents-guide.md (also linked as ./AGENTS.md) before acting on or describing this instance: it is the operating guide. ('vast-capabilities' shows live state only, not the guide.)
Welcome to vast.ai. If authentication fails, try again after a few seconds, and double check your ssh key.
Have fun!
AI agents: READ /etc/vast-agents-guide.md (also linked as ./AGENTS.md) before acting on or describing this instance: it is the operating guide. ('vast-capabilities' shows live state only, not the guide.)
Welcome to vast.ai. If authentication fails, try again after a few seconds, and double check your ssh key.
Have fun!
AI agents: READ /etc/vast-agents-guide.md (also linked as ./AGENTS.md) before acting on or describing this instance: it is the operating guide. ('vast-capabilities' shows live state only, not the guide.)
rsync: [generator] failed to set times on "/tmp/galaxy_srv_disk00/pengchx3/rebuttal_nt/box_r13_backup/live/wandb/offline-run-20260630_234636-x13b081n/logs/debug-core.log": No such file or directory (2)
rsync: [generator] failed to set times on "/tmp/galaxy_srv_disk00/pengchx3/rebuttal_nt/box_r13_backup/live/wandb/offline-run-20260630_235013-efpuf9sb/logs/debug-core.log": No such file or directory (2)
rsync: [generator] failed to set times on "/tmp/galaxy_srv_disk00/pengchx3/rebuttal_nt/box_r13_backup/live/wandb/offline-run-20260630_235039-jls84eao/logs/debug-core.log": No such file or directory (2)
rsync: [generator] failed to set times on "/tmp/galaxy_srv_disk00/pengchx3/rebuttal_nt/box_r13_backup/live/wandb/offline-run-20260630_235104-ng8nx1x4/logs/debug-core.log": No such file or directory (2)
rsync: [generator] failed to set times on "/tmp/galaxy_srv_disk00/pengchx3/rebuttal_nt/box_r13_backup/live/wandb/offline-run-20260701_033444-5ajizoss/logs/debug-core.log": No such file or directory (2)
rsync: [generator] failed to set times on "/tmp/galaxy_srv_disk00/pengchx3/rebuttal_nt/box_r13_backup/live/wandb/offline-run-20260701_043646-5eu7lyg8/logs/debug-core.log": No such file or directory (2)
rsync: [generator] failed to set times on "/tmp/galaxy_srv_disk00/pengchx3/rebuttal_nt/box_r13_backup/live/wandb/offline-run-20260701_054550-vrqqodlv/logs/debug-core.log": No such file or directory (2)
rsync: [generator] failed to set times on "/tmp/galaxy_srv_disk00/pengchx3/rebuttal_nt/box_r13_backup/live/wandb/offline-run-20260701_074325-s3laey7g/logs/debug-core.log": No such file or directory (2)
rsync: [generator] failed to set times on "/tmp/galaxy_srv_disk00/pengchx3/rebuttal_nt/box_r13_backup/live/wandb/offline-run-20260701_093804-ieiy1udx/logs/debug-core.log": No such file or directory (2)
rsync: [generator] failed to set times on "/tmp/galaxy_srv_disk00/pengchx3/rebuttal_nt/box_r13_backup/live/wandb/offline-run-20260701_182201-to9kjqlt/logs/debug-core.log": No such file or directory (2)
rsync: [generator] failed to set times on "/tmp/galaxy_srv_disk00/pengchx3/rebuttal_nt/box_r13_backup/live/wandb/offline-run-20260701_193119-ufbc0knu/logs/debug-core.log": No such file or directory (2)
rsync: [generator] failed to set times on "/tmp/galaxy_srv_disk00/pengchx3/rebuttal_nt/box_r13_backup/live/wandb/offline-run-20260701_231443-zbce4w06/logs/debug-core.log": No such file or directory (2)
rsync: [generator] failed to set times on "/tmp/galaxy_srv_disk00/pengchx3/rebuttal_nt/box_r13_backup/live/wandb/offline-run-20260702_000543-fymgqobp/logs/debug-core.log": No such file or directory (2)
rsync error: some files/attrs were not transferred (see previous errors) (code 23) at main.c(1865) [generator=3.2.7]
Welcome to vast.ai. If authentication fails, try again after a few seconds, and double check your ssh key.
Have fun!
AI agents: READ /etc/vast-agents-guide.md (also linked as ./AGENTS.md) before acting on or describing this instance: it is the operating guide. ('vast-capabilities' shows live state only, not the guide.)
[Wed Jul  1 07:08:31 PM PDT 2026] pass done rc=0; csv=3 best_model_ckpts=13
Welcome to vast.ai. If authentication fails, try again after a few seconds, and double check your ssh key.
Have fun!
AI agents: READ /etc/vast-agents-guide.md (also linked as ./AGENTS.md) before acting on or describing this instance: it is the operating guide. ('vast-capabilities' shows live state only, not the guide.)
Welcome to vast.ai. If authentication fails, try again after a few seconds, and double check your ssh key.
Have fun!
AI agents: READ /etc/vast-agents-guide.md (also linked as ./AGENTS.md) before acting on or describing this instance: it is the operating guide. ('vast-capabilities' shows live state only, not the guide.)
Welcome to vast.ai. If authentication fails, try again after a few seconds, and double check your ssh key.
Have fun!
AI agents: READ /etc/vast-agents-guide.md (also linked as ./AGENTS.md) before acting on or describing this instance: it is the operating guide. ('vast-capabilities' shows live state only, not the guide.)
rsync: [generator] failed to set times on "/tmp/galaxy_srv_disk00/pengchx3/rebuttal_nt/box_r13_backup/live/wandb/offline-run-20260630_234636-x13b081n/logs/debug-core.log": No such file or directory (2)
rsync: [generator] failed to set times on "/tmp/galaxy_srv_disk00/pengchx3/rebuttal_nt/box_r13_backup/live/wandb/offline-run-20260630_235013-efpuf9sb/logs/debug-core.log": No such file or directory (2)
rsync: [generator] failed to set times on "/tmp/galaxy_srv_disk00/pengchx3/rebuttal_nt/box_r13_backup/live/wandb/offline-run-20260630_235039-jls84eao/logs/debug-core.log": No such file or directory (2)
rsync: [generator] failed to set times on "/tmp/galaxy_srv_disk00/pengchx3/rebuttal_nt/box_r13_backup/live/wandb/offline-run-20260630_235104-ng8nx1x4/logs/debug-core.log": No such file or directory (2)
rsync: [generator] failed to set times on "/tmp/galaxy_srv_disk00/pengchx3/rebuttal_nt/box_r13_backup/live/wandb/offline-run-20260701_033444-5ajizoss/logs/debug-core.log": No such file or directory (2)
rsync: [generator] failed to set times on "/tmp/galaxy_srv_disk00/pengchx3/rebuttal_nt/box_r13_backup/live/wandb/offline-run-20260701_043646-5eu7lyg8/logs/debug-core.log": No such file or directory (2)
rsync: [generator] failed to set times on "/tmp/galaxy_srv_disk00/pengchx3/rebuttal_nt/box_r13_backup/live/wandb/offline-run-20260701_054550-vrqqodlv/logs/debug-core.log": No such file or directory (2)
rsync: [generator] failed to set times on "/tmp/galaxy_srv_disk00/pengchx3/rebuttal_nt/box_r13_backup/live/wandb/offline-run-20260701_074325-s3laey7g/logs/debug-core.log": No such file or directory (2)
rsync: [generator] failed to set times on "/tmp/galaxy_srv_disk00/pengchx3/rebuttal_nt/box_r13_backup/live/wandb/offline-run-20260701_093804-ieiy1udx/logs/debug-core.log": No such file or directory (2)
rsync: [generator] failed to set times on "/tmp/galaxy_srv_disk00/pengchx3/rebuttal_nt/box_r13_backup/live/wandb/offline-run-20260701_182201-to9kjqlt/logs/debug-core.log": No such file or directory (2)
rsync: [generator] failed to set times on "/tmp/galaxy_srv_disk00/pengchx3/rebuttal_nt/box_r13_backup/live/wandb/offline-run-20260701_193119-ufbc0knu/logs/debug-core.log": No such file or directory (2)
rsync: [generator] failed to set times on "/tmp/galaxy_srv_disk00/pengchx3/rebuttal_nt/box_r13_backup/live/wandb/offline-run-20260701_231443-zbce4w06/logs/debug-core.log": No such file or directory (2)
rsync: [generator] failed to set times on "/tmp/galaxy_srv_disk00/pengchx3/rebuttal_nt/box_r13_backup/live/wandb/offline-run-20260702_000543-fymgqobp/logs/debug-core.log": No such file or directory (2)
rsync error: some files/attrs were not transferred (see previous errors) (code 23) at main.c(1865) [generator=3.2.7]
Welcome to vast.ai. If authentication fails, try again after a few seconds, and double check your ssh key.
Have fun!
AI agents: READ /etc/vast-agents-guide.md (also linked as ./AGENTS.md) before acting on or describing this instance: it is the operating guide. ('vast-capabilities' shows live state only, not the guide.)
[Wed Jul  1 07:18:53 PM PDT 2026] pass done rc=0; csv=3 best_model_ckpts=13
Welcome to vast.ai. If authentication fails, try again after a few seconds, and double check your ssh key.
Have fun!
AI agents: READ /etc/vast-agents-guide.md (also linked as ./AGENTS.md) before acting on or describing this instance: it is the operating guide. ('vast-capabilities' shows live state only, not the guide.)
Welcome to vast.ai. If authentication fails, try again after a few seconds, and double check your ssh key.
Have fun!
AI agents: READ /etc/vast-agents-guide.md (also linked as ./AGENTS.md) before acting on or describing this instance: it is the operating guide. ('vast-capabilities' shows live state only, not the guide.)
Welcome to vast.ai. If authentication fails, try again after a few seconds, and double check your ssh key.
Have fun!
AI agents: READ /etc/vast-agents-guide.md (also linked as ./AGENTS.md) before acting on or describing this instance: it is the operating guide. ('vast-capabilities' shows live state only, not the guide.)
rsync: [generator] failed to set times on "/tmp/galaxy_srv_disk00/pengchx3/rebuttal_nt/box_r13_backup/live/wandb/offline-run-20260630_234636-x13b081n/logs/debug-core.log": No such file or directory (2)
rsync: [generator] failed to set times on "/tmp/galaxy_srv_disk00/pengchx3/rebuttal_nt/box_r13_backup/live/wandb/offline-run-20260630_235013-efpuf9sb/logs/debug-core.log": No such file or directory (2)
rsync: [generator] failed to set times on "/tmp/galaxy_srv_disk00/pengchx3/rebuttal_nt/box_r13_backup/live/wandb/offline-run-20260630_235039-jls84eao/logs/debug-core.log": No such file or directory (2)
rsync: [generator] failed to set times on "/tmp/galaxy_srv_disk00/pengchx3/rebuttal_nt/box_r13_backup/live/wandb/offline-run-20260630_235104-ng8nx1x4/logs/debug-core.log": No such file or directory (2)
rsync: [generator] failed to set times on "/tmp/galaxy_srv_disk00/pengchx3/rebuttal_nt/box_r13_backup/live/wandb/offline-run-20260701_033444-5ajizoss/logs/debug-core.log": No such file or directory (2)
rsync: [generator] failed to set times on "/tmp/galaxy_srv_disk00/pengchx3/rebuttal_nt/box_r13_backup/live/wandb/offline-run-20260701_043646-5eu7lyg8/logs/debug-core.log": No such file or directory (2)
rsync: [generator] failed to set times on "/tmp/galaxy_srv_disk00/pengchx3/rebuttal_nt/box_r13_backup/live/wandb/offline-run-20260701_054550-vrqqodlv/logs/debug-core.log": No such file or directory (2)
rsync: [generator] failed to set times on "/tmp/galaxy_srv_disk00/pengchx3/rebuttal_nt/box_r13_backup/live/wandb/offline-run-20260701_074325-s3laey7g/logs/debug-core.log": No such file or directory (2)
rsync: [generator] failed to set times on "/tmp/galaxy_srv_disk00/pengchx3/rebuttal_nt/box_r13_backup/live/wandb/offline-run-20260701_093804-ieiy1udx/logs/debug-core.log": No such file or directory (2)
rsync: [generator] failed to set times on "/tmp/galaxy_srv_disk00/pengchx3/rebuttal_nt/box_r13_backup/live/wandb/offline-run-20260701_182201-to9kjqlt/logs/debug-core.log": No such file or directory (2)
rsync: [generator] failed to set times on "/tmp/galaxy_srv_disk00/pengchx3/rebuttal_nt/box_r13_backup/live/wandb/offline-run-20260701_193119-ufbc0knu/logs/debug-core.log": No such file or directory (2)
rsync: [generator] failed to set times on "/tmp/galaxy_srv_disk00/pengchx3/rebuttal_nt/box_r13_backup/live/wandb/offline-run-20260701_231443-zbce4w06/logs/debug-core.log": No such file or directory (2)
rsync: [generator] failed to set times on "/tmp/galaxy_srv_disk00/pengchx3/rebuttal_nt/box_r13_backup/live/wandb/offline-run-20260702_000543-fymgqobp/logs/debug-core.log": No such file or directory (2)
rsync error: some files/attrs were not transferred (see previous errors) (code 23) at main.c(1865) [generator=3.2.7]
Welcome to vast.ai. If authentication fails, try again after a few seconds, and double check your ssh key.
Have fun!
AI agents: READ /etc/vast-agents-guide.md (also linked as ./AGENTS.md) before acting on or describing this instance: it is the operating guide. ('vast-capabilities' shows live state only, not the guide.)
[Wed Jul  1 07:29:15 PM PDT 2026] pass done rc=0; csv=3 best_model_ckpts=13
Welcome to vast.ai. If authentication fails, try again after a few seconds, and double check your ssh key.
Have fun!
AI agents: READ /etc/vast-agents-guide.md (also linked as ./AGENTS.md) before acting on or describing this instance: it is the operating guide. ('vast-capabilities' shows live state only, not the guide.)
Welcome to vast.ai. If authentication fails, try again after a few seconds, and double check your ssh key.
Have fun!
AI agents: READ /etc/vast-agents-guide.md (also linked as ./AGENTS.md) before acting on or describing this instance: it is the operating guide. ('vast-capabilities' shows live state only, not the guide.)
Welcome to vast.ai. If authentication fails, try again after a few seconds, and double check your ssh key.
Have fun!
AI agents: READ /etc/vast-agents-guide.md (also linked as ./AGENTS.md) before acting on or describing this instance: it is the operating guide. ('vast-capabilities' shows live state only, not the guide.)
rsync: [generator] failed to set times on "/tmp/galaxy_srv_disk00/pengchx3/rebuttal_nt/box_r13_backup/live/wandb/offline-run-20260630_234636-x13b081n/logs/debug-core.log": No such file or directory (2)
rsync: [generator] failed to set times on "/tmp/galaxy_srv_disk00/pengchx3/rebuttal_nt/box_r13_backup/live/wandb/offline-run-20260630_235013-efpuf9sb/logs/debug-core.log": No such file or directory (2)
rsync: [generator] failed to set times on "/tmp/galaxy_srv_disk00/pengchx3/rebuttal_nt/box_r13_backup/live/wandb/offline-run-20260630_235039-jls84eao/logs/debug-core.log": No such file or directory (2)
rsync: [generator] failed to set times on "/tmp/galaxy_srv_disk00/pengchx3/rebuttal_nt/box_r13_backup/live/wandb/offline-run-20260630_235104-ng8nx1x4/logs/debug-core.log": No such file or directory (2)
rsync: [generator] failed to set times on "/tmp/galaxy_srv_disk00/pengchx3/rebuttal_nt/box_r13_backup/live/wandb/offline-run-20260701_033444-5ajizoss/logs/debug-core.log": No such file or directory (2)
rsync: [generator] failed to set times on "/tmp/galaxy_srv_disk00/pengchx3/rebuttal_nt/box_r13_backup/live/wandb/offline-run-20260701_043646-5eu7lyg8/logs/debug-core.log": No such file or directory (2)
rsync: [generator] failed to set times on "/tmp/galaxy_srv_disk00/pengchx3/rebuttal_nt/box_r13_backup/live/wandb/offline-run-20260701_054550-vrqqodlv/logs/debug-core.log": No such file or directory (2)
rsync: [generator] failed to set times on "/tmp/galaxy_srv_disk00/pengchx3/rebuttal_nt/box_r13_backup/live/wandb/offline-run-20260701_074325-s3laey7g/logs/debug-core.log": No such file or directory (2)
rsync: [generator] failed to set times on "/tmp/galaxy_srv_disk00/pengchx3/rebuttal_nt/box_r13_backup/live/wandb/offline-run-20260701_093804-ieiy1udx/logs/debug-core.log": No such file or directory (2)
rsync: [generator] failed to set times on "/tmp/galaxy_srv_disk00/pengchx3/rebuttal_nt/box_r13_backup/live/wandb/offline-run-20260701_182201-to9kjqlt/logs/debug-core.log": No such file or directory (2)
rsync: [generator] failed to set times on "/tmp/galaxy_srv_disk00/pengchx3/rebuttal_nt/box_r13_backup/live/wandb/offline-run-20260701_193119-ufbc0knu/logs/debug-core.log": No such file or directory (2)
rsync: [generator] failed to set times on "/tmp/galaxy_srv_disk00/pengchx3/rebuttal_nt/box_r13_backup/live/wandb/offline-run-20260701_231443-zbce4w06/logs/debug-core.log": No such file or directory (2)
rsync: [generator] failed to set times on "/tmp/galaxy_srv_disk00/pengchx3/rebuttal_nt/box_r13_backup/live/wandb/offline-run-20260702_000543-fymgqobp/logs/debug-core.log": No such file or directory (2)
rsync error: some files/attrs were not transferred (see previous errors) (code 23) at main.c(1865) [generator=3.2.7]
Welcome to vast.ai. If authentication fails, try again after a few seconds, and double check your ssh key.
Have fun!
AI agents: READ /etc/vast-agents-guide.md (also linked as ./AGENTS.md) before acting on or describing this instance: it is the operating guide. ('vast-capabilities' shows live state only, not the guide.)
[Wed Jul  1 07:39:37 PM PDT 2026] pass done rc=0; csv=3 best_model_ckpts=13
Welcome to vast.ai. If authentication fails, try again after a few seconds, and double check your ssh key.
Have fun!
AI agents: READ /etc/vast-agents-guide.md (also linked as ./AGENTS.md) before acting on or describing this instance: it is the operating guide. ('vast-capabilities' shows live state only, not the guide.)
Welcome to vast.ai. If authentication fails, try again after a few seconds, and double check your ssh key.
Have fun!
AI agents: READ /etc/vast-agents-guide.md (also linked as ./AGENTS.md) before acting on or describing this instance: it is the operating guide. ('vast-capabilities' shows live state only, not the guide.)
Welcome to vast.ai. If authentication fails, try again after a few seconds, and double check your ssh key.
Have fun!
AI agents: READ /etc/vast-agents-guide.md (also linked as ./AGENTS.md) before acting on or describing this instance: it is the operating guide. ('vast-capabilities' shows live state only, not the guide.)
rsync: [generator] failed to set times on "/tmp/galaxy_srv_disk00/pengchx3/rebuttal_nt/box_r13_backup/live/wandb/offline-run-20260630_234636-x13b081n/logs/debug-core.log": No such file or directory (2)
rsync: [generator] failed to set times on "/tmp/galaxy_srv_disk00/pengchx3/rebuttal_nt/box_r13_backup/live/wandb/offline-run-20260630_235013-efpuf9sb/logs/debug-core.log": No such file or directory (2)
rsync: [generator] failed to set times on "/tmp/galaxy_srv_disk00/pengchx3/rebuttal_nt/box_r13_backup/live/wandb/offline-run-20260630_235039-jls84eao/logs/debug-core.log": No such file or directory (2)
rsync: [generator] failed to set times on "/tmp/galaxy_srv_disk00/pengchx3/rebuttal_nt/box_r13_backup/live/wandb/offline-run-20260630_235104-ng8nx1x4/logs/debug-core.log": No such file or directory (2)
rsync: [generator] failed to set times on "/tmp/galaxy_srv_disk00/pengchx3/rebuttal_nt/box_r13_backup/live/wandb/offline-run-20260701_033444-5ajizoss/logs/debug-core.log": No such file or directory (2)
rsync: [generator] failed to set times on "/tmp/galaxy_srv_disk00/pengchx3/rebuttal_nt/box_r13_backup/live/wandb/offline-run-20260701_043646-5eu7lyg8/logs/debug-core.log": No such file or directory (2)
rsync: [generator] failed to set times on "/tmp/galaxy_srv_disk00/pengchx3/rebuttal_nt/box_r13_backup/live/wandb/offline-run-20260701_054550-vrqqodlv/logs/debug-core.log": No such file or directory (2)
rsync: [generator] failed to set times on "/tmp/galaxy_srv_disk00/pengchx3/rebuttal_nt/box_r13_backup/live/wandb/offline-run-20260701_074325-s3laey7g/logs/debug-core.log": No such file or directory (2)
rsync: [generator] failed to set times on "/tmp/galaxy_srv_disk00/pengchx3/rebuttal_nt/box_r13_backup/live/wandb/offline-run-20260701_093804-ieiy1udx/logs/debug-core.log": No such file or directory (2)
rsync: [generator] failed to set times on "/tmp/galaxy_srv_disk00/pengchx3/rebuttal_nt/box_r13_backup/live/wandb/offline-run-20260701_182201-to9kjqlt/logs/debug-core.log": No such file or directory (2)
rsync: [generator] failed to set times on "/tmp/galaxy_srv_disk00/pengchx3/rebuttal_nt/box_r13_backup/live/wandb/offline-run-20260701_193119-ufbc0knu/logs/debug-core.log": No such file or directory (2)
rsync: [generator] failed to set times on "/tmp/galaxy_srv_disk00/pengchx3/rebuttal_nt/box_r13_backup/live/wandb/offline-run-20260701_231443-zbce4w06/logs/debug-core.log": No such file or directory (2)
rsync: [generator] failed to set times on "/tmp/galaxy_srv_disk00/pengchx3/rebuttal_nt/box_r13_backup/live/wandb/offline-run-20260702_000543-fymgqobp/logs/debug-core.log": No such file or directory (2)
rsync error: some files/attrs were not transferred (see previous errors) (code 23) at main.c(1865) [generator=3.2.7]
Welcome to vast.ai. If authentication fails, try again after a few seconds, and double check your ssh key.
Have fun!
AI agents: READ /etc/vast-agents-guide.md (also linked as ./AGENTS.md) before acting on or describing this instance: it is the operating guide. ('vast-capabilities' shows live state only, not the guide.)
[Wed Jul  1 07:50:15 PM PDT 2026] pass done rc=0; csv=3 best_model_ckpts=13
Welcome to vast.ai. If authentication fails, try again after a few seconds, and double check your ssh key.
Have fun!
AI agents: READ /etc/vast-agents-guide.md (also linked as ./AGENTS.md) before acting on or describing this instance: it is the operating guide. ('vast-capabilities' shows live state only, not the guide.)
Welcome to vast.ai. If authentication fails, try again after a few seconds, and double check your ssh key.
Have fun!
AI agents: READ /etc/vast-agents-guide.md (also linked as ./AGENTS.md) before acting on or describing this instance: it is the operating guide. ('vast-capabilities' shows live state only, not the guide.)
Welcome to vast.ai. If authentication fails, try again after a few seconds, and double check your ssh key.
Have fun!
AI agents: READ /etc/vast-agents-guide.md (also linked as ./AGENTS.md) before acting on or describing this instance: it is the operating guide. ('vast-capabilities' shows live state only, not the guide.)
rsync: [generator] failed to set times on "/tmp/galaxy_srv_disk00/pengchx3/rebuttal_nt/box_r13_backup/live/wandb/offline-run-20260630_234636-x13b081n/logs/debug-core.log": No such file or directory (2)
rsync: [generator] failed to set times on "/tmp/galaxy_srv_disk00/pengchx3/rebuttal_nt/box_r13_backup/live/wandb/offline-run-20260630_235013-efpuf9sb/logs/debug-core.log": No such file or directory (2)
rsync: [generator] failed to set times on "/tmp/galaxy_srv_disk00/pengchx3/rebuttal_nt/box_r13_backup/live/wandb/offline-run-20260630_235039-jls84eao/logs/debug-core.log": No such file or directory (2)
rsync: [generator] failed to set times on "/tmp/galaxy_srv_disk00/pengchx3/rebuttal_nt/box_r13_backup/live/wandb/offline-run-20260630_235104-ng8nx1x4/logs/debug-core.log": No such file or directory (2)
rsync: [generator] failed to set times on "/tmp/galaxy_srv_disk00/pengchx3/rebuttal_nt/box_r13_backup/live/wandb/offline-run-20260701_033444-5ajizoss/logs/debug-core.log": No such file or directory (2)
rsync: [generator] failed to set times on "/tmp/galaxy_srv_disk00/pengchx3/rebuttal_nt/box_r13_backup/live/wandb/offline-run-20260701_043646-5eu7lyg8/logs/debug-core.log": No such file or directory (2)
rsync: [generator] failed to set times on "/tmp/galaxy_srv_disk00/pengchx3/rebuttal_nt/box_r13_backup/live/wandb/offline-run-20260701_054550-vrqqodlv/logs/debug-core.log": No such file or directory (2)
rsync: [generator] failed to set times on "/tmp/galaxy_srv_disk00/pengchx3/rebuttal_nt/box_r13_backup/live/wandb/offline-run-20260701_074325-s3laey7g/logs/debug-core.log": No such file or directory (2)
rsync: [generator] failed to set times on "/tmp/galaxy_srv_disk00/pengchx3/rebuttal_nt/box_r13_backup/live/wandb/offline-run-20260701_093804-ieiy1udx/logs/debug-core.log": No such file or directory (2)
rsync: [generator] failed to set times on "/tmp/galaxy_srv_disk00/pengchx3/rebuttal_nt/box_r13_backup/live/wandb/offline-run-20260701_182201-to9kjqlt/logs/debug-core.log": No such file or directory (2)
rsync: [generator] failed to set times on "/tmp/galaxy_srv_disk00/pengchx3/rebuttal_nt/box_r13_backup/live/wandb/offline-run-20260701_193119-ufbc0knu/logs/debug-core.log": No such file or directory (2)
rsync: [generator] failed to set times on "/tmp/galaxy_srv_disk00/pengchx3/rebuttal_nt/box_r13_backup/live/wandb/offline-run-20260701_231443-zbce4w06/logs/debug-core.log": No such file or directory (2)
rsync: [generator] failed to set times on "/tmp/galaxy_srv_disk00/pengchx3/rebuttal_nt/box_r13_backup/live/wandb/offline-run-20260702_000543-fymgqobp/logs/debug-core.log": No such file or directory (2)
rsync error: some files/attrs were not transferred (see previous errors) (code 23) at main.c(1865) [generator=3.2.7]
Welcome to vast.ai. If authentication fails, try again after a few seconds, and double check your ssh key.
Have fun!
AI agents: READ /etc/vast-agents-guide.md (also linked as ./AGENTS.md) before acting on or describing this instance: it is the operating guide. ('vast-capabilities' shows live state only, not the guide.)
[Wed Jul  1 08:00:46 PM PDT 2026] pass done rc=0; csv=3 best_model_ckpts=13
