id,name,state,created_at,config.model_type,config.task_names,config.random_state,config.resume_epoch,config.slurm_config.mem,config.slurm_config.mode,config.slurm_config.setup,config.slurm_config.job_name,config.slurm_config.code_root,config.slurm_config.node_list,config.slurm_config.pack_code,config.slurm_config.partition,config.slurm_config.num_of_node,config.slurm_config.timeout_min,config.slurm_config.cpus_per_task,config.slurm_config.gpus_per_node,config.slurm_config.gpus_per_task,config.slurm_config.output_folder,config.slurm_config.tasks_per_node,config.slurm_config.use_packed_code,config.slurm_config.stderr_to_stdout,config.slurm_config.node_list_exclude,config.slurm_config.code_file_suffixes,config.slurm_config.output_parent_path,config.slurm_config.processes_per_task,config.slurm_config.use_distributed_env,config.slurm_config.distributed_env_task,config.slurm_config.exclude_code_folders,config.slurm_config.distributed_launch_command,config.dataset_config.data_path,config.dataset_config.task_name,config.dataset_config.dataset_name,config.dataset_config.random_state,config.student_config.hidden_dim,config.student_config.model_size,config.student_config.model_type,config.student_config.num_labels,config.student_config.teacher_hidden_size,config.student_config.teacher_projection_opt,config.teacher_config.is_lora,config.teacher_config.ckpt_path,config.teacher_config.merge_lora,config.teacher_config.num_labels,config.teacher_config.base_model_path,config.teacher_config.trust_remote_code,config.teacher_config.model_name_or_path,config.teacher_config.output_hidden_states,config.trainer_config.lr,config.trainer_config.device,config.trainer_config.epochs,config.trainer_config.max_len,config.trainer_config.batch_size,config.trainer_config.output_dir,config.trainer_config.num_workers,config.trainer_config.wandb_project,config.trainer_config.log_batch_every,config.trainer_config.eval_every_n_epochs,config.resume_checkpoint,config.teacher_parent_dir,config.distillation_config.zscore,config.distillation_config.dkd_beta,config.distillation_config.dkd_alpha,config.distillation_config.kl_method,config.distillation_config.weight_ce,config.distillation_config.weight_kl,config.distillation_config.weight_mse,config.distillation_config.temperature,config.distillation_config.distill_method,summary.best_test/f1,summary.best_test/mcc,summary.best_val_mcc,summary.epoch,summary.teacher/test_mcc,summary.test/f1,summary.test/mcc,summary.time/elapsed_s,summary.train/batch_loss,summary.train/ce,summary.train/epoch_loss,summary.train/kl,summary.train/loss,summary.train/mse,summary.val/f1,summary.val/mcc
88rock37,splice_sites_all/bpnet_original/vanilla/distill_methodvanilla_dkd_alpha1.0_dkd_beta8.0_kl_methodkl_temperature4.0_weight_ce0.5_weight_kl0.5_weight_mse0.0_zscoreFalse,finished,2026-01-09T02:35:13Z,nt,"[""splice_sites_all""]",24,0,64GB,slurm,[],test,.,voyager,True,zhanglab.p,1,9223372036854776000,4,,1,slurm,1,True,False,,"["".py"", "".sh"", "".yaml"", "".toml""]",/extra/zhanglab0/INDV/pengchx3/OmegaGenome_different_version/OmegaGenome_11_1_fix_ckpt/OmegaGenome//output/01082026/110723,1,False,torch,"[""wandb"", ""output"", ""output_original"", ""output_caduceus_hyperparam"", ""output_bpnet_medium"", ""output_logits_and_medium_debug"", ""outputs"", ""output_medium_debug_11_18"", ""output_enformer_hyper_12_07"", ""data"", ""datasets"", "".venv_caduceus"", "".venv"", "".git"", "".vscode"", ""uv.lock"", ""tests""]",,,splice_sites_all,InstaDeepAI/nucleotide_transformer_downstream_tasks_revised,42,,original,bpnet,2,,down,True,,True,3,InstaDeepAI/nucleotide-transformer-2.5b-multi-species,True,InstaDeepAI/nucleotide-transformer-2.5b-multi-species,True,0.0001,cuda,200,1000,16,/extra/zhanglab0/INDV/pengchx3/OmegaGenome_different_version/OmegaGenome_11_1_fix_ckpt/OmegaGenome//output/01082026/110723/method_comparison-seedset2/nt/vanilla,4,OmegaGenome-Method-Compariso-seedset2,50,5,,/extra/zhanglab0/INDV/pengchx3/OmegaGenome_different_version/OmegaGenome_11_1_fix_ckpt/OmegaGenome//data/finetuned_models/2b5-multi-species_nucleotide-transformer-finetune-results-lora-epoch20-10-17-revised-r32-fix-num-label,False,8,1,kl,0.5,0.5,0,4,vanilla,0.8856190668883719,0.8288539758990644,0.8465310817019894,200,0.96750038369879,0.8820409299097088,0.8244111952598103,2228.297549724579,0.5941509008407593,0.7511194944381714,0.16860133960569426,0.2185911238193512,0.5941509008407593,0,0.8962242679820243,0.8451543916854626
gruivvob,splice_sites_all/bpnet_original/vanilla/distill_methodvanilla_dkd_alpha1.0_dkd_beta8.0_kl_methodkl_temperature4.0_weight_ce0.5_weight_kl0.5_weight_mse0.0_zscoreFalse,finished,2026-01-09T02:35:13Z,nt,"[""splice_sites_all""]",321,0,64GB,slurm,[],test,.,voyager,True,zhanglab.p,1,9223372036854776000,4,,1,slurm,1,True,False,,"["".py"", "".sh"", "".yaml"", "".toml""]",/extra/zhanglab0/INDV/pengchx3/OmegaGenome_different_version/OmegaGenome_11_1_fix_ckpt/OmegaGenome//output/01082026/110723,1,False,torch,"[""wandb"", ""output"", ""output_original"", ""output_caduceus_hyperparam"", ""output_bpnet_medium"", ""output_logits_and_medium_debug"", ""outputs"", ""output_medium_debug_11_18"", ""output_enformer_hyper_12_07"", ""data"", ""datasets"", "".venv_caduceus"", "".venv"", "".git"", "".vscode"", ""uv.lock"", ""tests""]",,,splice_sites_all,InstaDeepAI/nucleotide_transformer_downstream_tasks_revised,42,,original,bpnet,2,,down,True,,True,3,InstaDeepAI/nucleotide-transformer-2.5b-multi-species,True,InstaDeepAI/nucleotide-transformer-2.5b-multi-species,True,0.0001,cuda,200,1000,16,/extra/zhanglab0/INDV/pengchx3/OmegaGenome_different_version/OmegaGenome_11_1_fix_ckpt/OmegaGenome//output/01082026/110723/method_comparison-seedset2/nt/vanilla,4,OmegaGenome-Method-Compariso-seedset2,50,5,,/extra/zhanglab0/INDV/pengchx3/OmegaGenome_different_version/OmegaGenome_11_1_fix_ckpt/OmegaGenome//data/finetuned_models/2b5-multi-species_nucleotide-transformer-finetune-results-lora-epoch20-10-17-revised-r32-fix-num-label,False,8,1,kl,0.5,0.5,0,4,vanilla,0.9446519091044436,0.917301614728508,0.9236555285356106,200,0.96750038369879,0.9423788378079778,0.9138132221939405,2241.40371799469,0.032969456166028976,0.00014212004316505045,0.06843107630458983,0.032898396253585815,0.032969456166028976,0,0.947100973355874,0.9211485380186596
6ufoq2l0,splice_sites_all/bpnet_original/vanilla/distill_methodvanilla_dkd_alpha1.0_dkd_beta8.0_kl_methodkl_temperature4.0_weight_ce0.5_weight_kl0.5_weight_mse0.0_zscoreFalse,finished,2026-01-09T02:35:15Z,nt,"[""splice_sites_all""]",654,0,64GB,slurm,[],test,.,voyager,True,zhanglab.p,1,9223372036854776000,4,,1,slurm,1,True,False,,"["".py"", "".sh"", "".yaml"", "".toml""]",/extra/zhanglab0/INDV/pengchx3/OmegaGenome_different_version/OmegaGenome_11_1_fix_ckpt/OmegaGenome//output/01082026/110723,1,False,torch,"[""wandb"", ""output"", ""output_original"", ""output_caduceus_hyperparam"", ""output_bpnet_medium"", ""output_logits_and_medium_debug"", ""outputs"", ""output_medium_debug_11_18"", ""output_enformer_hyper_12_07"", ""data"", ""datasets"", "".venv_caduceus"", "".venv"", "".git"", "".vscode"", ""uv.lock"", ""tests""]",,,splice_sites_all,InstaDeepAI/nucleotide_transformer_downstream_tasks_revised,42,,original,bpnet,2,,down,True,,True,3,InstaDeepAI/nucleotide-transformer-2.5b-multi-species,True,InstaDeepAI/nucleotide-transformer-2.5b-multi-species,True,0.0001,cuda,200,1000,16,/extra/zhanglab0/INDV/pengchx3/OmegaGenome_different_version/OmegaGenome_11_1_fix_ckpt/OmegaGenome//output/01082026/110723/method_comparison-seedset2/nt/vanilla,4,OmegaGenome-Method-Compariso-seedset2,50,5,,/extra/zhanglab0/INDV/pengchx3/OmegaGenome_different_version/OmegaGenome_11_1_fix_ckpt/OmegaGenome//data/finetuned_models/2b5-multi-species_nucleotide-transformer-finetune-results-lora-epoch20-10-17-revised-r32-fix-num-label,False,8,1,kl,0.5,0.5,0,4,vanilla,0.9119619983229118,0.8688492096141792,0.8952027234294537,200,0.96750038369879,0.9149235138386574,0.8742666929005941,2204.6052157878876,0.14419448375701904,0.00892383512109518,0.11768570903498872,0.13973256945610046,0.14419448375701904,0,0.9256558797177474,0.889107017071684
8e55tzi9,splice_sites_all/bpnet_original/logit_standard/distill_methodlogit_standard_dkd_alpha1.0_dkd_beta8.0_kl_methodkl_temperature2.0_weight_ce0.1_weight_kl0.95_weight_mse0.0_zscoreFalse,finished,2026-01-09T02:37:11Z,nt,"[""splice_sites_all""]",654,0,64GB,slurm,[],test,.,laniakea,True,zhanglab.p,1,9223372036854776000,4,,1,slurm,1,True,False,,"["".py"", "".sh"", "".yaml"", "".toml""]",/extra/zhanglab0/INDV/pengchx3/OmegaGenome_different_version/OmegaGenome_11_1_fix_ckpt/OmegaGenome//output/01082026/110723,1,False,torch,"[""wandb"", ""output"", ""output_original"", ""output_caduceus_hyperparam"", ""output_bpnet_medium"", ""output_logits_and_medium_debug"", ""outputs"", ""output_medium_debug_11_18"", ""output_enformer_hyper_12_07"", ""data"", ""datasets"", "".venv_caduceus"", "".venv"", "".git"", "".vscode"", ""uv.lock"", ""tests""]",,,splice_sites_all,InstaDeepAI/nucleotide_transformer_downstream_tasks_revised,42,,original,bpnet,2,,down,True,,True,3,InstaDeepAI/nucleotide-transformer-2.5b-multi-species,True,InstaDeepAI/nucleotide-transformer-2.5b-multi-species,True,0.0001,cuda,200,1000,16,/extra/zhanglab0/INDV/pengchx3/OmegaGenome_different_version/OmegaGenome_11_1_fix_ckpt/OmegaGenome//output/01082026/110723/method_comparison-seedset2/nt/logit_standard,4,OmegaGenome-Method-Compariso-seedset2,50,5,,/extra/zhanglab0/INDV/pengchx3/OmegaGenome_different_version/OmegaGenome_11_1_fix_ckpt/OmegaGenome//data/finetuned_models/2b5-multi-species_nucleotide-transformer-finetune-results-lora-epoch20-10-17-revised-r32-fix-num-label,False,8,1,kl,0.1,0.95,0,2,logit_standard,0.9015189996766044,0.8520497903130965,0.8670006941794948,200,0.96750038369879,0.8996117332135117,0.8485018091727176,5683.402856826782,0.02336958236992359,0.02171836420893669,0.00816265656361086,0.021197745576500893,0.02336958236992359,0,0.9057687005044752,0.8587374392632581
8lvb21q9,splice_sites_all/bpnet_original/vanilla/distill_methodvanilla_dkd_alpha1.0_dkd_beta8.0_kl_methodkl_temperature4.0_weight_ce0.5_weight_kl0.5_weight_mse0.0_zscoreFalse,finished,2026-01-09T02:37:11Z,nt,"[""splice_sites_all""]",987,0,64GB,slurm,[],test,.,laniakea,True,zhanglab.p,1,9223372036854776000,4,,1,slurm,1,True,False,,"["".py"", "".sh"", "".yaml"", "".toml""]",/extra/zhanglab0/INDV/pengchx3/OmegaGenome_different_version/OmegaGenome_11_1_fix_ckpt/OmegaGenome//output/01082026/110723,1,False,torch,"[""wandb"", ""output"", ""output_original"", ""output_caduceus_hyperparam"", ""output_bpnet_medium"", ""output_logits_and_medium_debug"", ""outputs"", ""output_medium_debug_11_18"", ""output_enformer_hyper_12_07"", ""data"", ""datasets"", "".venv_caduceus"", "".venv"", "".git"", "".vscode"", ""uv.lock"", ""tests""]",,,splice_sites_all,InstaDeepAI/nucleotide_transformer_downstream_tasks_revised,42,,original,bpnet,2,,down,True,,True,3,InstaDeepAI/nucleotide-transformer-2.5b-multi-species,True,InstaDeepAI/nucleotide-transformer-2.5b-multi-species,True,0.0001,cuda,200,1000,16,/extra/zhanglab0/INDV/pengchx3/OmegaGenome_different_version/OmegaGenome_11_1_fix_ckpt/OmegaGenome//output/01082026/110723/method_comparison-seedset2/nt/vanilla,4,OmegaGenome-Method-Compariso-seedset2,50,5,,/extra/zhanglab0/INDV/pengchx3/OmegaGenome_different_version/OmegaGenome_11_1_fix_ckpt/OmegaGenome//data/finetuned_models/2b5-multi-species_nucleotide-transformer-finetune-results-lora-epoch20-10-17-revised-r32-fix-num-label,False,8,1,kl,0.5,0.5,0,4,vanilla,0.9046481015922362,0.8575714883960376,0.850108978653631,200,0.96750038369879,0.9019169020016228,0.8535019841965527,4082.8673152923584,0.1335466504096985,0.0007145341369323432,0.1857654008599466,0.1331893801689148,0.1335466504096985,0,0.8973938513949059,0.8472266072191338
8vwdu6js,splice_sites_all/bpnet_original/logit_standard/distill_methodlogit_standard_dkd_alpha1.0_dkd_beta8.0_kl_methodkl_temperature2.0_weight_ce0.1_weight_kl0.95_weight_mse0.0_zscoreFalse,finished,2026-01-09T02:37:12Z,nt,"[""splice_sites_all""]",987,0,64GB,slurm,[],test,.,laniakea,True,zhanglab.p,1,9223372036854776000,4,,1,slurm,1,True,False,,"["".py"", "".sh"", "".yaml"", "".toml""]",/extra/zhanglab0/INDV/pengchx3/OmegaGenome_different_version/OmegaGenome_11_1_fix_ckpt/OmegaGenome//output/01082026/110723,1,False,torch,"[""wandb"", ""output"", ""output_original"", ""output_caduceus_hyperparam"", ""output_bpnet_medium"", ""output_logits_and_medium_debug"", ""outputs"", ""output_medium_debug_11_18"", ""output_enformer_hyper_12_07"", ""data"", ""datasets"", "".venv_caduceus"", "".venv"", "".git"", "".vscode"", ""uv.lock"", ""tests""]",,,splice_sites_all,InstaDeepAI/nucleotide_transformer_downstream_tasks_revised,42,,original,bpnet,2,,down,True,,True,3,InstaDeepAI/nucleotide-transformer-2.5b-multi-species,True,InstaDeepAI/nucleotide-transformer-2.5b-multi-species,True,0.0001,cuda,200,1000,16,/extra/zhanglab0/INDV/pengchx3/OmegaGenome_different_version/OmegaGenome_11_1_fix_ckpt/OmegaGenome//output/01082026/110723/method_comparison-seedset2/nt/logit_standard,4,OmegaGenome-Method-Compariso-seedset2,50,5,,/extra/zhanglab0/INDV/pengchx3/OmegaGenome_different_version/OmegaGenome_11_1_fix_ckpt/OmegaGenome//data/finetuned_models/2b5-multi-species_nucleotide-transformer-finetune-results-lora-epoch20-10-17-revised-r32-fix-num-label,False,8,1,kl,0.1,0.95,0,2,logit_standard,0.9124530077801446,0.8685346149296613,0.8665743406487861,200,0.96750038369879,0.9071476905957137,0.8604584084026355,8535.163228034973,0.002358358586207032,0.00013626627332996577,0.009951658031745412,0.002344731939956546,0.002358358586207032,0,0.9070864671126158,0.86104756919985
gzh97unp,splice_sites_all/bpnet_original/logit_standard/distill_methodlogit_standard_dkd_alpha1.0_dkd_beta8.0_kl_methodkl_temperature2.0_weight_ce0.1_weight_kl0.95_weight_mse0.0_zscoreFalse,finished,2026-01-09T02:37:12Z,nt,"[""splice_sites_all""]",321,0,64GB,slurm,[],test,.,laniakea,True,zhanglab.p,1,9223372036854776000,4,,1,slurm,1,True,False,,"["".py"", "".sh"", "".yaml"", "".toml""]",/extra/zhanglab0/INDV/pengchx3/OmegaGenome_different_version/OmegaGenome_11_1_fix_ckpt/OmegaGenome//output/01082026/110723,1,False,torch,"[""wandb"", ""output"", ""output_original"", ""output_caduceus_hyperparam"", ""output_bpnet_medium"", ""output_logits_and_medium_debug"", ""outputs"", ""output_medium_debug_11_18"", ""output_enformer_hyper_12_07"", ""data"", ""datasets"", "".venv_caduceus"", "".venv"", "".git"", "".vscode"", ""uv.lock"", ""tests""]",,,splice_sites_all,InstaDeepAI/nucleotide_transformer_downstream_tasks_revised,42,,original,bpnet,2,,down,True,,True,3,InstaDeepAI/nucleotide-transformer-2.5b-multi-species,True,InstaDeepAI/nucleotide-transformer-2.5b-multi-species,True,0.0001,cuda,200,1000,16,/extra/zhanglab0/INDV/pengchx3/OmegaGenome_different_version/OmegaGenome_11_1_fix_ckpt/OmegaGenome//output/01082026/110723/method_comparison-seedset2/nt/logit_standard,4,OmegaGenome-Method-Compariso-seedset2,50,5,,/extra/zhanglab0/INDV/pengchx3/OmegaGenome_different_version/OmegaGenome_11_1_fix_ckpt/OmegaGenome//data/finetuned_models/2b5-multi-species_nucleotide-transformer-finetune-results-lora-epoch20-10-17-revised-r32-fix-num-label,False,8,1,kl,0.1,0.95,0,2,logit_standard,0.9169748896468076,0.875110434133289,0.8887669102665854,200,0.96750038369879,0.9229862281519252,0.8840519476467958,8340.623669862747,0.003288659267127514,0.00726177915930748,0.008066334146981446,0.0025624812114983797,0.003288659267127514,0,0.9228655742820536,0.8844464091008047
vgkwrx9k,splice_sites_all/bpnet_original/vanilla/distill_methodvanilla_dkd_alpha1.0_dkd_beta8.0_kl_methodkl_temperature4.0_weight_ce0.5_weight_kl0.5_weight_mse0.0_zscoreFalse,finished,2026-01-09T02:37:12Z,nt,"[""splice_sites_all""]",4021,0,64GB,slurm,[],test,.,laniakea,True,zhanglab.p,1,9223372036854776000,4,,1,slurm,1,True,False,,"["".py"", "".sh"", "".yaml"", "".toml""]",/extra/zhanglab0/INDV/pengchx3/OmegaGenome_different_version/OmegaGenome_11_1_fix_ckpt/OmegaGenome//output/01082026/110723,1,False,torch,"[""wandb"", ""output"", ""output_original"", ""output_caduceus_hyperparam"", ""output_bpnet_medium"", ""output_logits_and_medium_debug"", ""outputs"", ""output_medium_debug_11_18"", ""output_enformer_hyper_12_07"", ""data"", ""datasets"", "".venv_caduceus"", "".venv"", "".git"", "".vscode"", ""uv.lock"", ""tests""]",,,splice_sites_all,InstaDeepAI/nucleotide_transformer_downstream_tasks_revised,42,,original,bpnet,2,,down,True,,True,3,InstaDeepAI/nucleotide-transformer-2.5b-multi-species,True,InstaDeepAI/nucleotide-transformer-2.5b-multi-species,True,0.0001,cuda,200,1000,16,/extra/zhanglab0/INDV/pengchx3/OmegaGenome_different_version/OmegaGenome_11_1_fix_ckpt/OmegaGenome//output/01082026/110723/method_comparison-seedset2/nt/vanilla,4,OmegaGenome-Method-Compariso-seedset2,50,5,,/extra/zhanglab0/INDV/pengchx3/OmegaGenome_different_version/OmegaGenome_11_1_fix_ckpt/OmegaGenome//data/finetuned_models/2b5-multi-species_nucleotide-transformer-finetune-results-lora-epoch20-10-17-revised-r32-fix-num-label,False,8,1,kl,0.5,0.5,0,4,vanilla,0.9511677700551328,0.9265623043663525,0.9270506166191456,200,0.96750038369879,0.9511677700551328,0.9265623043663525,5353.1221470832825,0.032883722335100174,0.0006309366435743868,0.06384175815023659,0.032568253576755524,0.032883722335100174,0,0.9512515735150062,0.9270506166191456
uk78cwa9,splice_sites_all/bpnet_original/logit_standard/distill_methodlogit_standard_dkd_alpha1.0_dkd_beta8.0_kl_methodkl_temperature2.0_weight_ce0.1_weight_kl0.95_weight_mse0.0_zscoreFalse,finished,2026-01-09T02:37:14Z,nt,"[""splice_sites_all""]",24,0,64GB,slurm,[],test,.,laniakea,True,zhanglab.p,1,9223372036854776000,4,,1,slurm,1,True,False,,"["".py"", "".sh"", "".yaml"", "".toml""]",/extra/zhanglab0/INDV/pengchx3/OmegaGenome_different_version/OmegaGenome_11_1_fix_ckpt/OmegaGenome//output/01082026/110723,1,False,torch,"[""wandb"", ""output"", ""output_original"", ""output_caduceus_hyperparam"", ""output_bpnet_medium"", ""output_logits_and_medium_debug"", ""outputs"", ""output_medium_debug_11_18"", ""output_enformer_hyper_12_07"", ""data"", ""datasets"", "".venv_caduceus"", "".venv"", "".git"", "".vscode"", ""uv.lock"", ""tests""]",,,splice_sites_all,InstaDeepAI/nucleotide_transformer_downstream_tasks_revised,42,,original,bpnet,2,,down,True,,True,3,InstaDeepAI/nucleotide-transformer-2.5b-multi-species,True,InstaDeepAI/nucleotide-transformer-2.5b-multi-species,True,0.0001,cuda,200,1000,16,/extra/zhanglab0/INDV/pengchx3/OmegaGenome_different_version/OmegaGenome_11_1_fix_ckpt/OmegaGenome//output/01082026/110723/method_comparison-seedset2/nt/logit_standard,4,OmegaGenome-Method-Compariso-seedset2,50,5,,/extra/zhanglab0/INDV/pengchx3/OmegaGenome_different_version/OmegaGenome_11_1_fix_ckpt/OmegaGenome//data/finetuned_models/2b5-multi-species_nucleotide-transformer-finetune-results-lora-epoch20-10-17-revised-r32-fix-num-label,False,8,1,kl,0.1,0.95,0,2,logit_standard,0.9052524989741962,0.8575025124017925,0.8687466071280736,200,0.96750038369879,0.9033596227820504,0.8545072023447595,8397.103688955307,0.04526646062731743,0.3725545108318329,0.008827496192490316,0.00801100954413414,0.04526646062731743,0,0.9112950126293348,0.8671267525882572
f9df8bd7,splice_sites_all/bpnet_original/logit_standard/distill_methodlogit_standard_dkd_alpha1.0_dkd_beta8.0_kl_methodkl_temperature2.0_weight_ce0.1_weight_kl0.95_weight_mse0.0_zscoreFalse,finished,2026-01-09T03:16:55Z,nt,"[""splice_sites_all""]",4021,0,64GB,slurm,[],test,.,voyager,True,zhanglab.p,1,9223372036854776000,4,,1,slurm,1,True,False,,"["".py"", "".sh"", "".yaml"", "".toml""]",/extra/zhanglab0/INDV/pengchx3/OmegaGenome_different_version/OmegaGenome_11_1_fix_ckpt/OmegaGenome//output/01082026/110723,1,False,torch,"[""wandb"", ""output"", ""output_original"", ""output_caduceus_hyperparam"", ""output_bpnet_medium"", ""output_logits_and_medium_debug"", ""outputs"", ""output_medium_debug_11_18"", ""output_enformer_hyper_12_07"", ""data"", ""datasets"", "".venv_caduceus"", "".venv"", "".git"", "".vscode"", ""uv.lock"", ""tests""]",,,splice_sites_all,InstaDeepAI/nucleotide_transformer_downstream_tasks_revised,42,,original,bpnet,2,,down,True,,True,3,InstaDeepAI/nucleotide-transformer-2.5b-multi-species,True,InstaDeepAI/nucleotide-transformer-2.5b-multi-species,True,0.0001,cuda,200,1000,16,/extra/zhanglab0/INDV/pengchx3/OmegaGenome_different_version/OmegaGenome_11_1_fix_ckpt/OmegaGenome//output/01082026/110723/method_comparison-seedset2/nt/logit_standard,4,OmegaGenome-Method-Compariso-seedset2,50,5,,/extra/zhanglab0/INDV/pengchx3/OmegaGenome_different_version/OmegaGenome_11_1_fix_ckpt/OmegaGenome//data/finetuned_models/2b5-multi-species_nucleotide-transformer-finetune-results-lora-epoch20-10-17-revised-r32-fix-num-label,False,8,1,kl,0.1,0.95,0,2,logit_standard,0.9079443855085352,0.8624122341097435,0.8880707433593057,200,0.96750038369879,0.9098837349176128,0.8662506438708008,3405.4120347499847,0.002053462900221348,0.002139622811228037,0.007739709074998228,0.001839500619098544,0.002053462900221348,0,0.9235085824358644,0.8861277039876817
jcbuotfe,splice_sites_all/bpnet_original/dkd/distill_methoddkd_dkd_alpha2.0_dkd_beta4.0_kl_methodkl_temperature4.0_weight_ce0.5_weight_kl0.25_weight_mse0.0_zscoreFalse,finished,2026-01-09T03:16:55Z,nt,"[""splice_sites_all""]",321,0,64GB,slurm,[],test,.,voyager,True,zhanglab.p,1,9223372036854776000,4,,1,slurm,1,True,False,,"["".py"", "".sh"", "".yaml"", "".toml""]",/extra/zhanglab0/INDV/pengchx3/OmegaGenome_different_version/OmegaGenome_11_1_fix_ckpt/OmegaGenome//output/01082026/110723,1,False,torch,"[""wandb"", ""output"", ""output_original"", ""output_caduceus_hyperparam"", ""output_bpnet_medium"", ""output_logits_and_medium_debug"", ""outputs"", ""output_medium_debug_11_18"", ""output_enformer_hyper_12_07"", ""data"", ""datasets"", "".venv_caduceus"", "".venv"", "".git"", "".vscode"", ""uv.lock"", ""tests""]",,,splice_sites_all,InstaDeepAI/nucleotide_transformer_downstream_tasks_revised,42,,original,bpnet,2,,down,True,,True,3,InstaDeepAI/nucleotide-transformer-2.5b-multi-species,True,InstaDeepAI/nucleotide-transformer-2.5b-multi-species,True,0.0001,cuda,200,1000,16,/extra/zhanglab0/INDV/pengchx3/OmegaGenome_different_version/OmegaGenome_11_1_fix_ckpt/OmegaGenome//output/01082026/110723/method_comparison-seedset2/nt/dkd,4,OmegaGenome-Method-Compariso-seedset2,50,5,,/extra/zhanglab0/INDV/pengchx3/OmegaGenome_different_version/OmegaGenome_11_1_fix_ckpt/OmegaGenome//data/finetuned_models/2b5-multi-species_nucleotide-transformer-finetune-results-lora-epoch20-10-17-revised-r32-fix-num-label,False,4,2,kl,0.5,0.25,0,4,dkd,0.8823079989526047,0.8229730430462942,0.8485558432238907,200,0.96750038369879,0.8811890526986205,0.8207346454285119,2391.754105567932,0.4161415994167328,0.012689786963164806,0.3013417425110795,0.4097967147827149,0.4161415994167328,0,0.8831684919604023,0.8256925063343248
zdfr14io,splice_sites_all/bpnet_original/dkd/distill_methoddkd_dkd_alpha2.0_dkd_beta4.0_kl_methodkl_temperature4.0_weight_ce0.5_weight_kl0.25_weight_mse0.0_zscoreFalse,finished,2026-01-09T03:16:57Z,nt,"[""splice_sites_all""]",24,0,64GB,slurm,[],test,.,voyager,True,zhanglab.p,1,9223372036854776000,4,,1,slurm,1,True,False,,"["".py"", "".sh"", "".yaml"", "".toml""]",/extra/zhanglab0/INDV/pengchx3/OmegaGenome_different_version/OmegaGenome_11_1_fix_ckpt/OmegaGenome//output/01082026/110723,1,False,torch,"[""wandb"", ""output"", ""output_original"", ""output_caduceus_hyperparam"", ""output_bpnet_medium"", ""output_logits_and_medium_debug"", ""outputs"", ""output_medium_debug_11_18"", ""output_enformer_hyper_12_07"", ""data"", ""datasets"", "".venv_caduceus"", "".venv"", "".git"", "".vscode"", ""uv.lock"", ""tests""]",,,splice_sites_all,InstaDeepAI/nucleotide_transformer_downstream_tasks_revised,42,,original,bpnet,2,,down,True,,True,3,InstaDeepAI/nucleotide-transformer-2.5b-multi-species,True,InstaDeepAI/nucleotide-transformer-2.5b-multi-species,True,0.0001,cuda,200,1000,16,/extra/zhanglab0/INDV/pengchx3/OmegaGenome_different_version/OmegaGenome_11_1_fix_ckpt/OmegaGenome//output/01082026/110723/method_comparison-seedset2/nt/dkd,4,OmegaGenome-Method-Compariso-seedset2,50,5,,/extra/zhanglab0/INDV/pengchx3/OmegaGenome_different_version/OmegaGenome_11_1_fix_ckpt/OmegaGenome//data/finetuned_models/2b5-multi-species_nucleotide-transformer-finetune-results-lora-epoch20-10-17-revised-r32-fix-num-label,False,4,2,kl,0.5,0.25,0,4,dkd,0.9124938626422776,0.8686302377762691,0.8791525906113429,200,0.96750038369879,0.9082914902276332,0.8621182834122378,2386.276350736618,0.7697705030441284,0.7587758302688599,0.2237218206448225,0.3903825879096985,0.7697705030441284,0,0.9118212922615142,0.8677841440557423
99lp0k0x,splice_sites_all/bpnet_original/dkd/distill_methoddkd_dkd_alpha2.0_dkd_beta4.0_kl_methodkl_temperature4.0_weight_ce0.5_weight_kl0.25_weight_mse0.0_zscoreFalse,finished,2026-01-09T03:49:22Z,nt,"[""splice_sites_all""]",654,0,64GB,slurm,[],test,.,laniakea,True,zhanglab.p,1,9223372036854776000,4,,1,slurm,1,True,False,,"["".py"", "".sh"", "".yaml"", "".toml""]",/extra/zhanglab0/INDV/pengchx3/OmegaGenome_different_version/OmegaGenome_11_1_fix_ckpt/OmegaGenome//output/01082026/110723,1,False,torch,"[""wandb"", ""output"", ""output_original"", ""output_caduceus_hyperparam"", ""output_bpnet_medium"", ""output_logits_and_medium_debug"", ""outputs"", ""output_medium_debug_11_18"", ""output_enformer_hyper_12_07"", ""data"", ""datasets"", "".venv_caduceus"", "".venv"", "".git"", "".vscode"", ""uv.lock"", ""tests""]",,,splice_sites_all,InstaDeepAI/nucleotide_transformer_downstream_tasks_revised,42,,original,bpnet,2,,down,True,,True,3,InstaDeepAI/nucleotide-transformer-2.5b-multi-species,True,InstaDeepAI/nucleotide-transformer-2.5b-multi-species,True,0.0001,cuda,200,1000,16,/extra/zhanglab0/INDV/pengchx3/OmegaGenome_different_version/OmegaGenome_11_1_fix_ckpt/OmegaGenome//output/01082026/110723/method_comparison-seedset2/nt/dkd,4,OmegaGenome-Method-Compariso-seedset2,50,5,,/extra/zhanglab0/INDV/pengchx3/OmegaGenome_different_version/OmegaGenome_11_1_fix_ckpt/OmegaGenome//data/finetuned_models/2b5-multi-species_nucleotide-transformer-finetune-results-lora-epoch20-10-17-revised-r32-fix-num-label,False,4,2,kl,0.5,0.25,0,4,dkd,0.9400963024971176,0.9100479270371092,0.9235232481878778,200,0.96750038369879,0.936108723552036,0.90406479044529,4757.443065404892,0.4642245769500733,0.001430061529390514,0.1818851212622218,0.46350955963134766,0.4642245769500733,0,0.9475314474159444,0.9215137976605882
t7iaorav,splice_sites_all/bpnet_original/dkd/distill_methoddkd_dkd_alpha2.0_dkd_beta4.0_kl_methodkl_temperature4.0_weight_ce0.5_weight_kl0.25_weight_mse0.0_zscoreFalse,finished,2026-01-09T04:02:01Z,nt,"[""splice_sites_all""]",987,0,64GB,slurm,[],test,.,voyager,True,zhanglab.p,1,9223372036854776000,4,,1,slurm,1,True,False,,"["".py"", "".sh"", "".yaml"", "".toml""]",/extra/zhanglab0/INDV/pengchx3/OmegaGenome_different_version/OmegaGenome_11_1_fix_ckpt/OmegaGenome//output/01082026/110723,1,False,torch,"[""wandb"", ""output"", ""output_original"", ""output_caduceus_hyperparam"", ""output_bpnet_medium"", ""output_logits_and_medium_debug"", ""outputs"", ""output_medium_debug_11_18"", ""output_enformer_hyper_12_07"", ""data"", ""datasets"", "".venv_caduceus"", "".venv"", "".git"", "".vscode"", ""uv.lock"", ""tests""]",,,splice_sites_all,InstaDeepAI/nucleotide_transformer_downstream_tasks_revised,42,,original,bpnet,2,,down,True,,True,3,InstaDeepAI/nucleotide-transformer-2.5b-multi-species,True,InstaDeepAI/nucleotide-transformer-2.5b-multi-species,True,0.0001,cuda,200,1000,16,/extra/zhanglab0/INDV/pengchx3/OmegaGenome_different_version/OmegaGenome_11_1_fix_ckpt/OmegaGenome//output/01082026/110723/method_comparison-seedset2/nt/dkd,4,OmegaGenome-Method-Compariso-seedset2,50,5,,/extra/zhanglab0/INDV/pengchx3/OmegaGenome_different_version/OmegaGenome_11_1_fix_ckpt/OmegaGenome//data/finetuned_models/2b5-multi-species_nucleotide-transformer-finetune-results-lora-epoch20-10-17-revised-r32-fix-num-label,False,4,2,kl,0.5,0.25,0,4,dkd,0.9415632201367548,0.9128393608798484,0.9205358294035856,200,0.96750038369879,0.9446714954237252,0.9172156469976688,2463.234137535095,0.16234135627746582,0.00011871898459503429,0.16865111589078657,0.16228199005126953,0.16234135627746582,0,0.9431264862365516,0.9150419069372436
s78f966k,splice_sites_all/bpnet_original/dkd/distill_methoddkd_dkd_alpha2.0_dkd_beta4.0_kl_methodkl_temperature4.0_weight_ce0.5_weight_kl0.25_weight_mse0.0_zscoreFalse,finished,2026-01-09T04:02:02Z,nt,"[""splice_sites_all""]",4021,0,64GB,slurm,[],test,.,voyager,True,zhanglab.p,1,9223372036854776000,4,,1,slurm,1,True,False,,"["".py"", "".sh"", "".yaml"", "".toml""]",/extra/zhanglab0/INDV/pengchx3/OmegaGenome_different_version/OmegaGenome_11_1_fix_ckpt/OmegaGenome//output/01082026/110723,1,False,torch,"[""wandb"", ""output"", ""output_original"", ""output_caduceus_hyperparam"", ""output_bpnet_medium"", ""output_logits_and_medium_debug"", ""outputs"", ""output_medium_debug_11_18"", ""output_enformer_hyper_12_07"", ""data"", ""datasets"", "".venv_caduceus"", "".venv"", "".git"", "".vscode"", ""uv.lock"", ""tests""]",,,splice_sites_all,InstaDeepAI/nucleotide_transformer_downstream_tasks_revised,42,,original,bpnet,2,,down,True,,True,3,InstaDeepAI/nucleotide-transformer-2.5b-multi-species,True,InstaDeepAI/nucleotide-transformer-2.5b-multi-species,True,0.0001,cuda,200,1000,16,/extra/zhanglab0/INDV/pengchx3/OmegaGenome_different_version/OmegaGenome_11_1_fix_ckpt/OmegaGenome//output/01082026/110723/method_comparison-seedset2/nt/dkd,4,OmegaGenome-Method-Compariso-seedset2,50,5,,/extra/zhanglab0/INDV/pengchx3/OmegaGenome_different_version/OmegaGenome_11_1_fix_ckpt/OmegaGenome//data/finetuned_models/2b5-multi-species_nucleotide-transformer-finetune-results-lora-epoch20-10-17-revised-r32-fix-num-label,False,4,2,kl,0.5,0.25,0,4,dkd,0.9484282658943012,0.9225788192487656,0.9285083311773332,200,0.96750038369879,0.9469711490852878,0.9207463411734076,2474.1405715942383,0.08226931095123291,0.0004396538424771279,0.16958145433551328,0.08204948157072067,0.08226931095123291,0,0.9467456932669664,0.9205386183236948
25yv04dt,splice_sites_all/bpnet_original/dist/distill_methoddist_dkd_alpha1.0_dkd_beta8.0_kl_methodkl_temperature1.0_weight_ce0.5_weight_kl1.0_weight_mse0.0_zscoreFalse,finished,2026-01-09T04:14:20Z,nt,"[""splice_sites_all""]",24,0,64GB,slurm,[],test,.,laniakea,True,zhanglab.p,1,9223372036854776000,4,,1,slurm,1,True,False,,"["".py"", "".sh"", "".yaml"", "".toml""]",/extra/zhanglab0/INDV/pengchx3/OmegaGenome_different_version/OmegaGenome_11_1_fix_ckpt/OmegaGenome//output/01082026/110723,1,False,torch,"[""wandb"", ""output"", ""output_original"", ""output_caduceus_hyperparam"", ""output_bpnet_medium"", ""output_logits_and_medium_debug"", ""outputs"", ""output_medium_debug_11_18"", ""output_enformer_hyper_12_07"", ""data"", ""datasets"", "".venv_caduceus"", "".venv"", "".git"", "".vscode"", ""uv.lock"", ""tests""]",,,splice_sites_all,InstaDeepAI/nucleotide_transformer_downstream_tasks_revised,42,,original,bpnet,2,,down,True,,True,3,InstaDeepAI/nucleotide-transformer-2.5b-multi-species,True,InstaDeepAI/nucleotide-transformer-2.5b-multi-species,True,0.0001,cuda,200,1000,16,/extra/zhanglab0/INDV/pengchx3/OmegaGenome_different_version/OmegaGenome_11_1_fix_ckpt/OmegaGenome//output/01082026/110723/method_comparison-seedset2/nt/dist,4,OmegaGenome-Method-Compariso-seedset2,50,5,,/extra/zhanglab0/INDV/pengchx3/OmegaGenome_different_version/OmegaGenome_11_1_fix_ckpt/OmegaGenome//data/finetuned_models/2b5-multi-species_nucleotide-transformer-finetune-results-lora-epoch20-10-17-revised-r32-fix-num-label,False,8,1,kl,0.5,1.0,0,1,dist,0.8912314714555913,0.8374970055751758,0.8577374643298911,200,0.96750038369879,0.8970200190269829,0.8444393360559139,5108.991212844849,0.1854042112827301,0.002482779324054718,0.01761763331855881,0.18416282534599304,0.1854042112827301,0,0.8948167800436363,0.8428510637930043
wjuwdsyf,splice_sites_all/bpnet_original/dist/distill_methoddist_dkd_alpha1.0_dkd_beta8.0_kl_methodkl_temperature1.0_weight_ce0.5_weight_kl1.0_weight_mse0.0_zscoreFalse,finished,2026-01-09T04:19:17Z,nt,"[""splice_sites_all""]",321,0,64GB,slurm,[],test,.,laniakea,True,zhanglab.p,1,9223372036854776000,4,,1,slurm,1,True,False,,"["".py"", "".sh"", "".yaml"", "".toml""]",/extra/zhanglab0/INDV/pengchx3/OmegaGenome_different_version/OmegaGenome_11_1_fix_ckpt/OmegaGenome//output/01082026/110723,1,False,torch,"[""wandb"", ""output"", ""output_original"", ""output_caduceus_hyperparam"", ""output_bpnet_medium"", ""output_logits_and_medium_debug"", ""outputs"", ""output_medium_debug_11_18"", ""output_enformer_hyper_12_07"", ""data"", ""datasets"", "".venv_caduceus"", "".venv"", "".git"", "".vscode"", ""uv.lock"", ""tests""]",,,splice_sites_all,InstaDeepAI/nucleotide_transformer_downstream_tasks_revised,42,,original,bpnet,2,,down,True,,True,3,InstaDeepAI/nucleotide-transformer-2.5b-multi-species,True,InstaDeepAI/nucleotide-transformer-2.5b-multi-species,True,0.0001,cuda,200,1000,16,/extra/zhanglab0/INDV/pengchx3/OmegaGenome_different_version/OmegaGenome_11_1_fix_ckpt/OmegaGenome//output/01082026/110723/method_comparison-seedset2/nt/dist,4,OmegaGenome-Method-Compariso-seedset2,50,5,,/extra/zhanglab0/INDV/pengchx3/OmegaGenome_different_version/OmegaGenome_11_1_fix_ckpt/OmegaGenome//data/finetuned_models/2b5-multi-species_nucleotide-transformer-finetune-results-lora-epoch20-10-17-revised-r32-fix-num-label,False,8,1,kl,0.5,1.0,0,1,dist,0.9152853765380884,0.8724315254015437,0.8730344513617544,200,0.96750038369879,0.9108611683047582,0.865228505941423,6352.232351064682,0.23147302865982056,0.04097313433885574,0.018041768874033477,0.21098646521568296,0.23147302865982056,0,0.9094506814085924,0.8641772878619864
wevp467y,splice_sites_all/bpnet_original/dist/distill_methoddist_dkd_alpha1.0_dkd_beta8.0_kl_methodkl_temperature1.0_weight_ce0.5_weight_kl1.0_weight_mse0.0_zscoreFalse,finished,2026-01-09T04:30:33Z,nt,"[""splice_sites_all""]",654,0,64GB,slurm,[],test,.,voyager,True,zhanglab.p,1,9223372036854776000,4,,1,slurm,1,True,False,,"["".py"", "".sh"", "".yaml"", "".toml""]",/extra/zhanglab0/INDV/pengchx3/OmegaGenome_different_version/OmegaGenome_11_1_fix_ckpt/OmegaGenome//output/01082026/110723,1,False,torch,"[""wandb"", ""output"", ""output_original"", ""output_caduceus_hyperparam"", ""output_bpnet_medium"", ""output_logits_and_medium_debug"", ""outputs"", ""output_medium_debug_11_18"", ""output_enformer_hyper_12_07"", ""data"", ""datasets"", "".venv_caduceus"", "".venv"", "".git"", "".vscode"", ""uv.lock"", ""tests""]",,,splice_sites_all,InstaDeepAI/nucleotide_transformer_downstream_tasks_revised,42,,original,bpnet,2,,down,True,,True,3,InstaDeepAI/nucleotide-transformer-2.5b-multi-species,True,InstaDeepAI/nucleotide-transformer-2.5b-multi-species,True,0.0001,cuda,200,1000,16,/extra/zhanglab0/INDV/pengchx3/OmegaGenome_different_version/OmegaGenome_11_1_fix_ckpt/OmegaGenome//output/01082026/110723/method_comparison-seedset2/nt/dist,4,OmegaGenome-Method-Compariso-seedset2,50,5,,/extra/zhanglab0/INDV/pengchx3/OmegaGenome_different_version/OmegaGenome_11_1_fix_ckpt/OmegaGenome//data/finetuned_models/2b5-multi-species_nucleotide-transformer-finetune-results-lora-epoch20-10-17-revised-r32-fix-num-label,False,8,1,kl,0.5,1.0,0,1,dist,0.9137742489724064,0.8695996763967084,0.8805342625453375,200,0.96750038369879,0.9144806768419144,0.8725411172556115,2531.0785870552063,0.020219113677740097,0.0003988874377682805,0.01624897164717025,0.020019669085741043,0.020219113677740097,0,0.9146265342926392,0.8731428941468075
9utqss5h,splice_sites_all/bpnet_original/dist/distill_methoddist_dkd_alpha1.0_dkd_beta8.0_kl_methodkl_temperature1.0_weight_ce0.5_weight_kl1.0_weight_mse0.0_zscoreFalse,finished,2026-01-09T04:51:50Z,nt,"[""splice_sites_all""]",987,0,64GB,slurm,[],test,.,voyager,True,zhanglab.p,1,9223372036854776000,4,,1,slurm,1,True,False,,"["".py"", "".sh"", "".yaml"", "".toml""]",/extra/zhanglab0/INDV/pengchx3/OmegaGenome_different_version/OmegaGenome_11_1_fix_ckpt/OmegaGenome//output/01082026/110723,1,False,torch,"[""wandb"", ""output"", ""output_original"", ""output_caduceus_hyperparam"", ""output_bpnet_medium"", ""output_logits_and_medium_debug"", ""outputs"", ""output_medium_debug_11_18"", ""output_enformer_hyper_12_07"", ""data"", ""datasets"", "".venv_caduceus"", "".venv"", "".git"", "".vscode"", ""uv.lock"", ""tests""]",,,splice_sites_all,InstaDeepAI/nucleotide_transformer_downstream_tasks_revised,42,,original,bpnet,2,,down,True,,True,3,InstaDeepAI/nucleotide-transformer-2.5b-multi-species,True,InstaDeepAI/nucleotide-transformer-2.5b-multi-species,True,0.0001,cuda,200,1000,16,/extra/zhanglab0/INDV/pengchx3/OmegaGenome_different_version/OmegaGenome_11_1_fix_ckpt/OmegaGenome//output/01082026/110723/method_comparison-seedset2/nt/dist,4,OmegaGenome-Method-Compariso-seedset2,50,5,,/extra/zhanglab0/INDV/pengchx3/OmegaGenome_different_version/OmegaGenome_11_1_fix_ckpt/OmegaGenome//data/finetuned_models/2b5-multi-species_nucleotide-transformer-finetune-results-lora-epoch20-10-17-revised-r32-fix-num-label,False,8,1,kl,0.5,1.0,0,1,dist,0.917994347551541,0.8764325506726216,0.8821450705814156,200,0.96750038369879,0.919148533291605,0.8780440383616739,2561.9754779338837,3.5586370358942077e-05,7.12174442014657e-05,0.015681960675893513,-2.2351741790771484e-08,3.5586370358942077e-05,0,0.9104550605410696,0.8659348475007846
wyqwnkwc,splice_sites_all/bpnet_original/dist/distill_methoddist_dkd_alpha1.0_dkd_beta8.0_kl_methodkl_temperature1.0_weight_ce0.5_weight_kl1.0_weight_mse0.0_zscoreFalse,finished,2026-01-09T04:51:50Z,nt,"[""splice_sites_all""]",4021,0,64GB,slurm,[],test,.,voyager,True,zhanglab.p,1,9223372036854776000,4,,1,slurm,1,True,False,,"["".py"", "".sh"", "".yaml"", "".toml""]",/extra/zhanglab0/INDV/pengchx3/OmegaGenome_different_version/OmegaGenome_11_1_fix_ckpt/OmegaGenome//output/01082026/110723,1,False,torch,"[""wandb"", ""output"", ""output_original"", ""output_caduceus_hyperparam"", ""output_bpnet_medium"", ""output_logits_and_medium_debug"", ""outputs"", ""output_medium_debug_11_18"", ""output_enformer_hyper_12_07"", ""data"", ""datasets"", "".venv_caduceus"", "".venv"", "".git"", "".vscode"", ""uv.lock"", ""tests""]",,,splice_sites_all,InstaDeepAI/nucleotide_transformer_downstream_tasks_revised,42,,original,bpnet,2,,down,True,,True,3,InstaDeepAI/nucleotide-transformer-2.5b-multi-species,True,InstaDeepAI/nucleotide-transformer-2.5b-multi-species,True,0.0001,cuda,200,1000,16,/extra/zhanglab0/INDV/pengchx3/OmegaGenome_different_version/OmegaGenome_11_1_fix_ckpt/OmegaGenome//output/01082026/110723/method_comparison-seedset2/nt/dist,4,OmegaGenome-Method-Compariso-seedset2,50,5,,/extra/zhanglab0/INDV/pengchx3/OmegaGenome_different_version/OmegaGenome_11_1_fix_ckpt/OmegaGenome//data/finetuned_models/2b5-multi-species_nucleotide-transformer-finetune-results-lora-epoch20-10-17-revised-r32-fix-num-label,False,8,1,kl,0.5,1.0,0,1,dist,0.899730521290707,0.8485979222115324,0.8494164640127299,200,0.96750038369879,0.889761573250886,0.8338505277284448,2549.4356787204742,0.15280240774154663,0.0026465512346476316,0.01981252192490097,0.15147912502288818,0.15280240774154663,0,0.8931587280360702,0.8398358007336614
wks9kiiq,splice_sites_donors/bpnet_original/vanilla/distill_methodvanilla_dkd_alpha1.0_dkd_beta8.0_kl_methodkl_temperature2.0_weight_ce0.5_weight_kl0.5_weight_mse0.0_zscoreFalse,finished,2026-01-09T05:02:45Z,nt,"[""splice_sites_donors""]",24,0,64GB,slurm,[],test,.,laniakea,True,zhanglab.p,1,9223372036854776000,4,,1,slurm,1,True,False,,"["".py"", "".sh"", "".yaml"", "".toml""]",/extra/zhanglab0/INDV/pengchx3/OmegaGenome_different_version/OmegaGenome_11_1_fix_ckpt/OmegaGenome//output/01082026/110723,1,False,torch,"[""wandb"", ""output"", ""output_original"", ""output_caduceus_hyperparam"", ""output_bpnet_medium"", ""output_logits_and_medium_debug"", ""outputs"", ""output_medium_debug_11_18"", ""output_enformer_hyper_12_07"", ""data"", ""datasets"", "".venv_caduceus"", "".venv"", "".git"", "".vscode"", ""uv.lock"", ""tests""]",,,splice_sites_donors,InstaDeepAI/nucleotide_transformer_downstream_tasks_revised,42,,original,bpnet,2,,down,True,,True,2,InstaDeepAI/nucleotide-transformer-2.5b-multi-species,True,InstaDeepAI/nucleotide-transformer-2.5b-multi-species,True,0.0001,cuda,200,1000,16,/extra/zhanglab0/INDV/pengchx3/OmegaGenome_different_version/OmegaGenome_11_1_fix_ckpt/OmegaGenome//output/01082026/110723/method_comparison-seedset2/nt/vanilla,4,OmegaGenome-Method-Compariso-seedset2,50,5,,/extra/zhanglab0/INDV/pengchx3/OmegaGenome_different_version/OmegaGenome_11_1_fix_ckpt/OmegaGenome//data/finetuned_models/2b5-multi-species_nucleotide-transformer-finetune-results-lora-epoch20-10-17-revised-r32-fix-num-label,False,8,1,kl,0.5,0.5,0,2,vanilla,0.9596659092820744,0.9194873027526786,0.9387285996080588,200,0.968661032024198,0.9392983691939892,0.8812216730246989,5503.080609321594,0.004120815545320511,0.0002939275873359293,0.015186672818392376,0.003973851911723614,0.004120815545320511,0,0.9582720163796246,0.918639457845261
65inmq1q,splice_sites_donors/bpnet_original/vanilla/distill_methodvanilla_dkd_alpha1.0_dkd_beta8.0_kl_methodkl_temperature2.0_weight_ce0.5_weight_kl0.5_weight_mse0.0_zscoreFalse,finished,2026-01-09T05:02:48Z,nt,"[""splice_sites_donors""]",321,0,64GB,slurm,[],test,.,laniakea,True,zhanglab.p,1,9223372036854776000,4,,1,slurm,1,True,False,,"["".py"", "".sh"", "".yaml"", "".toml""]",/extra/zhanglab0/INDV/pengchx3/OmegaGenome_different_version/OmegaGenome_11_1_fix_ckpt/OmegaGenome//output/01082026/110723,1,False,torch,"[""wandb"", ""output"", ""output_original"", ""output_caduceus_hyperparam"", ""output_bpnet_medium"", ""output_logits_and_medium_debug"", ""outputs"", ""output_medium_debug_11_18"", ""output_enformer_hyper_12_07"", ""data"", ""datasets"", "".venv_caduceus"", "".venv"", "".git"", "".vscode"", ""uv.lock"", ""tests""]",,,splice_sites_donors,InstaDeepAI/nucleotide_transformer_downstream_tasks_revised,42,,original,bpnet,2,,down,True,,True,2,InstaDeepAI/nucleotide-transformer-2.5b-multi-species,True,InstaDeepAI/nucleotide-transformer-2.5b-multi-species,True,0.0001,cuda,200,1000,16,/extra/zhanglab0/INDV/pengchx3/OmegaGenome_different_version/OmegaGenome_11_1_fix_ckpt/OmegaGenome//output/01082026/110723/method_comparison-seedset2/nt/vanilla,4,OmegaGenome-Method-Compariso-seedset2,50,5,,/extra/zhanglab0/INDV/pengchx3/OmegaGenome_different_version/OmegaGenome_11_1_fix_ckpt/OmegaGenome//data/finetuned_models/2b5-multi-species_nucleotide-transformer-finetune-results-lora-epoch20-10-17-revised-r32-fix-num-label,False,8,1,kl,0.5,0.5,0,2,vanilla,0.9746584560064128,0.9493593918939466,0.9600017068972744,200,0.968661032024198,0.9723295670799637,0.944664537455742,5533.135596036911,0.004718584939837456,0.0002092957147397101,0.012226294875169786,0.0046139368787407875,0.004718584939837456,0,0.9786642391312078,0.957384167501556
ldb7otl5,splice_sites_donors/bpnet_original/vanilla/distill_methodvanilla_dkd_alpha1.0_dkd_beta8.0_kl_methodkl_temperature2.0_weight_ce0.5_weight_kl0.5_weight_mse0.0_zscoreFalse,finished,2026-01-09T05:05:09Z,nt,"[""splice_sites_donors""]",654,0,64GB,slurm,[],test,.,laniakea,True,zhanglab.p,1,9223372036854776000,4,,1,slurm,1,True,False,,"["".py"", "".sh"", "".yaml"", "".toml""]",/extra/zhanglab0/INDV/pengchx3/OmegaGenome_different_version/OmegaGenome_11_1_fix_ckpt/OmegaGenome//output/01082026/110723,1,False,torch,"[""wandb"", ""output"", ""output_original"", ""output_caduceus_hyperparam"", ""output_bpnet_medium"", ""output_logits_and_medium_debug"", ""outputs"", ""output_medium_debug_11_18"", ""output_enformer_hyper_12_07"", ""data"", ""datasets"", "".venv_caduceus"", "".venv"", "".git"", "".vscode"", ""uv.lock"", ""tests""]",,,splice_sites_donors,InstaDeepAI/nucleotide_transformer_downstream_tasks_revised,42,,original,bpnet,2,,down,True,,True,2,InstaDeepAI/nucleotide-transformer-2.5b-multi-species,True,InstaDeepAI/nucleotide-transformer-2.5b-multi-species,True,0.0001,cuda,200,1000,16,/extra/zhanglab0/INDV/pengchx3/OmegaGenome_different_version/OmegaGenome_11_1_fix_ckpt/OmegaGenome//output/01082026/110723/method_comparison-seedset2/nt/vanilla,4,OmegaGenome-Method-Compariso-seedset2,50,5,,/extra/zhanglab0/INDV/pengchx3/OmegaGenome_different_version/OmegaGenome_11_1_fix_ckpt/OmegaGenome//data/finetuned_models/2b5-multi-species_nucleotide-transformer-finetune-results-lora-epoch20-10-17-revised-r32-fix-num-label,False,8,1,kl,0.5,0.5,0,2,vanilla,0.9613225896082244,0.9226665538126644,0.9566715194094376,200,0.968661032024198,0.9609999956666662,0.9223248643061414,3782.217462539673,0.009377652779221536,0.00019893987337127328,0.014423965020654217,0.009278182871639729,0.009377652779221536,0,0.974327557033666,0.948837302990249
aekygoe2,splice_sites_donors/bpnet_original/vanilla/distill_methodvanilla_dkd_alpha1.0_dkd_beta8.0_kl_methodkl_temperature2.0_weight_ce0.5_weight_kl0.5_weight_mse0.0_zscoreFalse,finished,2026-01-09T05:13:20Z,nt,"[""splice_sites_donors""]",987,0,64GB,slurm,[],test,.,laniakea,True,zhanglab.p,1,9223372036854776000,4,,1,slurm,1,True,False,,"["".py"", "".sh"", "".yaml"", "".toml""]",/extra/zhanglab0/INDV/pengchx3/OmegaGenome_different_version/OmegaGenome_11_1_fix_ckpt/OmegaGenome//output/01082026/110723,1,False,torch,"[""wandb"", ""output"", ""output_original"", ""output_caduceus_hyperparam"", ""output_bpnet_medium"", ""output_logits_and_medium_debug"", ""outputs"", ""output_medium_debug_11_18"", ""output_enformer_hyper_12_07"", ""data"", ""datasets"", "".venv_caduceus"", "".venv"", "".git"", "".vscode"", ""uv.lock"", ""tests""]",,,splice_sites_donors,InstaDeepAI/nucleotide_transformer_downstream_tasks_revised,42,,original,bpnet,2,,down,True,,True,2,InstaDeepAI/nucleotide-transformer-2.5b-multi-species,True,InstaDeepAI/nucleotide-transformer-2.5b-multi-species,True,0.0001,cuda,200,1000,16,/extra/zhanglab0/INDV/pengchx3/OmegaGenome_different_version/OmegaGenome_11_1_fix_ckpt/OmegaGenome//output/01082026/110723/method_comparison-seedset2/nt/vanilla,4,OmegaGenome-Method-Compariso-seedset2,50,5,,/extra/zhanglab0/INDV/pengchx3/OmegaGenome_different_version/OmegaGenome_11_1_fix_ckpt/OmegaGenome//data/finetuned_models/2b5-multi-species_nucleotide-transformer-finetune-results-lora-epoch20-10-17-revised-r32-fix-num-label,False,8,1,kl,0.5,0.5,0,2,vanilla,0.9543327193621158,0.9092172169858564,0.938529845964118,200,0.968661032024198,0.9553333333333334,0.91100640113798,4438.6590366363525,0.004897943697869778,0.0006585819646716118,0.013689116923793956,0.004568652715533972,0.004897943697869778,0,0.9656505415042062,0.9318169245621164
eg9a3hhx,splice_sites_donors/bpnet_original/vanilla/distill_methodvanilla_dkd_alpha1.0_dkd_beta8.0_kl_methodkl_temperature2.0_weight_ce0.5_weight_kl0.5_weight_mse0.0_zscoreFalse,finished,2026-01-09T05:36:04Z,nt,"[""splice_sites_donors""]",4021,0,64GB,slurm,[],test,.,voyager,True,zhanglab.p,1,9223372036854776000,4,,1,slurm,1,True,False,,"["".py"", "".sh"", "".yaml"", "".toml""]",/extra/zhanglab0/INDV/pengchx3/OmegaGenome_different_version/OmegaGenome_11_1_fix_ckpt/OmegaGenome//output/01082026/110723,1,False,torch,"[""wandb"", ""output"", ""output_original"", ""output_caduceus_hyperparam"", ""output_bpnet_medium"", ""output_logits_and_medium_debug"", ""outputs"", ""output_medium_debug_11_18"", ""output_enformer_hyper_12_07"", ""data"", ""datasets"", "".venv_caduceus"", "".venv"", "".git"", "".vscode"", ""uv.lock"", ""tests""]",,,splice_sites_donors,InstaDeepAI/nucleotide_transformer_downstream_tasks_revised,42,,original,bpnet,2,,down,True,,True,2,InstaDeepAI/nucleotide-transformer-2.5b-multi-species,True,InstaDeepAI/nucleotide-transformer-2.5b-multi-species,True,0.0001,cuda,200,1000,16,/extra/zhanglab0/INDV/pengchx3/OmegaGenome_different_version/OmegaGenome_11_1_fix_ckpt/OmegaGenome//output/01082026/110723/method_comparison-seedset2/nt/vanilla,4,OmegaGenome-Method-Compariso-seedset2,50,5,,/extra/zhanglab0/INDV/pengchx3/OmegaGenome_different_version/OmegaGenome_11_1_fix_ckpt/OmegaGenome//data/finetuned_models/2b5-multi-species_nucleotide-transformer-finetune-results-lora-epoch20-10-17-revised-r32-fix-num-label,False,8,1,kl,0.5,0.5,0,2,vanilla,0.96033205955169,0.9207770252101706,0.9455151193195568,200,0.968661032024198,0.9596664470728784,0.9198041044219885,2428.728923559189,0.004136110655963421,0.0015881038270890713,0.013610969358140391,0.0033420587424188852,0.004136110655963421,0,0.967988034638725,0.936355874265391
2idjbe1d,splice_sites_donors/bpnet_original/logit_standard/distill_methodlogit_standard_dkd_alpha1.0_dkd_beta8.0_kl_methodkl_temperature2.0_weight_ce0.1_weight_kl0.9_weight_mse0.0_zscoreFalse,finished,2026-01-09T05:44:55Z,nt,"[""splice_sites_donors""]",654,0,64GB,slurm,[],test,.,laniakea,True,zhanglab.p,1,9223372036854776000,4,,1,slurm,1,True,False,,"["".py"", "".sh"", "".yaml"", "".toml""]",/extra/zhanglab0/INDV/pengchx3/OmegaGenome_different_version/OmegaGenome_11_1_fix_ckpt/OmegaGenome//output/01082026/110723,1,False,torch,"[""wandb"", ""output"", ""output_original"", ""output_caduceus_hyperparam"", ""output_bpnet_medium"", ""output_logits_and_medium_debug"", ""outputs"", ""output_medium_debug_11_18"", ""output_enformer_hyper_12_07"", ""data"", ""datasets"", "".venv_caduceus"", "".venv"", "".git"", "".vscode"", ""uv.lock"", ""tests""]",,,splice_sites_donors,InstaDeepAI/nucleotide_transformer_downstream_tasks_revised,42,,original,bpnet,2,,down,True,,True,2,InstaDeepAI/nucleotide-transformer-2.5b-multi-species,True,InstaDeepAI/nucleotide-transformer-2.5b-multi-species,True,0.0001,cuda,200,1000,16,/extra/zhanglab0/INDV/pengchx3/OmegaGenome_different_version/OmegaGenome_11_1_fix_ckpt/OmegaGenome//output/01082026/110723/method_comparison-seedset2/nt/logit_standard,4,OmegaGenome-Method-Compariso-seedset2,50,5,,/extra/zhanglab0/INDV/pengchx3/OmegaGenome_different_version/OmegaGenome_11_1_fix_ckpt/OmegaGenome//data/finetuned_models/2b5-multi-species_nucleotide-transformer-finetune-results-lora-epoch20-10-17-revised-r32-fix-num-label,False,8,1,kl,0.1,0.9,0,2,logit_standard,0.6030592796849061,0.2871939641569885,0.273008935160435,200,0.968661032024198,0.336283185840708,0.0,6489.357620000839,8.330865859985352,74.99055480957031,8.79439870158643,0.8318108916282654,8.330865859985352,0,0.3321460373998219,0.0
0ysnu650,splice_sites_donors/bpnet_original/logit_standard/distill_methodlogit_standard_dkd_alpha1.0_dkd_beta8.0_kl_methodkl_temperature2.0_weight_ce0.1_weight_kl0.9_weight_mse0.0_zscoreFalse,finished,2026-01-09T05:58:38Z,nt,"[""splice_sites_donors""]",24,0,64GB,slurm,[],test,.,voyager,True,zhanglab.p,1,9223372036854776000,4,,1,slurm,1,True,False,,"["".py"", "".sh"", "".yaml"", "".toml""]",/extra/zhanglab0/INDV/pengchx3/OmegaGenome_different_version/OmegaGenome_11_1_fix_ckpt/OmegaGenome//output/01082026/110723,1,False,torch,"[""wandb"", ""output"", ""output_original"", ""output_caduceus_hyperparam"", ""output_bpnet_medium"", ""output_logits_and_medium_debug"", ""outputs"", ""output_medium_debug_11_18"", ""output_enformer_hyper_12_07"", ""data"", ""datasets"", "".venv_caduceus"", "".venv"", "".git"", "".vscode"", ""uv.lock"", ""tests""]",,,splice_sites_donors,InstaDeepAI/nucleotide_transformer_downstream_tasks_revised,42,,original,bpnet,2,,down,True,,True,2,InstaDeepAI/nucleotide-transformer-2.5b-multi-species,True,InstaDeepAI/nucleotide-transformer-2.5b-multi-species,True,0.0001,cuda,200,1000,16,/extra/zhanglab0/INDV/pengchx3/OmegaGenome_different_version/OmegaGenome_11_1_fix_ckpt/OmegaGenome//output/01082026/110723/method_comparison-seedset2/nt/logit_standard,4,OmegaGenome-Method-Compariso-seedset2,50,5,,/extra/zhanglab0/INDV/pengchx3/OmegaGenome_different_version/OmegaGenome_11_1_fix_ckpt/OmegaGenome//data/finetuned_models/2b5-multi-species_nucleotide-transformer-finetune-results-lora-epoch20-10-17-revised-r32-fix-num-label,False,8,1,kl,0.1,0.9,0,2,logit_standard,0.705055954844645,0.41285127367130914,0.386460923228612,200,0.968661032024198,0.630665189327424,0.2614924112636476,3566.6882796287537,0.8929374814033508,0.6112895011901855,0.7342508690899582,0.8318085074424744,0.8929374814033508,0,0.6114369855598121,0.2379913617630627
yw6b9tup,splice_sites_donors/bpnet_original/logit_standard/distill_methodlogit_standard_dkd_alpha1.0_dkd_beta8.0_kl_methodkl_temperature2.0_weight_ce0.1_weight_kl0.9_weight_mse0.0_zscoreFalse,finished,2026-01-09T05:58:38Z,nt,"[""splice_sites_donors""]",321,0,64GB,slurm,[],test,.,voyager,True,zhanglab.p,1,9223372036854776000,4,,1,slurm,1,True,False,,"["".py"", "".sh"", "".yaml"", "".toml""]",/extra/zhanglab0/INDV/pengchx3/OmegaGenome_different_version/OmegaGenome_11_1_fix_ckpt/OmegaGenome//output/01082026/110723,1,False,torch,"[""wandb"", ""output"", ""output_original"", ""output_caduceus_hyperparam"", ""output_bpnet_medium"", ""output_logits_and_medium_debug"", ""outputs"", ""output_medium_debug_11_18"", ""output_enformer_hyper_12_07"", ""data"", ""datasets"", "".venv_caduceus"", "".venv"", "".git"", "".vscode"", ""uv.lock"", ""tests""]",,,splice_sites_donors,InstaDeepAI/nucleotide_transformer_downstream_tasks_revised,42,,original,bpnet,2,,down,True,,True,2,InstaDeepAI/nucleotide-transformer-2.5b-multi-species,True,InstaDeepAI/nucleotide-transformer-2.5b-multi-species,True,0.0001,cuda,200,1000,16,/extra/zhanglab0/INDV/pengchx3/OmegaGenome_different_version/OmegaGenome_11_1_fix_ckpt/OmegaGenome//output/01082026/110723/method_comparison-seedset2/nt/logit_standard,4,OmegaGenome-Method-Compariso-seedset2,50,5,,/extra/zhanglab0/INDV/pengchx3/OmegaGenome_different_version/OmegaGenome_11_1_fix_ckpt/OmegaGenome//data/finetuned_models/2b5-multi-species_nucleotide-transformer-finetune-results-lora-epoch20-10-17-revised-r32-fix-num-label,False,8,1,kl,0.1,0.9,0,2,logit_standard,0.6258624188311688,0.32039767071657765,0.28487410646314554,200,0.968661032024198,0.336283185840708,0.0,3563.799989461899,12.956043243408203,119.1627960205078,14.921499788196169,1.039763569831848,12.956043243408203,0,0.3321460373998219,0.0
mt0jkhxx,splice_sites_donors/bpnet_original/logit_standard/distill_methodlogit_standard_dkd_alpha1.0_dkd_beta8.0_kl_methodkl_temperature2.0_weight_ce0.1_weight_kl0.9_weight_mse0.0_zscoreFalse,finished,2026-01-09T06:10:54Z,nt,"[""splice_sites_donors""]",987,0,64GB,slurm,[],test,.,laniakea,True,zhanglab.p,1,9223372036854776000,4,,1,slurm,1,True,False,,"["".py"", "".sh"", "".yaml"", "".toml""]",/extra/zhanglab0/INDV/pengchx3/OmegaGenome_different_version/OmegaGenome_11_1_fix_ckpt/OmegaGenome//output/01082026/110723,1,False,torch,"[""wandb"", ""output"", ""output_original"", ""output_caduceus_hyperparam"", ""output_bpnet_medium"", ""output_logits_and_medium_debug"", ""outputs"", ""output_medium_debug_11_18"", ""output_enformer_hyper_12_07"", ""data"", ""datasets"", "".venv_caduceus"", "".venv"", "".git"", "".vscode"", ""uv.lock"", ""tests""]",,,splice_sites_donors,InstaDeepAI/nucleotide_transformer_downstream_tasks_revised,42,,original,bpnet,2,,down,True,,True,2,InstaDeepAI/nucleotide-transformer-2.5b-multi-species,True,InstaDeepAI/nucleotide-transformer-2.5b-multi-species,True,0.0001,cuda,200,1000,16,/extra/zhanglab0/INDV/pengchx3/OmegaGenome_different_version/OmegaGenome_11_1_fix_ckpt/OmegaGenome//output/01082026/110723/method_comparison-seedset2/nt/logit_standard,4,OmegaGenome-Method-Compariso-seedset2,50,5,,/extra/zhanglab0/INDV/pengchx3/OmegaGenome_different_version/OmegaGenome_11_1_fix_ckpt/OmegaGenome//data/finetuned_models/2b5-multi-species_nucleotide-transformer-finetune-results-lora-epoch20-10-17-revised-r32-fix-num-label,False,8,1,kl,0.1,0.9,0,2,logit_standard,0.6050531824914271,0.29201916727762955,0.26255590621748554,200,0.968661032024198,0.336283185840708,0.0,8186.9885766506195,1.072883577535322e-07,0.0,46.542211971640306,1.072883577535322e-07,1.072883577535322e-07,0,0.3321460373998219,0.0
yz643r36,splice_sites_donors/bpnet_original/logit_standard/distill_methodlogit_standard_dkd_alpha1.0_dkd_beta8.0_kl_methodkl_temperature2.0_weight_ce0.1_weight_kl0.9_weight_mse0.0_zscoreFalse,finished,2026-01-09T06:13:21Z,nt,"[""splice_sites_donors""]",4021,0,64GB,slurm,[],test,.,laniakea,True,zhanglab.p,1,9223372036854776000,4,,1,slurm,1,True,False,,"["".py"", "".sh"", "".yaml"", "".toml""]",/extra/zhanglab0/INDV/pengchx3/OmegaGenome_different_version/OmegaGenome_11_1_fix_ckpt/OmegaGenome//output/01082026/110723,1,False,torch,"[""wandb"", ""output"", ""output_original"", ""output_caduceus_hyperparam"", ""output_bpnet_medium"", ""output_logits_and_medium_debug"", ""outputs"", ""output_medium_debug_11_18"", ""output_enformer_hyper_12_07"", ""data"", ""datasets"", "".venv_caduceus"", "".venv"", "".git"", "".vscode"", ""uv.lock"", ""tests""]",,,splice_sites_donors,InstaDeepAI/nucleotide_transformer_downstream_tasks_revised,42,,original,bpnet,2,,down,True,,True,2,InstaDeepAI/nucleotide-transformer-2.5b-multi-species,True,InstaDeepAI/nucleotide-transformer-2.5b-multi-species,True,0.0001,cuda,200,1000,16,/extra/zhanglab0/INDV/pengchx3/OmegaGenome_different_version/OmegaGenome_11_1_fix_ckpt/OmegaGenome//output/01082026/110723/method_comparison-seedset2/nt/logit_standard,4,OmegaGenome-Method-Compariso-seedset2,50,5,,/extra/zhanglab0/INDV/pengchx3/OmegaGenome_different_version/OmegaGenome_11_1_fix_ckpt/OmegaGenome//data/finetuned_models/2b5-multi-species_nucleotide-transformer-finetune-results-lora-epoch20-10-17-revised-r32-fix-num-label,False,8,1,kl,0.1,0.9,0,2,logit_standard,0.5664630096941693,0.3064264033241064,0.25407182151867,200,0.968661032024198,0.5799086902257062,0.1824659363385803,5529.39236164093,1.3499380350112915,1.0222234725952148,0.8342134384217703,1.247715711593628,1.3499380350112915,0,0.5575083426028922,0.11589272076613016
ep0363q7,splice_sites_donors/bpnet_original/dkd/distill_methoddkd_dkd_alpha1.0_dkd_beta8.0_kl_methodkl_temperature4.0_weight_ce0.5_weight_kl0.5_weight_mse0.0_zscoreFalse,finished,2026-01-09T06:33:15Z,nt,"[""splice_sites_donors""]",321,0,64GB,slurm,[],test,.,laniakea,True,zhanglab.p,1,9223372036854776000,4,,1,slurm,1,True,False,,"["".py"", "".sh"", "".yaml"", "".toml""]",/extra/zhanglab0/INDV/pengchx3/OmegaGenome_different_version/OmegaGenome_11_1_fix_ckpt/OmegaGenome//output/01082026/110723,1,False,torch,"[""wandb"", ""output"", ""output_original"", ""output_caduceus_hyperparam"", ""output_bpnet_medium"", ""output_logits_and_medium_debug"", ""outputs"", ""output_medium_debug_11_18"", ""output_enformer_hyper_12_07"", ""data"", ""datasets"", "".venv_caduceus"", "".venv"", "".git"", "".vscode"", ""uv.lock"", ""tests""]",,,splice_sites_donors,InstaDeepAI/nucleotide_transformer_downstream_tasks_revised,42,,original,bpnet,2,,down,True,,True,2,InstaDeepAI/nucleotide-transformer-2.5b-multi-species,True,InstaDeepAI/nucleotide-transformer-2.5b-multi-species,True,0.0001,cuda,200,1000,16,/extra/zhanglab0/INDV/pengchx3/OmegaGenome_different_version/OmegaGenome_11_1_fix_ckpt/OmegaGenome//output/01082026/110723/method_comparison-seedset2/nt/dkd,4,OmegaGenome-Method-Compariso-seedset2,50,5,,/extra/zhanglab0/INDV/pengchx3/OmegaGenome_different_version/OmegaGenome_11_1_fix_ckpt/OmegaGenome//data/finetuned_models/2b5-multi-species_nucleotide-transformer-finetune-results-lora-epoch20-10-17-revised-r32-fix-num-label,False,8,1,kl,0.5,0.5,0,4,dkd,0.9753301646300347,0.950668133912063,0.966130235771786,200,0.968661032024198,0.9736642057330024,0.9473545973942266,4480.388674020767,0.015836063772439957,0.0003095439460594207,0.017415325110585106,0.01568129099905491,0.015836063772439957,0,0.978661649783438,0.95751914256577
ev08919j,splice_sites_donors/bpnet_original/dkd/distill_methoddkd_dkd_alpha1.0_dkd_beta8.0_kl_methodkl_temperature4.0_weight_ce0.5_weight_kl0.5_weight_mse0.0_zscoreFalse,finished,2026-01-09T06:40:11Z,nt,"[""splice_sites_donors""]",987,0,64GB,slurm,[],test,.,laniakea,True,zhanglab.p,1,9223372036854776000,4,,1,slurm,1,True,False,,"["".py"", "".sh"", "".yaml"", "".toml""]",/extra/zhanglab0/INDV/pengchx3/OmegaGenome_different_version/OmegaGenome_11_1_fix_ckpt/OmegaGenome//output/01082026/110723,1,False,torch,"[""wandb"", ""output"", ""output_original"", ""output_caduceus_hyperparam"", ""output_bpnet_medium"", ""output_logits_and_medium_debug"", ""outputs"", ""output_medium_debug_11_18"", ""output_enformer_hyper_12_07"", ""data"", ""datasets"", "".venv_caduceus"", "".venv"", "".git"", "".vscode"", ""uv.lock"", ""tests""]",,,splice_sites_donors,InstaDeepAI/nucleotide_transformer_downstream_tasks_revised,42,,original,bpnet,2,,down,True,,True,2,InstaDeepAI/nucleotide-transformer-2.5b-multi-species,True,InstaDeepAI/nucleotide-transformer-2.5b-multi-species,True,0.0001,cuda,200,1000,16,/extra/zhanglab0/INDV/pengchx3/OmegaGenome_different_version/OmegaGenome_11_1_fix_ckpt/OmegaGenome//output/01082026/110723/method_comparison-seedset2/nt/dkd,4,OmegaGenome-Method-Compariso-seedset2,50,5,,/extra/zhanglab0/INDV/pengchx3/OmegaGenome_different_version/OmegaGenome_11_1_fix_ckpt/OmegaGenome//data/finetuned_models/2b5-multi-species_nucleotide-transformer-finetune-results-lora-epoch20-10-17-revised-r32-fix-num-label,False,8,1,kl,0.5,0.5,0,4,dkd,0.97099558810668,0.9419931187885848,0.9673383591167452,200,0.968661032024198,0.9716646989374262,0.9433779889748862,5593.373370409012,0.010391170158982275,0.0007053195149637759,0.01787933411129907,0.010038509964942932,0.010391170158982275,0,0.9829984112959887,0.966033747177722
n4ymu0ci,splice_sites_donors/bpnet_original/dkd/distill_methoddkd_dkd_alpha1.0_dkd_beta8.0_kl_methodkl_temperature4.0_weight_ce0.5_weight_kl0.5_weight_mse0.0_zscoreFalse,finished,2026-01-09T06:40:11Z,nt,"[""splice_sites_donors""]",654,0,64GB,slurm,[],test,.,laniakea,True,zhanglab.p,1,9223372036854776000,4,,1,slurm,1,True,False,,"["".py"", "".sh"", "".yaml"", "".toml""]",/extra/zhanglab0/INDV/pengchx3/OmegaGenome_different_version/OmegaGenome_11_1_fix_ckpt/OmegaGenome//output/01082026/110723,1,False,torch,"[""wandb"", ""output"", ""output_original"", ""output_caduceus_hyperparam"", ""output_bpnet_medium"", ""output_logits_and_medium_debug"", ""outputs"", ""output_medium_debug_11_18"", ""output_enformer_hyper_12_07"", ""data"", ""datasets"", "".venv_caduceus"", "".venv"", "".git"", "".vscode"", ""uv.lock"", ""tests""]",,,splice_sites_donors,InstaDeepAI/nucleotide_transformer_downstream_tasks_revised,42,,original,bpnet,2,,down,True,,True,2,InstaDeepAI/nucleotide-transformer-2.5b-multi-species,True,InstaDeepAI/nucleotide-transformer-2.5b-multi-species,True,0.0001,cuda,200,1000,16,/extra/zhanglab0/INDV/pengchx3/OmegaGenome_different_version/OmegaGenome_11_1_fix_ckpt/OmegaGenome//output/01082026/110723/method_comparison-seedset2/nt/dkd,4,OmegaGenome-Method-Compariso-seedset2,50,5,,/extra/zhanglab0/INDV/pengchx3/OmegaGenome_different_version/OmegaGenome_11_1_fix_ckpt/OmegaGenome//data/finetuned_models/2b5-multi-species_nucleotide-transformer-finetune-results-lora-epoch20-10-17-revised-r32-fix-num-label,False,8,1,kl,0.5,0.5,0,4,dkd,0.972325335355251,0.9446768307135556,0.9706664865430163,200,0.968661032024198,0.9709992749818744,0.942133426984154,5507.052034378052,0.002801029710099101,0.00010374718840466812,0.018262950981022583,0.002749156206846237,0.002801029710099101,0,0.9809964505592657,0.9621292105163854
srk9knkr,splice_sites_donors/bpnet_original/dkd/distill_methoddkd_dkd_alpha1.0_dkd_beta8.0_kl_methodkl_temperature4.0_weight_ce0.5_weight_kl0.5_weight_mse0.0_zscoreFalse,finished,2026-01-09T06:47:05Z,nt,"[""splice_sites_donors""]",24,0,64GB,slurm,[],test,.,voyager,True,zhanglab.p,1,9223372036854776000,4,,1,slurm,1,True,False,,"["".py"", "".sh"", "".yaml"", "".toml""]",/extra/zhanglab0/INDV/pengchx3/OmegaGenome_different_version/OmegaGenome_11_1_fix_ckpt/OmegaGenome//output/01082026/110723,1,False,torch,"[""wandb"", ""output"", ""output_original"", ""output_caduceus_hyperparam"", ""output_bpnet_medium"", ""output_logits_and_medium_debug"", ""outputs"", ""output_medium_debug_11_18"", ""output_enformer_hyper_12_07"", ""data"", ""datasets"", "".venv_caduceus"", "".venv"", "".git"", "".vscode"", ""uv.lock"", ""tests""]",,,splice_sites_donors,InstaDeepAI/nucleotide_transformer_downstream_tasks_revised,42,,original,bpnet,2,,down,True,,True,2,InstaDeepAI/nucleotide-transformer-2.5b-multi-species,True,InstaDeepAI/nucleotide-transformer-2.5b-multi-species,True,0.0001,cuda,200,1000,16,/extra/zhanglab0/INDV/pengchx3/OmegaGenome_different_version/OmegaGenome_11_1_fix_ckpt/OmegaGenome//output/01082026/110723/method_comparison-seedset2/nt/dkd,4,OmegaGenome-Method-Compariso-seedset2,50,5,,/extra/zhanglab0/INDV/pengchx3/OmegaGenome_different_version/OmegaGenome_11_1_fix_ckpt/OmegaGenome//data/finetuned_models/2b5-multi-species_nucleotide-transformer-finetune-results-lora-epoch20-10-17-revised-r32-fix-num-label,False,8,1,kl,0.5,0.5,0,4,dkd,0.9653237010280632,0.9306688656410482,0.9553658833022232,200,0.968661032024198,0.9586666482962882,0.9176409717005618,2364.103839159012,0.00999055989086628,9.002251317724586e-05,0.019445094280772495,0.009945549070835114,0.00999055989086628,0,0.9696515295240036,0.939864230881234
0oxgzxil,splice_sites_donors/bpnet_original/dkd/distill_methoddkd_dkd_alpha1.0_dkd_beta8.0_kl_methodkl_temperature4.0_weight_ce0.5_weight_kl0.5_weight_mse0.0_zscoreFalse,finished,2026-01-09T07:15:19Z,nt,"[""splice_sites_donors""]",4021,0,64GB,slurm,[],test,.,voyager,True,zhanglab.p,1,9223372036854776000,4,,1,slurm,1,True,False,,"["".py"", "".sh"", "".yaml"", "".toml""]",/extra/zhanglab0/INDV/pengchx3/OmegaGenome_different_version/OmegaGenome_11_1_fix_ckpt/OmegaGenome//output/01082026/110723,1,False,torch,"[""wandb"", ""output"", ""output_original"", ""output_caduceus_hyperparam"", ""output_bpnet_medium"", ""output_logits_and_medium_debug"", ""outputs"", ""output_medium_debug_11_18"", ""output_enformer_hyper_12_07"", ""data"", ""datasets"", "".venv_caduceus"", "".venv"", "".git"", "".vscode"", ""uv.lock"", ""tests""]",,,splice_sites_donors,InstaDeepAI/nucleotide_transformer_downstream_tasks_revised,42,,original,bpnet,2,,down,True,,True,2,InstaDeepAI/nucleotide-transformer-2.5b-multi-species,True,InstaDeepAI/nucleotide-transformer-2.5b-multi-species,True,0.0001,cuda,200,1000,16,/extra/zhanglab0/INDV/pengchx3/OmegaGenome_different_version/OmegaGenome_11_1_fix_ckpt/OmegaGenome//output/01082026/110723/method_comparison-seedset2/nt/dkd,4,OmegaGenome-Method-Compariso-seedset2,50,5,,/extra/zhanglab0/INDV/pengchx3/OmegaGenome_different_version/OmegaGenome_11_1_fix_ckpt/OmegaGenome//data/finetuned_models/2b5-multi-species_nucleotide-transformer-finetune-results-lora-epoch20-10-17-revised-r32-fix-num-label,False,8,1,kl,0.5,0.5,0,4,dkd,0.9716650011984038,0.9433924141164506,0.9694539700478904,200,0.968661032024198,0.9723319776002356,0.9447419684983108,1996.817610502243,0.003699348308146,0.001180359860882163,0.01664089080713462,0.003109168261289597,0.003699348308146,0,0.9839979446248874,0.968066757709866
ee8xsl0a,splice_sites_donors/bpnet_original/dist/distill_methoddist_dkd_alpha1.0_dkd_beta8.0_kl_methodkl_temperature2.0_weight_ce0.5_weight_kl0.5_weight_mse0.0_zscoreFalse,finished,2026-01-09T07:15:19Z,nt,"[""splice_sites_donors""]",24,0,64GB,slurm,[],test,.,voyager,True,zhanglab.p,1,9223372036854776000,4,,1,slurm,1,True,False,,"["".py"", "".sh"", "".yaml"", "".toml""]",/extra/zhanglab0/INDV/pengchx3/OmegaGenome_different_version/OmegaGenome_11_1_fix_ckpt/OmegaGenome//output/01082026/110723,1,False,torch,"[""wandb"", ""output"", ""output_original"", ""output_caduceus_hyperparam"", ""output_bpnet_medium"", ""output_logits_and_medium_debug"", ""outputs"", ""output_medium_debug_11_18"", ""output_enformer_hyper_12_07"", ""data"", ""datasets"", "".venv_caduceus"", "".venv"", "".git"", "".vscode"", ""uv.lock"", ""tests""]",,,splice_sites_donors,InstaDeepAI/nucleotide_transformer_downstream_tasks_revised,42,,original,bpnet,2,,down,True,,True,2,InstaDeepAI/nucleotide-transformer-2.5b-multi-species,True,InstaDeepAI/nucleotide-transformer-2.5b-multi-species,True,0.0001,cuda,200,1000,16,/extra/zhanglab0/INDV/pengchx3/OmegaGenome_different_version/OmegaGenome_11_1_fix_ckpt/OmegaGenome//output/01082026/110723/method_comparison-seedset2/nt/dist,4,OmegaGenome-Method-Compariso-seedset2,50,5,,/extra/zhanglab0/INDV/pengchx3/OmegaGenome_different_version/OmegaGenome_11_1_fix_ckpt/OmegaGenome//data/finetuned_models/2b5-multi-species_nucleotide-transformer-finetune-results-lora-epoch20-10-17-revised-r32-fix-num-label,False,8,1,kl,0.5,0.5,0,2,dist,0.978331019567756,0.9566796529721064,0.9727130760503576,200,0.968661032024198,0.9739970414411596,0.948007938493902,2021.4842731952667,1.5007035472081045e-05,1.2814404726668728e-05,0.0054752588742061565,8.599832653999329e-06,1.5007035472081045e-05,0,0.984332064230536,0.9686906006667372
7lru9lw8,splice_sites_donors/bpnet_original/dist/distill_methoddist_dkd_alpha1.0_dkd_beta8.0_kl_methodkl_temperature2.0_weight_ce0.5_weight_kl0.5_weight_mse0.0_zscoreFalse,finished,2026-01-09T07:33:18Z,nt,"[""splice_sites_donors""]",321,0,64GB,slurm,[],test,.,voyager,True,zhanglab.p,1,9223372036854776000,4,,1,slurm,1,True,False,,"["".py"", "".sh"", "".yaml"", "".toml""]",/extra/zhanglab0/INDV/pengchx3/OmegaGenome_different_version/OmegaGenome_11_1_fix_ckpt/OmegaGenome//output/01082026/110723,1,False,torch,"[""wandb"", ""output"", ""output_original"", ""output_caduceus_hyperparam"", ""output_bpnet_medium"", ""output_logits_and_medium_debug"", ""outputs"", ""output_medium_debug_11_18"", ""output_enformer_hyper_12_07"", ""data"", ""datasets"", "".venv_caduceus"", "".venv"", "".git"", "".vscode"", ""uv.lock"", ""tests""]",,,splice_sites_donors,InstaDeepAI/nucleotide_transformer_downstream_tasks_revised,42,,original,bpnet,2,,down,True,,True,2,InstaDeepAI/nucleotide-transformer-2.5b-multi-species,True,InstaDeepAI/nucleotide-transformer-2.5b-multi-species,True,0.0001,cuda,200,1000,16,/extra/zhanglab0/INDV/pengchx3/OmegaGenome_different_version/OmegaGenome_11_1_fix_ckpt/OmegaGenome//output/01082026/110723/method_comparison-seedset2/nt/dist,4,OmegaGenome-Method-Compariso-seedset2,50,5,,/extra/zhanglab0/INDV/pengchx3/OmegaGenome_different_version/OmegaGenome_11_1_fix_ckpt/OmegaGenome//data/finetuned_models/2b5-multi-species_nucleotide-transformer-finetune-results-lora-epoch20-10-17-revised-r32-fix-num-label,False,8,1,kl,0.5,0.5,0,2,dist,0.975665474274906,0.9514092293182076,0.958173609811338,200,0.968661032024198,0.9629990749768744,0.9261319156747422,1990.2773506641388,0.0004049084382131696,0.0004203080025035888,0.006264745180243731,0.0001947544515132904,0.0004049084382131696,0,0.96898880495859,0.9383399061341944
tm82iquj,splice_sites_donors/bpnet_original/dist/distill_methoddist_dkd_alpha1.0_dkd_beta8.0_kl_methodkl_temperature2.0_weight_ce0.5_weight_kl0.5_weight_mse0.0_zscoreFalse,finished,2026-01-09T07:35:48Z,nt,"[""splice_sites_donors""]",654,0,64GB,slurm,[],test,.,laniakea,True,zhanglab.p,1,9223372036854776000,4,,1,slurm,1,True,False,,"["".py"", "".sh"", "".yaml"", "".toml""]",/extra/zhanglab0/INDV/pengchx3/OmegaGenome_different_version/OmegaGenome_11_1_fix_ckpt/OmegaGenome//output/01082026/110723,1,False,torch,"[""wandb"", ""output"", ""output_original"", ""output_caduceus_hyperparam"", ""output_bpnet_medium"", ""output_logits_and_medium_debug"", ""outputs"", ""output_medium_debug_11_18"", ""output_enformer_hyper_12_07"", ""data"", ""datasets"", "".venv_caduceus"", "".venv"", "".git"", "".vscode"", ""uv.lock"", ""tests""]",,,splice_sites_donors,InstaDeepAI/nucleotide_transformer_downstream_tasks_revised,42,,original,bpnet,2,,down,True,,True,2,InstaDeepAI/nucleotide-transformer-2.5b-multi-species,True,InstaDeepAI/nucleotide-transformer-2.5b-multi-species,True,0.0001,cuda,200,1000,16,/extra/zhanglab0/INDV/pengchx3/OmegaGenome_different_version/OmegaGenome_11_1_fix_ckpt/OmegaGenome//output/01082026/110723/method_comparison-seedset2/nt/dist,4,OmegaGenome-Method-Compariso-seedset2,50,5,,/extra/zhanglab0/INDV/pengchx3/OmegaGenome_different_version/OmegaGenome_11_1_fix_ckpt/OmegaGenome//data/finetuned_models/2b5-multi-species_nucleotide-transformer-finetune-results-lora-epoch20-10-17-revised-r32-fix-num-label,False,8,1,kl,0.5,0.5,0,2,dist,0.8953321703574484,0.7911618960995555,0.8306896075974362,200,0.968661032024198,0.8953321703574484,0.7911618960995555,4351.077299594879,0.04038335382938385,0.059248313307762146,0.2171984175518067,0.010759195312857628,0.04038335382938385,0,0.9153248658199152,0.8306896075974362
4y06ahej,splice_sites_donors/bpnet_original/dist/distill_methoddist_dkd_alpha1.0_dkd_beta8.0_kl_methodkl_temperature2.0_weight_ce0.5_weight_kl0.5_weight_mse0.0_zscoreFalse,finished,2026-01-09T07:48:01Z,nt,"[""splice_sites_donors""]",987,0,64GB,slurm,[],test,.,laniakea,True,zhanglab.p,1,9223372036854776000,4,,1,slurm,1,True,False,,"["".py"", "".sh"", "".yaml"", "".toml""]",/extra/zhanglab0/INDV/pengchx3/OmegaGenome_different_version/OmegaGenome_11_1_fix_ckpt/OmegaGenome//output/01082026/110723,1,False,torch,"[""wandb"", ""output"", ""output_original"", ""output_caduceus_hyperparam"", ""output_bpnet_medium"", ""output_logits_and_medium_debug"", ""outputs"", ""output_medium_debug_11_18"", ""output_enformer_hyper_12_07"", ""data"", ""datasets"", "".venv_caduceus"", "".venv"", "".git"", "".vscode"", ""uv.lock"", ""tests""]",,,splice_sites_donors,InstaDeepAI/nucleotide_transformer_downstream_tasks_revised,42,,original,bpnet,2,,down,True,,True,2,InstaDeepAI/nucleotide-transformer-2.5b-multi-species,True,InstaDeepAI/nucleotide-transformer-2.5b-multi-species,True,0.0001,cuda,200,1000,16,/extra/zhanglab0/INDV/pengchx3/OmegaGenome_different_version/OmegaGenome_11_1_fix_ckpt/OmegaGenome//output/01082026/110723/method_comparison-seedset2/nt/dist,4,OmegaGenome-Method-Compariso-seedset2,50,5,,/extra/zhanglab0/INDV/pengchx3/OmegaGenome_different_version/OmegaGenome_11_1_fix_ckpt/OmegaGenome//data/finetuned_models/2b5-multi-species_nucleotide-transformer-finetune-results-lora-epoch20-10-17-revised-r32-fix-num-label,False,8,1,kl,0.5,0.5,0,2,dist,0.976327523055381,0.9526656824479685,0.9693331046152768,200,0.968661032024198,0.974332303773518,0.9487601043524352,3683.354615688324,0.2645089626312256,0.003465665504336357,0.0059443423727893316,0.26277613639831543,0.2645089626312256,0,0.9789952739366355,0.958173609811338
in7410pw,splice_sites_donors/bpnet_original/dist/distill_methoddist_dkd_alpha1.0_dkd_beta8.0_kl_methodkl_temperature2.0_weight_ce0.5_weight_kl0.5_weight_mse0.0_zscoreFalse,finished,2026-01-09T07:50:35Z,nt,"[""splice_sites_donors""]",4021,0,64GB,slurm,[],test,.,laniakea,True,zhanglab.p,1,9223372036854776000,4,,1,slurm,1,True,False,,"["".py"", "".sh"", "".yaml"", "".toml""]",/extra/zhanglab0/INDV/pengchx3/OmegaGenome_different_version/OmegaGenome_11_1_fix_ckpt/OmegaGenome//output/01082026/110723,1,False,torch,"[""wandb"", ""output"", ""output_original"", ""output_caduceus_hyperparam"", ""output_bpnet_medium"", ""output_logits_and_medium_debug"", ""outputs"", ""output_medium_debug_11_18"", ""output_enformer_hyper_12_07"", ""data"", ""datasets"", "".venv_caduceus"", "".venv"", "".git"", "".vscode"", ""uv.lock"", ""tests""]",,,splice_sites_donors,InstaDeepAI/nucleotide_transformer_downstream_tasks_revised,42,,original,bpnet,2,,down,True,,True,2,InstaDeepAI/nucleotide-transformer-2.5b-multi-species,True,InstaDeepAI/nucleotide-transformer-2.5b-multi-species,True,0.0001,cuda,200,1000,16,/extra/zhanglab0/INDV/pengchx3/OmegaGenome_different_version/OmegaGenome_11_1_fix_ckpt/OmegaGenome//output/01082026/110723/method_comparison-seedset2/nt/dist,4,OmegaGenome-Method-Compariso-seedset2,50,5,,/extra/zhanglab0/INDV/pengchx3/OmegaGenome_different_version/OmegaGenome_11_1_fix_ckpt/OmegaGenome//data/finetuned_models/2b5-multi-species_nucleotide-transformer-finetune-results-lora-epoch20-10-17-revised-r32-fix-num-label,False,8,1,kl,0.5,0.5,0,2,dist,0.9723330843310924,0.9448738416543692,0.9560806247667611,200,0.968661032024198,0.9723314119036044,0.9447114482506704,4309.389824151993,0.009354445151984692,0.012264935299754144,0.006242484103061098,0.00322197750210762,0.009354445151984692,0,0.9773313586427972,0.9546939977759744
732d22ie,splice_sites_donors/bpnet_original/vanilla/distill_methodvanilla_dkd_alpha1.0_dkd_beta8.0_kl_methodkl_temperature2.0_weight_ce0.5_weight_kl0.5_weight_mse0.0_zscoreFalse,finished,2026-01-10T01:17:30Z,nt,"[""splice_sites_donors""]",42,0,64GB,slurm,[],test,.,voyager,True,zhanglab.p,1,9223372036854776000,4,,1,slurm,1,True,False,,"["".py"", "".sh"", "".yaml"", "".toml""]",/extra/zhanglab0/INDV/pengchx3/OmegaGenome_different_version/OmegaGenome_11_1_fix_ckpt/OmegaGenome//output/01092026/133549,1,False,torch,"[""wandb"", ""output"", ""output*"", ""output_original"", ""output_caduceus_hyperparam"", ""output_bpnet_medium"", ""output_logits_and_medium_debug"", ""outputs"", ""output_medium_debug_11_18"", ""output_enformer_hyper_12_07"", ""data"", ""datasets"", "".venv_caduceus"", "".venv"", "".git"", "".vscode"", ""uv.lock"", ""tests"", "".ruff_cache"", "".github""]",,,splice_sites_donors,InstaDeepAI/nucleotide_transformer_downstream_tasks_revised,42,,original,bpnet,2,,down,True,,True,2,InstaDeepAI/nucleotide-transformer-2.5b-multi-species,True,InstaDeepAI/nucleotide-transformer-2.5b-multi-species,True,0.0001,cuda,200,1000,16,/extra/zhanglab0/INDV/pengchx3/OmegaGenome_different_version/OmegaGenome_11_1_fix_ckpt/OmegaGenome//output/01092026/133549/method_comparison-seedset2/nt/vanilla,4,OmegaGenome-Method-Compariso-seedset2,50,5,,/extra/zhanglab0/INDV/pengchx3/OmegaGenome_different_version/OmegaGenome_11_1_fix_ckpt/OmegaGenome//data/finetuned_models/2b5-multi-species_nucleotide-transformer-finetune-results-lora-epoch20-10-17-revised-r32-fix-num-label,False,8,1,kl,0.5,0.5,0,2,vanilla,0.957999831999328,0.9162457970516276,0.9473895076678044,200,0.968661032024198,0.9589979909015542,0.9180729252187227,2340.425157546997,0.00838734395802021,0.0005580329452641308,0.016436204532234735,0.00810832716524601,0.00838734395802021,0,0.9686626415570712,0.9373950469670675
y7n31lue,splice_sites_donors/bpnet_original/vanilla/distill_methodvanilla_dkd_alpha1.0_dkd_beta8.0_kl_methodkl_temperature2.0_weight_ce0.5_weight_kl0.5_weight_mse0.0_zscoreFalse,finished,2026-01-10T01:47:34Z,nt,"[""splice_sites_donors""]",123,0,64GB,slurm,[],test,.,laniakea,True,zhanglab.p,1,9223372036854776000,4,,1,slurm,1,True,False,,"["".py"", "".sh"", "".yaml"", "".toml""]",/extra/zhanglab0/INDV/pengchx3/OmegaGenome_different_version/OmegaGenome_11_1_fix_ckpt/OmegaGenome//output/01092026/133549,1,False,torch,"[""wandb"", ""output"", ""output*"", ""output_original"", ""output_caduceus_hyperparam"", ""output_bpnet_medium"", ""output_logits_and_medium_debug"", ""outputs"", ""output_medium_debug_11_18"", ""output_enformer_hyper_12_07"", ""data"", ""datasets"", "".venv_caduceus"", "".venv"", "".git"", "".vscode"", ""uv.lock"", ""tests"", "".ruff_cache"", "".github""]",,,splice_sites_donors,InstaDeepAI/nucleotide_transformer_downstream_tasks_revised,42,,original,bpnet,2,,down,True,,True,2,InstaDeepAI/nucleotide-transformer-2.5b-multi-species,True,InstaDeepAI/nucleotide-transformer-2.5b-multi-species,True,0.0001,cuda,200,1000,16,/extra/zhanglab0/INDV/pengchx3/OmegaGenome_different_version/OmegaGenome_11_1_fix_ckpt/OmegaGenome//output/01092026/133549/method_comparison-seedset2/nt/vanilla,4,OmegaGenome-Method-Compariso-seedset2,50,5,,/extra/zhanglab0/INDV/pengchx3/OmegaGenome_different_version/OmegaGenome_11_1_fix_ckpt/OmegaGenome//data/finetuned_models/2b5-multi-species_nucleotide-transformer-finetune-results-lora-epoch20-10-17-revised-r32-fix-num-label,False,8,1,kl,0.5,0.5,0,2,vanilla,0.9596598491811784,0.9193199116907084,0.9446675723496868,200,0.968661032024198,0.9563045477403948,0.912900443933942,3468.322865486145,0.0047862473875284195,0.00019644357962533832,0.013853331239368783,0.004688025452196598,0.0047862473875284195,0,0.9693319703097916,0.938943172867536
svm267z9,splice_sites_donors/bpnet_original/vanilla/distill_methodvanilla_dkd_alpha1.0_dkd_beta8.0_kl_methodkl_temperature2.0_weight_ce0.5_weight_kl0.5_weight_mse0.0_zscoreFalse,finished,2026-01-10T02:10:44Z,nt,"[""splice_sites_donors""]",456,0,64GB,slurm,[],test,.,voyager,True,zhanglab.p,1,9223372036854776000,4,,1,slurm,1,True,False,,"["".py"", "".sh"", "".yaml"", "".toml""]",/extra/zhanglab0/INDV/pengchx3/OmegaGenome_different_version/OmegaGenome_11_1_fix_ckpt/OmegaGenome//output/01092026/133549,1,False,torch,"[""wandb"", ""output"", ""output*"", ""output_original"", ""output_caduceus_hyperparam"", ""output_bpnet_medium"", ""output_logits_and_medium_debug"", ""outputs"", ""output_medium_debug_11_18"", ""output_enformer_hyper_12_07"", ""data"", ""datasets"", "".venv_caduceus"", "".venv"", "".git"", "".vscode"", ""uv.lock"", ""tests"", "".ruff_cache"", "".github""]",,,splice_sites_donors,InstaDeepAI/nucleotide_transformer_downstream_tasks_revised,42,,original,bpnet,2,,down,True,,True,2,InstaDeepAI/nucleotide-transformer-2.5b-multi-species,True,InstaDeepAI/nucleotide-transformer-2.5b-multi-species,True,0.0001,cuda,200,1000,16,/extra/zhanglab0/INDV/pengchx3/OmegaGenome_different_version/OmegaGenome_11_1_fix_ckpt/OmegaGenome//output/01092026/133549/method_comparison-seedset2/nt/vanilla,4,OmegaGenome-Method-Compariso-seedset2,50,5,,/extra/zhanglab0/INDV/pengchx3/OmegaGenome_different_version/OmegaGenome_11_1_fix_ckpt/OmegaGenome//data/finetuned_models/2b5-multi-species_nucleotide-transformer-finetune-results-lora-epoch20-10-17-revised-r32-fix-num-label,False,8,1,kl,0.5,0.5,0,2,vanilla,0.95433308470235,0.90913476090706,0.9448360286383538,200,0.968661032024198,0.9573284782624156,0.914670574989784,2192.2148582935333,0.0052605015225708485,0.0007204326684586704,0.01409622162767527,0.004900285042822361,0.0052605015225708485,0,0.9683295012029788,0.936721207482928
9wjo67j1,splice_sites_donors/bpnet_original/vanilla/distill_methodvanilla_dkd_alpha1.0_dkd_beta8.0_kl_methodkl_temperature2.0_weight_ce0.5_weight_kl0.5_weight_mse0.0_zscoreFalse,finished,2026-01-10T02:13:08Z,nt,"[""splice_sites_donors""]",789,0,64GB,slurm,[],test,.,voyager,True,zhanglab.p,1,9223372036854776000,4,,1,slurm,1,True,False,,"["".py"", "".sh"", "".yaml"", "".toml""]",/extra/zhanglab0/INDV/pengchx3/OmegaGenome_different_version/OmegaGenome_11_1_fix_ckpt/OmegaGenome//output/01092026/133549,1,False,torch,"[""wandb"", ""output"", ""output*"", ""output_original"", ""output_caduceus_hyperparam"", ""output_bpnet_medium"", ""output_logits_and_medium_debug"", ""outputs"", ""output_medium_debug_11_18"", ""output_enformer_hyper_12_07"", ""data"", ""datasets"", "".venv_caduceus"", "".venv"", "".git"", "".vscode"", ""uv.lock"", ""tests"", "".ruff_cache"", "".github""]",,,splice_sites_donors,InstaDeepAI/nucleotide_transformer_downstream_tasks_revised,42,,original,bpnet,2,,down,True,,True,2,InstaDeepAI/nucleotide-transformer-2.5b-multi-species,True,InstaDeepAI/nucleotide-transformer-2.5b-multi-species,True,0.0001,cuda,200,1000,16,/extra/zhanglab0/INDV/pengchx3/OmegaGenome_different_version/OmegaGenome_11_1_fix_ckpt/OmegaGenome//output/01092026/133549/method_comparison-seedset2/nt/vanilla,4,OmegaGenome-Method-Compariso-seedset2,50,5,,/extra/zhanglab0/INDV/pengchx3/OmegaGenome_different_version/OmegaGenome_11_1_fix_ckpt/OmegaGenome//data/finetuned_models/2b5-multi-species_nucleotide-transformer-finetune-results-lora-epoch20-10-17-revised-r32-fix-num-label,False,8,1,kl,0.5,0.5,0,2,vanilla,0.9713300713325606,0.942673960333243,0.9614149633948664,200,0.968661032024198,0.9729927950778868,0.9460031134025674,2179.7118122577667,0.006944720633327961,0.00027359099476598203,0.01308887469908057,0.006807925179600716,0.006944720633327961,0,0.9803325444498384,0.9606670497224477
sb9yu0p2,splice_sites_donors/bpnet_original/vanilla/distill_methodvanilla_dkd_alpha1.0_dkd_beta8.0_kl_methodkl_temperature2.0_weight_ce0.5_weight_kl0.5_weight_mse0.0_zscoreFalse,finished,2026-01-10T02:28:33Z,nt,"[""splice_sites_donors""]",1024,0,64GB,slurm,[],test,.,laniakea,True,zhanglab.p,1,9223372036854776000,4,,1,slurm,1,True,False,,"["".py"", "".sh"", "".yaml"", "".toml""]",/extra/zhanglab0/INDV/pengchx3/OmegaGenome_different_version/OmegaGenome_11_1_fix_ckpt/OmegaGenome//output/01092026/133549,1,False,torch,"[""wandb"", ""output"", ""output*"", ""output_original"", ""output_caduceus_hyperparam"", ""output_bpnet_medium"", ""output_logits_and_medium_debug"", ""outputs"", ""output_medium_debug_11_18"", ""output_enformer_hyper_12_07"", ""data"", ""datasets"", "".venv_caduceus"", "".venv"", "".git"", "".vscode"", ""uv.lock"", ""tests"", "".ruff_cache"", "".github""]",,,splice_sites_donors,InstaDeepAI/nucleotide_transformer_downstream_tasks_revised,42,,original,bpnet,2,,down,True,,True,2,InstaDeepAI/nucleotide-transformer-2.5b-multi-species,True,InstaDeepAI/nucleotide-transformer-2.5b-multi-species,True,0.0001,cuda,200,1000,16,/extra/zhanglab0/INDV/pengchx3/OmegaGenome_different_version/OmegaGenome_11_1_fix_ckpt/OmegaGenome//output/01092026/133549/method_comparison-seedset2/nt/vanilla,4,OmegaGenome-Method-Compariso-seedset2,50,5,,/extra/zhanglab0/INDV/pengchx3/OmegaGenome_different_version/OmegaGenome_11_1_fix_ckpt/OmegaGenome//data/finetuned_models/2b5-multi-species_nucleotide-transformer-finetune-results-lora-epoch20-10-17-revised-r32-fix-num-label,False,8,1,kl,0.5,0.5,0,2,vanilla,0.9583247713891444,0.9166514602003922,0.9393544966374564,200,0.968661032024198,0.9583247713891444,0.9166514602003922,5123.208371639252,0.022290455177426335,0.0015712956665083766,0.01494167313838744,0.021504808217287064,0.022290455177426335,0,0.9696642094676337,0.9393544966374564
oivtfgwu,splice_sites_donors/bpnet_original/logit_standard/distill_methodlogit_standard_dkd_alpha1.0_dkd_beta8.0_kl_methodkl_temperature2.0_weight_ce0.1_weight_kl0.9_weight_mse0.0_zscoreFalse,finished,2026-01-10T02:38:22Z,nt,"[""splice_sites_donors""]",42,0,64GB,slurm,[],test,.,laniakea,True,zhanglab.p,1,9223372036854776000,4,,1,slurm,1,True,False,,"["".py"", "".sh"", "".yaml"", "".toml""]",/extra/zhanglab0/INDV/pengchx3/OmegaGenome_different_version/OmegaGenome_11_1_fix_ckpt/OmegaGenome//output/01092026/133549,1,False,torch,"[""wandb"", ""output"", ""output*"", ""output_original"", ""output_caduceus_hyperparam"", ""output_bpnet_medium"", ""output_logits_and_medium_debug"", ""outputs"", ""output_medium_debug_11_18"", ""output_enformer_hyper_12_07"", ""data"", ""datasets"", "".venv_caduceus"", "".venv"", "".git"", "".vscode"", ""uv.lock"", ""tests"", "".ruff_cache"", "".github""]",,,splice_sites_donors,InstaDeepAI/nucleotide_transformer_downstream_tasks_revised,42,,original,bpnet,2,,down,True,,True,2,InstaDeepAI/nucleotide-transformer-2.5b-multi-species,True,InstaDeepAI/nucleotide-transformer-2.5b-multi-species,True,0.0001,cuda,200,1000,16,/extra/zhanglab0/INDV/pengchx3/OmegaGenome_different_version/OmegaGenome_11_1_fix_ckpt/OmegaGenome//output/01092026/133549/method_comparison-seedset2/nt/logit_standard,4,OmegaGenome-Method-Compariso-seedset2,50,5,,/extra/zhanglab0/INDV/pengchx3/OmegaGenome_different_version/OmegaGenome_11_1_fix_ckpt/OmegaGenome//data/finetuned_models/2b5-multi-species_nucleotide-transformer-finetune-results-lora-epoch20-10-17-revised-r32-fix-num-label,False,8,1,kl,0.1,0.9,0,2,logit_standard,0.5897195801094082,0.3188616130328421,0.25792620716160175,200,0.968661032024198,0.5743372667722941,0.1814269467019568,8065.634771108627,0.69545578956604,0.7160046696662903,0.9230821158171972,0.6238553524017334,0.69545578956604,0,0.560050440417591,0.12276958497095532
py8hbejh,splice_sites_donors/bpnet_original/logit_standard/distill_methodlogit_standard_dkd_alpha1.0_dkd_beta8.0_kl_methodkl_temperature2.0_weight_ce0.1_weight_kl0.9_weight_mse0.0_zscoreFalse,finished,2026-01-10T02:48:15Z,nt,"[""splice_sites_donors""]",123,0,64GB,slurm,[],test,.,laniakea,True,zhanglab.p,1,9223372036854776000,4,,1,slurm,1,True,False,,"["".py"", "".sh"", "".yaml"", "".toml""]",/extra/zhanglab0/INDV/pengchx3/OmegaGenome_different_version/OmegaGenome_11_1_fix_ckpt/OmegaGenome//output/01092026/133549,1,False,torch,"[""wandb"", ""output"", ""output*"", ""output_original"", ""output_caduceus_hyperparam"", ""output_bpnet_medium"", ""output_logits_and_medium_debug"", ""outputs"", ""output_medium_debug_11_18"", ""output_enformer_hyper_12_07"", ""data"", ""datasets"", "".venv_caduceus"", "".venv"", "".git"", "".vscode"", ""uv.lock"", ""tests"", "".ruff_cache"", "".github""]",,,splice_sites_donors,InstaDeepAI/nucleotide_transformer_downstream_tasks_revised,42,,original,bpnet,2,,down,True,,True,2,InstaDeepAI/nucleotide-transformer-2.5b-multi-species,True,InstaDeepAI/nucleotide-transformer-2.5b-multi-species,True,0.0001,cuda,200,1000,16,/extra/zhanglab0/INDV/pengchx3/OmegaGenome_different_version/OmegaGenome_11_1_fix_ckpt/OmegaGenome//output/01092026/133549/method_comparison-seedset2/nt/logit_standard,4,OmegaGenome-Method-Compariso-seedset2,50,5,,/extra/zhanglab0/INDV/pengchx3/OmegaGenome_different_version/OmegaGenome_11_1_fix_ckpt/OmegaGenome//data/finetuned_models/2b5-multi-species_nucleotide-transformer-finetune-results-lora-epoch20-10-17-revised-r32-fix-num-label,False,8,1,kl,0.1,0.9,0,2,logit_standard,0.5882615685217361,0.31226075036494877,0.2679800797772274,200,0.968661032024198,0.33327704010189074,0.036055220416200046,5171.771931409836,1.1149872541427612,0.752242922782898,0.7961038346027169,1.0397629737854004,1.1149872541427612,0,0.3367458676535548,0.03180779143835671
vidt7lod,splice_sites_donors/bpnet_original/logit_standard/distill_methodlogit_standard_dkd_alpha1.0_dkd_beta8.0_kl_methodkl_temperature2.0_weight_ce0.1_weight_kl0.9_weight_mse0.0_zscoreFalse,finished,2026-01-10T02:52:49Z,nt,"[""splice_sites_donors""]",456,0,64GB,slurm,[],test,.,voyager,True,zhanglab.p,1,9223372036854776000,4,,1,slurm,1,True,False,,"["".py"", "".sh"", "".yaml"", "".toml""]",/extra/zhanglab0/INDV/pengchx3/OmegaGenome_different_version/OmegaGenome_11_1_fix_ckpt/OmegaGenome//output/01092026/133549,1,False,torch,"[""wandb"", ""output"", ""output*"", ""output_original"", ""output_caduceus_hyperparam"", ""output_bpnet_medium"", ""output_logits_and_medium_debug"", ""outputs"", ""output_medium_debug_11_18"", ""output_enformer_hyper_12_07"", ""data"", ""datasets"", "".venv_caduceus"", "".venv"", "".git"", "".vscode"", ""uv.lock"", ""tests"", "".ruff_cache"", "".github""]",,,splice_sites_donors,InstaDeepAI/nucleotide_transformer_downstream_tasks_revised,42,,original,bpnet,2,,down,True,,True,2,InstaDeepAI/nucleotide-transformer-2.5b-multi-species,True,InstaDeepAI/nucleotide-transformer-2.5b-multi-species,True,0.0001,cuda,200,1000,16,/extra/zhanglab0/INDV/pengchx3/OmegaGenome_different_version/OmegaGenome_11_1_fix_ckpt/OmegaGenome//output/01092026/133549/method_comparison-seedset2/nt/logit_standard,4,OmegaGenome-Method-Compariso-seedset2,50,5,,/extra/zhanglab0/INDV/pengchx3/OmegaGenome_different_version/OmegaGenome_11_1_fix_ckpt/OmegaGenome//data/finetuned_models/2b5-multi-species_nucleotide-transformer-finetune-results-lora-epoch20-10-17-revised-r32-fix-num-label,False,8,1,kl,0.1,0.9,0,2,logit_standard,0.6204535961154432,0.2874682766309424,0.26950447287905616,200,0.968661032024198,0.3803383417158499,0.07965696452649253,3190.914892435074,1.74069344997406,0.7707504034042358,1.6957279319181968,1.6636184453964231,1.74069344997406,0,0.4034476639619162,0.0904769554238733
t9pwwnmp,splice_sites_donors/bpnet_original/logit_standard/distill_methodlogit_standard_dkd_alpha1.0_dkd_beta8.0_kl_methodkl_temperature2.0_weight_ce0.1_weight_kl0.9_weight_mse0.0_zscoreFalse,finished,2026-01-10T03:20:06Z,nt,"[""splice_sites_donors""]",789,0,64GB,slurm,[],test,.,voyager,True,zhanglab.p,1,9223372036854776000,4,,1,slurm,1,True,False,,"["".py"", "".sh"", "".yaml"", "".toml""]",/extra/zhanglab0/INDV/pengchx3/OmegaGenome_different_version/OmegaGenome_11_1_fix_ckpt/OmegaGenome//output/01092026/133549,1,False,torch,"[""wandb"", ""output"", ""output*"", ""output_original"", ""output_caduceus_hyperparam"", ""output_bpnet_medium"", ""output_logits_and_medium_debug"", ""outputs"", ""output_medium_debug_11_18"", ""output_enformer_hyper_12_07"", ""data"", ""datasets"", "".venv_caduceus"", "".venv"", "".git"", "".vscode"", ""uv.lock"", ""tests"", "".ruff_cache"", "".github""]",,,splice_sites_donors,InstaDeepAI/nucleotide_transformer_downstream_tasks_revised,42,,original,bpnet,2,,down,True,,True,2,InstaDeepAI/nucleotide-transformer-2.5b-multi-species,True,InstaDeepAI/nucleotide-transformer-2.5b-multi-species,True,0.0001,cuda,200,1000,16,/extra/zhanglab0/INDV/pengchx3/OmegaGenome_different_version/OmegaGenome_11_1_fix_ckpt/OmegaGenome//output/01092026/133549/method_comparison-seedset2/nt/logit_standard,4,OmegaGenome-Method-Compariso-seedset2,50,5,,/extra/zhanglab0/INDV/pengchx3/OmegaGenome_different_version/OmegaGenome_11_1_fix_ckpt/OmegaGenome//data/finetuned_models/2b5-multi-species_nucleotide-transformer-finetune-results-lora-epoch20-10-17-revised-r32-fix-num-label,False,8,1,kl,0.1,0.9,0,2,logit_standard,0.633780306806123,0.30697885517377954,0.29399460258620264,200,0.968661032024198,0.6318231334002209,0.30377884251001486,3206.233596086502,0.4787442982196808,0.62839275598526,0.909038238686408,0.41590502858161926,0.4787442982196808,0,0.5942921363750849,0.29063426154111577
onsbe2ms,splice_sites_donors/bpnet_original/logit_standard/distill_methodlogit_standard_dkd_alpha1.0_dkd_beta8.0_kl_methodkl_temperature2.0_weight_ce0.1_weight_kl0.9_weight_mse0.0_zscoreFalse,finished,2026-01-10T03:22:48Z,nt,"[""splice_sites_donors""]",1024,0,64GB,slurm,[],test,.,voyager,True,zhanglab.p,1,9223372036854776000,4,,1,slurm,1,True,False,,"["".py"", "".sh"", "".yaml"", "".toml""]",/extra/zhanglab0/INDV/pengchx3/OmegaGenome_different_version/OmegaGenome_11_1_fix_ckpt/OmegaGenome//output/01092026/133549,1,False,torch,"[""wandb"", ""output"", ""output*"", ""output_original"", ""output_caduceus_hyperparam"", ""output_bpnet_medium"", ""output_logits_and_medium_debug"", ""outputs"", ""output_medium_debug_11_18"", ""output_enformer_hyper_12_07"", ""data"", ""datasets"", "".venv_caduceus"", "".venv"", "".git"", "".vscode"", ""uv.lock"", ""tests"", "".ruff_cache"", "".github""]",,,splice_sites_donors,InstaDeepAI/nucleotide_transformer_downstream_tasks_revised,42,,original,bpnet,2,,down,True,,True,2,InstaDeepAI/nucleotide-transformer-2.5b-multi-species,True,InstaDeepAI/nucleotide-transformer-2.5b-multi-species,True,0.0001,cuda,200,1000,16,/extra/zhanglab0/INDV/pengchx3/OmegaGenome_different_version/OmegaGenome_11_1_fix_ckpt/OmegaGenome//output/01092026/133549/method_comparison-seedset2/nt/logit_standard,4,OmegaGenome-Method-Compariso-seedset2,50,5,,/extra/zhanglab0/INDV/pengchx3/OmegaGenome_different_version/OmegaGenome_11_1_fix_ckpt/OmegaGenome//data/finetuned_models/2b5-multi-species_nucleotide-transformer-finetune-results-lora-epoch20-10-17-revised-r32-fix-num-label,False,8,1,kl,0.1,0.9,0,2,logit_standard,0.6005250242538378,0.32515189806727013,0.2754566277354689,200,0.968661032024198,0.6017633351409244,0.21427403412759952,3236.2436785697937,0.8955191969871521,0.6370872259140015,0.7635305916175458,0.831810474395752,0.8955191969871521,0,0.5830751429444732,0.16831445577674237
130ftl5m,splice_sites_donors/bpnet_original/dkd/distill_methoddkd_dkd_alpha1.0_dkd_beta8.0_kl_methodkl_temperature4.0_weight_ce0.5_weight_kl0.5_weight_mse0.0_zscoreFalse,finished,2026-01-10T03:49:11Z,nt,"[""splice_sites_donors""]",42,0,64GB,slurm,[],test,.,voyager,True,zhanglab.p,1,9223372036854776000,4,,1,slurm,1,True,False,,"["".py"", "".sh"", "".yaml"", "".toml""]",/extra/zhanglab0/INDV/pengchx3/OmegaGenome_different_version/OmegaGenome_11_1_fix_ckpt/OmegaGenome//output/01092026/133549,1,False,torch,"[""wandb"", ""output"", ""output*"", ""output_original"", ""output_caduceus_hyperparam"", ""output_bpnet_medium"", ""output_logits_and_medium_debug"", ""outputs"", ""output_medium_debug_11_18"", ""output_enformer_hyper_12_07"", ""data"", ""datasets"", "".venv_caduceus"", "".venv"", "".git"", "".vscode"", ""uv.lock"", ""tests"", "".ruff_cache"", "".github""]",,,splice_sites_donors,InstaDeepAI/nucleotide_transformer_downstream_tasks_revised,42,,original,bpnet,2,,down,True,,True,2,InstaDeepAI/nucleotide-transformer-2.5b-multi-species,True,InstaDeepAI/nucleotide-transformer-2.5b-multi-species,True,0.0001,cuda,200,1000,16,/extra/zhanglab0/INDV/pengchx3/OmegaGenome_different_version/OmegaGenome_11_1_fix_ckpt/OmegaGenome//output/01092026/133549/method_comparison-seedset2/nt/dkd,4,OmegaGenome-Method-Compariso-seedset2,50,5,,/extra/zhanglab0/INDV/pengchx3/OmegaGenome_different_version/OmegaGenome_11_1_fix_ckpt/OmegaGenome//data/finetuned_models/2b5-multi-species_nucleotide-transformer-finetune-results-lora-epoch20-10-17-revised-r32-fix-num-label,False,8,1,kl,0.5,0.5,0,4,dkd,0.9709982953442486,0.9420589595818822,0.9548775926049176,200,0.968661032024198,0.9713300713325606,0.942673960333243,2286.175177097321,0.006951381918042898,0.00018219201592728496,0.019264271318271395,0.006860285997390747,0.006951381918042898,0,0.9709887791044514,0.94237691307013
yk1j4qmt,splice_sites_donors/bpnet_original/dkd/distill_methoddkd_dkd_alpha1.0_dkd_beta8.0_kl_methodkl_temperature4.0_weight_ce0.5_weight_kl0.5_weight_mse0.0_zscoreFalse,finished,2026-01-10T03:58:36Z,nt,"[""splice_sites_donors""]",123,0,64GB,slurm,[],test,.,laniakea,True,zhanglab.p,1,9223372036854776000,4,,1,slurm,1,True,False,,"["".py"", "".sh"", "".yaml"", "".toml""]",/extra/zhanglab0/INDV/pengchx3/OmegaGenome_different_version/OmegaGenome_11_1_fix_ckpt/OmegaGenome//output/01092026/133549,1,False,torch,"[""wandb"", ""output"", ""output*"", ""output_original"", ""output_caduceus_hyperparam"", ""output_bpnet_medium"", ""output_logits_and_medium_debug"", ""outputs"", ""output_medium_debug_11_18"", ""output_enformer_hyper_12_07"", ""data"", ""datasets"", "".venv_caduceus"", "".venv"", "".git"", "".vscode"", ""uv.lock"", ""tests"", "".ruff_cache"", "".github""]",,,splice_sites_donors,InstaDeepAI/nucleotide_transformer_downstream_tasks_revised,42,,original,bpnet,2,,down,True,,True,2,InstaDeepAI/nucleotide-transformer-2.5b-multi-species,True,InstaDeepAI/nucleotide-transformer-2.5b-multi-species,True,0.0001,cuda,200,1000,16,/extra/zhanglab0/INDV/pengchx3/OmegaGenome_different_version/OmegaGenome_11_1_fix_ckpt/OmegaGenome//output/01092026/133549/method_comparison-seedset2/nt/dkd,4,OmegaGenome-Method-Compariso-seedset2,50,5,,/extra/zhanglab0/INDV/pengchx3/OmegaGenome_different_version/OmegaGenome_11_1_fix_ckpt/OmegaGenome//data/finetuned_models/2b5-multi-species_nucleotide-transformer-finetune-results-lora-epoch20-10-17-revised-r32-fix-num-label,False,8,1,kl,0.5,0.5,0,4,dkd,0.9646644051885988,0.9293836975214664,0.9527734840043142,200,0.968661032024198,0.9633330725907384,0.9268853849776928,5610.01793551445,0.008884584531188011,0.00034379545832052827,0.018941997643256717,0.008712686598300934,0.008884584531188011,0,0.9736584451747218,0.9476133265163308
mhfy2a8m,splice_sites_donors/bpnet_original/dkd/distill_methoddkd_dkd_alpha1.0_dkd_beta8.0_kl_methodkl_temperature4.0_weight_ce0.5_weight_kl0.5_weight_mse0.0_zscoreFalse,finished,2026-01-10T04:16:06Z,nt,"[""splice_sites_donors""]",456,0,64GB,slurm,[],test,.,voyager,True,zhanglab.p,1,9223372036854776000,4,,1,slurm,1,True,False,,"["".py"", "".sh"", "".yaml"", "".toml""]",/extra/zhanglab0/INDV/pengchx3/OmegaGenome_different_version/OmegaGenome_11_1_fix_ckpt/OmegaGenome//output/01092026/133549,1,False,torch,"[""wandb"", ""output"", ""output*"", ""output_original"", ""output_caduceus_hyperparam"", ""output_bpnet_medium"", ""output_logits_and_medium_debug"", ""outputs"", ""output_medium_debug_11_18"", ""output_enformer_hyper_12_07"", ""data"", ""datasets"", "".venv_caduceus"", "".venv"", "".git"", "".vscode"", ""uv.lock"", ""tests"", "".ruff_cache"", "".github""]",,,splice_sites_donors,InstaDeepAI/nucleotide_transformer_downstream_tasks_revised,42,,original,bpnet,2,,down,True,,True,2,InstaDeepAI/nucleotide-transformer-2.5b-multi-species,True,InstaDeepAI/nucleotide-transformer-2.5b-multi-species,True,0.0001,cuda,200,1000,16,/extra/zhanglab0/INDV/pengchx3/OmegaGenome_different_version/OmegaGenome_11_1_fix_ckpt/OmegaGenome//output/01092026/133549/method_comparison-seedset2/nt/dkd,4,OmegaGenome-Method-Compariso-seedset2,50,5,,/extra/zhanglab0/INDV/pengchx3/OmegaGenome_different_version/OmegaGenome_11_1_fix_ckpt/OmegaGenome//data/finetuned_models/2b5-multi-species_nucleotide-transformer-finetune-results-lora-epoch20-10-17-revised-r32-fix-num-label,False,8,1,kl,0.5,0.5,0,4,dkd,0.955998044357527,0.9120810774771572,0.9360167070029888,200,0.968661032024198,0.9576632373888952,0.9153624467267172,2316.7417867183685,0.007060842588543892,0.000781242037191987,0.023314373895704697,0.00667022168636322,0.007060842588543892,0,0.9633280525729038,0.926741762312184
femzbcb7,splice_sites_donors/bpnet_original/dkd/distill_methoddkd_dkd_alpha1.0_dkd_beta8.0_kl_methodkl_temperature4.0_weight_ce0.5_weight_kl0.5_weight_mse0.0_zscoreFalse,finished,2026-01-10T04:19:21Z,nt,"[""splice_sites_donors""]",789,0,64GB,slurm,[],test,.,laniakea,True,zhanglab.p,1,9223372036854776000,4,,1,slurm,1,True,False,,"["".py"", "".sh"", "".yaml"", "".toml""]",/extra/zhanglab0/INDV/pengchx3/OmegaGenome_different_version/OmegaGenome_11_1_fix_ckpt/OmegaGenome//output/01092026/133549,1,False,torch,"[""wandb"", ""output"", ""output*"", ""output_original"", ""output_caduceus_hyperparam"", ""output_bpnet_medium"", ""output_logits_and_medium_debug"", ""outputs"", ""output_medium_debug_11_18"", ""output_enformer_hyper_12_07"", ""data"", ""datasets"", "".venv_caduceus"", "".venv"", "".git"", "".vscode"", ""uv.lock"", ""tests"", "".ruff_cache"", "".github""]",,,splice_sites_donors,InstaDeepAI/nucleotide_transformer_downstream_tasks_revised,42,,original,bpnet,2,,down,True,,True,2,InstaDeepAI/nucleotide-transformer-2.5b-multi-species,True,InstaDeepAI/nucleotide-transformer-2.5b-multi-species,True,0.0001,cuda,200,1000,16,/extra/zhanglab0/INDV/pengchx3/OmegaGenome_different_version/OmegaGenome_11_1_fix_ckpt/OmegaGenome//output/01092026/133549/method_comparison-seedset2/nt/dkd,4,OmegaGenome-Method-Compariso-seedset2,50,5,,/extra/zhanglab0/INDV/pengchx3/OmegaGenome_different_version/OmegaGenome_11_1_fix_ckpt/OmegaGenome//data/finetuned_models/2b5-multi-species_nucleotide-transformer-finetune-results-lora-epoch20-10-17-revised-r32-fix-num-label,False,8,1,kl,0.5,0.5,0,4,dkd,0.9726622804814462,0.9453254258255744,0.9640998815931514,200,0.968661032024198,0.969663831920294,0.9393537421715964,3679.959865570069,0.00999976322054863,0.00019282015273347497,0.018031601295367843,0.009903352707624435,0.00999976322054863,0,0.980329292095676,0.960817475037162
lll9psb7,splice_sites_donors/bpnet_original/dkd/distill_methoddkd_dkd_alpha1.0_dkd_beta8.0_kl_methodkl_temperature4.0_weight_ce0.5_weight_kl0.5_weight_mse0.0_zscoreFalse,finished,2026-01-10T04:19:23Z,nt,"[""splice_sites_donors""]",1024,0,64GB,slurm,[],test,.,voyager,True,zhanglab.p,1,9223372036854776000,4,,1,slurm,1,True,False,,"["".py"", "".sh"", "".yaml"", "".toml""]",/extra/zhanglab0/INDV/pengchx3/OmegaGenome_different_version/OmegaGenome_11_1_fix_ckpt/OmegaGenome//output/01092026/133549,1,False,torch,"[""wandb"", ""output"", ""output*"", ""output_original"", ""output_caduceus_hyperparam"", ""output_bpnet_medium"", ""output_logits_and_medium_debug"", ""outputs"", ""output_medium_debug_11_18"", ""output_enformer_hyper_12_07"", ""data"", ""datasets"", "".venv_caduceus"", "".venv"", "".git"", "".vscode"", ""uv.lock"", ""tests"", "".ruff_cache"", "".github""]",,,splice_sites_donors,InstaDeepAI/nucleotide_transformer_downstream_tasks_revised,42,,original,bpnet,2,,down,True,,True,2,InstaDeepAI/nucleotide-transformer-2.5b-multi-species,True,InstaDeepAI/nucleotide-transformer-2.5b-multi-species,True,0.0001,cuda,200,1000,16,/extra/zhanglab0/INDV/pengchx3/OmegaGenome_different_version/OmegaGenome_11_1_fix_ckpt/OmegaGenome//output/01092026/133549/method_comparison-seedset2/nt/dkd,4,OmegaGenome-Method-Compariso-seedset2,50,5,,/extra/zhanglab0/INDV/pengchx3/OmegaGenome_different_version/OmegaGenome_11_1_fix_ckpt/OmegaGenome//data/finetuned_models/2b5-multi-species_nucleotide-transformer-finetune-results-lora-epoch20-10-17-revised-r32-fix-num-label,False,8,1,kl,0.5,0.5,0,4,dkd,0.961327128485948,0.9226551117540324,0.9433758765694218,200,0.968661032024198,0.9566666666666668,0.9136735419630156,2357.243308067322,0.017611803486943245,0.0006997018354013562,0.02146895082614504,0.01726195216178894,0.017611803486943245,0,0.9656428418862456,0.9321389194681424
c0txwcwn,splice_sites_donors/bpnet_original/dist/distill_methoddist_dkd_alpha1.0_dkd_beta8.0_kl_methodkl_temperature2.0_weight_ce0.5_weight_kl0.5_weight_mse0.0_zscoreFalse,finished,2026-01-10T04:31:11Z,nt,"[""splice_sites_donors""]",42,0,64GB,slurm,[],test,.,voyager,True,zhanglab.p,1,9223372036854776000,4,,1,slurm,1,True,False,,"["".py"", "".sh"", "".yaml"", "".toml""]",/extra/zhanglab0/INDV/pengchx3/OmegaGenome_different_version/OmegaGenome_11_1_fix_ckpt/OmegaGenome//output/01092026/133549,1,False,torch,"[""wandb"", ""output"", ""output*"", ""output_original"", ""output_caduceus_hyperparam"", ""output_bpnet_medium"", ""output_logits_and_medium_debug"", ""outputs"", ""output_medium_debug_11_18"", ""output_enformer_hyper_12_07"", ""data"", ""datasets"", "".venv_caduceus"", "".venv"", "".git"", "".vscode"", ""uv.lock"", ""tests"", "".ruff_cache"", "".github""]",,,splice_sites_donors,InstaDeepAI/nucleotide_transformer_downstream_tasks_revised,42,,original,bpnet,2,,down,True,,True,2,InstaDeepAI/nucleotide-transformer-2.5b-multi-species,True,InstaDeepAI/nucleotide-transformer-2.5b-multi-species,True,0.0001,cuda,200,1000,16,/extra/zhanglab0/INDV/pengchx3/OmegaGenome_different_version/OmegaGenome_11_1_fix_ckpt/OmegaGenome//output/01092026/133549/method_comparison-seedset2/nt/dist,4,OmegaGenome-Method-Compariso-seedset2,50,5,,/extra/zhanglab0/INDV/pengchx3/OmegaGenome_different_version/OmegaGenome_11_1_fix_ckpt/OmegaGenome//data/finetuned_models/2b5-multi-species_nucleotide-transformer-finetune-results-lora-epoch20-10-17-revised-r32-fix-num-label,False,8,1,kl,0.5,0.5,0,2,dist,0.8246616792655436,0.6498982856636502,0.6539915335688097,200,0.968661032024198,0.8246616792655436,0.6498982856636502,2322.460252761841,0.3189627528190613,0.28654220700263977,0.3428880460229283,0.1756916493177414,0.3189627528190613,0,0.8269956748918723,0.6539915335688097
dn2blll3,splice_sites_donors/bpnet_original/dist/distill_methoddist_dkd_alpha1.0_dkd_beta8.0_kl_methodkl_temperature2.0_weight_ce0.5_weight_kl0.5_weight_mse0.0_zscoreFalse,finished,2026-01-10T04:56:12Z,nt,"[""splice_sites_donors""]",123,0,64GB,slurm,[],test,.,laniakea,True,zhanglab.p,1,9223372036854776000,4,,1,slurm,1,True,False,,"["".py"", "".sh"", "".yaml"", "".toml""]",/extra/zhanglab0/INDV/pengchx3/OmegaGenome_different_version/OmegaGenome_11_1_fix_ckpt/OmegaGenome//output/01092026/133549,1,False,torch,"[""wandb"", ""output"", ""output*"", ""output_original"", ""output_caduceus_hyperparam"", ""output_bpnet_medium"", ""output_logits_and_medium_debug"", ""outputs"", ""output_medium_debug_11_18"", ""output_enformer_hyper_12_07"", ""data"", ""datasets"", "".venv_caduceus"", "".venv"", "".git"", "".vscode"", ""uv.lock"", ""tests"", "".ruff_cache"", "".github""]",,,splice_sites_donors,InstaDeepAI/nucleotide_transformer_downstream_tasks_revised,42,,original,bpnet,2,,down,True,,True,2,InstaDeepAI/nucleotide-transformer-2.5b-multi-species,True,InstaDeepAI/nucleotide-transformer-2.5b-multi-species,True,0.0001,cuda,200,1000,16,/extra/zhanglab0/INDV/pengchx3/OmegaGenome_different_version/OmegaGenome_11_1_fix_ckpt/OmegaGenome//output/01092026/133549/method_comparison-seedset2/nt/dist,4,OmegaGenome-Method-Compariso-seedset2,50,5,,/extra/zhanglab0/INDV/pengchx3/OmegaGenome_different_version/OmegaGenome_11_1_fix_ckpt/OmegaGenome//data/finetuned_models/2b5-multi-species_nucleotide-transformer-finetune-results-lora-epoch20-10-17-revised-r32-fix-num-label,False,8,1,kl,0.5,0.5,0,2,dist,0.8661934460148393,0.7360142649782689,0.7741812311881167,200,0.968661032024198,0.8597446729691028,0.7209751189188505,5910.564642429352,0.04912475124001503,0.08594752103090286,0.29322548833415263,0.006150990724563599,0.04912475124001503,0,0.8728979653110414,0.747779898179912
1a760wzx,splice_sites_donors/bpnet_original/dist/distill_methoddist_dkd_alpha1.0_dkd_beta8.0_kl_methodkl_temperature2.0_weight_ce0.5_weight_kl0.5_weight_mse0.0_zscoreFalse,finished,2026-01-10T04:58:00Z,nt,"[""splice_sites_donors""]",456,0,64GB,slurm,[],test,.,voyager,True,zhanglab.p,1,9223372036854776000,4,,1,slurm,1,True,False,,"["".py"", "".sh"", "".yaml"", "".toml""]",/extra/zhanglab0/INDV/pengchx3/OmegaGenome_different_version/OmegaGenome_11_1_fix_ckpt/OmegaGenome//output/01092026/133549,1,False,torch,"[""wandb"", ""output"", ""output*"", ""output_original"", ""output_caduceus_hyperparam"", ""output_bpnet_medium"", ""output_logits_and_medium_debug"", ""outputs"", ""output_medium_debug_11_18"", ""output_enformer_hyper_12_07"", ""data"", ""datasets"", "".venv_caduceus"", "".venv"", "".git"", "".vscode"", ""uv.lock"", ""tests"", "".ruff_cache"", "".github""]",,,splice_sites_donors,InstaDeepAI/nucleotide_transformer_downstream_tasks_revised,42,,original,bpnet,2,,down,True,,True,2,InstaDeepAI/nucleotide-transformer-2.5b-multi-species,True,InstaDeepAI/nucleotide-transformer-2.5b-multi-species,True,0.0001,cuda,200,1000,16,/extra/zhanglab0/INDV/pengchx3/OmegaGenome_different_version/OmegaGenome_11_1_fix_ckpt/OmegaGenome//output/01092026/133549/method_comparison-seedset2/nt/dist,4,OmegaGenome-Method-Compariso-seedset2,50,5,,/extra/zhanglab0/INDV/pengchx3/OmegaGenome_different_version/OmegaGenome_11_1_fix_ckpt/OmegaGenome//data/finetuned_models/2b5-multi-species_nucleotide-transformer-finetune-results-lora-epoch20-10-17-revised-r32-fix-num-label,False,8,1,kl,0.5,0.5,0,2,dist,0.9769957033085848,0.95399162380752,0.9666727415076396,200,0.968661032024198,0.9779960881934566,0.9559921763869133,2435.3605720996857,0.3578093647956848,0.019431382417678833,0.02017491675324935,0.3480936884880066,0.3578093647956848,0,0.9809992378583186,0.9620004378729564
mr9l11gh,splice_sites_donors/bpnet_original/dist/distill_methoddist_dkd_alpha1.0_dkd_beta8.0_kl_methodkl_temperature2.0_weight_ce0.5_weight_kl0.5_weight_mse0.0_zscoreFalse,finished,2026-01-10T05:01:58Z,nt,"[""splice_sites_donors""]",789,0,64GB,slurm,[],test,.,voyager,True,zhanglab.p,1,9223372036854776000,4,,1,slurm,1,True,False,,"["".py"", "".sh"", "".yaml"", "".toml""]",/extra/zhanglab0/INDV/pengchx3/OmegaGenome_different_version/OmegaGenome_11_1_fix_ckpt/OmegaGenome//output/01092026/133549,1,False,torch,"[""wandb"", ""output"", ""output*"", ""output_original"", ""output_caduceus_hyperparam"", ""output_bpnet_medium"", ""output_logits_and_medium_debug"", ""outputs"", ""output_medium_debug_11_18"", ""output_enformer_hyper_12_07"", ""data"", ""datasets"", "".venv_caduceus"", "".venv"", "".git"", "".vscode"", ""uv.lock"", ""tests"", "".ruff_cache"", "".github""]",,,splice_sites_donors,InstaDeepAI/nucleotide_transformer_downstream_tasks_revised,42,,original,bpnet,2,,down,True,,True,2,InstaDeepAI/nucleotide-transformer-2.5b-multi-species,True,InstaDeepAI/nucleotide-transformer-2.5b-multi-species,True,0.0001,cuda,200,1000,16,/extra/zhanglab0/INDV/pengchx3/OmegaGenome_different_version/OmegaGenome_11_1_fix_ckpt/OmegaGenome//output/01092026/133549/method_comparison-seedset2/nt/dist,4,OmegaGenome-Method-Compariso-seedset2,50,5,,/extra/zhanglab0/INDV/pengchx3/OmegaGenome_different_version/OmegaGenome_11_1_fix_ckpt/OmegaGenome//data/finetuned_models/2b5-multi-species_nucleotide-transformer-finetune-results-lora-epoch20-10-17-revised-r32-fix-num-label,False,8,1,kl,0.5,0.5,0,2,dist,0.9763308059893951,0.9526791897996804,0.9661098553316848,200,0.968661032024198,0.9756611904345144,0.9513278036335916,2443.693420410156,0.00014832692977506667,0.00019302000873722136,0.005534622872846793,5.1816925406455994e-05,0.00014832692977506667,0,0.9803328416543748,0.9606659011713
dg5xzwtv,splice_sites_donors/bpnet_original/dist/distill_methoddist_dkd_alpha1.0_dkd_beta8.0_kl_methodkl_temperature2.0_weight_ce0.5_weight_kl0.5_weight_mse0.0_zscoreFalse,finished,2026-01-10T05:12:58Z,nt,"[""splice_sites_donors""]",1024,0,64GB,slurm,[],test,.,voyager,True,zhanglab.p,1,9223372036854776000,4,,1,slurm,1,True,False,,"["".py"", "".sh"", "".yaml"", "".toml""]",/extra/zhanglab0/INDV/pengchx3/OmegaGenome_different_version/OmegaGenome_11_1_fix_ckpt/OmegaGenome//output/01092026/133549,1,False,torch,"[""wandb"", ""output"", ""output*"", ""output_original"", ""output_caduceus_hyperparam"", ""output_bpnet_medium"", ""output_logits_and_medium_debug"", ""outputs"", ""output_medium_debug_11_18"", ""output_enformer_hyper_12_07"", ""data"", ""datasets"", "".venv_caduceus"", "".venv"", "".git"", "".vscode"", ""uv.lock"", ""tests"", "".ruff_cache"", "".github""]",,,splice_sites_donors,InstaDeepAI/nucleotide_transformer_downstream_tasks_revised,42,,original,bpnet,2,,down,True,,True,2,InstaDeepAI/nucleotide-transformer-2.5b-multi-species,True,InstaDeepAI/nucleotide-transformer-2.5b-multi-species,True,0.0001,cuda,200,1000,16,/extra/zhanglab0/INDV/pengchx3/OmegaGenome_different_version/OmegaGenome_11_1_fix_ckpt/OmegaGenome//output/01092026/133549/method_comparison-seedset2/nt/dist,4,OmegaGenome-Method-Compariso-seedset2,50,5,,/extra/zhanglab0/INDV/pengchx3/OmegaGenome_different_version/OmegaGenome_11_1_fix_ckpt/OmegaGenome//data/finetuned_models/2b5-multi-species_nucleotide-transformer-finetune-results-lora-epoch20-10-17-revised-r32-fix-num-label,False,8,1,kl,0.5,0.5,0,2,dist,0.34768048669314705,0.08861315940859751,0.08026238703127311,200,0.968661032024198,0.336283185840708,0.0,2404.4460077285767,0.601568341255188,0.6887691617012024,0.5956728566985278,0.2571837306022644,0.601568341255188,0,0.3321460373998219,0.0
pg8l8r1d,splice_sites_donors/bpnet_original/dist/distill_methoddist_dkd_alpha1.0_dkd_beta8.0_kl_methodkl_temperature2.0_weight_ce0.5_weight_kl0.5_weight_mse0.0_zscoreFalse,finished,2026-01-13T04:34:13Z,nt,"[""splice_sites_donors""]",1024,0,64GB,slurm,[],test,.,voyager,True,zhanglab.p,1,9223372036854776000,4,,1,slurm,1,True,False,,"["".py"", "".sh"", "".yaml"", "".toml""]",/extra/zhanglab0/INDV/pengchx3/OmegaGenome_different_version/OmegaGenome_11_1_fix_ckpt/OmegaGenome//output/01112026/222513,1,False,torch,"[""wandb"", ""output"", ""output*"", ""output_original"", ""output_caduceus_hyperparam"", ""output_bpnet_medium"", ""output_logits_and_medium_debug"", ""outputs"", ""output_medium_debug_11_18"", ""output_enformer_hyper_12_07"", ""data"", ""datasets"", "".venv_caduceus"", "".venv"", "".git"", "".vscode"", ""uv.lock"", ""tests"", "".ruff_cache"", "".github""]",,,splice_sites_donors,InstaDeepAI/nucleotide_transformer_downstream_tasks_revised,42,,original,bpnet,2,,down,True,,True,2,InstaDeepAI/nucleotide-transformer-2.5b-multi-species,True,InstaDeepAI/nucleotide-transformer-2.5b-multi-species,True,0.0001,cuda,200,1000,16,/extra/zhanglab0/INDV/pengchx3/OmegaGenome_different_version/OmegaGenome_11_1_fix_ckpt/OmegaGenome//output/01112026/222513/method_comparison-seedset2/nt/dist,4,OmegaGenome-Method-Compariso-seedset2,50,5,,/extra/zhanglab0/INDV/pengchx3/OmegaGenome_different_version/OmegaGenome_11_1_fix_ckpt/OmegaGenome//data/finetuned_models/2b5-multi-species_nucleotide-transformer-finetune-results-lora-epoch20-10-17-revised-r32-fix-num-label,False,8,1,kl,0.5,0.5,0,2,dist,0.34768048669314705,0.08861315940859751,0.08026238703127311,200,0.968661032024198,0.336283185840708,0.0,2976.058871984482,0.601568341255188,0.6887691617012024,0.5956728566985278,0.2571837306022644,0.601568341255188,0,0.3321460373998219,0.0
qllmazur,splice_sites_donors/bpnet_original/dist/distill_methoddist_dkd_alpha1.0_dkd_beta8.0_kl_methodkl_temperature2.0_weight_ce0.5_weight_kl0.5_weight_mse0.0_zscoreFalse,finished,2026-01-13T04:34:13Z,nt,"[""splice_sites_donors""]",42,0,64GB,slurm,[],test,.,voyager,True,zhanglab.p,1,9223372036854776000,4,,1,slurm,1,True,False,,"["".py"", "".sh"", "".yaml"", "".toml""]",/extra/zhanglab0/INDV/pengchx3/OmegaGenome_different_version/OmegaGenome_11_1_fix_ckpt/OmegaGenome//output/01112026/222513,1,False,torch,"[""wandb"", ""output"", ""output*"", ""output_original"", ""output_caduceus_hyperparam"", ""output_bpnet_medium"", ""output_logits_and_medium_debug"", ""outputs"", ""output_medium_debug_11_18"", ""output_enformer_hyper_12_07"", ""data"", ""datasets"", "".venv_caduceus"", "".venv"", "".git"", "".vscode"", ""uv.lock"", ""tests"", "".ruff_cache"", "".github""]",,,splice_sites_donors,InstaDeepAI/nucleotide_transformer_downstream_tasks_revised,42,,original,bpnet,2,,down,True,,True,2,InstaDeepAI/nucleotide-transformer-2.5b-multi-species,True,InstaDeepAI/nucleotide-transformer-2.5b-multi-species,True,0.0001,cuda,200,1000,16,/extra/zhanglab0/INDV/pengchx3/OmegaGenome_different_version/OmegaGenome_11_1_fix_ckpt/OmegaGenome//output/01112026/222513/method_comparison-seedset2/nt/dist,4,OmegaGenome-Method-Compariso-seedset2,50,5,,/extra/zhanglab0/INDV/pengchx3/OmegaGenome_different_version/OmegaGenome_11_1_fix_ckpt/OmegaGenome//data/finetuned_models/2b5-multi-species_nucleotide-transformer-finetune-results-lora-epoch20-10-17-revised-r32-fix-num-label,False,8,1,kl,0.5,0.5,0,2,dist,0.8246616792655436,0.6498982856636502,0.6539915335688097,200,0.968661032024198,0.8246616792655436,0.6498982856636502,3056.712265729904,0.3189627528190613,0.28654220700263977,0.3428880460229283,0.1756916493177414,0.3189627528190613,0,0.8269956748918723,0.6539915335688097
