id,name,state,created_at,config.model_type,config.task_names,config.random_state,config.resume_epoch,config.slurm_config.mem,config.slurm_config.mode,config.slurm_config.setup,config.slurm_config.job_name,config.slurm_config.code_root,config.slurm_config.node_list,config.slurm_config.pack_code,config.slurm_config.partition,config.slurm_config.num_of_node,config.slurm_config.timeout_min,config.slurm_config.cpus_per_task,config.slurm_config.gpus_per_node,config.slurm_config.gpus_per_task,config.slurm_config.output_folder,config.slurm_config.tasks_per_node,config.slurm_config.use_packed_code,config.slurm_config.stderr_to_stdout,config.slurm_config.node_list_exclude,config.slurm_config.code_file_suffixes,config.slurm_config.output_parent_path,config.slurm_config.processes_per_task,config.slurm_config.use_distributed_env,config.slurm_config.distributed_env_task,config.slurm_config.exclude_code_folders,config.slurm_config.distributed_launch_command,config.dataset_config.data_path,config.dataset_config.task_name,config.dataset_config.dataset_name,config.dataset_config.random_state,config.student_config.hidden_dim,config.student_config.model_size,config.student_config.model_type,config.student_config.num_labels,config.student_config.teacher_hidden_size,config.student_config.teacher_projection_opt,config.teacher_config.is_lora,config.teacher_config.ckpt_path,config.teacher_config.merge_lora,config.teacher_config.num_labels,config.teacher_config.base_model_path,config.teacher_config.trust_remote_code,config.teacher_config.model_name_or_path,config.teacher_config.output_hidden_states,config.trainer_config.lr,config.trainer_config.device,config.trainer_config.epochs,config.trainer_config.max_len,config.trainer_config.batch_size,config.trainer_config.output_dir,config.trainer_config.num_workers,config.trainer_config.wandb_project,config.trainer_config.log_batch_every,config.trainer_config.eval_every_n_epochs,config.resume_checkpoint,config.teacher_parent_dir,config.distillation_config.zscore,config.distillation_config.dkd_beta,config.distillation_config.dkd_alpha,config.distillation_config.kl_method,config.distillation_config.weight_ce,config.distillation_config.weight_kl,config.distillation_config.weight_mse,config.distillation_config.temperature,config.distillation_config.distill_method,summary.best_test/f1,summary.best_test/mcc,summary.best_val_mcc,summary.epoch,summary.teacher/test_mcc,summary.test/f1,summary.test/mcc,summary.time/elapsed_s,summary.train/batch_loss,summary.train/ce,summary.train/epoch_loss,summary.train/kl,summary.train/loss,summary.train/mse,summary.val/f1,summary.val/mcc
5sil9w7l,splice_sites_all/bpnet_pico/vanilla/distill_methodvanilla_dkd_alpha1.0_dkd_beta8.0_kl_methodkl_temperature0.5_weight_ce0.5_weight_kl1.0_weight_mse1.0_zscoreFalse,finished,2026-01-09T18:22:39Z,nt,"[""splice_sites_all""]",456,0,64GB,slurm,[],test,.,voyager,True,zhanglab.p,1,9223372036854776000,4,,1,slurm,1,True,False,,"["".py"", "".sh"", "".yaml"", "".toml""]",${OG_STORE}/OmegaGenome_different_version/OmegaGenome_11_1_fix_ckpt/OmegaGenome//output/01092026/021427,1,False,torch,"[""wandb"", ""output"", ""output*"", ""output_original"", ""output_caduceus_hyperparam"", ""output_bpnet_medium"", ""output_logits_and_medium_debug"", ""outputs"", ""output_medium_debug_11_18"", ""output_enformer_hyper_12_07"", ""data"", ""datasets"", "".venv_caduceus"", "".venv"", "".git"", "".vscode"", ""uv.lock"", ""tests"", "".ruff_cache"", "".github""]",,,splice_sites_all,InstaDeepAI/nucleotide_transformer_downstream_tasks_revised,42,,pico,bpnet,2,,down,True,,True,3,InstaDeepAI/nucleotide-transformer-2.5b-multi-species,True,InstaDeepAI/nucleotide-transformer-2.5b-multi-species,True,0.0001,cuda,200,1000,16,${OG_STORE}/OmegaGenome_different_version/OmegaGenome_11_1_fix_ckpt/OmegaGenome//output/01092026/021427/size_comparison/nt/bpnet/pico,4,OmegaGenome-Size-Comparison,50,5,,${OG_STORE}/OmegaGenome_different_version/OmegaGenome_11_1_fix_ckpt/OmegaGenome//data/finetuned_models/2b5-multi-species_nucleotide-transformer-finetune-results-lora-epoch20-10-17-revised-r32-fix-num-label,False,8,1,kl,0.5,1.0,1,0.5,vanilla,0.4935081879634282,0.25456359069739387,0.26398042980035386,200,0.96750038369879,0.4920764934835134,0.2647875881740333,2010.5958919525144,0.6366828680038452,0.8820482492446899,0.7240301966667175,0.190514475107193,0.6366828680038452,0.005144225899130106,0.49003646601606093,0.2607339378241899
cin4swjr,splice_sites_all/bpnet_pico/vanilla/distill_methodvanilla_dkd_alpha1.0_dkd_beta8.0_kl_methodkl_temperature0.5_weight_ce0.5_weight_kl1.0_weight_mse1.0_zscoreFalse,finished,2026-01-09T18:22:41Z,nt,"[""splice_sites_all""]",42,0,64GB,slurm,[],test,.,voyager,True,zhanglab.p,1,9223372036854776000,4,,1,slurm,1,True,False,,"["".py"", "".sh"", "".yaml"", "".toml""]",${OG_STORE}/OmegaGenome_different_version/OmegaGenome_11_1_fix_ckpt/OmegaGenome//output/01092026/021427,1,False,torch,"[""wandb"", ""output"", ""output*"", ""output_original"", ""output_caduceus_hyperparam"", ""output_bpnet_medium"", ""output_logits_and_medium_debug"", ""outputs"", ""output_medium_debug_11_18"", ""output_enformer_hyper_12_07"", ""data"", ""datasets"", "".venv_caduceus"", "".venv"", "".git"", "".vscode"", ""uv.lock"", ""tests"", "".ruff_cache"", "".github""]",,,splice_sites_all,InstaDeepAI/nucleotide_transformer_downstream_tasks_revised,42,,pico,bpnet,2,,down,True,,True,3,InstaDeepAI/nucleotide-transformer-2.5b-multi-species,True,InstaDeepAI/nucleotide-transformer-2.5b-multi-species,True,0.0001,cuda,200,1000,16,${OG_STORE}/OmegaGenome_different_version/OmegaGenome_11_1_fix_ckpt/OmegaGenome//output/01092026/021427/size_comparison/nt/bpnet/pico,4,OmegaGenome-Size-Comparison,50,5,,${OG_STORE}/OmegaGenome_different_version/OmegaGenome_11_1_fix_ckpt/OmegaGenome//data/finetuned_models/2b5-multi-species_nucleotide-transformer-finetune-results-lora-epoch20-10-17-revised-r32-fix-num-label,False,8,1,kl,0.5,1.0,1,0.5,vanilla,0.5177864393979675,0.29923515072288437,0.2950714073754333,200,0.96750038369879,0.5201422271331843,0.28577655928875473,2015.8792045116425,0.6492429375648499,0.869234561920166,0.71608100323033,0.20117807388305664,0.6492429375648499,0.01344759576022625,0.5094939014363394,0.2807811656452743
vle8oob9,splice_sites_all/bpnet_pico/vanilla/distill_methodvanilla_dkd_alpha1.0_dkd_beta8.0_kl_methodkl_temperature0.5_weight_ce0.5_weight_kl1.0_weight_mse1.0_zscoreFalse,finished,2026-01-09T18:22:41Z,nt,"[""splice_sites_all""]",123,0,64GB,slurm,[],test,.,voyager,True,zhanglab.p,1,9223372036854776000,4,,1,slurm,1,True,False,,"["".py"", "".sh"", "".yaml"", "".toml""]",${OG_STORE}/OmegaGenome_different_version/OmegaGenome_11_1_fix_ckpt/OmegaGenome//output/01092026/021427,1,False,torch,"[""wandb"", ""output"", ""output*"", ""output_original"", ""output_caduceus_hyperparam"", ""output_bpnet_medium"", ""output_logits_and_medium_debug"", ""outputs"", ""output_medium_debug_11_18"", ""output_enformer_hyper_12_07"", ""data"", ""datasets"", "".venv_caduceus"", "".venv"", "".git"", "".vscode"", ""uv.lock"", ""tests"", "".ruff_cache"", "".github""]",,,splice_sites_all,InstaDeepAI/nucleotide_transformer_downstream_tasks_revised,42,,pico,bpnet,2,,down,True,,True,3,InstaDeepAI/nucleotide-transformer-2.5b-multi-species,True,InstaDeepAI/nucleotide-transformer-2.5b-multi-species,True,0.0001,cuda,200,1000,16,${OG_STORE}/OmegaGenome_different_version/OmegaGenome_11_1_fix_ckpt/OmegaGenome//output/01092026/021427/size_comparison/nt/bpnet/pico,4,OmegaGenome-Size-Comparison,50,5,,${OG_STORE}/OmegaGenome_different_version/OmegaGenome_11_1_fix_ckpt/OmegaGenome//data/finetuned_models/2b5-multi-species_nucleotide-transformer-finetune-results-lora-epoch20-10-17-revised-r32-fix-num-label,False,8,1,kl,0.5,1.0,1,0.5,vanilla,0.5170385667760454,0.29837831026147316,0.2808662187672859,200,0.96750038369879,0.49280317732897744,0.2926019454194819,2035.8232164382937,0.6783224940299988,0.9007843732833862,0.7091079401426124,0.2226126790046692,0.6783224940299988,0.005317650269716978,0.48194505785718533,0.26954491600039326
2crw7w7x,splice_sites_all/bpnet_pico/vanilla/distill_methodvanilla_dkd_alpha1.0_dkd_beta8.0_kl_methodkl_temperature0.5_weight_ce0.5_weight_kl1.0_weight_mse1.0_zscoreFalse,finished,2026-01-09T18:26:54Z,nt,"[""splice_sites_all""]",789,0,64GB,slurm,[],test,.,laniakea,True,zhanglab.p,1,9223372036854776000,4,,1,slurm,1,True,False,,"["".py"", "".sh"", "".yaml"", "".toml""]",${OG_STORE}/OmegaGenome_different_version/OmegaGenome_11_1_fix_ckpt/OmegaGenome//output/01092026/021427,1,False,torch,"[""wandb"", ""output"", ""output*"", ""output_original"", ""output_caduceus_hyperparam"", ""output_bpnet_medium"", ""output_logits_and_medium_debug"", ""outputs"", ""output_medium_debug_11_18"", ""output_enformer_hyper_12_07"", ""data"", ""datasets"", "".venv_caduceus"", "".venv"", "".git"", "".vscode"", ""uv.lock"", ""tests"", "".ruff_cache"", "".github""]",,,splice_sites_all,InstaDeepAI/nucleotide_transformer_downstream_tasks_revised,42,,pico,bpnet,2,,down,True,,True,3,InstaDeepAI/nucleotide-transformer-2.5b-multi-species,True,InstaDeepAI/nucleotide-transformer-2.5b-multi-species,True,0.0001,cuda,200,1000,16,${OG_STORE}/OmegaGenome_different_version/OmegaGenome_11_1_fix_ckpt/OmegaGenome//output/01092026/021427/size_comparison/nt/bpnet/pico,4,OmegaGenome-Size-Comparison,50,5,,${OG_STORE}/OmegaGenome_different_version/OmegaGenome_11_1_fix_ckpt/OmegaGenome//data/finetuned_models/2b5-multi-species_nucleotide-transformer-finetune-results-lora-epoch20-10-17-revised-r32-fix-num-label,False,8,1,kl,0.5,1.0,1,0.5,vanilla,0.4693227162605938,0.2641547220819228,0.2684087555307689,200,0.96750038369879,0.498396368146606,0.26737426134571163,5069.689346313477,0.6006144881248474,0.8325746655464172,0.7167458097446021,0.17602184414863586,0.6006144881248474,0.008305290713906288,0.497074330420435,0.24937824306572917
9q92tc5m,splice_sites_all/bpnet_pico/vanilla/distill_methodvanilla_dkd_alpha1.0_dkd_beta8.0_kl_methodkl_temperature0.5_weight_ce0.5_weight_kl1.0_weight_mse1.0_zscoreFalse,finished,2026-01-09T18:26:54Z,nt,"[""splice_sites_all""]",987,0,64GB,slurm,[],test,.,laniakea,True,zhanglab.p,1,9223372036854776000,4,,1,slurm,1,True,False,,"["".py"", "".sh"", "".yaml"", "".toml""]",${OG_STORE}/OmegaGenome_different_version/OmegaGenome_11_1_fix_ckpt/OmegaGenome//output/01092026/021427,1,False,torch,"[""wandb"", ""output"", ""output*"", ""output_original"", ""output_caduceus_hyperparam"", ""output_bpnet_medium"", ""output_logits_and_medium_debug"", ""outputs"", ""output_medium_debug_11_18"", ""output_enformer_hyper_12_07"", ""data"", ""datasets"", "".venv_caduceus"", "".venv"", "".git"", "".vscode"", ""uv.lock"", ""tests"", "".ruff_cache"", "".github""]",,,splice_sites_all,InstaDeepAI/nucleotide_transformer_downstream_tasks_revised,42,,pico,bpnet,2,,down,True,,True,3,InstaDeepAI/nucleotide-transformer-2.5b-multi-species,True,InstaDeepAI/nucleotide-transformer-2.5b-multi-species,True,0.0001,cuda,200,1000,16,${OG_STORE}/OmegaGenome_different_version/OmegaGenome_11_1_fix_ckpt/OmegaGenome//output/01092026/021427/size_comparison/nt/bpnet/pico,4,OmegaGenome-Size-Comparison,50,5,,${OG_STORE}/OmegaGenome_different_version/OmegaGenome_11_1_fix_ckpt/OmegaGenome//data/finetuned_models/2b5-multi-species_nucleotide-transformer-finetune-results-lora-epoch20-10-17-revised-r32-fix-num-label,False,8,1,kl,0.5,1.0,1,0.5,vanilla,0.5048077419646848,0.26620934848560646,0.2536695805555661,200,0.96750038369879,0.499480897367486,0.26585654398205616,4792.170230388641,0.6666968464851379,0.9064310789108276,0.7310232057355309,0.20670095086097717,0.6666968464851379,0.006780298892408609,0.4769388258290608,0.248302135351741
aj01biq7,splice_sites_all/bpnet_pico/vanilla/distill_methodvanilla_dkd_alpha1.0_dkd_beta8.0_kl_methodkl_temperature0.5_weight_ce0.5_weight_kl1.0_weight_mse1.0_zscoreFalse,finished,2026-01-09T18:26:54Z,nt,"[""splice_sites_all""]",321,0,64GB,slurm,[],test,.,laniakea,True,zhanglab.p,1,9223372036854776000,4,,1,slurm,1,True,False,,"["".py"", "".sh"", "".yaml"", "".toml""]",${OG_STORE}/OmegaGenome_different_version/OmegaGenome_11_1_fix_ckpt/OmegaGenome//output/01092026/021427,1,False,torch,"[""wandb"", ""output"", ""output*"", ""output_original"", ""output_caduceus_hyperparam"", ""output_bpnet_medium"", ""output_logits_and_medium_debug"", ""outputs"", ""output_medium_debug_11_18"", ""output_enformer_hyper_12_07"", ""data"", ""datasets"", "".venv_caduceus"", "".venv"", "".git"", "".vscode"", ""uv.lock"", ""tests"", "".ruff_cache"", "".github""]",,,splice_sites_all,InstaDeepAI/nucleotide_transformer_downstream_tasks_revised,42,,pico,bpnet,2,,down,True,,True,3,InstaDeepAI/nucleotide-transformer-2.5b-multi-species,True,InstaDeepAI/nucleotide-transformer-2.5b-multi-species,True,0.0001,cuda,200,1000,16,${OG_STORE}/OmegaGenome_different_version/OmegaGenome_11_1_fix_ckpt/OmegaGenome//output/01092026/021427/size_comparison/nt/bpnet/pico,4,OmegaGenome-Size-Comparison,50,5,,${OG_STORE}/OmegaGenome_different_version/OmegaGenome_11_1_fix_ckpt/OmegaGenome//data/finetuned_models/2b5-multi-species_nucleotide-transformer-finetune-results-lora-epoch20-10-17-revised-r32-fix-num-label,False,8,1,kl,0.5,1.0,1,0.5,vanilla,0.5200214852744048,0.28599615489076696,0.2937726866304228,200,0.96750038369879,0.5164357768368149,0.2891731505291603,5146.011973619461,0.6792790293693542,0.9105814099311828,0.7151736413344952,0.2070943713188171,0.6792790293693542,0.016893917694687843,0.5035256134163215,0.28861160062834823
l3gpt2tw,splice_sites_all/bpnet_pico/vanilla/distill_methodvanilla_dkd_alpha1.0_dkd_beta8.0_kl_methodkl_temperature0.5_weight_ce0.5_weight_kl1.0_weight_mse1.0_zscoreFalse,finished,2026-01-09T18:26:54Z,nt,"[""splice_sites_all""]",1024,0,64GB,slurm,[],test,.,laniakea,True,zhanglab.p,1,9223372036854776000,4,,1,slurm,1,True,False,,"["".py"", "".sh"", "".yaml"", "".toml""]",${OG_STORE}/OmegaGenome_different_version/OmegaGenome_11_1_fix_ckpt/OmegaGenome//output/01092026/021427,1,False,torch,"[""wandb"", ""output"", ""output*"", ""output_original"", ""output_caduceus_hyperparam"", ""output_bpnet_medium"", ""output_logits_and_medium_debug"", ""outputs"", ""output_medium_debug_11_18"", ""output_enformer_hyper_12_07"", ""data"", ""datasets"", "".venv_caduceus"", "".venv"", "".git"", "".vscode"", ""uv.lock"", ""tests"", "".ruff_cache"", "".github""]",,,splice_sites_all,InstaDeepAI/nucleotide_transformer_downstream_tasks_revised,42,,pico,bpnet,2,,down,True,,True,3,InstaDeepAI/nucleotide-transformer-2.5b-multi-species,True,InstaDeepAI/nucleotide-transformer-2.5b-multi-species,True,0.0001,cuda,200,1000,16,${OG_STORE}/OmegaGenome_different_version/OmegaGenome_11_1_fix_ckpt/OmegaGenome//output/01092026/021427/size_comparison/nt/bpnet/pico,4,OmegaGenome-Size-Comparison,50,5,,${OG_STORE}/OmegaGenome_different_version/OmegaGenome_11_1_fix_ckpt/OmegaGenome//data/finetuned_models/2b5-multi-species_nucleotide-transformer-finetune-results-lora-epoch20-10-17-revised-r32-fix-num-label,False,8,1,kl,0.5,1.0,1,0.5,vanilla,0.44030262091409494,0.27272083346773324,0.2793907553638363,200,0.96750038369879,0.4872986628277205,0.25825027810631673,3317.045545578003,0.621485710144043,0.8551485538482666,0.7161176249173016,0.18650758266448977,0.621485710144043,0.007403843104839325,0.4806980840785453,0.2446584271175798
n1tohasp,splice_sites_all/bpnet_pico/vanilla/distill_methodvanilla_dkd_alpha1.0_dkd_beta8.0_kl_methodkl_temperature0.5_weight_ce0.5_weight_kl1.0_weight_mse1.0_zscoreFalse,finished,2026-01-09T18:26:54Z,nt,"[""splice_sites_all""]",24,0,64GB,slurm,[],test,.,laniakea,True,zhanglab.p,1,9223372036854776000,4,,1,slurm,1,True,False,,"["".py"", "".sh"", "".yaml"", "".toml""]",${OG_STORE}/OmegaGenome_different_version/OmegaGenome_11_1_fix_ckpt/OmegaGenome//output/01092026/021427,1,False,torch,"[""wandb"", ""output"", ""output*"", ""output_original"", ""output_caduceus_hyperparam"", ""output_bpnet_medium"", ""output_logits_and_medium_debug"", ""outputs"", ""output_medium_debug_11_18"", ""output_enformer_hyper_12_07"", ""data"", ""datasets"", "".venv_caduceus"", "".venv"", "".git"", "".vscode"", ""uv.lock"", ""tests"", "".ruff_cache"", "".github""]",,,splice_sites_all,InstaDeepAI/nucleotide_transformer_downstream_tasks_revised,42,,pico,bpnet,2,,down,True,,True,3,InstaDeepAI/nucleotide-transformer-2.5b-multi-species,True,InstaDeepAI/nucleotide-transformer-2.5b-multi-species,True,0.0001,cuda,200,1000,16,${OG_STORE}/OmegaGenome_different_version/OmegaGenome_11_1_fix_ckpt/OmegaGenome//output/01092026/021427/size_comparison/nt/bpnet/pico,4,OmegaGenome-Size-Comparison,50,5,,${OG_STORE}/OmegaGenome_different_version/OmegaGenome_11_1_fix_ckpt/OmegaGenome//data/finetuned_models/2b5-multi-species_nucleotide-transformer-finetune-results-lora-epoch20-10-17-revised-r32-fix-num-label,False,8,1,kl,0.5,1.0,1,0.5,vanilla,0.4941308292839579,0.28889433214053645,0.28549842956746563,200,0.96750038369879,0.513293951359138,0.29113229375314137,5130.282017946243,0.8829052448272705,1.1114989519119265,0.7029029169247896,0.3243788182735443,0.8829052448272705,0.00277698808349669,0.5079618050893298,0.27751624617260406
qql1tl2a,splice_sites_all/bpnet_pico/vanilla/distill_methodvanilla_dkd_alpha1.0_dkd_beta8.0_kl_methodkl_temperature0.5_weight_ce0.5_weight_kl1.0_weight_mse1.0_zscoreFalse,finished,2026-01-09T18:26:54Z,nt,"[""splice_sites_all""]",654,0,64GB,slurm,[],test,.,laniakea,True,zhanglab.p,1,9223372036854776000,4,,1,slurm,1,True,False,,"["".py"", "".sh"", "".yaml"", "".toml""]",${OG_STORE}/OmegaGenome_different_version/OmegaGenome_11_1_fix_ckpt/OmegaGenome//output/01092026/021427,1,False,torch,"[""wandb"", ""output"", ""output*"", ""output_original"", ""output_caduceus_hyperparam"", ""output_bpnet_medium"", ""output_logits_and_medium_debug"", ""outputs"", ""output_medium_debug_11_18"", ""output_enformer_hyper_12_07"", ""data"", ""datasets"", "".venv_caduceus"", "".venv"", "".git"", "".vscode"", ""uv.lock"", ""tests"", "".ruff_cache"", "".github""]",,,splice_sites_all,InstaDeepAI/nucleotide_transformer_downstream_tasks_revised,42,,pico,bpnet,2,,down,True,,True,3,InstaDeepAI/nucleotide-transformer-2.5b-multi-species,True,InstaDeepAI/nucleotide-transformer-2.5b-multi-species,True,0.0001,cuda,200,1000,16,${OG_STORE}/OmegaGenome_different_version/OmegaGenome_11_1_fix_ckpt/OmegaGenome//output/01092026/021427/size_comparison/nt/bpnet/pico,4,OmegaGenome-Size-Comparison,50,5,,${OG_STORE}/OmegaGenome_different_version/OmegaGenome_11_1_fix_ckpt/OmegaGenome//data/finetuned_models/2b5-multi-species_nucleotide-transformer-finetune-results-lora-epoch20-10-17-revised-r32-fix-num-label,False,8,1,kl,0.5,1.0,1,0.5,vanilla,0.5020785031750225,0.2838473753853855,0.2795941062135392,200,0.96750038369879,0.4938465434244345,0.2767647610963673,5132.742057800293,0.706127941608429,0.9463356137275696,0.7137057501910987,0.22333557903766632,0.706127941608429,0.00962453242391348,0.49858689781362514,0.2690100850558641
k4tv87by,splice_sites_all/bpnet_ultra_tiny/vanilla/distill_methodvanilla_dkd_alpha1.0_dkd_beta8.0_kl_methodkl_temperature0.5_weight_ce0.5_weight_kl0.5_weight_mse0.0_zscoreFalse,finished,2026-01-09T18:59:00Z,nt,"[""splice_sites_all""]",123,0,64GB,slurm,[],test,.,voyager,True,zhanglab.p,1,9223372036854776000,4,,1,slurm,1,True,False,,"["".py"", "".sh"", "".yaml"", "".toml""]",${OG_STORE}/OmegaGenome_different_version/OmegaGenome_11_1_fix_ckpt/OmegaGenome//output/01092026/021427,1,False,torch,"[""wandb"", ""output"", ""output*"", ""output_original"", ""output_caduceus_hyperparam"", ""output_bpnet_medium"", ""output_logits_and_medium_debug"", ""outputs"", ""output_medium_debug_11_18"", ""output_enformer_hyper_12_07"", ""data"", ""datasets"", "".venv_caduceus"", "".venv"", "".git"", "".vscode"", ""uv.lock"", ""tests"", "".ruff_cache"", "".github""]",,,splice_sites_all,InstaDeepAI/nucleotide_transformer_downstream_tasks_revised,42,,ultra_tiny,bpnet,2,,down,True,,True,3,InstaDeepAI/nucleotide-transformer-2.5b-multi-species,True,InstaDeepAI/nucleotide-transformer-2.5b-multi-species,True,0.0001,cuda,200,1000,16,${OG_STORE}/OmegaGenome_different_version/OmegaGenome_11_1_fix_ckpt/OmegaGenome//output/01092026/021427/size_comparison/nt/bpnet/ultra_tiny,4,OmegaGenome-Size-Comparison,50,5,,${OG_STORE}/OmegaGenome_different_version/OmegaGenome_11_1_fix_ckpt/OmegaGenome//data/finetuned_models/2b5-multi-species_nucleotide-transformer-finetune-results-lora-epoch20-10-17-revised-r32-fix-num-label,False,8,1,kl,0.5,0.5,0,0.5,vanilla,0.7851725782329915,0.6804871212934034,0.6918735382128017,200,0.96750038369879,0.7807064683105708,0.6776744655971383,1846.4611148834229,0.7275187969207764,1.0488698482513428,0.32144360660500293,0.2030838578939438,0.7275187969207764,0.0,0.7863176374321608,0.6864751234330121
mzvf3x7o,splice_sites_all/bpnet_ultra_tiny/vanilla/distill_methodvanilla_dkd_alpha1.0_dkd_beta8.0_kl_methodkl_temperature0.5_weight_ce0.5_weight_kl0.5_weight_mse0.0_zscoreFalse,finished,2026-01-09T18:59:00Z,nt,"[""splice_sites_all""]",42,0,64GB,slurm,[],test,.,voyager,True,zhanglab.p,1,9223372036854776000,4,,1,slurm,1,True,False,,"["".py"", "".sh"", "".yaml"", "".toml""]",${OG_STORE}/OmegaGenome_different_version/OmegaGenome_11_1_fix_ckpt/OmegaGenome//output/01092026/021427,1,False,torch,"[""wandb"", ""output"", ""output*"", ""output_original"", ""output_caduceus_hyperparam"", ""output_bpnet_medium"", ""output_logits_and_medium_debug"", ""outputs"", ""output_medium_debug_11_18"", ""output_enformer_hyper_12_07"", ""data"", ""datasets"", "".venv_caduceus"", "".venv"", "".git"", "".vscode"", ""uv.lock"", ""tests"", "".ruff_cache"", "".github""]",,,splice_sites_all,InstaDeepAI/nucleotide_transformer_downstream_tasks_revised,42,,ultra_tiny,bpnet,2,,down,True,,True,3,InstaDeepAI/nucleotide-transformer-2.5b-multi-species,True,InstaDeepAI/nucleotide-transformer-2.5b-multi-species,True,0.0001,cuda,200,1000,16,${OG_STORE}/OmegaGenome_different_version/OmegaGenome_11_1_fix_ckpt/OmegaGenome//output/01092026/021427/size_comparison/nt/bpnet/ultra_tiny,4,OmegaGenome-Size-Comparison,50,5,,${OG_STORE}/OmegaGenome_different_version/OmegaGenome_11_1_fix_ckpt/OmegaGenome//data/finetuned_models/2b5-multi-species_nucleotide-transformer-finetune-results-lora-epoch20-10-17-revised-r32-fix-num-label,False,8,1,kl,0.5,0.5,0,0.5,vanilla,0.7181250662948527,0.5760148132488317,0.6017246449102842,200,0.96750038369879,0.7201448154329588,0.581134619828611,1858.1492993831637,0.2160316556692123,0.3697657585144043,0.41234905178707215,0.031148776412010193,0.2160316556692123,0.0,0.7312778948786748,0.6009567380172102
s5iestnh,splice_sites_all/bpnet_pico/vanilla/distill_methodvanilla_dkd_alpha1.0_dkd_beta8.0_kl_methodkl_temperature0.5_weight_ce0.5_weight_kl1.0_weight_mse1.0_zscoreFalse,finished,2026-01-09T18:59:00Z,nt,"[""splice_sites_all""]",4021,0,64GB,slurm,[],test,.,voyager,True,zhanglab.p,1,9223372036854776000,4,,1,slurm,1,True,False,,"["".py"", "".sh"", "".yaml"", "".toml""]",${OG_STORE}/OmegaGenome_different_version/OmegaGenome_11_1_fix_ckpt/OmegaGenome//output/01092026/021427,1,False,torch,"[""wandb"", ""output"", ""output*"", ""output_original"", ""output_caduceus_hyperparam"", ""output_bpnet_medium"", ""output_logits_and_medium_debug"", ""outputs"", ""output_medium_debug_11_18"", ""output_enformer_hyper_12_07"", ""data"", ""datasets"", "".venv_caduceus"", "".venv"", "".git"", "".vscode"", ""uv.lock"", ""tests"", "".ruff_cache"", "".github""]",,,splice_sites_all,InstaDeepAI/nucleotide_transformer_downstream_tasks_revised,42,,pico,bpnet,2,,down,True,,True,3,InstaDeepAI/nucleotide-transformer-2.5b-multi-species,True,InstaDeepAI/nucleotide-transformer-2.5b-multi-species,True,0.0001,cuda,200,1000,16,${OG_STORE}/OmegaGenome_different_version/OmegaGenome_11_1_fix_ckpt/OmegaGenome//output/01092026/021427/size_comparison/nt/bpnet/pico,4,OmegaGenome-Size-Comparison,50,5,,${OG_STORE}/OmegaGenome_different_version/OmegaGenome_11_1_fix_ckpt/OmegaGenome//data/finetuned_models/2b5-multi-species_nucleotide-transformer-finetune-results-lora-epoch20-10-17-revised-r32-fix-num-label,False,8,1,kl,0.5,1.0,1,0.5,vanilla,0.46383417632836776,0.2694654941603288,0.2694943819324147,200,0.96750038369879,0.46383417632836776,0.2694654941603288,2004.1827178001404,0.7700719833374023,0.9927831292152404,0.720037347367872,0.2694816589355469,0.7700719833374023,0.004198812879621983,0.4718712382511938,0.2694943819324147
2el5drw9,splice_sites_all/bpnet_ultra_tiny/vanilla/distill_methodvanilla_dkd_alpha1.0_dkd_beta8.0_kl_methodkl_temperature0.5_weight_ce0.5_weight_kl0.5_weight_mse0.0_zscoreFalse,finished,2026-01-09T19:28:16Z,nt,"[""splice_sites_all""]",456,0,64GB,slurm,[],test,.,laniakea,True,zhanglab.p,1,9223372036854776000,4,,1,slurm,1,True,False,,"["".py"", "".sh"", "".yaml"", "".toml""]",${OG_STORE}/OmegaGenome_different_version/OmegaGenome_11_1_fix_ckpt/OmegaGenome//output/01092026/021427,1,False,torch,"[""wandb"", ""output"", ""output*"", ""output_original"", ""output_caduceus_hyperparam"", ""output_bpnet_medium"", ""output_logits_and_medium_debug"", ""outputs"", ""output_medium_debug_11_18"", ""output_enformer_hyper_12_07"", ""data"", ""datasets"", "".venv_caduceus"", "".venv"", "".git"", "".vscode"", ""uv.lock"", ""tests"", "".ruff_cache"", "".github""]",,,splice_sites_all,InstaDeepAI/nucleotide_transformer_downstream_tasks_revised,42,,ultra_tiny,bpnet,2,,down,True,,True,3,InstaDeepAI/nucleotide-transformer-2.5b-multi-species,True,InstaDeepAI/nucleotide-transformer-2.5b-multi-species,True,0.0001,cuda,200,1000,16,${OG_STORE}/OmegaGenome_different_version/OmegaGenome_11_1_fix_ckpt/OmegaGenome//output/01092026/021427/size_comparison/nt/bpnet/ultra_tiny,4,OmegaGenome-Size-Comparison,50,5,,${OG_STORE}/OmegaGenome_different_version/OmegaGenome_11_1_fix_ckpt/OmegaGenome//data/finetuned_models/2b5-multi-species_nucleotide-transformer-finetune-results-lora-epoch20-10-17-revised-r32-fix-num-label,False,8,1,kl,0.5,0.5,0,0.5,vanilla,0.7342330339000496,0.6005596270588135,0.5884085998458235,200,0.96750038369879,0.7293542238971779,0.5988521130667882,2976.9590837955475,0.2817297577857971,0.44203439354896545,0.40226221867611905,0.060712553560733795,0.2817297577857971,0.0,0.7071041873765217,0.5706329926581688
s7y4arhp,splice_sites_all/bpnet_ultra_tiny/vanilla/distill_methodvanilla_dkd_alpha1.0_dkd_beta8.0_kl_methodkl_temperature0.5_weight_ce0.5_weight_kl0.5_weight_mse0.0_zscoreFalse,finished,2026-01-09T19:35:06Z,nt,"[""splice_sites_all""]",1024,0,64GB,slurm,[],test,.,voyager,True,zhanglab.p,1,9223372036854776000,4,,1,slurm,1,True,False,,"["".py"", "".sh"", "".yaml"", "".toml""]",${OG_STORE}/OmegaGenome_different_version/OmegaGenome_11_1_fix_ckpt/OmegaGenome//output/01092026/021427,1,False,torch,"[""wandb"", ""output"", ""output*"", ""output_original"", ""output_caduceus_hyperparam"", ""output_bpnet_medium"", ""output_logits_and_medium_debug"", ""outputs"", ""output_medium_debug_11_18"", ""output_enformer_hyper_12_07"", ""data"", ""datasets"", "".venv_caduceus"", "".venv"", "".git"", "".vscode"", ""uv.lock"", ""tests"", "".ruff_cache"", "".github""]",,,splice_sites_all,InstaDeepAI/nucleotide_transformer_downstream_tasks_revised,42,,ultra_tiny,bpnet,2,,down,True,,True,3,InstaDeepAI/nucleotide-transformer-2.5b-multi-species,True,InstaDeepAI/nucleotide-transformer-2.5b-multi-species,True,0.0001,cuda,200,1000,16,${OG_STORE}/OmegaGenome_different_version/OmegaGenome_11_1_fix_ckpt/OmegaGenome//output/01092026/021427/size_comparison/nt/bpnet/ultra_tiny,4,OmegaGenome-Size-Comparison,50,5,,${OG_STORE}/OmegaGenome_different_version/OmegaGenome_11_1_fix_ckpt/OmegaGenome//data/finetuned_models/2b5-multi-species_nucleotide-transformer-finetune-results-lora-epoch20-10-17-revised-r32-fix-num-label,False,8,1,kl,0.5,0.5,0,0.5,vanilla,0.7626786948339107,0.6438606190808912,0.6461161205115021,200,0.96750038369879,0.7619962163215458,0.6445566764875367,1865.9413244724271,0.4841850399971008,0.7301030158996582,0.3543538940823262,0.11913353204727171,0.4841850399971008,0.0,0.7588577798941126,0.6408793702465557
z2pgnyoq,splice_sites_all/bpnet_ultra_tiny/vanilla/distill_methodvanilla_dkd_alpha1.0_dkd_beta8.0_kl_methodkl_temperature0.5_weight_ce0.5_weight_kl0.5_weight_mse0.0_zscoreFalse,finished,2026-01-09T19:35:06Z,nt,"[""splice_sites_all""]",789,0,64GB,slurm,[],test,.,voyager,True,zhanglab.p,1,9223372036854776000,4,,1,slurm,1,True,False,,"["".py"", "".sh"", "".yaml"", "".toml""]",${OG_STORE}/OmegaGenome_different_version/OmegaGenome_11_1_fix_ckpt/OmegaGenome//output/01092026/021427,1,False,torch,"[""wandb"", ""output"", ""output*"", ""output_original"", ""output_caduceus_hyperparam"", ""output_bpnet_medium"", ""output_logits_and_medium_debug"", ""outputs"", ""output_medium_debug_11_18"", ""output_enformer_hyper_12_07"", ""data"", ""datasets"", "".venv_caduceus"", "".venv"", "".git"", "".vscode"", ""uv.lock"", ""tests"", "".ruff_cache"", "".github""]",,,splice_sites_all,InstaDeepAI/nucleotide_transformer_downstream_tasks_revised,42,,ultra_tiny,bpnet,2,,down,True,,True,3,InstaDeepAI/nucleotide-transformer-2.5b-multi-species,True,InstaDeepAI/nucleotide-transformer-2.5b-multi-species,True,0.0001,cuda,200,1000,16,${OG_STORE}/OmegaGenome_different_version/OmegaGenome_11_1_fix_ckpt/OmegaGenome//output/01092026/021427/size_comparison/nt/bpnet/ultra_tiny,4,OmegaGenome-Size-Comparison,50,5,,${OG_STORE}/OmegaGenome_different_version/OmegaGenome_11_1_fix_ckpt/OmegaGenome//data/finetuned_models/2b5-multi-species_nucleotide-transformer-finetune-results-lora-epoch20-10-17-revised-r32-fix-num-label,False,8,1,kl,0.5,0.5,0,0.5,vanilla,0.7142590472553157,0.574006223748688,0.5737505555882976,200,0.96750038369879,0.7142590472553157,0.574006223748688,1878.4051041603088,0.3965761065483093,0.6099231243133545,0.42468356608602953,0.09161453694105148,0.3965761065483093,0.0,0.7133062849798765,0.5737505555882976
sh4uxj9h,splice_sites_all/bpnet_ultra_tiny/vanilla/distill_methodvanilla_dkd_alpha1.0_dkd_beta8.0_kl_methodkl_temperature0.5_weight_ce0.5_weight_kl0.5_weight_mse0.0_zscoreFalse,finished,2026-01-09T19:39:07Z,nt,"[""splice_sites_all""]",24,0,64GB,slurm,[],test,.,voyager,True,zhanglab.p,1,9223372036854776000,4,,1,slurm,1,True,False,,"["".py"", "".sh"", "".yaml"", "".toml""]",${OG_STORE}/OmegaGenome_different_version/OmegaGenome_11_1_fix_ckpt/OmegaGenome//output/01092026/021427,1,False,torch,"[""wandb"", ""output"", ""output*"", ""output_original"", ""output_caduceus_hyperparam"", ""output_bpnet_medium"", ""output_logits_and_medium_debug"", ""outputs"", ""output_medium_debug_11_18"", ""output_enformer_hyper_12_07"", ""data"", ""datasets"", "".venv_caduceus"", "".venv"", "".git"", "".vscode"", ""uv.lock"", ""tests"", "".ruff_cache"", "".github""]",,,splice_sites_all,InstaDeepAI/nucleotide_transformer_downstream_tasks_revised,42,,ultra_tiny,bpnet,2,,down,True,,True,3,InstaDeepAI/nucleotide-transformer-2.5b-multi-species,True,InstaDeepAI/nucleotide-transformer-2.5b-multi-species,True,0.0001,cuda,200,1000,16,${OG_STORE}/OmegaGenome_different_version/OmegaGenome_11_1_fix_ckpt/OmegaGenome//output/01092026/021427/size_comparison/nt/bpnet/ultra_tiny,4,OmegaGenome-Size-Comparison,50,5,,${OG_STORE}/OmegaGenome_different_version/OmegaGenome_11_1_fix_ckpt/OmegaGenome//data/finetuned_models/2b5-multi-species_nucleotide-transformer-finetune-results-lora-epoch20-10-17-revised-r32-fix-num-label,False,8,1,kl,0.5,0.5,0,0.5,vanilla,0.7658391359133191,0.6513973044323773,0.6418995730088195,200,0.96750038369879,0.756291346090423,0.643552973302388,1845.0110793113708,0.2626218795776367,0.431943416595459,0.3560300487495288,0.04665016382932663,0.2626218795776367,0.0,0.7390682315192189,0.6201689555430158
d0h3bsqw,splice_sites_all/bpnet_ultra_tiny/vanilla/distill_methodvanilla_dkd_alpha1.0_dkd_beta8.0_kl_methodkl_temperature0.5_weight_ce0.5_weight_kl0.5_weight_mse0.0_zscoreFalse,finished,2026-01-09T19:54:06Z,nt,"[""splice_sites_all""]",321,0,64GB,slurm,[],test,.,laniakea,True,zhanglab.p,1,9223372036854776000,4,,1,slurm,1,True,False,,"["".py"", "".sh"", "".yaml"", "".toml""]",${OG_STORE}/OmegaGenome_different_version/OmegaGenome_11_1_fix_ckpt/OmegaGenome//output/01092026/021427,1,False,torch,"[""wandb"", ""output"", ""output*"", ""output_original"", ""output_caduceus_hyperparam"", ""output_bpnet_medium"", ""output_logits_and_medium_debug"", ""outputs"", ""output_medium_debug_11_18"", ""output_enformer_hyper_12_07"", ""data"", ""datasets"", "".venv_caduceus"", "".venv"", "".git"", "".vscode"", ""uv.lock"", ""tests"", "".ruff_cache"", "".github""]",,,splice_sites_all,InstaDeepAI/nucleotide_transformer_downstream_tasks_revised,42,,ultra_tiny,bpnet,2,,down,True,,True,3,InstaDeepAI/nucleotide-transformer-2.5b-multi-species,True,InstaDeepAI/nucleotide-transformer-2.5b-multi-species,True,0.0001,cuda,200,1000,16,${OG_STORE}/OmegaGenome_different_version/OmegaGenome_11_1_fix_ckpt/OmegaGenome//output/01092026/021427/size_comparison/nt/bpnet/ultra_tiny,4,OmegaGenome-Size-Comparison,50,5,,${OG_STORE}/OmegaGenome_different_version/OmegaGenome_11_1_fix_ckpt/OmegaGenome//data/finetuned_models/2b5-multi-species_nucleotide-transformer-finetune-results-lora-epoch20-10-17-revised-r32-fix-num-label,False,8,1,kl,0.5,0.5,0,0.5,vanilla,0.7587130513605745,0.6379732873709913,0.629516839412666,200,0.96750038369879,0.7480649162374711,0.6209119139837046,4336.5020887851715,0.2429230958223343,0.4182558059692383,0.3703131659962766,0.03379519656300545,0.2429230958223343,0.0,0.7408379734510323,0.6130123771023157
2uncliqh,splice_sites_all/bpnet_ultra_tiny/vanilla/distill_methodvanilla_dkd_alpha1.0_dkd_beta8.0_kl_methodkl_temperature0.5_weight_ce0.5_weight_kl0.5_weight_mse0.0_zscoreFalse,finished,2026-01-09T19:56:15Z,nt,"[""splice_sites_all""]",987,0,64GB,slurm,[],test,.,laniakea,True,zhanglab.p,1,9223372036854776000,4,,1,slurm,1,True,False,,"["".py"", "".sh"", "".yaml"", "".toml""]",${OG_STORE}/OmegaGenome_different_version/OmegaGenome_11_1_fix_ckpt/OmegaGenome//output/01092026/021427,1,False,torch,"[""wandb"", ""output"", ""output*"", ""output_original"", ""output_caduceus_hyperparam"", ""output_bpnet_medium"", ""output_logits_and_medium_debug"", ""outputs"", ""output_medium_debug_11_18"", ""output_enformer_hyper_12_07"", ""data"", ""datasets"", "".venv_caduceus"", "".venv"", "".git"", "".vscode"", ""uv.lock"", ""tests"", "".ruff_cache"", "".github""]",,,splice_sites_all,InstaDeepAI/nucleotide_transformer_downstream_tasks_revised,42,,ultra_tiny,bpnet,2,,down,True,,True,3,InstaDeepAI/nucleotide-transformer-2.5b-multi-species,True,InstaDeepAI/nucleotide-transformer-2.5b-multi-species,True,0.0001,cuda,200,1000,16,${OG_STORE}/OmegaGenome_different_version/OmegaGenome_11_1_fix_ckpt/OmegaGenome//output/01092026/021427/size_comparison/nt/bpnet/ultra_tiny,4,OmegaGenome-Size-Comparison,50,5,,${OG_STORE}/OmegaGenome_different_version/OmegaGenome_11_1_fix_ckpt/OmegaGenome//data/finetuned_models/2b5-multi-species_nucleotide-transformer-finetune-results-lora-epoch20-10-17-revised-r32-fix-num-label,False,8,1,kl,0.5,0.5,0,0.5,vanilla,0.6907022992984304,0.5374567413103045,0.5404546901122126,200,0.96750038369879,0.65337219729059,0.5103707903247025,4695.083637237549,0.5369823575019836,0.8318684697151184,0.45424394031448107,0.12104813754558565,0.5369823575019836,0.0,0.6558422071564444,0.5147327524069802
9cnkxoff,splice_sites_all/bpnet_ultra_tiny/vanilla/distill_methodvanilla_dkd_alpha1.0_dkd_beta8.0_kl_methodkl_temperature0.5_weight_ce0.5_weight_kl0.5_weight_mse0.0_zscoreFalse,finished,2026-01-09T19:56:15Z,nt,"[""splice_sites_all""]",654,0,64GB,slurm,[],test,.,laniakea,True,zhanglab.p,1,9223372036854776000,4,,1,slurm,1,True,False,,"["".py"", "".sh"", "".yaml"", "".toml""]",${OG_STORE}/OmegaGenome_different_version/OmegaGenome_11_1_fix_ckpt/OmegaGenome//output/01092026/021427,1,False,torch,"[""wandb"", ""output"", ""output*"", ""output_original"", ""output_caduceus_hyperparam"", ""output_bpnet_medium"", ""output_logits_and_medium_debug"", ""outputs"", ""output_medium_debug_11_18"", ""output_enformer_hyper_12_07"", ""data"", ""datasets"", "".venv_caduceus"", "".venv"", "".git"", "".vscode"", ""uv.lock"", ""tests"", "".ruff_cache"", "".github""]",,,splice_sites_all,InstaDeepAI/nucleotide_transformer_downstream_tasks_revised,42,,ultra_tiny,bpnet,2,,down,True,,True,3,InstaDeepAI/nucleotide-transformer-2.5b-multi-species,True,InstaDeepAI/nucleotide-transformer-2.5b-multi-species,True,0.0001,cuda,200,1000,16,${OG_STORE}/OmegaGenome_different_version/OmegaGenome_11_1_fix_ckpt/OmegaGenome//output/01092026/021427/size_comparison/nt/bpnet/ultra_tiny,4,OmegaGenome-Size-Comparison,50,5,,${OG_STORE}/OmegaGenome_different_version/OmegaGenome_11_1_fix_ckpt/OmegaGenome//data/finetuned_models/2b5-multi-species_nucleotide-transformer-finetune-results-lora-epoch20-10-17-revised-r32-fix-num-label,False,8,1,kl,0.5,0.5,0,0.5,vanilla,0.7424418802066778,0.6153510795427387,0.6159029937346658,200,0.96750038369879,0.7367274709595093,0.6051003493961822,4644.101892948151,0.22648227214813232,0.3609578013420105,0.3874840449753672,0.04600336402654648,0.22648227214813232,0.0,0.7224559707607975,0.5924540741364404
9mo9t2ts,splice_sites_all/bpnet_ultra_tiny/vanilla/distill_methodvanilla_dkd_alpha1.0_dkd_beta8.0_kl_methodkl_temperature0.5_weight_ce0.5_weight_kl0.5_weight_mse0.0_zscoreFalse,finished,2026-01-09T19:56:15Z,nt,"[""splice_sites_all""]",4021,0,64GB,slurm,[],test,.,laniakea,True,zhanglab.p,1,9223372036854776000,4,,1,slurm,1,True,False,,"["".py"", "".sh"", "".yaml"", "".toml""]",${OG_STORE}/OmegaGenome_different_version/OmegaGenome_11_1_fix_ckpt/OmegaGenome//output/01092026/021427,1,False,torch,"[""wandb"", ""output"", ""output*"", ""output_original"", ""output_caduceus_hyperparam"", ""output_bpnet_medium"", ""output_logits_and_medium_debug"", ""outputs"", ""output_medium_debug_11_18"", ""output_enformer_hyper_12_07"", ""data"", ""datasets"", "".venv_caduceus"", "".venv"", "".git"", "".vscode"", ""uv.lock"", ""tests"", "".ruff_cache"", "".github""]",,,splice_sites_all,InstaDeepAI/nucleotide_transformer_downstream_tasks_revised,42,,ultra_tiny,bpnet,2,,down,True,,True,3,InstaDeepAI/nucleotide-transformer-2.5b-multi-species,True,InstaDeepAI/nucleotide-transformer-2.5b-multi-species,True,0.0001,cuda,200,1000,16,${OG_STORE}/OmegaGenome_different_version/OmegaGenome_11_1_fix_ckpt/OmegaGenome//output/01092026/021427/size_comparison/nt/bpnet/ultra_tiny,4,OmegaGenome-Size-Comparison,50,5,,${OG_STORE}/OmegaGenome_different_version/OmegaGenome_11_1_fix_ckpt/OmegaGenome//data/finetuned_models/2b5-multi-species_nucleotide-transformer-finetune-results-lora-epoch20-10-17-revised-r32-fix-num-label,False,8,1,kl,0.5,0.5,0,0.5,vanilla,0.7319633763904854,0.6010611247731884,0.5992495814895662,200,0.96750038369879,0.71944001386585,0.5930347496760456,4629.534846544266,0.655658483505249,0.9812474250793456,0.4048214115167117,0.16503478586673737,0.655658483505249,0.0,0.7248756790909391,0.5972532566676281
fhllnawi,splice_sites_all/bpnet_extra_tiny/vanilla/distill_methodvanilla_dkd_alpha1.0_dkd_beta8.0_kl_methodkl_temperature4.0_weight_ce0.5_weight_kl1.0_weight_mse1.0_zscoreFalse,finished,2026-01-09T19:56:15Z,nt,"[""splice_sites_all""]",42,0,64GB,slurm,[],test,.,laniakea,True,zhanglab.p,1,9223372036854776000,4,,1,slurm,1,True,False,,"["".py"", "".sh"", "".yaml"", "".toml""]",${OG_STORE}/OmegaGenome_different_version/OmegaGenome_11_1_fix_ckpt/OmegaGenome//output/01092026/021427,1,False,torch,"[""wandb"", ""output"", ""output*"", ""output_original"", ""output_caduceus_hyperparam"", ""output_bpnet_medium"", ""output_logits_and_medium_debug"", ""outputs"", ""output_medium_debug_11_18"", ""output_enformer_hyper_12_07"", ""data"", ""datasets"", "".venv_caduceus"", "".venv"", "".git"", "".vscode"", ""uv.lock"", ""tests"", "".ruff_cache"", "".github""]",,,splice_sites_all,InstaDeepAI/nucleotide_transformer_downstream_tasks_revised,42,,extra_tiny,bpnet,2,,down,True,,True,3,InstaDeepAI/nucleotide-transformer-2.5b-multi-species,True,InstaDeepAI/nucleotide-transformer-2.5b-multi-species,True,0.0001,cuda,200,1000,16,${OG_STORE}/OmegaGenome_different_version/OmegaGenome_11_1_fix_ckpt/OmegaGenome//output/01092026/021427/size_comparison/nt/bpnet/extra_tiny,4,OmegaGenome-Size-Comparison,50,5,,${OG_STORE}/OmegaGenome_different_version/OmegaGenome_11_1_fix_ckpt/OmegaGenome//data/finetuned_models/2b5-multi-species_nucleotide-transformer-finetune-results-lora-epoch20-10-17-revised-r32-fix-num-label,False,8,1,kl,0.5,1.0,1,4.0,vanilla,0.9035868250990204,0.8552500081592298,0.861398638770642,200,0.96750038369879,0.8872310891323458,0.8353272105732407,5065.9171369075775,1.5857319831848145,0.09066542237997056,1.560704313801222,1.4048821926116943,1.5857319831848145,0.13551706075668335,0.9006216554194663,0.8541979762547453
1vkv21aq,splice_sites_all/bpnet_extra_tiny/vanilla/distill_methodvanilla_dkd_alpha1.0_dkd_beta8.0_kl_methodkl_temperature4.0_weight_ce0.5_weight_kl1.0_weight_mse1.0_zscoreFalse,finished,2026-01-09T20:07:37Z,nt,"[""splice_sites_all""]",123,0,64GB,slurm,[],test,.,voyager,True,zhanglab.p,1,9223372036854776000,4,,1,slurm,1,True,False,,"["".py"", "".sh"", "".yaml"", "".toml""]",${OG_STORE}/OmegaGenome_different_version/OmegaGenome_11_1_fix_ckpt/OmegaGenome//output/01092026/021427,1,False,torch,"[""wandb"", ""output"", ""output*"", ""output_original"", ""output_caduceus_hyperparam"", ""output_bpnet_medium"", ""output_logits_and_medium_debug"", ""outputs"", ""output_medium_debug_11_18"", ""output_enformer_hyper_12_07"", ""data"", ""datasets"", "".venv_caduceus"", "".venv"", "".git"", "".vscode"", ""uv.lock"", ""tests"", "".ruff_cache"", "".github""]",,,splice_sites_all,InstaDeepAI/nucleotide_transformer_downstream_tasks_revised,42,,extra_tiny,bpnet,2,,down,True,,True,3,InstaDeepAI/nucleotide-transformer-2.5b-multi-species,True,InstaDeepAI/nucleotide-transformer-2.5b-multi-species,True,0.0001,cuda,200,1000,16,${OG_STORE}/OmegaGenome_different_version/OmegaGenome_11_1_fix_ckpt/OmegaGenome//output/01092026/021427/size_comparison/nt/bpnet/extra_tiny,4,OmegaGenome-Size-Comparison,50,5,,${OG_STORE}/OmegaGenome_different_version/OmegaGenome_11_1_fix_ckpt/OmegaGenome//data/finetuned_models/2b5-multi-species_nucleotide-transformer-finetune-results-lora-epoch20-10-17-revised-r32-fix-num-label,False,8,1,kl,0.5,1.0,1,4.0,vanilla,0.8755048005999213,0.815076568600355,0.8211653807657452,200,0.96750038369879,0.8759840380217693,0.8131653561955768,1991.777757883072,1.0720103979110718,0.04702235013246536,1.9716205419663568,0.9727326035499572,1.0720103979110718,0.07576658576726913,0.8748994263705191,0.8123348283540205
2iywu37u,splice_sites_all/bpnet_extra_tiny/vanilla/distill_methodvanilla_dkd_alpha1.0_dkd_beta8.0_kl_methodkl_temperature4.0_weight_ce0.5_weight_kl1.0_weight_mse1.0_zscoreFalse,finished,2026-01-09T20:07:37Z,nt,"[""splice_sites_all""]",456,0,64GB,slurm,[],test,.,voyager,True,zhanglab.p,1,9223372036854776000,4,,1,slurm,1,True,False,,"["".py"", "".sh"", "".yaml"", "".toml""]",${OG_STORE}/OmegaGenome_different_version/OmegaGenome_11_1_fix_ckpt/OmegaGenome//output/01092026/021427,1,False,torch,"[""wandb"", ""output"", ""output*"", ""output_original"", ""output_caduceus_hyperparam"", ""output_bpnet_medium"", ""output_logits_and_medium_debug"", ""outputs"", ""output_medium_debug_11_18"", ""output_enformer_hyper_12_07"", ""data"", ""datasets"", "".venv_caduceus"", "".venv"", "".git"", "".vscode"", ""uv.lock"", ""tests"", "".ruff_cache"", "".github""]",,,splice_sites_all,InstaDeepAI/nucleotide_transformer_downstream_tasks_revised,42,,extra_tiny,bpnet,2,,down,True,,True,3,InstaDeepAI/nucleotide-transformer-2.5b-multi-species,True,InstaDeepAI/nucleotide-transformer-2.5b-multi-species,True,0.0001,cuda,200,1000,16,${OG_STORE}/OmegaGenome_different_version/OmegaGenome_11_1_fix_ckpt/OmegaGenome//output/01092026/021427/size_comparison/nt/bpnet/extra_tiny,4,OmegaGenome-Size-Comparison,50,5,,${OG_STORE}/OmegaGenome_different_version/OmegaGenome_11_1_fix_ckpt/OmegaGenome//data/finetuned_models/2b5-multi-species_nucleotide-transformer-finetune-results-lora-epoch20-10-17-revised-r32-fix-num-label,False,8,1,kl,0.5,1.0,1,4.0,vanilla,0.889351144129107,0.8362701917144703,0.8507231292569538,200,0.96750038369879,0.8990198232249934,0.8487040950333635,1993.9936969280243,1.7458786964416504,0.15113458037376404,1.7756849653948257,1.5448957681655884,1.7458786964416504,0.12541566789150238,0.8995082069796915,0.8495326795049574
5svkjk5z,splice_sites_all/bpnet_extra_tiny/vanilla/distill_methodvanilla_dkd_alpha1.0_dkd_beta8.0_kl_methodkl_temperature4.0_weight_ce0.5_weight_kl1.0_weight_mse1.0_zscoreFalse,finished,2026-01-09T20:12:01Z,nt,"[""splice_sites_all""]",789,0,64GB,slurm,[],test,.,voyager,True,zhanglab.p,1,9223372036854776000,4,,1,slurm,1,True,False,,"["".py"", "".sh"", "".yaml"", "".toml""]",${OG_STORE}/OmegaGenome_different_version/OmegaGenome_11_1_fix_ckpt/OmegaGenome//output/01092026/021427,1,False,torch,"[""wandb"", ""output"", ""output*"", ""output_original"", ""output_caduceus_hyperparam"", ""output_bpnet_medium"", ""output_logits_and_medium_debug"", ""outputs"", ""output_medium_debug_11_18"", ""output_enformer_hyper_12_07"", ""data"", ""datasets"", "".venv_caduceus"", "".venv"", "".git"", "".vscode"", ""uv.lock"", ""tests"", "".ruff_cache"", "".github""]",,,splice_sites_all,InstaDeepAI/nucleotide_transformer_downstream_tasks_revised,42,,extra_tiny,bpnet,2,,down,True,,True,3,InstaDeepAI/nucleotide-transformer-2.5b-multi-species,True,InstaDeepAI/nucleotide-transformer-2.5b-multi-species,True,0.0001,cuda,200,1000,16,${OG_STORE}/OmegaGenome_different_version/OmegaGenome_11_1_fix_ckpt/OmegaGenome//output/01092026/021427/size_comparison/nt/bpnet/extra_tiny,4,OmegaGenome-Size-Comparison,50,5,,${OG_STORE}/OmegaGenome_different_version/OmegaGenome_11_1_fix_ckpt/OmegaGenome//data/finetuned_models/2b5-multi-species_nucleotide-transformer-finetune-results-lora-epoch20-10-17-revised-r32-fix-num-label,False,8,1,kl,0.5,1.0,1,4.0,vanilla,0.8803946067344638,0.8209606605970688,0.8271824062260213,200,0.96750038369879,0.8855800267494468,0.8274751652157245,2031.350216150284,0.7184677720069885,0.0017202168237417936,2.0036913632852205,0.5985758900642395,0.7184677720069885,0.11903180927038191,0.8843479669997899,0.8266649041290658
kbd9k5bq,splice_sites_all/bpnet_extra_tiny/vanilla/distill_methodvanilla_dkd_alpha1.0_dkd_beta8.0_kl_methodkl_temperature4.0_weight_ce0.5_weight_kl1.0_weight_mse1.0_zscoreFalse,finished,2026-01-09T20:19:25Z,nt,"[""splice_sites_all""]",1024,0,64GB,slurm,[],test,.,laniakea,True,zhanglab.p,1,9223372036854776000,4,,1,slurm,1,True,False,,"["".py"", "".sh"", "".yaml"", "".toml""]",${OG_STORE}/OmegaGenome_different_version/OmegaGenome_11_1_fix_ckpt/OmegaGenome//output/01092026/021427,1,False,torch,"[""wandb"", ""output"", ""output*"", ""output_original"", ""output_caduceus_hyperparam"", ""output_bpnet_medium"", ""output_logits_and_medium_debug"", ""outputs"", ""output_medium_debug_11_18"", ""output_enformer_hyper_12_07"", ""data"", ""datasets"", "".venv_caduceus"", "".venv"", "".git"", "".vscode"", ""uv.lock"", ""tests"", "".ruff_cache"", "".github""]",,,splice_sites_all,InstaDeepAI/nucleotide_transformer_downstream_tasks_revised,42,,extra_tiny,bpnet,2,,down,True,,True,3,InstaDeepAI/nucleotide-transformer-2.5b-multi-species,True,InstaDeepAI/nucleotide-transformer-2.5b-multi-species,True,0.0001,cuda,200,1000,16,${OG_STORE}/OmegaGenome_different_version/OmegaGenome_11_1_fix_ckpt/OmegaGenome//output/01092026/021427/size_comparison/nt/bpnet/extra_tiny,4,OmegaGenome-Size-Comparison,50,5,,${OG_STORE}/OmegaGenome_different_version/OmegaGenome_11_1_fix_ckpt/OmegaGenome//data/finetuned_models/2b5-multi-species_nucleotide-transformer-finetune-results-lora-epoch20-10-17-revised-r32-fix-num-label,False,8,1,kl,0.5,1.0,1,4.0,vanilla,0.8712452729386592,0.8083363713329187,0.8186260253032298,200,0.96750038369879,0.8567770224804486,0.7894402908900874,3409.664751291275,1.7376182079315186,0.1611921340227127,2.118577252949866,1.5243961811065674,1.7376182079315186,0.13262587785720825,0.8731028660416132,0.8116804702440713
007jle55,splice_sites_all/bpnet_extra_tiny/vanilla/distill_methodvanilla_dkd_alpha1.0_dkd_beta8.0_kl_methodkl_temperature4.0_weight_ce0.5_weight_kl1.0_weight_mse1.0_zscoreFalse,finished,2026-01-09T20:43:01Z,nt,"[""splice_sites_all""]",321,0,64GB,slurm,[],test,.,voyager,True,zhanglab.p,1,9223372036854776000,4,,1,slurm,1,True,False,,"["".py"", "".sh"", "".yaml"", "".toml""]",${OG_STORE}/OmegaGenome_different_version/OmegaGenome_11_1_fix_ckpt/OmegaGenome//output/01092026/021427,1,False,torch,"[""wandb"", ""output"", ""output*"", ""output_original"", ""output_caduceus_hyperparam"", ""output_bpnet_medium"", ""output_logits_and_medium_debug"", ""outputs"", ""output_medium_debug_11_18"", ""output_enformer_hyper_12_07"", ""data"", ""datasets"", "".venv_caduceus"", "".venv"", "".git"", "".vscode"", ""uv.lock"", ""tests"", "".ruff_cache"", "".github""]",,,splice_sites_all,InstaDeepAI/nucleotide_transformer_downstream_tasks_revised,42,,extra_tiny,bpnet,2,,down,True,,True,3,InstaDeepAI/nucleotide-transformer-2.5b-multi-species,True,InstaDeepAI/nucleotide-transformer-2.5b-multi-species,True,0.0001,cuda,200,1000,16,${OG_STORE}/OmegaGenome_different_version/OmegaGenome_11_1_fix_ckpt/OmegaGenome//output/01092026/021427/size_comparison/nt/bpnet/extra_tiny,4,OmegaGenome-Size-Comparison,50,5,,${OG_STORE}/OmegaGenome_different_version/OmegaGenome_11_1_fix_ckpt/OmegaGenome//data/finetuned_models/2b5-multi-species_nucleotide-transformer-finetune-results-lora-epoch20-10-17-revised-r32-fix-num-label,False,8,1,kl,0.5,1.0,1,4.0,vanilla,0.8908702755475811,0.8367706765565395,0.8538337060126093,200,0.96750038369879,0.8908702755475811,0.8367706765565395,2029.866298675537,2.312321662902832,0.20969276130199432,1.6325598016416574,2.1443588733673096,2.312321662902832,0.06311637908220291,0.9024358152827454,0.8538337060126093
y0hxvx23,splice_sites_all/bpnet_extra_tiny/vanilla/distill_methodvanilla_dkd_alpha1.0_dkd_beta8.0_kl_methodkl_temperature4.0_weight_ce0.5_weight_kl1.0_weight_mse1.0_zscoreFalse,finished,2026-01-09T20:43:01Z,nt,"[""splice_sites_all""]",24,0,64GB,slurm,[],test,.,voyager,True,zhanglab.p,1,9223372036854776000,4,,1,slurm,1,True,False,,"["".py"", "".sh"", "".yaml"", "".toml""]",${OG_STORE}/OmegaGenome_different_version/OmegaGenome_11_1_fix_ckpt/OmegaGenome//output/01092026/021427,1,False,torch,"[""wandb"", ""output"", ""output*"", ""output_original"", ""output_caduceus_hyperparam"", ""output_bpnet_medium"", ""output_logits_and_medium_debug"", ""outputs"", ""output_medium_debug_11_18"", ""output_enformer_hyper_12_07"", ""data"", ""datasets"", "".venv_caduceus"", "".venv"", "".git"", "".vscode"", ""uv.lock"", ""tests"", "".ruff_cache"", "".github""]",,,splice_sites_all,InstaDeepAI/nucleotide_transformer_downstream_tasks_revised,42,,extra_tiny,bpnet,2,,down,True,,True,3,InstaDeepAI/nucleotide-transformer-2.5b-multi-species,True,InstaDeepAI/nucleotide-transformer-2.5b-multi-species,True,0.0001,cuda,200,1000,16,${OG_STORE}/OmegaGenome_different_version/OmegaGenome_11_1_fix_ckpt/OmegaGenome//output/01092026/021427/size_comparison/nt/bpnet/extra_tiny,4,OmegaGenome-Size-Comparison,50,5,,${OG_STORE}/OmegaGenome_different_version/OmegaGenome_11_1_fix_ckpt/OmegaGenome//data/finetuned_models/2b5-multi-species_nucleotide-transformer-finetune-results-lora-epoch20-10-17-revised-r32-fix-num-label,False,8,1,kl,0.5,1.0,1,4.0,vanilla,0.8735196567766804,0.8098299824176926,0.8212065962128208,200,0.96750038369879,0.8696319425449227,0.8054579999986491,2008.4860973358152,1.009214162826538,0.004295788239687681,1.9701060395846717,0.8518216609954834,1.009214162826538,0.15524455904960632,0.8737946393825093,0.8115300985557928
m81d81h4,splice_sites_all/bpnet_extra_tiny/vanilla/distill_methodvanilla_dkd_alpha1.0_dkd_beta8.0_kl_methodkl_temperature4.0_weight_ce0.5_weight_kl1.0_weight_mse1.0_zscoreFalse,finished,2026-01-09T20:48:56Z,nt,"[""splice_sites_all""]",654,0,64GB,slurm,[],test,.,voyager,True,zhanglab.p,1,9223372036854776000,4,,1,slurm,1,True,False,,"["".py"", "".sh"", "".yaml"", "".toml""]",${OG_STORE}/OmegaGenome_different_version/OmegaGenome_11_1_fix_ckpt/OmegaGenome//output/01092026/021427,1,False,torch,"[""wandb"", ""output"", ""output*"", ""output_original"", ""output_caduceus_hyperparam"", ""output_bpnet_medium"", ""output_logits_and_medium_debug"", ""outputs"", ""output_medium_debug_11_18"", ""output_enformer_hyper_12_07"", ""data"", ""datasets"", "".venv_caduceus"", "".venv"", "".git"", "".vscode"", ""uv.lock"", ""tests"", "".ruff_cache"", "".github""]",,,splice_sites_all,InstaDeepAI/nucleotide_transformer_downstream_tasks_revised,42,,extra_tiny,bpnet,2,,down,True,,True,3,InstaDeepAI/nucleotide-transformer-2.5b-multi-species,True,InstaDeepAI/nucleotide-transformer-2.5b-multi-species,True,0.0001,cuda,200,1000,16,${OG_STORE}/OmegaGenome_different_version/OmegaGenome_11_1_fix_ckpt/OmegaGenome//output/01092026/021427/size_comparison/nt/bpnet/extra_tiny,4,OmegaGenome-Size-Comparison,50,5,,${OG_STORE}/OmegaGenome_different_version/OmegaGenome_11_1_fix_ckpt/OmegaGenome//data/finetuned_models/2b5-multi-species_nucleotide-transformer-finetune-results-lora-epoch20-10-17-revised-r32-fix-num-label,False,8,1,kl,0.5,1.0,1,4.0,vanilla,0.8560906754176019,0.7867222913766316,0.7994627837551754,200,0.96750038369879,0.8560906754176019,0.7867222913766316,2023.4014909267423,3.1633901596069336,0.2514682114124298,2.398782508845013,2.8797881603240967,3.1633901596069336,0.1578679382801056,0.8652044070299203,0.7994627837551754
e31ghd5s,splice_sites_all/bpnet_extra_tiny/vanilla/distill_methodvanilla_dkd_alpha1.0_dkd_beta8.0_kl_methodkl_temperature4.0_weight_ce0.5_weight_kl1.0_weight_mse1.0_zscoreFalse,finished,2026-01-09T21:15:45Z,nt,"[""splice_sites_all""]",987,0,64GB,slurm,[],test,.,laniakea,True,zhanglab.p,1,9223372036854776000,4,,1,slurm,1,True,False,,"["".py"", "".sh"", "".yaml"", "".toml""]",${OG_STORE}/OmegaGenome_different_version/OmegaGenome_11_1_fix_ckpt/OmegaGenome//output/01092026/021427,1,False,torch,"[""wandb"", ""output"", ""output*"", ""output_original"", ""output_caduceus_hyperparam"", ""output_bpnet_medium"", ""output_logits_and_medium_debug"", ""outputs"", ""output_medium_debug_11_18"", ""output_enformer_hyper_12_07"", ""data"", ""datasets"", "".venv_caduceus"", "".venv"", "".git"", "".vscode"", ""uv.lock"", ""tests"", "".ruff_cache"", "".github""]",,,splice_sites_all,InstaDeepAI/nucleotide_transformer_downstream_tasks_revised,42,,extra_tiny,bpnet,2,,down,True,,True,3,InstaDeepAI/nucleotide-transformer-2.5b-multi-species,True,InstaDeepAI/nucleotide-transformer-2.5b-multi-species,True,0.0001,cuda,200,1000,16,${OG_STORE}/OmegaGenome_different_version/OmegaGenome_11_1_fix_ckpt/OmegaGenome//output/01092026/021427/size_comparison/nt/bpnet/extra_tiny,4,OmegaGenome-Size-Comparison,50,5,,${OG_STORE}/OmegaGenome_different_version/OmegaGenome_11_1_fix_ckpt/OmegaGenome//data/finetuned_models/2b5-multi-species_nucleotide-transformer-finetune-results-lora-epoch20-10-17-revised-r32-fix-num-label,False,8,1,kl,0.5,1.0,1,4.0,vanilla,0.8787984163945168,0.8227811369930406,0.8362017686275566,200,0.96750038369879,0.8825625720334443,0.8258926164714177,4927.454031705856,0.6961035132408142,0.21202470362186432,1.8843491188299035,0.4996424913406372,0.6961035132408142,0.09044869989156724,0.8885021364237504,0.8335210240637898
0sx0475l,splice_sites_all/bpnet_original/vanilla/distill_methodvanilla_dkd_alpha1.0_dkd_beta8.0_kl_methodkl_temperature4.0_weight_ce0.5_weight_kl0.5_weight_mse0.0_zscoreFalse,finished,2026-01-09T21:19:55Z,nt,"[""splice_sites_all""]",1024,0,64GB,slurm,[],test,.,voyager,True,zhanglab.p,1,9223372036854776000,4,,1,slurm,1,True,False,,"["".py"", "".sh"", "".yaml"", "".toml""]",${OG_STORE}/OmegaGenome_different_version/OmegaGenome_11_1_fix_ckpt/OmegaGenome//output/01092026/021427,1,False,torch,"[""wandb"", ""output"", ""output*"", ""output_original"", ""output_caduceus_hyperparam"", ""output_bpnet_medium"", ""output_logits_and_medium_debug"", ""outputs"", ""output_medium_debug_11_18"", ""output_enformer_hyper_12_07"", ""data"", ""datasets"", "".venv_caduceus"", "".venv"", "".git"", "".vscode"", ""uv.lock"", ""tests"", "".ruff_cache"", "".github""]",,,splice_sites_all,InstaDeepAI/nucleotide_transformer_downstream_tasks_revised,42,,original,bpnet,2,,down,True,,True,3,InstaDeepAI/nucleotide-transformer-2.5b-multi-species,True,InstaDeepAI/nucleotide-transformer-2.5b-multi-species,True,0.0001,cuda,200,1000,16,${OG_STORE}/OmegaGenome_different_version/OmegaGenome_11_1_fix_ckpt/OmegaGenome//output/01092026/021427/size_comparison/nt/bpnet/original,4,OmegaGenome-Size-Comparison,50,5,,${OG_STORE}/OmegaGenome_different_version/OmegaGenome_11_1_fix_ckpt/OmegaGenome//data/finetuned_models/2b5-multi-species_nucleotide-transformer-finetune-results-lora-epoch20-10-17-revised-r32-fix-num-label,False,8,1,kl,0.5,0.5,0,4.0,vanilla,0.923418978893309,0.8861012695093808,0.9095323280506256,200,0.96750038369879,0.9234008099741312,0.88700082920741,2005.8744857311249,0.15889063477516174,0.002904110122472048,0.09221837577140796,0.15743857622146606,0.15889063477516174,0.0,0.9316946475808372,0.898181716162847
fapduw3r,splice_sites_all/bpnet_original/vanilla/distill_methodvanilla_dkd_alpha1.0_dkd_beta8.0_kl_methodkl_temperature4.0_weight_ce0.5_weight_kl0.5_weight_mse0.0_zscoreFalse,finished,2026-01-09T21:19:55Z,nt,"[""splice_sites_all""]",789,0,64GB,slurm,[],test,.,voyager,True,zhanglab.p,1,9223372036854776000,4,,1,slurm,1,True,False,,"["".py"", "".sh"", "".yaml"", "".toml""]",${OG_STORE}/OmegaGenome_different_version/OmegaGenome_11_1_fix_ckpt/OmegaGenome//output/01092026/021427,1,False,torch,"[""wandb"", ""output"", ""output*"", ""output_original"", ""output_caduceus_hyperparam"", ""output_bpnet_medium"", ""output_logits_and_medium_debug"", ""outputs"", ""output_medium_debug_11_18"", ""output_enformer_hyper_12_07"", ""data"", ""datasets"", "".venv_caduceus"", "".venv"", "".git"", "".vscode"", ""uv.lock"", ""tests"", "".ruff_cache"", "".github""]",,,splice_sites_all,InstaDeepAI/nucleotide_transformer_downstream_tasks_revised,42,,original,bpnet,2,,down,True,,True,3,InstaDeepAI/nucleotide-transformer-2.5b-multi-species,True,InstaDeepAI/nucleotide-transformer-2.5b-multi-species,True,0.0001,cuda,200,1000,16,${OG_STORE}/OmegaGenome_different_version/OmegaGenome_11_1_fix_ckpt/OmegaGenome//output/01092026/021427/size_comparison/nt/bpnet/original,4,OmegaGenome-Size-Comparison,50,5,,${OG_STORE}/OmegaGenome_different_version/OmegaGenome_11_1_fix_ckpt/OmegaGenome//data/finetuned_models/2b5-multi-species_nucleotide-transformer-finetune-results-lora-epoch20-10-17-revised-r32-fix-num-label,False,8,1,kl,0.5,0.5,0,4.0,vanilla,0.902723071214769,0.8535842860292118,0.8628179891885887,200,0.96750038369879,0.8895294542240387,0.8368189712084904,2005.698968887329,0.05708139389753342,0.0011095557129010558,0.14574985684147235,0.05652661621570587,0.05708139389753342,0.0,0.8981868431006301,0.8484455202359228
50nv5d7g,splice_sites_all/bpnet_original/vanilla/distill_methodvanilla_dkd_alpha1.0_dkd_beta8.0_kl_methodkl_temperature4.0_weight_ce0.5_weight_kl0.5_weight_mse0.0_zscoreFalse,finished,2026-01-09T21:21:40Z,nt,"[""splice_sites_all""]",42,0,64GB,slurm,[],test,.,laniakea,True,zhanglab.p,1,9223372036854776000,4,,1,slurm,1,True,False,,"["".py"", "".sh"", "".yaml"", "".toml""]",${OG_STORE}/OmegaGenome_different_version/OmegaGenome_11_1_fix_ckpt/OmegaGenome//output/01092026/021427,1,False,torch,"[""wandb"", ""output"", ""output*"", ""output_original"", ""output_caduceus_hyperparam"", ""output_bpnet_medium"", ""output_logits_and_medium_debug"", ""outputs"", ""output_medium_debug_11_18"", ""output_enformer_hyper_12_07"", ""data"", ""datasets"", "".venv_caduceus"", "".venv"", "".git"", "".vscode"", ""uv.lock"", ""tests"", "".ruff_cache"", "".github""]",,,splice_sites_all,InstaDeepAI/nucleotide_transformer_downstream_tasks_revised,42,,original,bpnet,2,,down,True,,True,3,InstaDeepAI/nucleotide-transformer-2.5b-multi-species,True,InstaDeepAI/nucleotide-transformer-2.5b-multi-species,True,0.0001,cuda,200,1000,16,${OG_STORE}/OmegaGenome_different_version/OmegaGenome_11_1_fix_ckpt/OmegaGenome//output/01092026/021427/size_comparison/nt/bpnet/original,4,OmegaGenome-Size-Comparison,50,5,,${OG_STORE}/OmegaGenome_different_version/OmegaGenome_11_1_fix_ckpt/OmegaGenome//data/finetuned_models/2b5-multi-species_nucleotide-transformer-finetune-results-lora-epoch20-10-17-revised-r32-fix-num-label,False,8,1,kl,0.5,0.5,0,4.0,vanilla,0.9381748648137332,0.9077864007915348,0.8960666198583365,200,0.96750038369879,0.9311188110314634,0.897975036365656,5009.892110109329,0.08814851939678192,0.002037019468843937,0.10046129409109036,0.08713001012802124,0.08814851939678192,0.0,0.9243813234017396,0.8874703047406868
t2fqs5sl,splice_sites_all/bpnet_extra_tiny/vanilla/distill_methodvanilla_dkd_alpha1.0_dkd_beta8.0_kl_methodkl_temperature4.0_weight_ce0.5_weight_kl1.0_weight_mse1.0_zscoreFalse,finished,2026-01-09T21:21:40Z,nt,"[""splice_sites_all""]",4021,0,64GB,slurm,[],test,.,laniakea,True,zhanglab.p,1,9223372036854776000,4,,1,slurm,1,True,False,,"["".py"", "".sh"", "".yaml"", "".toml""]",${OG_STORE}/OmegaGenome_different_version/OmegaGenome_11_1_fix_ckpt/OmegaGenome//output/01092026/021427,1,False,torch,"[""wandb"", ""output"", ""output*"", ""output_original"", ""output_caduceus_hyperparam"", ""output_bpnet_medium"", ""output_logits_and_medium_debug"", ""outputs"", ""output_medium_debug_11_18"", ""output_enformer_hyper_12_07"", ""data"", ""datasets"", "".venv_caduceus"", "".venv"", "".git"", "".vscode"", ""uv.lock"", ""tests"", "".ruff_cache"", "".github""]",,,splice_sites_all,InstaDeepAI/nucleotide_transformer_downstream_tasks_revised,42,,extra_tiny,bpnet,2,,down,True,,True,3,InstaDeepAI/nucleotide-transformer-2.5b-multi-species,True,InstaDeepAI/nucleotide-transformer-2.5b-multi-species,True,0.0001,cuda,200,1000,16,${OG_STORE}/OmegaGenome_different_version/OmegaGenome_11_1_fix_ckpt/OmegaGenome//output/01092026/021427/size_comparison/nt/bpnet/extra_tiny,4,OmegaGenome-Size-Comparison,50,5,,${OG_STORE}/OmegaGenome_different_version/OmegaGenome_11_1_fix_ckpt/OmegaGenome//data/finetuned_models/2b5-multi-species_nucleotide-transformer-finetune-results-lora-epoch20-10-17-revised-r32-fix-num-label,False,8,1,kl,0.5,1.0,1,4.0,vanilla,0.8774259315124938,0.8180194799602007,0.853510203425087,200,0.96750038369879,0.8766274397520655,0.8180540936331755,5227.244437932968,2.10770845413208,0.2180834263563156,1.7801616835756606,1.9030137062072752,2.10770845413208,0.09565302729606628,0.8978647432291522,0.8481886051650862
z4lvhowm,splice_sites_all/bpnet_original/vanilla/distill_methodvanilla_dkd_alpha1.0_dkd_beta8.0_kl_methodkl_temperature4.0_weight_ce0.5_weight_kl0.5_weight_mse0.0_zscoreFalse,finished,2026-01-09T21:21:40Z,nt,"[""splice_sites_all""]",123,0,64GB,slurm,[],test,.,laniakea,True,zhanglab.p,1,9223372036854776000,4,,1,slurm,1,True,False,,"["".py"", "".sh"", "".yaml"", "".toml""]",${OG_STORE}/OmegaGenome_different_version/OmegaGenome_11_1_fix_ckpt/OmegaGenome//output/01092026/021427,1,False,torch,"[""wandb"", ""output"", ""output*"", ""output_original"", ""output_caduceus_hyperparam"", ""output_bpnet_medium"", ""output_logits_and_medium_debug"", ""outputs"", ""output_medium_debug_11_18"", ""output_enformer_hyper_12_07"", ""data"", ""datasets"", "".venv_caduceus"", "".venv"", "".git"", "".vscode"", ""uv.lock"", ""tests"", "".ruff_cache"", "".github""]",,,splice_sites_all,InstaDeepAI/nucleotide_transformer_downstream_tasks_revised,42,,original,bpnet,2,,down,True,,True,3,InstaDeepAI/nucleotide-transformer-2.5b-multi-species,True,InstaDeepAI/nucleotide-transformer-2.5b-multi-species,True,0.0001,cuda,200,1000,16,${OG_STORE}/OmegaGenome_different_version/OmegaGenome_11_1_fix_ckpt/OmegaGenome//output/01092026/021427/size_comparison/nt/bpnet/original,4,OmegaGenome-Size-Comparison,50,5,,${OG_STORE}/OmegaGenome_different_version/OmegaGenome_11_1_fix_ckpt/OmegaGenome//data/finetuned_models/2b5-multi-species_nucleotide-transformer-finetune-results-lora-epoch20-10-17-revised-r32-fix-num-label,False,8,1,kl,0.5,0.5,0,4.0,vanilla,0.9439084618024616,0.9162748328785186,0.9340314190369132,200,0.96750038369879,0.9449878192927142,0.9177478126585368,5086.421929836273,0.01974576525390148,8.418083598371595e-05,0.06350435749064884,0.01970367506146431,0.01974576525390148,0.0,0.9513742380678932,0.9276101485592678
kq4qxirs,splice_sites_all/bpnet_original/vanilla/distill_methodvanilla_dkd_alpha1.0_dkd_beta8.0_kl_methodkl_temperature4.0_weight_ce0.5_weight_kl0.5_weight_mse0.0_zscoreFalse,finished,2026-01-09T21:23:53Z,nt,"[""splice_sites_all""]",456,0,64GB,slurm,[],test,.,laniakea,True,zhanglab.p,1,9223372036854776000,4,,1,slurm,1,True,False,,"["".py"", "".sh"", "".yaml"", "".toml""]",${OG_STORE}/OmegaGenome_different_version/OmegaGenome_11_1_fix_ckpt/OmegaGenome//output/01092026/021427,1,False,torch,"[""wandb"", ""output"", ""output*"", ""output_original"", ""output_caduceus_hyperparam"", ""output_bpnet_medium"", ""output_logits_and_medium_debug"", ""outputs"", ""output_medium_debug_11_18"", ""output_enformer_hyper_12_07"", ""data"", ""datasets"", "".venv_caduceus"", "".venv"", "".git"", "".vscode"", ""uv.lock"", ""tests"", "".ruff_cache"", "".github""]",,,splice_sites_all,InstaDeepAI/nucleotide_transformer_downstream_tasks_revised,42,,original,bpnet,2,,down,True,,True,3,InstaDeepAI/nucleotide-transformer-2.5b-multi-species,True,InstaDeepAI/nucleotide-transformer-2.5b-multi-species,True,0.0001,cuda,200,1000,16,${OG_STORE}/OmegaGenome_different_version/OmegaGenome_11_1_fix_ckpt/OmegaGenome//output/01092026/021427/size_comparison/nt/bpnet/original,4,OmegaGenome-Size-Comparison,50,5,,${OG_STORE}/OmegaGenome_different_version/OmegaGenome_11_1_fix_ckpt/OmegaGenome//data/finetuned_models/2b5-multi-species_nucleotide-transformer-finetune-results-lora-epoch20-10-17-revised-r32-fix-num-label,False,8,1,kl,0.5,0.5,0,4.0,vanilla,0.9122640541627908,0.8679423831876006,0.8706526996189456,200,0.96750038369879,0.9064005344310836,0.8606605512988916,3357.5323050022125,0.04971695318818092,0.0014489081222563982,0.1254285329034755,0.048992499709129333,0.04971695318818092,0.0,0.9050710328148988,0.8581860499240614
yzwfgneb,splice_sites_all/bpnet_original/vanilla/distill_methodvanilla_dkd_alpha1.0_dkd_beta8.0_kl_methodkl_temperature4.0_weight_ce0.5_weight_kl0.5_weight_mse0.0_zscoreFalse,finished,2026-01-09T21:26:33Z,nt,"[""splice_sites_all""]",321,0,64GB,slurm,[],test,.,voyager,True,zhanglab.p,1,9223372036854776000,4,,1,slurm,1,True,False,,"["".py"", "".sh"", "".yaml"", "".toml""]",${OG_STORE}/OmegaGenome_different_version/OmegaGenome_11_1_fix_ckpt/OmegaGenome//output/01092026/021427,1,False,torch,"[""wandb"", ""output"", ""output*"", ""output_original"", ""output_caduceus_hyperparam"", ""output_bpnet_medium"", ""output_logits_and_medium_debug"", ""outputs"", ""output_medium_debug_11_18"", ""output_enformer_hyper_12_07"", ""data"", ""datasets"", "".venv_caduceus"", "".venv"", "".git"", "".vscode"", ""uv.lock"", ""tests"", "".ruff_cache"", "".github""]",,,splice_sites_all,InstaDeepAI/nucleotide_transformer_downstream_tasks_revised,42,,original,bpnet,2,,down,True,,True,3,InstaDeepAI/nucleotide-transformer-2.5b-multi-species,True,InstaDeepAI/nucleotide-transformer-2.5b-multi-species,True,0.0001,cuda,200,1000,16,${OG_STORE}/OmegaGenome_different_version/OmegaGenome_11_1_fix_ckpt/OmegaGenome//output/01092026/021427/size_comparison/nt/bpnet/original,4,OmegaGenome-Size-Comparison,50,5,,${OG_STORE}/OmegaGenome_different_version/OmegaGenome_11_1_fix_ckpt/OmegaGenome//data/finetuned_models/2b5-multi-species_nucleotide-transformer-finetune-results-lora-epoch20-10-17-revised-r32-fix-num-label,False,8,1,kl,0.5,0.5,0,4.0,vanilla,0.9446519091044436,0.917301614728508,0.9236555285356106,200,0.96750038369879,0.9423788378079778,0.9138132221939405,1983.3440985679624,0.032969456166028976,0.00014212004316505045,0.06843107630458983,0.032898396253585815,0.032969456166028976,0.0,0.947100973355874,0.9211485380186596
myr0o4so,splice_sites_all/bpnet_original/vanilla/distill_methodvanilla_dkd_alpha1.0_dkd_beta8.0_kl_methodkl_temperature4.0_weight_ce0.5_weight_kl0.5_weight_mse0.0_zscoreFalse,finished,2026-01-09T21:30:49Z,nt,"[""splice_sites_all""]",24,0,64GB,slurm,[],test,.,laniakea,True,zhanglab.p,1,9223372036854776000,4,,1,slurm,1,True,False,,"["".py"", "".sh"", "".yaml"", "".toml""]",${OG_STORE}/OmegaGenome_different_version/OmegaGenome_11_1_fix_ckpt/OmegaGenome//output/01092026/021427,1,False,torch,"[""wandb"", ""output"", ""output*"", ""output_original"", ""output_caduceus_hyperparam"", ""output_bpnet_medium"", ""output_logits_and_medium_debug"", ""outputs"", ""output_medium_debug_11_18"", ""output_enformer_hyper_12_07"", ""data"", ""datasets"", "".venv_caduceus"", "".venv"", "".git"", "".vscode"", ""uv.lock"", ""tests"", "".ruff_cache"", "".github""]",,,splice_sites_all,InstaDeepAI/nucleotide_transformer_downstream_tasks_revised,42,,original,bpnet,2,,down,True,,True,3,InstaDeepAI/nucleotide-transformer-2.5b-multi-species,True,InstaDeepAI/nucleotide-transformer-2.5b-multi-species,True,0.0001,cuda,200,1000,16,${OG_STORE}/OmegaGenome_different_version/OmegaGenome_11_1_fix_ckpt/OmegaGenome//output/01092026/021427/size_comparison/nt/bpnet/original,4,OmegaGenome-Size-Comparison,50,5,,${OG_STORE}/OmegaGenome_different_version/OmegaGenome_11_1_fix_ckpt/OmegaGenome//data/finetuned_models/2b5-multi-species_nucleotide-transformer-finetune-results-lora-epoch20-10-17-revised-r32-fix-num-label,False,8,1,kl,0.5,0.5,0,4.0,vanilla,0.9198737297751304,0.8796449909018045,0.8732001167623087,200,0.96750038369879,0.915645250594395,0.8739674408807706,5077.633261680603,0.5908856391906738,0.5571251511573792,0.12506102769904862,0.31232303380966187,0.5908856391906738,0.0,0.9111583594011848,0.8671440683548823
5qfq2sk5,splice_sites_all/bpnet_original/vanilla/distill_methodvanilla_dkd_alpha1.0_dkd_beta8.0_kl_methodkl_temperature4.0_weight_ce0.5_weight_kl0.5_weight_mse0.0_zscoreFalse,finished,2026-01-09T21:57:07Z,nt,"[""splice_sites_all""]",654,0,64GB,slurm,[],test,.,voyager,True,zhanglab.p,1,9223372036854776000,4,,1,slurm,1,True,False,,"["".py"", "".sh"", "".yaml"", "".toml""]",${OG_STORE}/OmegaGenome_different_version/OmegaGenome_11_1_fix_ckpt/OmegaGenome//output/01092026/021427,1,False,torch,"[""wandb"", ""output"", ""output*"", ""output_original"", ""output_caduceus_hyperparam"", ""output_bpnet_medium"", ""output_logits_and_medium_debug"", ""outputs"", ""output_medium_debug_11_18"", ""output_enformer_hyper_12_07"", ""data"", ""datasets"", "".venv_caduceus"", "".venv"", "".git"", "".vscode"", ""uv.lock"", ""tests"", "".ruff_cache"", "".github""]",,,splice_sites_all,InstaDeepAI/nucleotide_transformer_downstream_tasks_revised,42,,original,bpnet,2,,down,True,,True,3,InstaDeepAI/nucleotide-transformer-2.5b-multi-species,True,InstaDeepAI/nucleotide-transformer-2.5b-multi-species,True,0.0001,cuda,200,1000,16,${OG_STORE}/OmegaGenome_different_version/OmegaGenome_11_1_fix_ckpt/OmegaGenome//output/01092026/021427/size_comparison/nt/bpnet/original,4,OmegaGenome-Size-Comparison,50,5,,${OG_STORE}/OmegaGenome_different_version/OmegaGenome_11_1_fix_ckpt/OmegaGenome//data/finetuned_models/2b5-multi-species_nucleotide-transformer-finetune-results-lora-epoch20-10-17-revised-r32-fix-num-label,False,8,1,kl,0.5,0.5,0,4.0,vanilla,0.9119619983229118,0.8688492096141792,0.8952027234294537,200,0.96750038369879,0.9149235138386574,0.8742666929005941,1979.8573491573336,0.14419448375701904,0.00892383512109518,0.11768570903498872,0.13973256945610046,0.14419448375701904,0.0,0.9256558797177474,0.889107017071684
tmvk8g7z,splice_sites_all/bpnet_original/vanilla/distill_methodvanilla_dkd_alpha1.0_dkd_beta8.0_kl_methodkl_temperature4.0_weight_ce0.5_weight_kl0.5_weight_mse0.0_zscoreFalse,finished,2026-01-09T21:57:09Z,nt,"[""splice_sites_all""]",987,0,64GB,slurm,[],test,.,voyager,True,zhanglab.p,1,9223372036854776000,4,,1,slurm,1,True,False,,"["".py"", "".sh"", "".yaml"", "".toml""]",${OG_STORE}/OmegaGenome_different_version/OmegaGenome_11_1_fix_ckpt/OmegaGenome//output/01092026/021427,1,False,torch,"[""wandb"", ""output"", ""output*"", ""output_original"", ""output_caduceus_hyperparam"", ""output_bpnet_medium"", ""output_logits_and_medium_debug"", ""outputs"", ""output_medium_debug_11_18"", ""output_enformer_hyper_12_07"", ""data"", ""datasets"", "".venv_caduceus"", "".venv"", "".git"", "".vscode"", ""uv.lock"", ""tests"", "".ruff_cache"", "".github""]",,,splice_sites_all,InstaDeepAI/nucleotide_transformer_downstream_tasks_revised,42,,original,bpnet,2,,down,True,,True,3,InstaDeepAI/nucleotide-transformer-2.5b-multi-species,True,InstaDeepAI/nucleotide-transformer-2.5b-multi-species,True,0.0001,cuda,200,1000,16,${OG_STORE}/OmegaGenome_different_version/OmegaGenome_11_1_fix_ckpt/OmegaGenome//output/01092026/021427/size_comparison/nt/bpnet/original,4,OmegaGenome-Size-Comparison,50,5,,${OG_STORE}/OmegaGenome_different_version/OmegaGenome_11_1_fix_ckpt/OmegaGenome//data/finetuned_models/2b5-multi-species_nucleotide-transformer-finetune-results-lora-epoch20-10-17-revised-r32-fix-num-label,False,8,1,kl,0.5,0.5,0,4.0,vanilla,0.8985345467538185,0.8490047538370863,0.8742245482350592,200,0.96750038369879,0.9065017878616398,0.8600624976565497,1980.9050936698911,0.08157818019390106,0.00017176606343127787,0.15347287761956735,0.08149229735136032,0.08157818019390106,0.0,0.912806768369104,0.8696786919550601
bq2pcwsu,splice_sites_all/bpnet_original/vanilla/distill_methodvanilla_dkd_alpha1.0_dkd_beta8.0_kl_methodkl_temperature4.0_weight_ce0.5_weight_kl0.5_weight_mse0.0_zscoreFalse,finished,2026-01-09T22:03:05Z,nt,"[""splice_sites_all""]",4021,0,64GB,slurm,[],test,.,voyager,True,zhanglab.p,1,9223372036854776000,4,,1,slurm,1,True,False,,"["".py"", "".sh"", "".yaml"", "".toml""]",${OG_STORE}/OmegaGenome_different_version/OmegaGenome_11_1_fix_ckpt/OmegaGenome//output/01092026/021427,1,False,torch,"[""wandb"", ""output"", ""output*"", ""output_original"", ""output_caduceus_hyperparam"", ""output_bpnet_medium"", ""output_logits_and_medium_debug"", ""outputs"", ""output_medium_debug_11_18"", ""output_enformer_hyper_12_07"", ""data"", ""datasets"", "".venv_caduceus"", "".venv"", "".git"", "".vscode"", ""uv.lock"", ""tests"", "".ruff_cache"", "".github""]",,,splice_sites_all,InstaDeepAI/nucleotide_transformer_downstream_tasks_revised,42,,original,bpnet,2,,down,True,,True,3,InstaDeepAI/nucleotide-transformer-2.5b-multi-species,True,InstaDeepAI/nucleotide-transformer-2.5b-multi-species,True,0.0001,cuda,200,1000,16,${OG_STORE}/OmegaGenome_different_version/OmegaGenome_11_1_fix_ckpt/OmegaGenome//output/01092026/021427/size_comparison/nt/bpnet/original,4,OmegaGenome-Size-Comparison,50,5,,${OG_STORE}/OmegaGenome_different_version/OmegaGenome_11_1_fix_ckpt/OmegaGenome//data/finetuned_models/2b5-multi-species_nucleotide-transformer-finetune-results-lora-epoch20-10-17-revised-r32-fix-num-label,False,8,1,kl,0.5,0.5,0,4.0,vanilla,0.9424646166764428,0.9136661359646572,0.9215958062028464,200,0.96750038369879,0.9360813856955138,0.9053211322020502,1960.980899810791,0.09535463899374008,0.003627436701208353,0.07227032558145045,0.09354092180728912,0.09535463899374008,0.0,0.938215860054936,0.9083366752243998
ue0bayi2,splice_sites_all/bpnet_extra_large/vanilla/distill_methodvanilla_dkd_alpha1.0_dkd_beta8.0_kl_methodkl_temperature1.5_weight_ce0.5_weight_kl1.0_weight_mse5.0_zscoreFalse,finished,2026-01-09T22:30:13Z,nt,"[""splice_sites_all""]",42,0,64GB,slurm,[],test,.,laniakea,True,zhanglab.p,1,9223372036854776000,4,,1,slurm,1,True,False,,"["".py"", "".sh"", "".yaml"", "".toml""]",${OG_STORE}/OmegaGenome_different_version/OmegaGenome_11_1_fix_ckpt/OmegaGenome//output/01092026/021427,1,False,torch,"[""wandb"", ""output"", ""output*"", ""output_original"", ""output_caduceus_hyperparam"", ""output_bpnet_medium"", ""output_logits_and_medium_debug"", ""outputs"", ""output_medium_debug_11_18"", ""output_enformer_hyper_12_07"", ""data"", ""datasets"", "".venv_caduceus"", "".venv"", "".git"", "".vscode"", ""uv.lock"", ""tests"", "".ruff_cache"", "".github""]",,,splice_sites_all,InstaDeepAI/nucleotide_transformer_downstream_tasks_revised,42,,extra_large,bpnet,2,,down,True,,True,3,InstaDeepAI/nucleotide-transformer-2.5b-multi-species,True,InstaDeepAI/nucleotide-transformer-2.5b-multi-species,True,0.0001,cuda,200,1000,16,${OG_STORE}/OmegaGenome_different_version/OmegaGenome_11_1_fix_ckpt/OmegaGenome//output/01092026/021427/size_comparison/nt/bpnet/extra_large,4,OmegaGenome-Size-Comparison,50,5,,${OG_STORE}/OmegaGenome_different_version/OmegaGenome_11_1_fix_ckpt/OmegaGenome//data/finetuned_models/2b5-multi-species_nucleotide-transformer-finetune-results-lora-epoch20-10-17-revised-r32-fix-num-label,False,8,1,kl,0.5,1.0,5,1.5,vanilla,0.894768563247209,0.8421334175579811,0.8555409571189859,200,0.96750038369879,0.894768563247209,0.8421334175579811,5348.77854514122,0.004154421389102936,6.363401917042211e-05,0.022656695964835556,0.0017527762101963162,0.004154421389102936,0.0023698280565440655,0.903305842741522,0.8555409571189859
si8ug2nr,splice_sites_all/bpnet_extra_large/vanilla/distill_methodvanilla_dkd_alpha1.0_dkd_beta8.0_kl_methodkl_temperature1.5_weight_ce0.5_weight_kl1.0_weight_mse5.0_zscoreFalse,finished,2026-01-09T22:33:43Z,nt,"[""splice_sites_all""]",456,0,64GB,slurm,[],test,.,voyager,True,zhanglab.p,1,9223372036854776000,4,,1,slurm,1,True,False,,"["".py"", "".sh"", "".yaml"", "".toml""]",${OG_STORE}/OmegaGenome_different_version/OmegaGenome_11_1_fix_ckpt/OmegaGenome//output/01092026/021427,1,False,torch,"[""wandb"", ""output"", ""output*"", ""output_original"", ""output_caduceus_hyperparam"", ""output_bpnet_medium"", ""output_logits_and_medium_debug"", ""outputs"", ""output_medium_debug_11_18"", ""output_enformer_hyper_12_07"", ""data"", ""datasets"", "".venv_caduceus"", "".venv"", "".git"", "".vscode"", ""uv.lock"", ""tests"", "".ruff_cache"", "".github""]",,,splice_sites_all,InstaDeepAI/nucleotide_transformer_downstream_tasks_revised,42,,extra_large,bpnet,2,,down,True,,True,3,InstaDeepAI/nucleotide-transformer-2.5b-multi-species,True,InstaDeepAI/nucleotide-transformer-2.5b-multi-species,True,0.0001,cuda,200,1000,16,${OG_STORE}/OmegaGenome_different_version/OmegaGenome_11_1_fix_ckpt/OmegaGenome//output/01092026/021427/size_comparison/nt/bpnet/extra_large,4,OmegaGenome-Size-Comparison,50,5,,${OG_STORE}/OmegaGenome_different_version/OmegaGenome_11_1_fix_ckpt/OmegaGenome//data/finetuned_models/2b5-multi-species_nucleotide-transformer-finetune-results-lora-epoch20-10-17-revised-r32-fix-num-label,False,8,1,kl,0.5,1.0,5,1.5,vanilla,0.9100421449146388,0.8646007102609925,0.8722379448904661,200,0.96750038369879,0.9050036106473904,0.8566465870224753,2588.580671072006,0.0034974964801222086,0.00029675205587409437,0.02203141804391428,0.0015498767606914043,0.0034974964801222086,0.0017992437351495028,0.908476700469556,0.8628481584240124
t27tgo51,splice_sites_all/bpnet_extra_large/vanilla/distill_methodvanilla_dkd_alpha1.0_dkd_beta8.0_kl_methodkl_temperature1.5_weight_ce0.5_weight_kl1.0_weight_mse5.0_zscoreFalse,finished,2026-01-09T22:33:43Z,nt,"[""splice_sites_all""]",123,0,64GB,slurm,[],test,.,voyager,True,zhanglab.p,1,9223372036854776000,4,,1,slurm,1,True,False,,"["".py"", "".sh"", "".yaml"", "".toml""]",${OG_STORE}/OmegaGenome_different_version/OmegaGenome_11_1_fix_ckpt/OmegaGenome//output/01092026/021427,1,False,torch,"[""wandb"", ""output"", ""output*"", ""output_original"", ""output_caduceus_hyperparam"", ""output_bpnet_medium"", ""output_logits_and_medium_debug"", ""outputs"", ""output_medium_debug_11_18"", ""output_enformer_hyper_12_07"", ""data"", ""datasets"", "".venv_caduceus"", "".venv"", "".git"", "".vscode"", ""uv.lock"", ""tests"", "".ruff_cache"", "".github""]",,,splice_sites_all,InstaDeepAI/nucleotide_transformer_downstream_tasks_revised,42,,extra_large,bpnet,2,,down,True,,True,3,InstaDeepAI/nucleotide-transformer-2.5b-multi-species,True,InstaDeepAI/nucleotide-transformer-2.5b-multi-species,True,0.0001,cuda,200,1000,16,${OG_STORE}/OmegaGenome_different_version/OmegaGenome_11_1_fix_ckpt/OmegaGenome//output/01092026/021427/size_comparison/nt/bpnet/extra_large,4,OmegaGenome-Size-Comparison,50,5,,${OG_STORE}/OmegaGenome_different_version/OmegaGenome_11_1_fix_ckpt/OmegaGenome//data/finetuned_models/2b5-multi-species_nucleotide-transformer-finetune-results-lora-epoch20-10-17-revised-r32-fix-num-label,False,8,1,kl,0.5,1.0,5,1.5,vanilla,0.9014512135507786,0.8515462565287951,0.8621564388695775,200,0.96750038369879,0.8990731798578872,0.8478064539881498,2575.4789350032806,0.002142947167158127,7.786737114656717e-05,0.014975926941851047,0.0004683317383751273,0.002142947167158127,0.001635681837797165,0.9038220289590778,0.8558408656579276
v5pyj5pj,splice_sites_all/bpnet_extra_large/vanilla/distill_methodvanilla_dkd_alpha1.0_dkd_beta8.0_kl_methodkl_temperature1.5_weight_ce0.5_weight_kl1.0_weight_mse5.0_zscoreFalse,finished,2026-01-09T22:39:08Z,nt,"[""splice_sites_all""]",789,0,64GB,slurm,[],test,.,voyager,True,zhanglab.p,1,9223372036854776000,4,,1,slurm,1,True,False,,"["".py"", "".sh"", "".yaml"", "".toml""]",${OG_STORE}/OmegaGenome_different_version/OmegaGenome_11_1_fix_ckpt/OmegaGenome//output/01092026/021427,1,False,torch,"[""wandb"", ""output"", ""output*"", ""output_original"", ""output_caduceus_hyperparam"", ""output_bpnet_medium"", ""output_logits_and_medium_debug"", ""outputs"", ""output_medium_debug_11_18"", ""output_enformer_hyper_12_07"", ""data"", ""datasets"", "".venv_caduceus"", "".venv"", "".git"", "".vscode"", ""uv.lock"", ""tests"", "".ruff_cache"", "".github""]",,,splice_sites_all,InstaDeepAI/nucleotide_transformer_downstream_tasks_revised,42,,extra_large,bpnet,2,,down,True,,True,3,InstaDeepAI/nucleotide-transformer-2.5b-multi-species,True,InstaDeepAI/nucleotide-transformer-2.5b-multi-species,True,0.0001,cuda,200,1000,16,${OG_STORE}/OmegaGenome_different_version/OmegaGenome_11_1_fix_ckpt/OmegaGenome//output/01092026/021427/size_comparison/nt/bpnet/extra_large,4,OmegaGenome-Size-Comparison,50,5,,${OG_STORE}/OmegaGenome_different_version/OmegaGenome_11_1_fix_ckpt/OmegaGenome//data/finetuned_models/2b5-multi-species_nucleotide-transformer-finetune-results-lora-epoch20-10-17-revised-r32-fix-num-label,False,8,1,kl,0.5,1.0,5,1.5,vanilla,0.9052492103271612,0.8575342583962443,0.8756654588205355,200,0.96750038369879,0.9062301919052048,0.858509977299307,2563.18985414505,0.0019978536292910576,0.0001834845170378685,0.01479247110808639,0.0007173697813414037,0.0019978536292910576,0.0011887416476383803,0.9066510751945356,0.8600707532002748
msrzn0w7,splice_sites_all/bpnet_extra_large/vanilla/distill_methodvanilla_dkd_alpha1.0_dkd_beta8.0_kl_methodkl_temperature1.5_weight_ce0.5_weight_kl1.0_weight_mse5.0_zscoreFalse,finished,2026-01-09T22:47:21Z,nt,"[""splice_sites_all""]",1024,0,64GB,slurm,[],test,.,laniakea,True,zhanglab.p,1,9223372036854776000,4,,1,slurm,1,True,False,,"["".py"", "".sh"", "".yaml"", "".toml""]",${OG_STORE}/OmegaGenome_different_version/OmegaGenome_11_1_fix_ckpt/OmegaGenome//output/01092026/021427,1,False,torch,"[""wandb"", ""output"", ""output*"", ""output_original"", ""output_caduceus_hyperparam"", ""output_bpnet_medium"", ""output_logits_and_medium_debug"", ""outputs"", ""output_medium_debug_11_18"", ""output_enformer_hyper_12_07"", ""data"", ""datasets"", "".venv_caduceus"", "".venv"", "".git"", "".vscode"", ""uv.lock"", ""tests"", "".ruff_cache"", "".github""]",,,splice_sites_all,InstaDeepAI/nucleotide_transformer_downstream_tasks_revised,42,,extra_large,bpnet,2,,down,True,,True,3,InstaDeepAI/nucleotide-transformer-2.5b-multi-species,True,InstaDeepAI/nucleotide-transformer-2.5b-multi-species,True,0.0001,cuda,200,1000,16,${OG_STORE}/OmegaGenome_different_version/OmegaGenome_11_1_fix_ckpt/OmegaGenome//output/01092026/021427/size_comparison/nt/bpnet/extra_large,4,OmegaGenome-Size-Comparison,50,5,,${OG_STORE}/OmegaGenome_different_version/OmegaGenome_11_1_fix_ckpt/OmegaGenome//data/finetuned_models/2b5-multi-species_nucleotide-transformer-finetune-results-lora-epoch20-10-17-revised-r32-fix-num-label,False,8,1,kl,0.5,1.0,5,1.5,vanilla,0.9070145268358436,0.861061706788667,0.8660391119049179,200,0.96750038369879,0.9107630097855542,0.8657552074727781,6118.203631877899,0.0026578630786389112,0.00011875956261064856,0.016919417811201234,0.0009970832616090777,0.0026578630786389112,0.0016014000866562128,0.9064063653206634,0.8597583320622402
81xvd7ds,splice_sites_all/bpnet_extra_large/vanilla/distill_methodvanilla_dkd_alpha1.0_dkd_beta8.0_kl_methodkl_temperature1.5_weight_ce0.5_weight_kl1.0_weight_mse5.0_zscoreFalse,finished,2026-01-09T22:52:48Z,nt,"[""splice_sites_all""]",24,0,64GB,slurm,[],test,.,laniakea,True,zhanglab.p,1,9223372036854776000,4,,1,slurm,1,True,False,,"["".py"", "".sh"", "".yaml"", "".toml""]",${OG_STORE}/OmegaGenome_different_version/OmegaGenome_11_1_fix_ckpt/OmegaGenome//output/01092026/021427,1,False,torch,"[""wandb"", ""output"", ""output*"", ""output_original"", ""output_caduceus_hyperparam"", ""output_bpnet_medium"", ""output_logits_and_medium_debug"", ""outputs"", ""output_medium_debug_11_18"", ""output_enformer_hyper_12_07"", ""data"", ""datasets"", "".venv_caduceus"", "".venv"", "".git"", "".vscode"", ""uv.lock"", ""tests"", "".ruff_cache"", "".github""]",,,splice_sites_all,InstaDeepAI/nucleotide_transformer_downstream_tasks_revised,42,,extra_large,bpnet,2,,down,True,,True,3,InstaDeepAI/nucleotide-transformer-2.5b-multi-species,True,InstaDeepAI/nucleotide-transformer-2.5b-multi-species,True,0.0001,cuda,200,1000,16,${OG_STORE}/OmegaGenome_different_version/OmegaGenome_11_1_fix_ckpt/OmegaGenome//output/01092026/021427/size_comparison/nt/bpnet/extra_large,4,OmegaGenome-Size-Comparison,50,5,,${OG_STORE}/OmegaGenome_different_version/OmegaGenome_11_1_fix_ckpt/OmegaGenome//data/finetuned_models/2b5-multi-species_nucleotide-transformer-finetune-results-lora-epoch20-10-17-revised-r32-fix-num-label,False,8,1,kl,0.5,1.0,5,1.5,vanilla,0.8974580527372705,0.845554895617385,0.8508206426889445,200,0.96750038369879,0.8899914604470734,0.8341735901782532,6225.009052276611,0.00453379238024354,0.00016114604659378529,0.01559596322511347,0.002209171885624528,0.00453379238024354,0.0022440473549067974,0.8933105094040824,0.8402540374621335
a3l79dx6,splice_sites_all/bpnet_extra_large/vanilla/distill_methodvanilla_dkd_alpha1.0_dkd_beta8.0_kl_methodkl_temperature1.5_weight_ce0.5_weight_kl1.0_weight_mse5.0_zscoreFalse,finished,2026-01-09T22:54:01Z,nt,"[""splice_sites_all""]",321,0,64GB,slurm,[],test,.,laniakea,True,zhanglab.p,1,9223372036854776000,4,,1,slurm,1,True,False,,"["".py"", "".sh"", "".yaml"", "".toml""]",${OG_STORE}/OmegaGenome_different_version/OmegaGenome_11_1_fix_ckpt/OmegaGenome//output/01092026/021427,1,False,torch,"[""wandb"", ""output"", ""output*"", ""output_original"", ""output_caduceus_hyperparam"", ""output_bpnet_medium"", ""output_logits_and_medium_debug"", ""outputs"", ""output_medium_debug_11_18"", ""output_enformer_hyper_12_07"", ""data"", ""datasets"", "".venv_caduceus"", "".venv"", "".git"", "".vscode"", ""uv.lock"", ""tests"", "".ruff_cache"", "".github""]",,,splice_sites_all,InstaDeepAI/nucleotide_transformer_downstream_tasks_revised,42,,extra_large,bpnet,2,,down,True,,True,3,InstaDeepAI/nucleotide-transformer-2.5b-multi-species,True,InstaDeepAI/nucleotide-transformer-2.5b-multi-species,True,0.0001,cuda,200,1000,16,${OG_STORE}/OmegaGenome_different_version/OmegaGenome_11_1_fix_ckpt/OmegaGenome//output/01092026/021427/size_comparison/nt/bpnet/extra_large,4,OmegaGenome-Size-Comparison,50,5,,${OG_STORE}/OmegaGenome_different_version/OmegaGenome_11_1_fix_ckpt/OmegaGenome//data/finetuned_models/2b5-multi-species_nucleotide-transformer-finetune-results-lora-epoch20-10-17-revised-r32-fix-num-label,False,8,1,kl,0.5,1.0,5,1.5,vanilla,0.8957905502274457,0.8432336032532111,0.8621965331881494,200,0.96750038369879,0.8938382029798108,0.8397033019819036,6294.757865190506,0.0090025644749403,0.0005271037807688117,0.02666059411421884,0.0053879618644714355,0.0090025644749403,0.0033510513603687286,0.9019227770491826,0.8529615437865076
m1w3prfc,splice_sites_all/bpnet_extra_large/vanilla/distill_methodvanilla_dkd_alpha1.0_dkd_beta8.0_kl_methodkl_temperature1.5_weight_ce0.5_weight_kl1.0_weight_mse5.0_zscoreFalse,finished,2026-01-09T22:54:01Z,nt,"[""splice_sites_all""]",654,0,64GB,slurm,[],test,.,laniakea,True,zhanglab.p,1,9223372036854776000,4,,1,slurm,1,True,False,,"["".py"", "".sh"", "".yaml"", "".toml""]",${OG_STORE}/OmegaGenome_different_version/OmegaGenome_11_1_fix_ckpt/OmegaGenome//output/01092026/021427,1,False,torch,"[""wandb"", ""output"", ""output*"", ""output_original"", ""output_caduceus_hyperparam"", ""output_bpnet_medium"", ""output_logits_and_medium_debug"", ""outputs"", ""output_medium_debug_11_18"", ""output_enformer_hyper_12_07"", ""data"", ""datasets"", "".venv_caduceus"", "".venv"", "".git"", "".vscode"", ""uv.lock"", ""tests"", "".ruff_cache"", "".github""]",,,splice_sites_all,InstaDeepAI/nucleotide_transformer_downstream_tasks_revised,42,,extra_large,bpnet,2,,down,True,,True,3,InstaDeepAI/nucleotide-transformer-2.5b-multi-species,True,InstaDeepAI/nucleotide-transformer-2.5b-multi-species,True,0.0001,cuda,200,1000,16,${OG_STORE}/OmegaGenome_different_version/OmegaGenome_11_1_fix_ckpt/OmegaGenome//output/01092026/021427/size_comparison/nt/bpnet/extra_large,4,OmegaGenome-Size-Comparison,50,5,,${OG_STORE}/OmegaGenome_different_version/OmegaGenome_11_1_fix_ckpt/OmegaGenome//data/finetuned_models/2b5-multi-species_nucleotide-transformer-finetune-results-lora-epoch20-10-17-revised-r32-fix-num-label,False,8,1,kl,0.5,1.0,5,1.5,vanilla,0.8833174605945167,0.8256533256974768,0.8411711611443932,200,0.96750038369879,0.885194803792515,0.8276920071197825,6292.346526145935,0.004112554248422384,0.0027083714958280325,0.01598536736759196,0.0013554622419178486,0.004112554248422384,0.0014029060257598758,0.8891148341710219,0.8340554150510614
cylobvex,splice_sites_all/bpnet_extra_large/vanilla/distill_methodvanilla_dkd_alpha1.0_dkd_beta8.0_kl_methodkl_temperature1.5_weight_ce0.5_weight_kl1.0_weight_mse5.0_zscoreFalse,finished,2026-01-09T23:03:37Z,nt,"[""splice_sites_all""]",987,0,64GB,slurm,[],test,.,laniakea,True,zhanglab.p,1,9223372036854776000,4,,1,slurm,1,True,False,,"["".py"", "".sh"", "".yaml"", "".toml""]",${OG_STORE}/OmegaGenome_different_version/OmegaGenome_11_1_fix_ckpt/OmegaGenome//output/01092026/021427,1,False,torch,"[""wandb"", ""output"", ""output*"", ""output_original"", ""output_caduceus_hyperparam"", ""output_bpnet_medium"", ""output_logits_and_medium_debug"", ""outputs"", ""output_medium_debug_11_18"", ""output_enformer_hyper_12_07"", ""data"", ""datasets"", "".venv_caduceus"", "".venv"", "".git"", "".vscode"", ""uv.lock"", ""tests"", "".ruff_cache"", "".github""]",,,splice_sites_all,InstaDeepAI/nucleotide_transformer_downstream_tasks_revised,42,,extra_large,bpnet,2,,down,True,,True,3,InstaDeepAI/nucleotide-transformer-2.5b-multi-species,True,InstaDeepAI/nucleotide-transformer-2.5b-multi-species,True,0.0001,cuda,200,1000,16,${OG_STORE}/OmegaGenome_different_version/OmegaGenome_11_1_fix_ckpt/OmegaGenome//output/01092026/021427/size_comparison/nt/bpnet/extra_large,4,OmegaGenome-Size-Comparison,50,5,,${OG_STORE}/OmegaGenome_different_version/OmegaGenome_11_1_fix_ckpt/OmegaGenome//data/finetuned_models/2b5-multi-species_nucleotide-transformer-finetune-results-lora-epoch20-10-17-revised-r32-fix-num-label,False,8,1,kl,0.5,1.0,5,1.5,vanilla,0.9001136722709058,0.8494996438807677,0.8507567034249142,200,0.96750038369879,0.8998723223181576,0.8490818550199322,6301.365010499954,0.0025957762263715267,7.272438961081207e-05,0.016277982574452808,0.000669904868118465,0.0025957762263715267,0.0018895092653110623,0.8985838801351959,0.8482662369289248
7dukkdnk,splice_sites_all/bpnet_large/vanilla/distill_methodvanilla_dkd_alpha1.0_dkd_beta8.0_kl_methodkl_temperature0.5_weight_ce0.5_weight_kl0.0_weight_mse1.0_zscoreFalse,finished,2026-01-09T23:18:58Z,nt,"[""splice_sites_all""]",42,0,64GB,slurm,[],test,.,voyager,True,zhanglab.p,1,9223372036854776000,4,,1,slurm,1,True,False,,"["".py"", "".sh"", "".yaml"", "".toml""]",${OG_STORE}/OmegaGenome_different_version/OmegaGenome_11_1_fix_ckpt/OmegaGenome//output/01092026/021427,1,False,torch,"[""wandb"", ""output"", ""output*"", ""output_original"", ""output_caduceus_hyperparam"", ""output_bpnet_medium"", ""output_logits_and_medium_debug"", ""outputs"", ""output_medium_debug_11_18"", ""output_enformer_hyper_12_07"", ""data"", ""datasets"", "".venv_caduceus"", "".venv"", "".git"", "".vscode"", ""uv.lock"", ""tests"", "".ruff_cache"", "".github""]",,,splice_sites_all,InstaDeepAI/nucleotide_transformer_downstream_tasks_revised,42,,large,bpnet,2,,down,True,,True,3,InstaDeepAI/nucleotide-transformer-2.5b-multi-species,True,InstaDeepAI/nucleotide-transformer-2.5b-multi-species,True,0.0001,cuda,200,1000,16,${OG_STORE}/OmegaGenome_different_version/OmegaGenome_11_1_fix_ckpt/OmegaGenome//output/01092026/021427/size_comparison/nt/bpnet/large,4,OmegaGenome-Size-Comparison,50,5,,${OG_STORE}/OmegaGenome_different_version/OmegaGenome_11_1_fix_ckpt/OmegaGenome//data/finetuned_models/2b5-multi-species_nucleotide-transformer-finetune-results-lora-epoch20-10-17-revised-r32-fix-num-label,False,8,1,kl,0.5,0.0,1,0.5,vanilla,0.965888061155639,0.948479888770384,0.9545280900823232,200,0.96750038369879,0.9601699375710956,0.940000508444976,2622.6634016036987,0.00019066146342083812,8.597887244832236e-06,0.00029796394510714667,0.0,0.00019066146342083812,0.00018636252207215875,0.9609076634237924,0.9415304647192536
oqd0hbyk,splice_sites_all/bpnet_extra_large/vanilla/distill_methodvanilla_dkd_alpha1.0_dkd_beta8.0_kl_methodkl_temperature1.5_weight_ce0.5_weight_kl1.0_weight_mse5.0_zscoreFalse,finished,2026-01-09T23:18:58Z,nt,"[""splice_sites_all""]",4021,0,64GB,slurm,[],test,.,voyager,True,zhanglab.p,1,9223372036854776000,4,,1,slurm,1,True,False,,"["".py"", "".sh"", "".yaml"", "".toml""]",${OG_STORE}/OmegaGenome_different_version/OmegaGenome_11_1_fix_ckpt/OmegaGenome//output/01092026/021427,1,False,torch,"[""wandb"", ""output"", ""output*"", ""output_original"", ""output_caduceus_hyperparam"", ""output_bpnet_medium"", ""output_logits_and_medium_debug"", ""outputs"", ""output_medium_debug_11_18"", ""output_enformer_hyper_12_07"", ""data"", ""datasets"", "".venv_caduceus"", "".venv"", "".git"", "".vscode"", ""uv.lock"", ""tests"", "".ruff_cache"", "".github""]",,,splice_sites_all,InstaDeepAI/nucleotide_transformer_downstream_tasks_revised,42,,extra_large,bpnet,2,,down,True,,True,3,InstaDeepAI/nucleotide-transformer-2.5b-multi-species,True,InstaDeepAI/nucleotide-transformer-2.5b-multi-species,True,0.0001,cuda,200,1000,16,${OG_STORE}/OmegaGenome_different_version/OmegaGenome_11_1_fix_ckpt/OmegaGenome//output/01092026/021427/size_comparison/nt/bpnet/extra_large,4,OmegaGenome-Size-Comparison,50,5,,${OG_STORE}/OmegaGenome_different_version/OmegaGenome_11_1_fix_ckpt/OmegaGenome//data/finetuned_models/2b5-multi-species_nucleotide-transformer-finetune-results-lora-epoch20-10-17-revised-r32-fix-num-label,False,8,1,kl,0.5,1.0,5,1.5,vanilla,0.8813132166950526,0.8210841761361835,0.8353397349351149,200,0.96750038369879,0.8768314628506345,0.8140050306802742,2721.4999344348907,0.00781824067234993,0.00024706849944777787,0.015643945718029628,0.0051095569506287575,0.00781824067234993,0.002585149370133877,0.8795878301487439,0.8196336879836708
i3cfie7d,splice_sites_all/bpnet_large/vanilla/distill_methodvanilla_dkd_alpha1.0_dkd_beta8.0_kl_methodkl_temperature0.5_weight_ce0.5_weight_kl0.0_weight_mse1.0_zscoreFalse,finished,2026-01-09T23:25:22Z,nt,"[""splice_sites_all""]",123,0,64GB,slurm,[],test,.,voyager,True,zhanglab.p,1,9223372036854776000,4,,1,slurm,1,True,False,,"["".py"", "".sh"", "".yaml"", "".toml""]",${OG_STORE}/OmegaGenome_different_version/OmegaGenome_11_1_fix_ckpt/OmegaGenome//output/01092026/021427,1,False,torch,"[""wandb"", ""output"", ""output*"", ""output_original"", ""output_caduceus_hyperparam"", ""output_bpnet_medium"", ""output_logits_and_medium_debug"", ""outputs"", ""output_medium_debug_11_18"", ""output_enformer_hyper_12_07"", ""data"", ""datasets"", "".venv_caduceus"", "".venv"", "".git"", "".vscode"", ""uv.lock"", ""tests"", "".ruff_cache"", "".github""]",,,splice_sites_all,InstaDeepAI/nucleotide_transformer_downstream_tasks_revised,42,,large,bpnet,2,,down,True,,True,3,InstaDeepAI/nucleotide-transformer-2.5b-multi-species,True,InstaDeepAI/nucleotide-transformer-2.5b-multi-species,True,0.0001,cuda,200,1000,16,${OG_STORE}/OmegaGenome_different_version/OmegaGenome_11_1_fix_ckpt/OmegaGenome//output/01092026/021427/size_comparison/nt/bpnet/large,4,OmegaGenome-Size-Comparison,50,5,,${OG_STORE}/OmegaGenome_different_version/OmegaGenome_11_1_fix_ckpt/OmegaGenome//data/finetuned_models/2b5-multi-species_nucleotide-transformer-finetune-results-lora-epoch20-10-17-revised-r32-fix-num-label,False,8,1,kl,0.5,0.0,1,0.5,vanilla,0.9592206256122016,0.9385006480745944,0.9525315215906752,200,0.96750038369879,0.9619096456536804,0.9424965964027886,2610.0304849147797,0.00016338871500920504,2.5763694793567993e-05,0.0002149987518368068,0.0,0.00016338871500920504,0.00015050686488393694,0.9639374509787808,0.9460492613519432
k54sbywp,splice_sites_all/bpnet_large/vanilla/distill_methodvanilla_dkd_alpha1.0_dkd_beta8.0_kl_methodkl_temperature0.5_weight_ce0.5_weight_kl0.0_weight_mse1.0_zscoreFalse,finished,2026-01-10T00:05:35Z,nt,"[""splice_sites_all""]",789,0,64GB,slurm,[],test,.,voyager,True,zhanglab.p,1,9223372036854776000,4,,1,slurm,1,True,False,,"["".py"", "".sh"", "".yaml"", "".toml""]",${OG_STORE}/OmegaGenome_different_version/OmegaGenome_11_1_fix_ckpt/OmegaGenome//output/01092026/021427,1,False,torch,"[""wandb"", ""output"", ""output*"", ""output_original"", ""output_caduceus_hyperparam"", ""output_bpnet_medium"", ""output_logits_and_medium_debug"", ""outputs"", ""output_medium_debug_11_18"", ""output_enformer_hyper_12_07"", ""data"", ""datasets"", "".venv_caduceus"", "".venv"", "".git"", "".vscode"", ""uv.lock"", ""tests"", "".ruff_cache"", "".github""]",,,splice_sites_all,InstaDeepAI/nucleotide_transformer_downstream_tasks_revised,42,,large,bpnet,2,,down,True,,True,3,InstaDeepAI/nucleotide-transformer-2.5b-multi-species,True,InstaDeepAI/nucleotide-transformer-2.5b-multi-species,True,0.0001,cuda,200,1000,16,${OG_STORE}/OmegaGenome_different_version/OmegaGenome_11_1_fix_ckpt/OmegaGenome//output/01092026/021427/size_comparison/nt/bpnet/large,4,OmegaGenome-Size-Comparison,50,5,,${OG_STORE}/OmegaGenome_different_version/OmegaGenome_11_1_fix_ckpt/OmegaGenome//data/finetuned_models/2b5-multi-species_nucleotide-transformer-finetune-results-lora-epoch20-10-17-revised-r32-fix-num-label,False,8,1,kl,0.5,0.0,1,0.5,vanilla,0.961744677126158,0.9424731293970398,0.9545350041818342,200,0.96750038369879,0.961640054368203,0.9420819247145352,2516.074815273285,0.0001963972172234207,6.055188350728713e-05,0.00029993041258094137,0.0,0.0001963972172234207,0.00016612127365078777,0.9652287135445068,0.9480194811179752
kahzbcpo,splice_sites_all/bpnet_large/vanilla/distill_methodvanilla_dkd_alpha1.0_dkd_beta8.0_kl_methodkl_temperature0.5_weight_ce0.5_weight_kl0.0_weight_mse1.0_zscoreFalse,finished,2026-01-10T00:05:47Z,nt,"[""splice_sites_all""]",456,0,64GB,slurm,[],test,.,laniakea,True,zhanglab.p,1,9223372036854776000,4,,1,slurm,1,True,False,,"["".py"", "".sh"", "".yaml"", "".toml""]",${OG_STORE}/OmegaGenome_different_version/OmegaGenome_11_1_fix_ckpt/OmegaGenome//output/01092026/021427,1,False,torch,"[""wandb"", ""output"", ""output*"", ""output_original"", ""output_caduceus_hyperparam"", ""output_bpnet_medium"", ""output_logits_and_medium_debug"", ""outputs"", ""output_medium_debug_11_18"", ""output_enformer_hyper_12_07"", ""data"", ""datasets"", "".venv_caduceus"", "".venv"", "".git"", "".vscode"", ""uv.lock"", ""tests"", "".ruff_cache"", "".github""]",,,splice_sites_all,InstaDeepAI/nucleotide_transformer_downstream_tasks_revised,42,,large,bpnet,2,,down,True,,True,3,InstaDeepAI/nucleotide-transformer-2.5b-multi-species,True,InstaDeepAI/nucleotide-transformer-2.5b-multi-species,True,0.0001,cuda,200,1000,16,${OG_STORE}/OmegaGenome_different_version/OmegaGenome_11_1_fix_ckpt/OmegaGenome//output/01092026/021427/size_comparison/nt/bpnet/large,4,OmegaGenome-Size-Comparison,50,5,,${OG_STORE}/OmegaGenome_different_version/OmegaGenome_11_1_fix_ckpt/OmegaGenome//data/finetuned_models/2b5-multi-species_nucleotide-transformer-finetune-results-lora-epoch20-10-17-revised-r32-fix-num-label,False,8,1,kl,0.5,0.0,1,0.5,vanilla,0.9625195133459652,0.9434761464782702,0.9475920454773886,200,0.96750038369879,0.966179465959962,0.9490055879250876,5632.3924124240875,0.00015170485130511224,3.749009920284152e-05,0.0002984985190924942,0.0,0.00015170485130511224,0.00013295980170369148,0.9622897638042014,0.9436461961697512
xv1y2rkf,splice_sites_all/bpnet_large/vanilla/distill_methodvanilla_dkd_alpha1.0_dkd_beta8.0_kl_methodkl_temperature0.5_weight_ce0.5_weight_kl0.0_weight_mse1.0_zscoreFalse,finished,2026-01-10T00:07:14Z,nt,"[""splice_sites_all""]",1024,0,64GB,slurm,[],test,.,voyager,True,zhanglab.p,1,9223372036854776000,4,,1,slurm,1,True,False,,"["".py"", "".sh"", "".yaml"", "".toml""]",${OG_STORE}/OmegaGenome_different_version/OmegaGenome_11_1_fix_ckpt/OmegaGenome//output/01092026/021427,1,False,torch,"[""wandb"", ""output"", ""output*"", ""output_original"", ""output_caduceus_hyperparam"", ""output_bpnet_medium"", ""output_logits_and_medium_debug"", ""outputs"", ""output_medium_debug_11_18"", ""output_enformer_hyper_12_07"", ""data"", ""datasets"", "".venv_caduceus"", "".venv"", "".git"", "".vscode"", ""uv.lock"", ""tests"", "".ruff_cache"", "".github""]",,,splice_sites_all,InstaDeepAI/nucleotide_transformer_downstream_tasks_revised,42,,large,bpnet,2,,down,True,,True,3,InstaDeepAI/nucleotide-transformer-2.5b-multi-species,True,InstaDeepAI/nucleotide-transformer-2.5b-multi-species,True,0.0001,cuda,200,1000,16,${OG_STORE}/OmegaGenome_different_version/OmegaGenome_11_1_fix_ckpt/OmegaGenome//output/01092026/021427/size_comparison/nt/bpnet/large,4,OmegaGenome-Size-Comparison,50,5,,${OG_STORE}/OmegaGenome_different_version/OmegaGenome_11_1_fix_ckpt/OmegaGenome//data/finetuned_models/2b5-multi-species_nucleotide-transformer-finetune-results-lora-epoch20-10-17-revised-r32-fix-num-label,False,8,1,kl,0.5,0.0,1,0.5,vanilla,0.964316377585762,0.9460438966622248,0.9481771289957688,200,0.96750038369879,0.9647193685499952,0.9466937253170554,2529.0199267864227,0.0002176120615331456,3.0278060876298696e-05,0.000257506894977872,0.0,0.0002176120615331456,0.0002024730347329751,0.961743492763158,0.94291815224199
3izuvqia,splice_sites_all/bpnet_large/vanilla/distill_methodvanilla_dkd_alpha1.0_dkd_beta8.0_kl_methodkl_temperature0.5_weight_ce0.5_weight_kl0.0_weight_mse1.0_zscoreFalse,finished,2026-01-10T00:11:09Z,nt,"[""splice_sites_all""]",24,0,64GB,slurm,[],test,.,voyager,True,zhanglab.p,1,9223372036854776000,4,,1,slurm,1,True,False,,"["".py"", "".sh"", "".yaml"", "".toml""]",${OG_STORE}/OmegaGenome_different_version/OmegaGenome_11_1_fix_ckpt/OmegaGenome//output/01092026/021427,1,False,torch,"[""wandb"", ""output"", ""output*"", ""output_original"", ""output_caduceus_hyperparam"", ""output_bpnet_medium"", ""output_logits_and_medium_debug"", ""outputs"", ""output_medium_debug_11_18"", ""output_enformer_hyper_12_07"", ""data"", ""datasets"", "".venv_caduceus"", "".venv"", "".git"", "".vscode"", ""uv.lock"", ""tests"", "".ruff_cache"", "".github""]",,,splice_sites_all,InstaDeepAI/nucleotide_transformer_downstream_tasks_revised,42,,large,bpnet,2,,down,True,,True,3,InstaDeepAI/nucleotide-transformer-2.5b-multi-species,True,InstaDeepAI/nucleotide-transformer-2.5b-multi-species,True,0.0001,cuda,200,1000,16,${OG_STORE}/OmegaGenome_different_version/OmegaGenome_11_1_fix_ckpt/OmegaGenome//output/01092026/021427/size_comparison/nt/bpnet/large,4,OmegaGenome-Size-Comparison,50,5,,${OG_STORE}/OmegaGenome_different_version/OmegaGenome_11_1_fix_ckpt/OmegaGenome//data/finetuned_models/2b5-multi-species_nucleotide-transformer-finetune-results-lora-epoch20-10-17-revised-r32-fix-num-label,False,8,1,kl,0.5,0.0,1,0.5,vanilla,0.9598830434047922,0.9394953603037614,0.950090388425976,200,0.96750038369879,0.9651991390075336,0.9475354655407128,2535.283611536026,0.00011697800073307008,2.6016867195721716e-05,0.0003849541224002101,0.0,0.00011697800073307008,0.0001039695634972304,0.962987901279012,0.9446170662699171
44bdpded,splice_sites_all/bpnet_large/vanilla/distill_methodvanilla_dkd_alpha1.0_dkd_beta8.0_kl_methodkl_temperature0.5_weight_ce0.5_weight_kl0.0_weight_mse1.0_zscoreFalse,finished,2026-01-10T00:33:54Z,nt,"[""splice_sites_all""]",321,0,64GB,slurm,[],test,.,laniakea,True,zhanglab.p,1,9223372036854776000,4,,1,slurm,1,True,False,,"["".py"", "".sh"", "".yaml"", "".toml""]",${OG_STORE}/OmegaGenome_different_version/OmegaGenome_11_1_fix_ckpt/OmegaGenome//output/01092026/021427,1,False,torch,"[""wandb"", ""output"", ""output*"", ""output_original"", ""output_caduceus_hyperparam"", ""output_bpnet_medium"", ""output_logits_and_medium_debug"", ""outputs"", ""output_medium_debug_11_18"", ""output_enformer_hyper_12_07"", ""data"", ""datasets"", "".venv_caduceus"", "".venv"", "".git"", "".vscode"", ""uv.lock"", ""tests"", "".ruff_cache"", "".github""]",,,splice_sites_all,InstaDeepAI/nucleotide_transformer_downstream_tasks_revised,42,,large,bpnet,2,,down,True,,True,3,InstaDeepAI/nucleotide-transformer-2.5b-multi-species,True,InstaDeepAI/nucleotide-transformer-2.5b-multi-species,True,0.0001,cuda,200,1000,16,${OG_STORE}/OmegaGenome_different_version/OmegaGenome_11_1_fix_ckpt/OmegaGenome//output/01092026/021427/size_comparison/nt/bpnet/large,4,OmegaGenome-Size-Comparison,50,5,,${OG_STORE}/OmegaGenome_different_version/OmegaGenome_11_1_fix_ckpt/OmegaGenome//data/finetuned_models/2b5-multi-species_nucleotide-transformer-finetune-results-lora-epoch20-10-17-revised-r32-fix-num-label,False,8,1,kl,0.5,0.0,1,0.5,vanilla,0.9658961749503296,0.9484854126822386,0.949082290703105,200,0.96750038369879,0.9629639883369822,0.9440205065994468,6633.958960771561,0.00020993391808588055,1.954983417817857e-05,0.0005108156785949202,0.0,0.00020993391808588055,0.0002001590037252754,0.963328795968221,0.9451403581311848
td8a6rpg,splice_sites_all/bpnet_large/vanilla/distill_methodvanilla_dkd_alpha1.0_dkd_beta8.0_kl_methodkl_temperature0.5_weight_ce0.5_weight_kl0.0_weight_mse1.0_zscoreFalse,finished,2026-01-10T00:45:16Z,nt,"[""splice_sites_all""]",654,0,64GB,slurm,[],test,.,laniakea,True,zhanglab.p,1,9223372036854776000,4,,1,slurm,1,True,False,,"["".py"", "".sh"", "".yaml"", "".toml""]",${OG_STORE}/OmegaGenome_different_version/OmegaGenome_11_1_fix_ckpt/OmegaGenome//output/01092026/021427,1,False,torch,"[""wandb"", ""output"", ""output*"", ""output_original"", ""output_caduceus_hyperparam"", ""output_bpnet_medium"", ""output_logits_and_medium_debug"", ""outputs"", ""output_medium_debug_11_18"", ""output_enformer_hyper_12_07"", ""data"", ""datasets"", "".venv_caduceus"", "".venv"", "".git"", "".vscode"", ""uv.lock"", ""tests"", "".ruff_cache"", "".github""]",,,splice_sites_all,InstaDeepAI/nucleotide_transformer_downstream_tasks_revised,42,,large,bpnet,2,,down,True,,True,3,InstaDeepAI/nucleotide-transformer-2.5b-multi-species,True,InstaDeepAI/nucleotide-transformer-2.5b-multi-species,True,0.0001,cuda,200,1000,16,${OG_STORE}/OmegaGenome_different_version/OmegaGenome_11_1_fix_ckpt/OmegaGenome//output/01092026/021427/size_comparison/nt/bpnet/large,4,OmegaGenome-Size-Comparison,50,5,,${OG_STORE}/OmegaGenome_different_version/OmegaGenome_11_1_fix_ckpt/OmegaGenome//data/finetuned_models/2b5-multi-species_nucleotide-transformer-finetune-results-lora-epoch20-10-17-revised-r32-fix-num-label,False,8,1,kl,0.5,0.0,1,0.5,vanilla,0.9566741784377304,0.935140815089706,0.9510263672010836,200,0.96750038369879,0.9558091547799228,0.9333159747086472,6564.7527322769165,0.000315275217872113,0.000247911928454414,0.001064614525068757,0.0,0.000315275217872113,0.00019131923909299076,0.9604391612508194,0.9408920924127502
gpdsbaea,splice_sites_all/bpnet_large/vanilla/distill_methodvanilla_dkd_alpha1.0_dkd_beta8.0_kl_methodkl_temperature0.5_weight_ce0.5_weight_kl0.0_weight_mse1.0_zscoreFalse,finished,2026-01-10T00:45:50Z,nt,"[""splice_sites_all""]",987,0,64GB,slurm,[],test,.,laniakea,True,zhanglab.p,1,9223372036854776000,4,,1,slurm,1,True,False,,"["".py"", "".sh"", "".yaml"", "".toml""]",${OG_STORE}/OmegaGenome_different_version/OmegaGenome_11_1_fix_ckpt/OmegaGenome//output/01092026/021427,1,False,torch,"[""wandb"", ""output"", ""output*"", ""output_original"", ""output_caduceus_hyperparam"", ""output_bpnet_medium"", ""output_logits_and_medium_debug"", ""outputs"", ""output_medium_debug_11_18"", ""output_enformer_hyper_12_07"", ""data"", ""datasets"", "".venv_caduceus"", "".venv"", "".git"", "".vscode"", ""uv.lock"", ""tests"", "".ruff_cache"", "".github""]",,,splice_sites_all,InstaDeepAI/nucleotide_transformer_downstream_tasks_revised,42,,large,bpnet,2,,down,True,,True,3,InstaDeepAI/nucleotide-transformer-2.5b-multi-species,True,InstaDeepAI/nucleotide-transformer-2.5b-multi-species,True,0.0001,cuda,200,1000,16,${OG_STORE}/OmegaGenome_different_version/OmegaGenome_11_1_fix_ckpt/OmegaGenome//output/01092026/021427/size_comparison/nt/bpnet/large,4,OmegaGenome-Size-Comparison,50,5,,${OG_STORE}/OmegaGenome_different_version/OmegaGenome_11_1_fix_ckpt/OmegaGenome//data/finetuned_models/2b5-multi-species_nucleotide-transformer-finetune-results-lora-epoch20-10-17-revised-r32-fix-num-label,False,8,1,kl,0.5,0.0,1,0.5,vanilla,0.9614635771009764,0.9419709541838024,0.9565949616516206,200,0.96750038369879,0.9644970701567688,0.9464861266024444,6534.754519939423,0.00010284470045007764,1.8536818970460445e-05,0.00023453219146780165,0.0,0.00010284470045007764,9.357629460282624e-05,0.965972239438759,0.949089434550689
pygr8y7v,splice_sites_all/bpnet_large/vanilla/distill_methodvanilla_dkd_alpha1.0_dkd_beta8.0_kl_methodkl_temperature0.5_weight_ce0.5_weight_kl0.0_weight_mse1.0_zscoreFalse,finished,2026-01-10T00:45:50Z,nt,"[""splice_sites_all""]",4021,0,64GB,slurm,[],test,.,laniakea,True,zhanglab.p,1,9223372036854776000,4,,1,slurm,1,True,False,,"["".py"", "".sh"", "".yaml"", "".toml""]",${OG_STORE}/OmegaGenome_different_version/OmegaGenome_11_1_fix_ckpt/OmegaGenome//output/01092026/021427,1,False,torch,"[""wandb"", ""output"", ""output*"", ""output_original"", ""output_caduceus_hyperparam"", ""output_bpnet_medium"", ""output_logits_and_medium_debug"", ""outputs"", ""output_medium_debug_11_18"", ""output_enformer_hyper_12_07"", ""data"", ""datasets"", "".venv_caduceus"", "".venv"", "".git"", "".vscode"", ""uv.lock"", ""tests"", "".ruff_cache"", "".github""]",,,splice_sites_all,InstaDeepAI/nucleotide_transformer_downstream_tasks_revised,42,,large,bpnet,2,,down,True,,True,3,InstaDeepAI/nucleotide-transformer-2.5b-multi-species,True,InstaDeepAI/nucleotide-transformer-2.5b-multi-species,True,0.0001,cuda,200,1000,16,${OG_STORE}/OmegaGenome_different_version/OmegaGenome_11_1_fix_ckpt/OmegaGenome//output/01092026/021427/size_comparison/nt/bpnet/large,4,OmegaGenome-Size-Comparison,50,5,,${OG_STORE}/OmegaGenome_different_version/OmegaGenome_11_1_fix_ckpt/OmegaGenome//data/finetuned_models/2b5-multi-species_nucleotide-transformer-finetune-results-lora-epoch20-10-17-revised-r32-fix-num-label,False,8,1,kl,0.5,0.0,1,0.5,vanilla,0.9632759643297822,0.9446229877611136,0.9476051467336556,200,0.96750038369879,0.9583317955886947,0.9371068571250124,6581.917288780212,0.0004242052673362195,3.164906593156047e-05,0.0030533278509404472,0.0,0.0004242052673362195,0.0004083807289134711,0.9619710052779368,0.9431114025381288
7726ddbo,splice_sites_all/bpnet_xxlarge/vanilla/distill_methodvanilla_dkd_alpha1.0_dkd_beta8.0_kl_methodkl_temperature0.5_weight_ce0.5_weight_kl0.0_weight_mse0.0_zscoreFalse,finished,2026-01-10T00:52:07Z,nt,"[""splice_sites_all""]",42,0,64GB,slurm,[],test,.,voyager,True,zhanglab.p,1,9223372036854776000,4,,1,slurm,1,True,False,,"["".py"", "".sh"", "".yaml"", "".toml""]",${OG_STORE}/OmegaGenome_different_version/OmegaGenome_11_1_fix_ckpt/OmegaGenome//output/01092026/021427,1,False,torch,"[""wandb"", ""output"", ""output*"", ""output_original"", ""output_caduceus_hyperparam"", ""output_bpnet_medium"", ""output_logits_and_medium_debug"", ""outputs"", ""output_medium_debug_11_18"", ""output_enformer_hyper_12_07"", ""data"", ""datasets"", "".venv_caduceus"", "".venv"", "".git"", "".vscode"", ""uv.lock"", ""tests"", "".ruff_cache"", "".github""]",,,splice_sites_all,InstaDeepAI/nucleotide_transformer_downstream_tasks_revised,42,,xxlarge,bpnet,2,,down,True,,True,3,InstaDeepAI/nucleotide-transformer-2.5b-multi-species,True,InstaDeepAI/nucleotide-transformer-2.5b-multi-species,True,0.0001,cuda,200,1000,16,${OG_STORE}/OmegaGenome_different_version/OmegaGenome_11_1_fix_ckpt/OmegaGenome//output/01092026/021427/size_comparison/nt/bpnet/xxlarge,4,OmegaGenome-Size-Comparison,50,5,,${OG_STORE}/OmegaGenome_different_version/OmegaGenome_11_1_fix_ckpt/OmegaGenome//data/finetuned_models/2b5-multi-species_nucleotide-transformer-finetune-results-lora-epoch20-10-17-revised-r32-fix-num-label,False,8,1,kl,0.5,0.0,0,0.5,vanilla,0.9714359409057738,0.957041670066074,0.9555260554406207,200,0.96750038369879,0.9685624279994652,0.9524941514143992,4191.9634754657745,7.450580152834618e-09,1.4901160305669237e-08,2.7021501485421286e-08,0.0,7.450580152834618e-09,0.0,0.9692271581073456,0.9540100206648552
o0t5st34,splice_sites_all/bpnet_xxlarge/vanilla/distill_methodvanilla_dkd_alpha1.0_dkd_beta8.0_kl_methodkl_temperature0.5_weight_ce0.5_weight_kl0.0_weight_mse0.0_zscoreFalse,finished,2026-01-10T00:53:58Z,nt,"[""splice_sites_all""]",456,0,64GB,slurm,[],test,.,voyager,True,zhanglab.p,1,9223372036854776000,4,,1,slurm,1,True,False,,"["".py"", "".sh"", "".yaml"", "".toml""]",${OG_STORE}/OmegaGenome_different_version/OmegaGenome_11_1_fix_ckpt/OmegaGenome//output/01092026/021427,1,False,torch,"[""wandb"", ""output"", ""output*"", ""output_original"", ""output_caduceus_hyperparam"", ""output_bpnet_medium"", ""output_logits_and_medium_debug"", ""outputs"", ""output_medium_debug_11_18"", ""output_enformer_hyper_12_07"", ""data"", ""datasets"", "".venv_caduceus"", "".venv"", "".git"", "".vscode"", ""uv.lock"", ""tests"", "".ruff_cache"", "".github""]",,,splice_sites_all,InstaDeepAI/nucleotide_transformer_downstream_tasks_revised,42,,xxlarge,bpnet,2,,down,True,,True,3,InstaDeepAI/nucleotide-transformer-2.5b-multi-species,True,InstaDeepAI/nucleotide-transformer-2.5b-multi-species,True,0.0001,cuda,200,1000,16,${OG_STORE}/OmegaGenome_different_version/OmegaGenome_11_1_fix_ckpt/OmegaGenome//output/01092026/021427/size_comparison/nt/bpnet/xxlarge,4,OmegaGenome-Size-Comparison,50,5,,${OG_STORE}/OmegaGenome_different_version/OmegaGenome_11_1_fix_ckpt/OmegaGenome//data/finetuned_models/2b5-multi-species_nucleotide-transformer-finetune-results-lora-epoch20-10-17-revised-r32-fix-num-label,False,8,1,kl,0.5,0.0,0,0.5,vanilla,0.9655277202783256,0.9479773655547202,0.9551440551623258,200,0.96750038369879,0.9580900865872534,0.937128030308708,4231.849029541016,4.5426182623486966e-05,9.085236524697392e-05,0.0013318704030501694,0.0,4.5426182623486966e-05,0.0,0.9624508559668282,0.9440552837902162
g3h31vjt,splice_sites_all/bpnet_xxlarge/vanilla/distill_methodvanilla_dkd_alpha1.0_dkd_beta8.0_kl_methodkl_temperature0.5_weight_ce0.5_weight_kl0.0_weight_mse0.0_zscoreFalse,finished,2026-01-10T00:56:32Z,nt,"[""splice_sites_all""]",123,0,64GB,slurm,[],test,.,laniakea,True,zhanglab.p,1,9223372036854776000,4,,1,slurm,1,True,False,,"["".py"", "".sh"", "".yaml"", "".toml""]",${OG_STORE}/OmegaGenome_different_version/OmegaGenome_11_1_fix_ckpt/OmegaGenome//output/01092026/021427,1,False,torch,"[""wandb"", ""output"", ""output*"", ""output_original"", ""output_caduceus_hyperparam"", ""output_bpnet_medium"", ""output_logits_and_medium_debug"", ""outputs"", ""output_medium_debug_11_18"", ""output_enformer_hyper_12_07"", ""data"", ""datasets"", "".venv_caduceus"", "".venv"", "".git"", "".vscode"", ""uv.lock"", ""tests"", "".ruff_cache"", "".github""]",,,splice_sites_all,InstaDeepAI/nucleotide_transformer_downstream_tasks_revised,42,,xxlarge,bpnet,2,,down,True,,True,3,InstaDeepAI/nucleotide-transformer-2.5b-multi-species,True,InstaDeepAI/nucleotide-transformer-2.5b-multi-species,True,0.0001,cuda,200,1000,16,${OG_STORE}/OmegaGenome_different_version/OmegaGenome_11_1_fix_ckpt/OmegaGenome//output/01092026/021427/size_comparison/nt/bpnet/xxlarge,4,OmegaGenome-Size-Comparison,50,5,,${OG_STORE}/OmegaGenome_different_version/OmegaGenome_11_1_fix_ckpt/OmegaGenome//data/finetuned_models/2b5-multi-species_nucleotide-transformer-finetune-results-lora-epoch20-10-17-revised-r32-fix-num-label,False,8,1,kl,0.5,0.0,0,0.5,vanilla,0.969187159880843,0.9535137898897412,0.9535498597862876,200,0.96750038369879,0.9661556627059168,0.948975909774902,10056.857768535614,1.4901160305669237e-08,2.9802320611338473e-08,7.282920046672184e-06,0.0,1.4901160305669237e-08,0.0,0.9672080593682236,0.9510024391968608
85djvh38,splice_sites_all/bpnet_xxlarge/vanilla/distill_methodvanilla_dkd_alpha1.0_dkd_beta8.0_kl_methodkl_temperature0.5_weight_ce0.5_weight_kl0.0_weight_mse0.0_zscoreFalse,finished,2026-01-10T00:56:48Z,nt,"[""splice_sites_all""]",789,0,64GB,slurm,[],test,.,voyager,True,zhanglab.p,1,9223372036854776000,4,,1,slurm,1,True,False,,"["".py"", "".sh"", "".yaml"", "".toml""]",${OG_STORE}/OmegaGenome_different_version/OmegaGenome_11_1_fix_ckpt/OmegaGenome//output/01092026/021427,1,False,torch,"[""wandb"", ""output"", ""output*"", ""output_original"", ""output_caduceus_hyperparam"", ""output_bpnet_medium"", ""output_logits_and_medium_debug"", ""outputs"", ""output_medium_debug_11_18"", ""output_enformer_hyper_12_07"", ""data"", ""datasets"", "".venv_caduceus"", "".venv"", "".git"", "".vscode"", ""uv.lock"", ""tests"", "".ruff_cache"", "".github""]",,,splice_sites_all,InstaDeepAI/nucleotide_transformer_downstream_tasks_revised,42,,xxlarge,bpnet,2,,down,True,,True,3,InstaDeepAI/nucleotide-transformer-2.5b-multi-species,True,InstaDeepAI/nucleotide-transformer-2.5b-multi-species,True,0.0001,cuda,200,1000,16,${OG_STORE}/OmegaGenome_different_version/OmegaGenome_11_1_fix_ckpt/OmegaGenome//output/01092026/021427/size_comparison/nt/bpnet/xxlarge,4,OmegaGenome-Size-Comparison,50,5,,${OG_STORE}/OmegaGenome_different_version/OmegaGenome_11_1_fix_ckpt/OmegaGenome//data/finetuned_models/2b5-multi-species_nucleotide-transformer-finetune-results-lora-epoch20-10-17-revised-r32-fix-num-label,False,8,1,kl,0.5,0.0,0,0.5,vanilla,0.966253222281064,0.9489937570773987,0.9575515380279886,200,0.96750038369879,0.967570502436266,0.950990692752024,4237.569749593735,7.450580152834618e-09,1.4901160305669237e-08,1.1676234962705913e-07,0.0,7.450580152834618e-09,0.0,0.9709173762285036,0.9565547048176788
a7541x3a,splice_sites_all/bpnet_xxlarge/vanilla/distill_methodvanilla_dkd_alpha1.0_dkd_beta8.0_kl_methodkl_temperature0.5_weight_ce0.5_weight_kl0.0_weight_mse0.0_zscoreFalse,finished,2026-01-10T02:10:44Z,nt,"[""splice_sites_all""]",24,0,64GB,slurm,[],test,.,voyager,True,zhanglab.p,1,9223372036854776000,4,,1,slurm,1,True,False,,"["".py"", "".sh"", "".yaml"", "".toml""]",${OG_STORE}/OmegaGenome_different_version/OmegaGenome_11_1_fix_ckpt/OmegaGenome//output/01092026/021427,1,False,torch,"[""wandb"", ""output"", ""output*"", ""output_original"", ""output_caduceus_hyperparam"", ""output_bpnet_medium"", ""output_logits_and_medium_debug"", ""outputs"", ""output_medium_debug_11_18"", ""output_enformer_hyper_12_07"", ""data"", ""datasets"", "".venv_caduceus"", "".venv"", "".git"", "".vscode"", ""uv.lock"", ""tests"", "".ruff_cache"", "".github""]",,,splice_sites_all,InstaDeepAI/nucleotide_transformer_downstream_tasks_revised,42,,xxlarge,bpnet,2,,down,True,,True,3,InstaDeepAI/nucleotide-transformer-2.5b-multi-species,True,InstaDeepAI/nucleotide-transformer-2.5b-multi-species,True,0.0001,cuda,200,1000,16,${OG_STORE}/OmegaGenome_different_version/OmegaGenome_11_1_fix_ckpt/OmegaGenome//output/01092026/021427/size_comparison/nt/bpnet/xxlarge,4,OmegaGenome-Size-Comparison,50,5,,${OG_STORE}/OmegaGenome_different_version/OmegaGenome_11_1_fix_ckpt/OmegaGenome//data/finetuned_models/2b5-multi-species_nucleotide-transformer-finetune-results-lora-epoch20-10-17-revised-r32-fix-num-label,False,8,1,kl,0.5,0.0,0,0.5,vanilla,0.9647569219862282,0.9469817582631852,0.9585102306755862,200,0.96750038369879,0.9655198378453312,0.9479743762154924,3953.543237924576,2.9802318834981634e-08,5.9604637669963274e-08,0.0005372910640933884,0.0,2.9802318834981634e-08,0.0,0.9702201282068182,0.9554995114965464
7vpkpkwd,splice_sites_all/bpnet_xxlarge/vanilla/distill_methodvanilla_dkd_alpha1.0_dkd_beta8.0_kl_methodkl_temperature0.5_weight_ce0.5_weight_kl0.0_weight_mse0.0_zscoreFalse,finished,2026-01-10T02:13:08Z,nt,"[""splice_sites_all""]",321,0,64GB,slurm,[],test,.,voyager,True,zhanglab.p,1,9223372036854776000,4,,1,slurm,1,True,False,,"["".py"", "".sh"", "".yaml"", "".toml""]",${OG_STORE}/OmegaGenome_different_version/OmegaGenome_11_1_fix_ckpt/OmegaGenome//output/01092026/021427,1,False,torch,"[""wandb"", ""output"", ""output*"", ""output_original"", ""output_caduceus_hyperparam"", ""output_bpnet_medium"", ""output_logits_and_medium_debug"", ""outputs"", ""output_medium_debug_11_18"", ""output_enformer_hyper_12_07"", ""data"", ""datasets"", "".venv_caduceus"", "".venv"", "".git"", "".vscode"", ""uv.lock"", ""tests"", "".ruff_cache"", "".github""]",,,splice_sites_all,InstaDeepAI/nucleotide_transformer_downstream_tasks_revised,42,,xxlarge,bpnet,2,,down,True,,True,3,InstaDeepAI/nucleotide-transformer-2.5b-multi-species,True,InstaDeepAI/nucleotide-transformer-2.5b-multi-species,True,0.0001,cuda,200,1000,16,${OG_STORE}/OmegaGenome_different_version/OmegaGenome_11_1_fix_ckpt/OmegaGenome//output/01092026/021427/size_comparison/nt/bpnet/xxlarge,4,OmegaGenome-Size-Comparison,50,5,,${OG_STORE}/OmegaGenome_different_version/OmegaGenome_11_1_fix_ckpt/OmegaGenome//data/finetuned_models/2b5-multi-species_nucleotide-transformer-finetune-results-lora-epoch20-10-17-revised-r32-fix-num-label,False,8,1,kl,0.5,0.0,0,0.5,vanilla,0.9684738942686474,0.952475488903253,0.9550303883337392,200,0.96750038369879,0.962479967808318,0.94358748595901,3997.922810554504,2.235173823805781e-08,4.470347647611561e-08,8.754660347652898e-05,0.0,2.235173823805781e-08,0.0,0.967920373793754,0.952033544572848
eoakjfuf,splice_sites_all/bpnet_xxlarge/vanilla/distill_methodvanilla_dkd_alpha1.0_dkd_beta8.0_kl_methodkl_temperature0.5_weight_ce0.5_weight_kl0.0_weight_mse0.0_zscoreFalse,finished,2026-01-10T02:28:34Z,nt,"[""splice_sites_all""]",654,0,64GB,slurm,[],test,.,laniakea,True,zhanglab.p,1,9223372036854776000,4,,1,slurm,1,True,False,,"["".py"", "".sh"", "".yaml"", "".toml""]",${OG_STORE}/OmegaGenome_different_version/OmegaGenome_11_1_fix_ckpt/OmegaGenome//output/01092026/021427,1,False,torch,"[""wandb"", ""output"", ""output*"", ""output_original"", ""output_caduceus_hyperparam"", ""output_bpnet_medium"", ""output_logits_and_medium_debug"", ""outputs"", ""output_medium_debug_11_18"", ""output_enformer_hyper_12_07"", ""data"", ""datasets"", "".venv_caduceus"", "".venv"", "".git"", "".vscode"", ""uv.lock"", ""tests"", "".ruff_cache"", "".github""]",,,splice_sites_all,InstaDeepAI/nucleotide_transformer_downstream_tasks_revised,42,,xxlarge,bpnet,2,,down,True,,True,3,InstaDeepAI/nucleotide-transformer-2.5b-multi-species,True,InstaDeepAI/nucleotide-transformer-2.5b-multi-species,True,0.0001,cuda,200,1000,16,${OG_STORE}/OmegaGenome_different_version/OmegaGenome_11_1_fix_ckpt/OmegaGenome//output/01092026/021427/size_comparison/nt/bpnet/xxlarge,4,OmegaGenome-Size-Comparison,50,5,,${OG_STORE}/OmegaGenome_different_version/OmegaGenome_11_1_fix_ckpt/OmegaGenome//data/finetuned_models/2b5-multi-species_nucleotide-transformer-finetune-results-lora-epoch20-10-17-revised-r32-fix-num-label,False,8,1,kl,0.5,0.0,0,0.5,vanilla,0.969421689252405,0.9539794041609664,0.9574975248310472,200,0.96750038369879,0.9667820561995558,0.9499768227070056,9891.900113344193,0.0,0.0,4.193158195598688e-11,0.0,0.0,0.0,0.9648817098626944,0.9475105324235216
fhro88hm,splice_sites_all/bpnet_xxlarge/vanilla/distill_methodvanilla_dkd_alpha1.0_dkd_beta8.0_kl_methodkl_temperature0.5_weight_ce0.5_weight_kl0.0_weight_mse0.0_zscoreFalse,finished,2026-01-10T02:38:22Z,nt,"[""splice_sites_all""]",987,0,64GB,slurm,[],test,.,laniakea,True,zhanglab.p,1,9223372036854776000,4,,1,slurm,1,True,False,,"["".py"", "".sh"", "".yaml"", "".toml""]",${OG_STORE}/OmegaGenome_different_version/OmegaGenome_11_1_fix_ckpt/OmegaGenome//output/01092026/021427,1,False,torch,"[""wandb"", ""output"", ""output*"", ""output_original"", ""output_caduceus_hyperparam"", ""output_bpnet_medium"", ""output_logits_and_medium_debug"", ""outputs"", ""output_medium_debug_11_18"", ""output_enformer_hyper_12_07"", ""data"", ""datasets"", "".venv_caduceus"", "".venv"", "".git"", "".vscode"", ""uv.lock"", ""tests"", "".ruff_cache"", "".github""]",,,splice_sites_all,InstaDeepAI/nucleotide_transformer_downstream_tasks_revised,42,,xxlarge,bpnet,2,,down,True,,True,3,InstaDeepAI/nucleotide-transformer-2.5b-multi-species,True,InstaDeepAI/nucleotide-transformer-2.5b-multi-species,True,0.0001,cuda,200,1000,16,${OG_STORE}/OmegaGenome_different_version/OmegaGenome_11_1_fix_ckpt/OmegaGenome//output/01092026/021427/size_comparison/nt/bpnet/xxlarge,4,OmegaGenome-Size-Comparison,50,5,,${OG_STORE}/OmegaGenome_different_version/OmegaGenome_11_1_fix_ckpt/OmegaGenome//data/finetuned_models/2b5-multi-species_nucleotide-transformer-finetune-results-lora-epoch20-10-17-revised-r32-fix-num-label,False,8,1,kl,0.5,0.0,0,0.5,vanilla,0.9668041952723552,0.9499958893274656,0.9539989961761836,200,0.96750038369879,0.9640676501840524,0.9461683029557856,9857.966530799866,0.0,0.0,0.0007804984413121391,0.0,0.0,0.0,0.966428701875631,0.9501122923749394
d84cwl9r,splice_sites_all/bpnet_xxlarge/vanilla/distill_methodvanilla_dkd_alpha1.0_dkd_beta8.0_kl_methodkl_temperature0.5_weight_ce0.5_weight_kl0.0_weight_mse0.0_zscoreFalse,finished,2026-01-10T02:48:15Z,nt,"[""splice_sites_all""]",4021,0,64GB,slurm,[],test,.,laniakea,True,zhanglab.p,1,9223372036854776000,4,,1,slurm,1,True,False,,"["".py"", "".sh"", "".yaml"", "".toml""]",${OG_STORE}/OmegaGenome_different_version/OmegaGenome_11_1_fix_ckpt/OmegaGenome//output/01092026/021427,1,False,torch,"[""wandb"", ""output"", ""output*"", ""output_original"", ""output_caduceus_hyperparam"", ""output_bpnet_medium"", ""output_logits_and_medium_debug"", ""outputs"", ""output_medium_debug_11_18"", ""output_enformer_hyper_12_07"", ""data"", ""datasets"", "".venv_caduceus"", "".venv"", "".git"", "".vscode"", ""uv.lock"", ""tests"", "".ruff_cache"", "".github""]",,,splice_sites_all,InstaDeepAI/nucleotide_transformer_downstream_tasks_revised,42,,xxlarge,bpnet,2,,down,True,,True,3,InstaDeepAI/nucleotide-transformer-2.5b-multi-species,True,InstaDeepAI/nucleotide-transformer-2.5b-multi-species,True,0.0001,cuda,200,1000,16,${OG_STORE}/OmegaGenome_different_version/OmegaGenome_11_1_fix_ckpt/OmegaGenome//output/01092026/021427/size_comparison/nt/bpnet/xxlarge,4,OmegaGenome-Size-Comparison,50,5,,${OG_STORE}/OmegaGenome_different_version/OmegaGenome_11_1_fix_ckpt/OmegaGenome//data/finetuned_models/2b5-multi-species_nucleotide-transformer-finetune-results-lora-epoch20-10-17-revised-r32-fix-num-label,False,8,1,kl,0.5,0.0,0,0.5,vanilla,0.9677879502371102,0.9514900493233328,0.9605270399327308,200,0.96750038369879,0.9642752564605688,0.9460093656885152,9868.51267361641,0.0,0.0,6.431157211577881e-08,0.0,0.0,0.0,0.971578732197532,0.957537802999199
