source,task,variant,weight_ce,weight_kl,weight_mse,temperature,seed,best_val_mcc,best_test_mcc,best_epoch,path
lab,splice_sites_acceptors,raw,0.5,0.0,0.0,0.5,0,0.9060103667253557,0.8906586829357546,197,${OG_SCRATCH}/carbon_distillation/original/splice_sites_acceptors/20260624_154123/49edc00b-036a-4bb8-96dd-ef845895e3d6/distill_methodvanilla_dkd_alpha1.0_dkd_beta8.0_kl_methodkl_mse_normalizeFalse_temperature0.5_weight_ce0.5_weight_kl0.0_weight_mse0.0_zscoreFalse/final_summary.json
lab,splice_sites_acceptors,raw,0.5,0.5,0.2,2.0,0,0.8861188336403611,0.860130773129301,189,${OG_SCRATCH}/carbon_distillation/original/splice_sites_acceptors/20260624_164449/8f693d6a-055c-4b3b-9b4b-ccc64f614374/distill_methodvanilla_dkd_alpha1.0_dkd_beta8.0_kl_methodkl_mse_normalizeFalse_temperature2.0_weight_ce0.5_weight_kl0.5_weight_mse0.2_zscoreFalse/final_summary.json
lab,splice_sites_donors,raw,0.5,0.0,0.0,0.5,0,0.9336540919302907,0.9024664212102296,191,${OG_SCRATCH}/carbon_distillation/original/splice_sites_donors/20260624_154125/71f34882-b1c3-4707-ae62-99e8ccced8bd/distill_methodvanilla_dkd_alpha1.0_dkd_beta8.0_kl_methodkl_mse_normalizeFalse_temperature0.5_weight_ce0.5_weight_kl0.0_weight_mse0.0_zscoreFalse/final_summary.json
lab,splice_sites_donors,raw,0.5,0.5,0.2,2.0,0,0.9295901205249092,0.8920623130487024,56,${OG_SCRATCH}/carbon_distillation/original/splice_sites_donors/20260624_164448/f26a1e73-4fab-4ee7-bf9e-6ba65c3c16be/distill_methodvanilla_dkd_alpha1.0_dkd_beta8.0_kl_methodkl_mse_normalizeFalse_temperature2.0_weight_ce0.5_weight_kl0.5_weight_mse0.2_zscoreFalse/final_summary.json
lab,H3K4me1,raw,0.5,0.5,0.2,2.0,0,0.4900585296762172,0.4713112548805978,42,${OG_SCRATCH}/carbon_distillation/original/H3K4me1/20260624_175628/2d03c315-cde7-4bac-9dcf-9ddd75958b4d/distill_methodvanilla_dkd_alpha1.0_dkd_beta8.0_kl_methodkl_mse_normalizeFalse_temperature2.0_weight_ce0.5_weight_kl0.5_weight_mse0.2_zscoreFalse/final_summary.json
lab,H3K4me1,raw,0.5,1.0,1.0,4.0,42,0.4894934123938651,0.47756690650753186,43,${OG_SCRATCH}/carbon_distillation/original/H3K4me1/20260625_164418/5cc4a40c-9233-434a-bb02-7c474774eaf5/distill_methodvanilla_dkd_alpha1.0_dkd_beta8.0_kl_methodkl_mse_normalizeFalse_temperature4.0_weight_ce0.5_weight_kl1.0_weight_mse1.0_zscoreFalse/final_summary.json
lab,H3K4me1,raw,0.5,1.0,1.0,2.0,42,0.4930626385467742,0.47175686928083327,42,${OG_SCRATCH}/carbon_distillation/original/H3K4me1/20260625_164528/ebeab862-1df7-4a3c-aea3-e3c0b31d9cb8/distill_methodvanilla_dkd_alpha1.0_dkd_beta8.0_kl_methodkl_mse_normalizeFalse_temperature2.0_weight_ce0.5_weight_kl1.0_weight_mse1.0_zscoreFalse/final_summary.json
lab,H3K4me1,raw,0.5,1.0,1.0,0.5,42,0.4908370945599966,0.4863779940384986,28,${OG_SCRATCH}/carbon_distillation/original/H3K4me1/20260625_164528/50420f57-9aea-43c1-a3b3-b703533fd60e/distill_methodvanilla_dkd_alpha1.0_dkd_beta8.0_kl_methodkl_mse_normalizeFalse_temperature0.5_weight_ce0.5_weight_kl1.0_weight_mse1.0_zscoreFalse/final_summary.json
lab,H3K4me1,raw,0.5,1.0,1.0,1.0,42,0.4899085888078599,0.4706015168569993,55,${OG_SCRATCH}/carbon_distillation/original/H3K4me1/20260625_164528/ba399558-8718-40f4-8aaa-94ab05890f9f/distill_methodvanilla_dkd_alpha1.0_dkd_beta8.0_kl_methodkl_mse_normalizeFalse_temperature1.0_weight_ce0.5_weight_kl1.0_weight_mse1.0_zscoreFalse/final_summary.json
lab,H3K4me1,raw,0.5,1.0,1.0,1.5,42,0.4897944893402463,0.4798219321199058,43,${OG_SCRATCH}/carbon_distillation/original/H3K4me1/20260625_164528/d12b4d1a-8df0-4d46-8269-9a055bc09e30/distill_methodvanilla_dkd_alpha1.0_dkd_beta8.0_kl_methodkl_mse_normalizeFalse_temperature1.5_weight_ce0.5_weight_kl1.0_weight_mse1.0_zscoreFalse/final_summary.json
lab,H3K27me3,raw,0.5,0.5,0.2,2.0,0,0.5873621009641303,0.5736277939684753,38,${OG_SCRATCH}/carbon_distillation/original/H3K27me3/20260624_175633/24a39e64-4720-4a8b-a814-852979333668/distill_methodvanilla_dkd_alpha1.0_dkd_beta8.0_kl_methodkl_mse_normalizeFalse_temperature2.0_weight_ce0.5_weight_kl0.5_weight_mse0.2_zscoreFalse/final_summary.json
lab,H3K27me3,raw,0.5,0.0,0.0,0.5,42,0.5739703401102543,0.5659569211599733,26,${OG_SCRATCH}/carbon_distillation/original/H3K27me3/20260624_205457/f932a81f-bae3-4e5b-84b2-499b1a866c56/distill_methodvanilla_dkd_alpha1.0_dkd_beta8.0_kl_methodkl_mse_normalizeFalse_temperature0.5_weight_ce0.5_weight_kl0.0_weight_mse0.0_zscoreFalse/final_summary.json
lab,H3K27me3,raw,0.5,0.25,0.0,0.5,42,0.578372400249568,0.5736889512473449,39,${OG_SCRATCH}/carbon_distillation/original/H3K27me3/20260624_210956/bed2fc0d-4754-4f5e-b96b-a2dcd4787912/distill_methodvanilla_dkd_alpha1.0_dkd_beta8.0_kl_methodkl_mse_normalizeFalse_temperature0.5_weight_ce0.5_weight_kl0.25_weight_mse0.0_zscoreFalse/final_summary.json
lab,H3K27me3,raw,0.5,0.25,0.0,1.0,42,0.5867063013596363,0.5653012027830849,32,${OG_SCRATCH}/carbon_distillation/original/H3K27me3/20260624_212004/13f91de5-ccbf-4cac-ba34-f6d6233ad073/distill_methodvanilla_dkd_alpha1.0_dkd_beta8.0_kl_methodkl_mse_normalizeFalse_temperature1.0_weight_ce0.5_weight_kl0.25_weight_mse0.0_zscoreFalse/final_summary.json
lab,H3K27me3,raw,0.5,0.0,1.0,0.5,42,0.5788956799295872,0.5384617199047037,26,${OG_SCRATCH}/carbon_distillation/original/H3K27me3/20260624_213137/e455f16e-a5e5-415c-bdf9-f44a7582ae6d/distill_methodvanilla_dkd_alpha1.0_dkd_beta8.0_kl_methodkl_mse_normalizeFalse_temperature0.5_weight_ce0.5_weight_kl0.0_weight_mse1.0_zscoreFalse/final_summary.json
lab,H3K27me3,raw,0.5,0.25,1.0,2.0,42,0.5770474136542513,0.5742796448869516,26,${OG_SCRATCH}/carbon_distillation/original/H3K27me3/20260624_220449/8f929a48-3a82-4670-bcdb-49cfb9bfa94b/distill_methodvanilla_dkd_alpha1.0_dkd_beta8.0_kl_methodkl_mse_normalizeFalse_temperature2.0_weight_ce0.5_weight_kl0.25_weight_mse1.0_zscoreFalse/final_summary.json
lab,H3K27me3,raw,0.5,0.25,1.0,4.0,42,0.5833314582558846,0.5676573640571922,26,${OG_SCRATCH}/carbon_distillation/original/H3K27me3/20260624_220450/9404ec1b-d48e-4109-9509-53d1bf4e663e/distill_methodvanilla_dkd_alpha1.0_dkd_beta8.0_kl_methodkl_mse_normalizeFalse_temperature4.0_weight_ce0.5_weight_kl0.25_weight_mse1.0_zscoreFalse/final_summary.json
lab,H3K27me3,raw,0.5,0.5,0.0,0.5,42,0.5806626963422228,0.5671051351475712,32,${OG_SCRATCH}/carbon_distillation/original/H3K27me3/20260624_220452/02ebe6cf-e10a-48db-b4fa-af82c6e5439c/distill_methodvanilla_dkd_alpha1.0_dkd_beta8.0_kl_methodkl_mse_normalizeFalse_temperature0.5_weight_ce0.5_weight_kl0.5_weight_mse0.0_zscoreFalse/final_summary.json
lab,H3K27me3,raw,0.5,0.5,0.0,1.0,42,0.5904613878836122,0.5786512394954306,38,${OG_SCRATCH}/carbon_distillation/original/H3K27me3/20260624_220500/08bd4a3e-2816-4642-9d3b-37cb71c84adc/distill_methodvanilla_dkd_alpha1.0_dkd_beta8.0_kl_methodkl_mse_normalizeFalse_temperature1.0_weight_ce0.5_weight_kl0.5_weight_mse0.0_zscoreFalse/final_summary.json
lab,H3K27me3,raw,0.5,0.5,0.0,1.5,42,0.6001383036047946,0.5783034684497561,42,${OG_SCRATCH}/carbon_distillation/original/H3K27me3/20260624_220502/1c698646-686a-47ee-8a00-8847f7ba3f6f/distill_methodvanilla_dkd_alpha1.0_dkd_beta8.0_kl_methodkl_mse_normalizeFalse_temperature1.5_weight_ce0.5_weight_kl0.5_weight_mse0.0_zscoreFalse/final_summary.json
lab,H3K27me3,raw,0.5,0.25,1.0,1.0,42,0.5817021401652995,0.5674430000014121,26,${OG_SCRATCH}/carbon_distillation/original/H3K27me3/20260624_221515/6542c688-1115-4bc7-9cfa-d8f78fbe1242/distill_methodvanilla_dkd_alpha1.0_dkd_beta8.0_kl_methodkl_mse_normalizeFalse_temperature1.0_weight_ce0.5_weight_kl0.25_weight_mse1.0_zscoreFalse/final_summary.json
lab,H3K27me3,raw,0.5,0.5,0.0,2.0,42,0.5964210194625008,0.5842501278647516,37,${OG_SCRATCH}/carbon_distillation/original/H3K27me3/20260624_223440/09d8d6c9-bcac-48ee-8eb6-c39b68a254b8/distill_methodvanilla_dkd_alpha1.0_dkd_beta8.0_kl_methodkl_mse_normalizeFalse_temperature2.0_weight_ce0.5_weight_kl0.5_weight_mse0.0_zscoreFalse/final_summary.json
lab,H3K27me3,raw,0.5,0.5,1.0,0.5,42,0.5818304522711261,0.5625000999639197,26,${OG_SCRATCH}/carbon_distillation/original/H3K27me3/20260624_224840/4a5bd0ba-149c-4786-b34a-33f2932b42d6/distill_methodvanilla_dkd_alpha1.0_dkd_beta8.0_kl_methodkl_mse_normalizeFalse_temperature0.5_weight_ce0.5_weight_kl0.5_weight_mse1.0_zscoreFalse/final_summary.json
lab,H3K27me3,raw,0.5,0.5,1.0,1.0,42,0.5887444694570222,0.5693389956902911,33,${OG_SCRATCH}/carbon_distillation/original/H3K27me3/20260624_225005/4a6257fc-13c4-443f-a8dd-211cffd5330f/distill_methodvanilla_dkd_alpha1.0_dkd_beta8.0_kl_methodkl_mse_normalizeFalse_temperature1.0_weight_ce0.5_weight_kl0.5_weight_mse1.0_zscoreFalse/final_summary.json
lab,H3K27me3,raw,0.5,0.5,1.0,4.0,42,0.5906678444335355,0.5750509405241669,44,${OG_SCRATCH}/carbon_distillation/original/H3K27me3/20260624_225150/c01d7a5e-792a-40b5-b03b-4a27c43275da/distill_methodvanilla_dkd_alpha1.0_dkd_beta8.0_kl_methodkl_mse_normalizeFalse_temperature4.0_weight_ce0.5_weight_kl0.5_weight_mse1.0_zscoreFalse/final_summary.json
lab,H3K27me3,raw,0.5,0.5,1.0,2.0,42,0.59152210394669,0.5729736497399192,39,${OG_SCRATCH}/carbon_distillation/original/H3K27me3/20260624_225150/98e3f27e-1ade-4d9a-8c3f-0f29296ac8c2/distill_methodvanilla_dkd_alpha1.0_dkd_beta8.0_kl_methodkl_mse_normalizeFalse_temperature2.0_weight_ce0.5_weight_kl0.5_weight_mse1.0_zscoreFalse/final_summary.json
lab,H3K27me3,raw,0.5,0.5,0.0,4.0,42,0.5978673403448762,0.5854627109003424,54,${OG_SCRATCH}/carbon_distillation/original/H3K27me3/20260624_230028/b94f9384-94e1-4341-ab6f-ba3c53cbf3d1/distill_methodvanilla_dkd_alpha1.0_dkd_beta8.0_kl_methodkl_mse_normalizeFalse_temperature4.0_weight_ce0.5_weight_kl0.5_weight_mse0.0_zscoreFalse/final_summary.json
lab,H3K27me3,raw,0.5,0.5,1.0,1.5,42,0.5862850876034743,0.5724238793783629,39,${OG_SCRATCH}/carbon_distillation/original/H3K27me3/20260624_230142/d6534c83-04d4-4fc6-9276-6f8982f3054a/distill_methodvanilla_dkd_alpha1.0_dkd_beta8.0_kl_methodkl_mse_normalizeFalse_temperature1.5_weight_ce0.5_weight_kl0.5_weight_mse1.0_zscoreFalse/final_summary.json
lab,H3K27me3,raw,0.5,1.0,0.0,1.0,42,0.5996166265516784,0.5730431920447536,49,${OG_SCRATCH}/carbon_distillation/original/H3K27me3/20260624_231632/6a2a1842-a67f-40dd-87e6-4040e37ae4d5/distill_methodvanilla_dkd_alpha1.0_dkd_beta8.0_kl_methodkl_mse_normalizeFalse_temperature1.0_weight_ce0.5_weight_kl1.0_weight_mse0.0_zscoreFalse/final_summary.json
lab,H3K27me3,raw,0.5,0.25,0.0,2.0,42,0.5908526685416795,0.5681393454620501,37,${OG_SCRATCH}/carbon_distillation/original/H3K27me3/20260624_232923/7a3b904b-ba4a-471a-bb60-3961a8f10766/distill_methodvanilla_dkd_alpha1.0_dkd_beta8.0_kl_methodkl_mse_normalizeFalse_temperature2.0_weight_ce0.5_weight_kl0.25_weight_mse0.0_zscoreFalse/final_summary.json
lab,H3K27me3,raw,0.5,0.25,0.0,1.5,42,0.5961290836055562,0.5677469080746983,38,${OG_SCRATCH}/carbon_distillation/original/H3K27me3/20260624_233237/ad7ba929-b5f6-4f7d-925a-ee1ca8c3c8fc/distill_methodvanilla_dkd_alpha1.0_dkd_beta8.0_kl_methodkl_mse_normalizeFalse_temperature1.5_weight_ce0.5_weight_kl0.25_weight_mse0.0_zscoreFalse/final_summary.json
lab,H3K27me3,raw,0.5,0.25,0.0,4.0,42,0.589899501207929,0.5792920436813961,37,${OG_SCRATCH}/carbon_distillation/original/H3K27me3/20260624_233816/930325ad-e275-48a1-978c-d6fba6f7cedd/distill_methodvanilla_dkd_alpha1.0_dkd_beta8.0_kl_methodkl_mse_normalizeFalse_temperature4.0_weight_ce0.5_weight_kl0.25_weight_mse0.0_zscoreFalse/final_summary.json
lab,H3K27me3,raw,0.5,0.25,1.0,0.5,42,0.5815232473717432,0.5624187530036825,26,${OG_SCRATCH}/carbon_distillation/original/H3K27me3/20260624_234142/c7337e40-162f-449c-8c17-d41fbbdf08c3/distill_methodvanilla_dkd_alpha1.0_dkd_beta8.0_kl_methodkl_mse_normalizeFalse_temperature0.5_weight_ce0.5_weight_kl0.25_weight_mse1.0_zscoreFalse/final_summary.json
lab,H3K27me3,raw,0.5,0.25,1.0,1.5,42,0.5791404971865652,0.5789102730271201,26,${OG_SCRATCH}/carbon_distillation/original/H3K27me3/20260624_234544/194b5d8d-be15-47d5-9636-844c6812bbea/distill_methodvanilla_dkd_alpha1.0_dkd_beta8.0_kl_methodkl_mse_normalizeFalse_temperature1.5_weight_ce0.5_weight_kl0.25_weight_mse1.0_zscoreFalse/final_summary.json
lab,H3K27me3,raw,0.5,0.5,0.0,4.0,42,0.5978673403448762,0.5854627109003424,54,${OG_SCRATCH}/carbon_distillation/original/H3K27me3/20260625_000716/fb6b5e96-67f2-48f5-8c5b-96a1531e989f/distill_methodvanilla_dkd_alpha1.0_dkd_beta8.0_kl_methodkl_mse_normalizeFalse_temperature4.0_weight_ce0.5_weight_kl0.5_weight_mse0.0_zscoreFalse/final_summary.json
lab,H3K27me3,raw,0.5,0.5,1.0,0.5,42,0.5818304522711261,0.5625000999639197,26,${OG_SCRATCH}/carbon_distillation/original/H3K27me3/20260625_001234/e6f78520-159e-4127-bf07-ed2d64364463/distill_methodvanilla_dkd_alpha1.0_dkd_beta8.0_kl_methodkl_mse_normalizeFalse_temperature0.5_weight_ce0.5_weight_kl0.5_weight_mse1.0_zscoreFalse/final_summary.json
lab,H3K27me3,raw,0.5,0.5,1.0,1.0,42,0.5887444694570222,0.5693389956902911,33,${OG_SCRATCH}/carbon_distillation/original/H3K27me3/20260625_001422/bf67fd9c-3ea7-47be-a1fc-3074a2d6abe9/distill_methodvanilla_dkd_alpha1.0_dkd_beta8.0_kl_methodkl_mse_normalizeFalse_temperature1.0_weight_ce0.5_weight_kl0.5_weight_mse1.0_zscoreFalse/final_summary.json
lab,H3K27me3,raw,0.5,0.5,1.0,2.0,42,0.59152210394669,0.5729736497399192,39,${OG_SCRATCH}/carbon_distillation/original/H3K27me3/20260625_001835/f41f777b-2d0b-425a-9739-9f629b89ebd5/distill_methodvanilla_dkd_alpha1.0_dkd_beta8.0_kl_methodkl_mse_normalizeFalse_temperature2.0_weight_ce0.5_weight_kl0.5_weight_mse1.0_zscoreFalse/final_summary.json
lab,H3K27me3,raw,0.5,1.0,0.0,0.5,42,0.5873789975459068,0.5639942742484692,38,${OG_SCRATCH}/carbon_distillation/original/H3K27me3/20260625_003236/de2752e9-0ab0-40b9-887c-fea56ebb4318/distill_methodvanilla_dkd_alpha1.0_dkd_beta8.0_kl_methodkl_mse_normalizeFalse_temperature0.5_weight_ce0.5_weight_kl1.0_weight_mse0.0_zscoreFalse/final_summary.json
lab,H3K27me3,raw,0.5,0.5,1.0,4.0,42,0.5906678444335355,0.5750509405241669,44,${OG_SCRATCH}/carbon_distillation/original/H3K27me3/20260625_004653/d7a23c3d-3a30-454d-ac6e-7329d1b22d51/distill_methodvanilla_dkd_alpha1.0_dkd_beta8.0_kl_methodkl_mse_normalizeFalse_temperature4.0_weight_ce0.5_weight_kl0.5_weight_mse1.0_zscoreFalse/final_summary.json
lab,H3K27me3,raw,0.5,1.0,0.0,1.0,42,0.5996166265516784,0.5730431920447536,49,${OG_SCRATCH}/carbon_distillation/original/H3K27me3/20260625_004742/1e639d33-b8ed-4074-8b27-7a8a1ef705d5/distill_methodvanilla_dkd_alpha1.0_dkd_beta8.0_kl_methodkl_mse_normalizeFalse_temperature1.0_weight_ce0.5_weight_kl1.0_weight_mse0.0_zscoreFalse/final_summary.json
lab,H3K27me3,raw,0.5,1.0,0.0,2.0,42,0.596439355356261,0.5920011942007064,54,${OG_SCRATCH}/carbon_distillation/original/H3K27me3/20260625_005057/0a71d103-20bf-4fad-970e-6f2694ec4192/distill_methodvanilla_dkd_alpha1.0_dkd_beta8.0_kl_methodkl_mse_normalizeFalse_temperature2.0_weight_ce0.5_weight_kl1.0_weight_mse0.0_zscoreFalse/final_summary.json
lab,H3K27me3,raw,0.5,1.0,0.0,1.5,42,0.6012140713950515,0.5898701311021713,54,${OG_SCRATCH}/carbon_distillation/original/H3K27me3/20260625_005133/c4dfda9f-f0ae-4eff-adf6-dac51dfa1691/distill_methodvanilla_dkd_alpha1.0_dkd_beta8.0_kl_methodkl_mse_normalizeFalse_temperature1.5_weight_ce0.5_weight_kl1.0_weight_mse0.0_zscoreFalse/final_summary.json
lab,H3K27me3,raw,0.5,1.0,0.0,4.0,42,0.5962167215999087,0.5826039906334886,55,${OG_SCRATCH}/carbon_distillation/original/H3K27me3/20260625_005805/de3d4b1d-c65d-45ba-975f-902b47eeb12c/distill_methodvanilla_dkd_alpha1.0_dkd_beta8.0_kl_methodkl_mse_normalizeFalse_temperature4.0_weight_ce0.5_weight_kl1.0_weight_mse0.0_zscoreFalse/final_summary.json
lab,H3K27me3,raw,0.5,1.0,1.0,0.5,42,0.587746248379848,0.573067635277747,26,${OG_SCRATCH}/carbon_distillation/original/H3K27me3/20260625_010416/788f8859-9552-4b22-8f14-e4d8e0817685/distill_methodvanilla_dkd_alpha1.0_dkd_beta8.0_kl_methodkl_mse_normalizeFalse_temperature0.5_weight_ce0.5_weight_kl1.0_weight_mse1.0_zscoreFalse/final_summary.json
lab,H3K27me3,raw,0.5,1.0,1.0,1.0,42,0.5914443148201735,0.579060234203261,39,${OG_SCRATCH}/carbon_distillation/original/H3K27me3/20260625_011119/542f928e-0dd6-4bda-a559-ac792e66f39c/distill_methodvanilla_dkd_alpha1.0_dkd_beta8.0_kl_methodkl_mse_normalizeFalse_temperature1.0_weight_ce0.5_weight_kl1.0_weight_mse1.0_zscoreFalse/final_summary.json
lab,H3K27me3,raw,0.5,1.0,1.0,1.5,42,0.5982941561488593,0.5854111717385865,39,${OG_SCRATCH}/carbon_distillation/original/H3K27me3/20260625_012830/870e7157-bf99-4875-b573-3ab4fead369c/distill_methodvanilla_dkd_alpha1.0_dkd_beta8.0_kl_methodkl_mse_normalizeFalse_temperature1.5_weight_ce0.5_weight_kl1.0_weight_mse1.0_zscoreFalse/final_summary.json
lab,H3K27me3,raw,0.5,1.0,1.0,4.0,42,0.5946960650769374,0.5771185738454928,53,${OG_SCRATCH}/carbon_distillation/original/H3K27me3/20260625_013250/f29cb94e-0982-4ad2-abda-dc6b1633d0c9/distill_methodvanilla_dkd_alpha1.0_dkd_beta8.0_kl_methodkl_mse_normalizeFalse_temperature4.0_weight_ce0.5_weight_kl1.0_weight_mse1.0_zscoreFalse/final_summary.json
lab,H3K27me3,raw,0.5,1.0,1.0,2.0,42,0.5976875142524269,0.5849318632405084,39,${OG_SCRATCH}/carbon_distillation/original/H3K27me3/20260625_013333/9f5e3da4-0956-42f8-9ed0-d109c5a9e578/distill_methodvanilla_dkd_alpha1.0_dkd_beta8.0_kl_methodkl_mse_normalizeFalse_temperature2.0_weight_ce0.5_weight_kl1.0_weight_mse1.0_zscoreFalse/final_summary.json
lab,H2AFZ,raw,0.5,0.5,0.2,2.0,0,0.523328071658081,0.4918921215394466,28,${OG_SCRATCH}/carbon_distillation/original/H2AFZ/20260624_175633/8148f7ab-d5ab-4260-8b24-df482e970510/distill_methodvanilla_dkd_alpha1.0_dkd_beta8.0_kl_methodkl_mse_normalizeFalse_temperature2.0_weight_ce0.5_weight_kl0.5_weight_mse0.2_zscoreFalse/final_summary.json
lab,H2AFZ,raw,0.5,0.0,0.0,0.5,42,0.5119441885999265,0.46543930000553657,21,${OG_SCRATCH}/carbon_distillation/original/H2AFZ/20260625_110618/2b8911c7-d482-4217-9cf5-cdf4c01adb04/distill_methodvanilla_dkd_alpha1.0_dkd_beta8.0_kl_methodkl_mse_normalizeFalse_temperature0.5_weight_ce0.5_weight_kl0.0_weight_mse0.0_zscoreFalse/final_summary.json
lab,H2AFZ,raw,0.5,0.0,1.0,0.5,42,0.4975258528908874,0.4654681950641407,15,${OG_SCRATCH}/carbon_distillation/original/H2AFZ/20260625_111424/a5aacdf4-21d2-419c-be30-56e618c072f9/distill_methodvanilla_dkd_alpha1.0_dkd_beta8.0_kl_methodkl_mse_normalizeFalse_temperature0.5_weight_ce0.5_weight_kl0.0_weight_mse1.0_zscoreFalse/final_summary.json
lab,H2AFZ,raw,0.5,0.25,0.0,0.5,42,0.5152319977096206,0.4695773188660751,21,${OG_SCRATCH}/carbon_distillation/original/H2AFZ/20260625_112045/e13e25c2-3d00-4e99-9c7d-5b813f6c15a4/distill_methodvanilla_dkd_alpha1.0_dkd_beta8.0_kl_methodkl_mse_normalizeFalse_temperature0.5_weight_ce0.5_weight_kl0.25_weight_mse0.0_zscoreFalse/final_summary.json
lab,H2AFZ,raw,0.5,0.25,0.0,1.0,42,0.5123758206922974,0.48366851831364094,33,${OG_SCRATCH}/carbon_distillation/original/H2AFZ/20260625_112644/3af6bf1e-1037-4e89-9fd7-d1bb8f85f6e1/distill_methodvanilla_dkd_alpha1.0_dkd_beta8.0_kl_methodkl_mse_normalizeFalse_temperature1.0_weight_ce0.5_weight_kl0.25_weight_mse0.0_zscoreFalse/final_summary.json
lab,H2AFZ,raw,0.5,0.25,0.0,1.5,42,0.5156245238138608,0.4875305953256699,31,${OG_SCRATCH}/carbon_distillation/original/H2AFZ/20260625_112716/d4399349-e7a3-4e47-b10c-2255816693e7/distill_methodvanilla_dkd_alpha1.0_dkd_beta8.0_kl_methodkl_mse_normalizeFalse_temperature1.5_weight_ce0.5_weight_kl0.25_weight_mse0.0_zscoreFalse/final_summary.json
lab,H2AFZ,raw,0.5,0.25,0.0,4.0,42,0.5150958244774428,0.48015165822501316,31,${OG_SCRATCH}/carbon_distillation/original/H2AFZ/20260625_121427/0458281f-a7fd-491f-a85e-a592e67835dc/distill_methodvanilla_dkd_alpha1.0_dkd_beta8.0_kl_methodkl_mse_normalizeFalse_temperature4.0_weight_ce0.5_weight_kl0.25_weight_mse0.0_zscoreFalse/final_summary.json
lab,H2AFZ,raw,0.5,0.25,0.0,2.0,42,0.5146388456113438,0.4882671350611232,31,${OG_SCRATCH}/carbon_distillation/original/H2AFZ/20260625_121439/396c2654-2a79-4219-94dc-726f45a7dcaa/distill_methodvanilla_dkd_alpha1.0_dkd_beta8.0_kl_methodkl_mse_normalizeFalse_temperature2.0_weight_ce0.5_weight_kl0.25_weight_mse0.0_zscoreFalse/final_summary.json
lab,H2AFZ,raw,0.5,0.25,1.0,0.5,42,0.5126621037620719,0.4592870604876179,15,${OG_SCRATCH}/carbon_distillation/original/H2AFZ/20260625_121504/0cffa2a8-7d0b-4186-9dff-09ab2f19bfc6/distill_methodvanilla_dkd_alpha1.0_dkd_beta8.0_kl_methodkl_mse_normalizeFalse_temperature0.5_weight_ce0.5_weight_kl0.25_weight_mse1.0_zscoreFalse/final_summary.json
lab,H2AFZ,raw,0.5,0.25,1.0,1.0,42,0.5097193688940728,0.46027880552171374,15,${OG_SCRATCH}/carbon_distillation/original/H2AFZ/20260625_121559/0ceb0262-9690-4ecb-8535-5a86dda3fcef/distill_methodvanilla_dkd_alpha1.0_dkd_beta8.0_kl_methodkl_mse_normalizeFalse_temperature1.0_weight_ce0.5_weight_kl0.25_weight_mse1.0_zscoreFalse/final_summary.json
lab,H2AFZ,raw,0.5,0.25,1.0,1.5,42,0.5052031820895957,0.4611475400002866,15,${OG_SCRATCH}/carbon_distillation/original/H2AFZ/20260625_121646/ae68ca0d-83e0-491c-a6ae-478fa88a984f/distill_methodvanilla_dkd_alpha1.0_dkd_beta8.0_kl_methodkl_mse_normalizeFalse_temperature1.5_weight_ce0.5_weight_kl0.25_weight_mse1.0_zscoreFalse/final_summary.json
lab,H2AFZ,raw,0.5,0.25,1.0,2.0,42,0.5080608769821485,0.4912726754146952,25,${OG_SCRATCH}/carbon_distillation/original/H2AFZ/20260625_124630/87e636d7-78a1-439e-b8b2-ff90f26d2617/distill_methodvanilla_dkd_alpha1.0_dkd_beta8.0_kl_methodkl_mse_normalizeFalse_temperature2.0_weight_ce0.5_weight_kl0.25_weight_mse1.0_zscoreFalse/final_summary.json
lab,H2AFZ,raw,0.5,0.25,1.0,4.0,42,0.5115080505646116,0.5038791117472753,35,${OG_SCRATCH}/carbon_distillation/original/H2AFZ/20260625_124740/7e487604-7965-4546-9de1-ff20f560a171/distill_methodvanilla_dkd_alpha1.0_dkd_beta8.0_kl_methodkl_mse_normalizeFalse_temperature4.0_weight_ce0.5_weight_kl0.25_weight_mse1.0_zscoreFalse/final_summary.json
lab,H2AFZ,raw,0.5,0.5,0.0,0.5,42,0.5165637535527191,0.4851002019010604,31,${OG_SCRATCH}/carbon_distillation/original/H2AFZ/20260625_124746/5f74b7c3-df09-45a4-9546-fee080f8527a/distill_methodvanilla_dkd_alpha1.0_dkd_beta8.0_kl_methodkl_mse_normalizeFalse_temperature0.5_weight_ce0.5_weight_kl0.5_weight_mse0.0_zscoreFalse/final_summary.json
lab,H2AFZ,raw,0.5,0.5,0.0,1.0,42,0.5201555407992362,0.4944322356204832,38,${OG_SCRATCH}/carbon_distillation/original/H2AFZ/20260625_124820/b26d13ee-1c1a-4c64-8e14-a92b943904f4/distill_methodvanilla_dkd_alpha1.0_dkd_beta8.0_kl_methodkl_mse_normalizeFalse_temperature1.0_weight_ce0.5_weight_kl0.5_weight_mse0.0_zscoreFalse/final_summary.json
lab,H2AFZ,raw,0.5,0.5,0.0,1.5,42,0.516409700446792,0.49248657906603494,29,${OG_SCRATCH}/carbon_distillation/original/H2AFZ/20260625_124954/c72b9bd2-2f38-48ed-830d-aea5e8d6f682/distill_methodvanilla_dkd_alpha1.0_dkd_beta8.0_kl_methodkl_mse_normalizeFalse_temperature1.5_weight_ce0.5_weight_kl0.5_weight_mse0.0_zscoreFalse/final_summary.json
lab,H2AFZ,raw,0.5,0.5,0.0,2.0,42,0.5199248944470156,0.4768067446143027,55,${OG_SCRATCH}/carbon_distillation/original/H2AFZ/20260625_132058/4aa19927-0dc0-4f92-ad5b-e7b206704f72/distill_methodvanilla_dkd_alpha1.0_dkd_beta8.0_kl_methodkl_mse_normalizeFalse_temperature2.0_weight_ce0.5_weight_kl0.5_weight_mse0.0_zscoreFalse/final_summary.json
lab,H2AFZ,raw,0.5,0.5,1.0,1.0,42,0.5072418990828866,0.5052546013325672,26,${OG_SCRATCH}/carbon_distillation/original/H2AFZ/20260625_132220/62d29f86-db72-4ef5-adab-9ba8becd2d74/distill_methodvanilla_dkd_alpha1.0_dkd_beta8.0_kl_methodkl_mse_normalizeFalse_temperature1.0_weight_ce0.5_weight_kl0.5_weight_mse1.0_zscoreFalse/final_summary.json
lab,H2AFZ,raw,0.5,0.5,1.0,0.5,42,0.51301159148865,0.470494761980295,18,${OG_SCRATCH}/carbon_distillation/original/H2AFZ/20260625_132222/4adc5312-7c69-402e-8dbe-06d90eed41f1/distill_methodvanilla_dkd_alpha1.0_dkd_beta8.0_kl_methodkl_mse_normalizeFalse_temperature0.5_weight_ce0.5_weight_kl0.5_weight_mse1.0_zscoreFalse/final_summary.json
lab,H2AFZ,raw,0.5,0.5,0.0,4.0,42,0.5177686733427047,0.48715556540891264,43,${OG_SCRATCH}/carbon_distillation/original/H2AFZ/20260625_132325/62f85574-99a9-4594-8179-e7c8d6e53104/distill_methodvanilla_dkd_alpha1.0_dkd_beta8.0_kl_methodkl_mse_normalizeFalse_temperature4.0_weight_ce0.5_weight_kl0.5_weight_mse0.0_zscoreFalse/final_summary.json
lab,H2AFZ,raw,0.5,0.5,1.0,1.5,42,0.5088148549299291,0.49600097042017627,29,${OG_SCRATCH}/carbon_distillation/original/H2AFZ/20260625_132437/2448af2d-98ca-4662-adbb-285efeb83913/distill_methodvanilla_dkd_alpha1.0_dkd_beta8.0_kl_methodkl_mse_normalizeFalse_temperature1.5_weight_ce0.5_weight_kl0.5_weight_mse1.0_zscoreFalse/final_summary.json
lab,H2AFZ,raw,0.5,0.5,1.0,2.0,42,0.5071238898519261,0.4793740900114869,17,${OG_SCRATCH}/carbon_distillation/original/H2AFZ/20260625_132632/02af22a9-03f5-401f-ba0d-6a778b252a01/distill_methodvanilla_dkd_alpha1.0_dkd_beta8.0_kl_methodkl_mse_normalizeFalse_temperature2.0_weight_ce0.5_weight_kl0.5_weight_mse1.0_zscoreFalse/final_summary.json
lab,H2AFZ,raw,0.5,1.0,0.0,0.5,42,0.5170087516547398,0.48240956703939797,31,${OG_SCRATCH}/carbon_distillation/original/H2AFZ/20260625_133751/3adbeac1-6fb4-40e2-8113-6d309435f083/distill_methodvanilla_dkd_alpha1.0_dkd_beta8.0_kl_methodkl_mse_normalizeFalse_temperature0.5_weight_ce0.5_weight_kl1.0_weight_mse0.0_zscoreFalse/final_summary.json
lab,H2AFZ,raw,0.5,0.5,1.0,4.0,42,0.5089003967866783,0.47618792674105415,17,${OG_SCRATCH}/carbon_distillation/original/H2AFZ/20260625_135448/9bff6b7f-a6cc-4345-ba90-99f68514ad61/distill_methodvanilla_dkd_alpha1.0_dkd_beta8.0_kl_methodkl_mse_normalizeFalse_temperature4.0_weight_ce0.5_weight_kl0.5_weight_mse1.0_zscoreFalse/final_summary.json
lab,H2AFZ,raw,0.5,1.0,0.0,1.0,42,0.5201962384302401,0.4959699291795024,32,${OG_SCRATCH}/carbon_distillation/original/H2AFZ/20260625_135602/a5d14c84-48c7-434b-8644-01e7c371d9ad/distill_methodvanilla_dkd_alpha1.0_dkd_beta8.0_kl_methodkl_mse_normalizeFalse_temperature1.0_weight_ce0.5_weight_kl1.0_weight_mse0.0_zscoreFalse/final_summary.json
lab,H2AFZ,raw,0.5,1.0,0.0,1.5,42,0.5180983174238383,0.4730075669308597,25,${OG_SCRATCH}/carbon_distillation/original/H2AFZ/20260625_135802/ff786c6d-5e2a-4c71-b4c2-0826c42a3160/distill_methodvanilla_dkd_alpha1.0_dkd_beta8.0_kl_methodkl_mse_normalizeFalse_temperature1.5_weight_ce0.5_weight_kl1.0_weight_mse0.0_zscoreFalse/final_summary.json
lab,H2AFZ,raw,0.5,1.0,0.0,2.0,42,0.5170292903834806,0.47249092188838443,25,${OG_SCRATCH}/carbon_distillation/original/H2AFZ/20260625_140006/c9e0a3ab-a7ee-43c3-983f-a39f4f39bdef/distill_methodvanilla_dkd_alpha1.0_dkd_beta8.0_kl_methodkl_mse_normalizeFalse_temperature2.0_weight_ce0.5_weight_kl1.0_weight_mse0.0_zscoreFalse/final_summary.json
lab,H2AFZ,raw,0.5,1.0,0.0,4.0,42,0.522696519394225,0.4934842392949695,43,${OG_SCRATCH}/carbon_distillation/original/H2AFZ/20260625_140220/7bdf08aa-f0c9-43b9-bddc-28abb9451d67/distill_methodvanilla_dkd_alpha1.0_dkd_beta8.0_kl_methodkl_mse_normalizeFalse_temperature4.0_weight_ce0.5_weight_kl1.0_weight_mse0.0_zscoreFalse/final_summary.json
lab,H2AFZ,raw,0.5,1.0,1.0,0.5,42,0.5046342066195629,0.48795465996182386,25,${OG_SCRATCH}/carbon_distillation/original/H2AFZ/20260625_140226/3d11c3c0-93ea-4d7a-9396-38b87e731067/distill_methodvanilla_dkd_alpha1.0_dkd_beta8.0_kl_methodkl_mse_normalizeFalse_temperature0.5_weight_ce0.5_weight_kl1.0_weight_mse1.0_zscoreFalse/final_summary.json
lab,H2AFZ,raw,0.5,1.0,1.0,1.5,42,0.5082750472088751,0.4844216570653438,19,${OG_SCRATCH}/carbon_distillation/original/H2AFZ/20260625_141036/2d31a0ea-5c51-4fe0-8589-ceae7f9c1a0f/distill_methodvanilla_dkd_alpha1.0_dkd_beta8.0_kl_methodkl_mse_normalizeFalse_temperature1.5_weight_ce0.5_weight_kl1.0_weight_mse1.0_zscoreFalse/final_summary.json
lab,H2AFZ,raw,0.5,1.0,1.0,2.0,42,0.5081459873890295,0.48715556540891264,19,${OG_SCRATCH}/carbon_distillation/original/H2AFZ/20260625_142043/2f8a2de5-5223-4c6d-930d-cb4314464ac4/distill_methodvanilla_dkd_alpha1.0_dkd_beta8.0_kl_methodkl_mse_normalizeFalse_temperature2.0_weight_ce0.5_weight_kl1.0_weight_mse1.0_zscoreFalse/final_summary.json
lab,H2AFZ,raw,0.5,1.0,1.0,1.0,42,0.507993373074774,0.4800890327603319,17,${OG_SCRATCH}/carbon_distillation/original/H2AFZ/20260625_142647/769fc07e-3b60-4492-ae8a-1fe3bac7e769/distill_methodvanilla_dkd_alpha1.0_dkd_beta8.0_kl_methodkl_mse_normalizeFalse_temperature1.0_weight_ce0.5_weight_kl1.0_weight_mse1.0_zscoreFalse/final_summary.json
lab,H2AFZ,raw,0.5,1.0,1.0,4.0,42,0.509637911155701,0.49985686788072753,50,${OG_SCRATCH}/carbon_distillation/original/H2AFZ/20260625_142933/4041f34a-45e8-41d8-b952-46181e4f95c7/distill_methodvanilla_dkd_alpha1.0_dkd_beta8.0_kl_methodkl_mse_normalizeFalse_temperature4.0_weight_ce0.5_weight_kl1.0_weight_mse1.0_zscoreFalse/final_summary.json
lab,H3K27ac,raw,0.5,0.5,0.2,2.0,0,0.4875663055949274,0.46221298842983827,41,${OG_SCRATCH}/carbon_distillation/original/H3K27ac/20260624_175634/927c2568-ec0b-43dd-b503-088cbea7d46e/distill_methodvanilla_dkd_alpha1.0_dkd_beta8.0_kl_methodkl_mse_normalizeFalse_temperature2.0_weight_ce0.5_weight_kl0.5_weight_mse0.2_zscoreFalse/final_summary.json
lab,H3K27ac,raw,0.5,0.0,0.0,0.5,42,0.46591898241563595,0.4683192676772419,27,${OG_SCRATCH}/carbon_distillation/original/H3K27ac/20260625_142946/d756aa8a-e919-44f0-a5ad-2bcaa5430973/distill_methodvanilla_dkd_alpha1.0_dkd_beta8.0_kl_methodkl_mse_normalizeFalse_temperature0.5_weight_ce0.5_weight_kl0.0_weight_mse0.0_zscoreFalse/final_summary.json
lab,H3K27ac,raw,0.5,0.0,1.0,0.5,42,0.45883146774112354,0.4510470163636962,19,${OG_SCRATCH}/carbon_distillation/original/H3K27ac/20260625_143143/139da4d2-ed8a-45b6-b15f-9c5c0c3fc7d6/distill_methodvanilla_dkd_alpha1.0_dkd_beta8.0_kl_methodkl_mse_normalizeFalse_temperature0.5_weight_ce0.5_weight_kl0.0_weight_mse1.0_zscoreFalse/final_summary.json
lab,H3K27ac,raw,0.5,0.25,0.0,0.5,42,0.48309636987919463,0.46995027311957577,28,${OG_SCRATCH}/carbon_distillation/original/H3K27ac/20260625_143638/b3b71cb0-a9d2-41ba-b4b0-a7819e5a5f1f/distill_methodvanilla_dkd_alpha1.0_dkd_beta8.0_kl_methodkl_mse_normalizeFalse_temperature0.5_weight_ce0.5_weight_kl0.25_weight_mse0.0_zscoreFalse/final_summary.json
lab,H3K27ac,raw,0.5,0.25,0.0,1.5,42,0.48578980129397115,0.4654710775068838,28,${OG_SCRATCH}/carbon_distillation/original/H3K27ac/20260625_144316/13fe1761-f3bb-4b8c-8bb7-fddbe96869e4/distill_methodvanilla_dkd_alpha1.0_dkd_beta8.0_kl_methodkl_mse_normalizeFalse_temperature1.5_weight_ce0.5_weight_kl0.25_weight_mse0.0_zscoreFalse/final_summary.json
lab,H3K27ac,raw,0.5,0.25,0.0,2.0,42,0.48468246328737064,0.4657529040021918,28,${OG_SCRATCH}/carbon_distillation/original/H3K27ac/20260625_144316/a84dbe3e-9a5e-4c58-bd49-529753417def/distill_methodvanilla_dkd_alpha1.0_dkd_beta8.0_kl_methodkl_mse_normalizeFalse_temperature2.0_weight_ce0.5_weight_kl0.25_weight_mse0.0_zscoreFalse/final_summary.json
lab,H3K27ac,raw,0.5,0.25,0.0,4.0,42,0.4815536492680974,0.4667231616731666,39,${OG_SCRATCH}/carbon_distillation/original/H3K27ac/20260625_145330/7f766737-c8c1-42f3-9d15-2aa1820f48bb/distill_methodvanilla_dkd_alpha1.0_dkd_beta8.0_kl_methodkl_mse_normalizeFalse_temperature4.0_weight_ce0.5_weight_kl0.25_weight_mse0.0_zscoreFalse/final_summary.json
lab,H3K27ac,raw,0.5,0.25,0.0,1.0,42,0.4834595683849432,0.4667615179645663,28,${OG_SCRATCH}/carbon_distillation/original/H3K27ac/20260625_150838/5a5dcb53-9866-4b67-bf9d-2b7b6d871f16/distill_methodvanilla_dkd_alpha1.0_dkd_beta8.0_kl_methodkl_mse_normalizeFalse_temperature1.0_weight_ce0.5_weight_kl0.25_weight_mse0.0_zscoreFalse/final_summary.json
lab,H3K27ac,raw,0.5,0.25,1.0,0.5,42,0.4657313414611568,0.443717069095778,23,${OG_SCRATCH}/carbon_distillation/original/H3K27ac/20260625_150903/3cb7628e-9880-4d78-8f95-c709843b95e7/distill_methodvanilla_dkd_alpha1.0_dkd_beta8.0_kl_methodkl_mse_normalizeFalse_temperature0.5_weight_ce0.5_weight_kl0.25_weight_mse1.0_zscoreFalse/final_summary.json
lab,H3K27ac,raw,0.5,0.25,1.0,1.0,42,0.46982437930005794,0.4557458618925156,22,${OG_SCRATCH}/carbon_distillation/original/H3K27ac/20260625_150918/e5d90d58-80af-4e06-993a-9f6d63e9ad43/distill_methodvanilla_dkd_alpha1.0_dkd_beta8.0_kl_methodkl_mse_normalizeFalse_temperature1.0_weight_ce0.5_weight_kl0.25_weight_mse1.0_zscoreFalse/final_summary.json
lab,H3K27ac,raw,0.5,0.25,1.0,2.0,42,0.4630130295764215,0.43819948231193445,20,${OG_SCRATCH}/carbon_distillation/original/H3K27ac/20260625_151234/971aa0cc-6ba8-419b-8bc8-4b66e698595f/distill_methodvanilla_dkd_alpha1.0_dkd_beta8.0_kl_methodkl_mse_normalizeFalse_temperature2.0_weight_ce0.5_weight_kl0.25_weight_mse1.0_zscoreFalse/final_summary.json
lab,H3K27ac,raw,0.5,0.25,1.0,4.0,42,0.4670470179946291,0.45182844687341767,24,${OG_SCRATCH}/carbon_distillation/original/H3K27ac/20260625_151400/573a4888-7996-4ef5-991a-d439770370c2/distill_methodvanilla_dkd_alpha1.0_dkd_beta8.0_kl_methodkl_mse_normalizeFalse_temperature4.0_weight_ce0.5_weight_kl0.25_weight_mse1.0_zscoreFalse/final_summary.json
lab,H3K27ac,raw,0.5,0.25,1.0,1.5,42,0.46758933264222713,0.4523259583208068,26,${OG_SCRATCH}/carbon_distillation/original/H3K27ac/20260625_160037/a728dcee-33c1-4e09-8b09-7c47a8b817ad/distill_methodvanilla_dkd_alpha1.0_dkd_beta8.0_kl_methodkl_mse_normalizeFalse_temperature1.5_weight_ce0.5_weight_kl0.25_weight_mse1.0_zscoreFalse/final_summary.json
lab,H3K27ac,raw,0.5,0.5,0.0,0.5,42,0.4895773010690703,0.4816849409739462,34,${OG_SCRATCH}/carbon_distillation/original/H3K27ac/20260625_160250/c4af2533-fada-4473-8a91-85d890e52ee0/distill_methodvanilla_dkd_alpha1.0_dkd_beta8.0_kl_methodkl_mse_normalizeFalse_temperature0.5_weight_ce0.5_weight_kl0.5_weight_mse0.0_zscoreFalse/final_summary.json
lab,H3K27ac,raw,0.5,0.5,0.0,1.0,42,0.48410435710849425,0.46428575043853226,23,${OG_SCRATCH}/carbon_distillation/original/H3K27ac/20260625_160629/06f40735-be69-4e84-85ec-19d15bfad3e3/distill_methodvanilla_dkd_alpha1.0_dkd_beta8.0_kl_methodkl_mse_normalizeFalse_temperature1.0_weight_ce0.5_weight_kl0.5_weight_mse0.0_zscoreFalse/final_summary.json
lab,H3K36me3,raw,0.5,0.5,0.2,2.0,0,0.6141896661970792,0.575660683169964,28,${OG_SCRATCH}/carbon_distillation/original/H3K36me3/20260624_175635/be2b937f-7baf-4ae9-91f1-50e2acf571d8/distill_methodvanilla_dkd_alpha1.0_dkd_beta8.0_kl_methodkl_mse_normalizeFalse_temperature2.0_weight_ce0.5_weight_kl0.5_weight_mse0.2_zscoreFalse/final_summary.json
lab,H3K36me3,raw,0.5,0.0,0.0,0.5,42,0.5987912220804098,0.5518472824673997,19,${OG_SCRATCH}/carbon_distillation/original/H3K36me3/20260625_013446/e0b80f39-6ef2-4783-b650-fa9fd7a8eff6/distill_methodvanilla_dkd_alpha1.0_dkd_beta8.0_kl_methodkl_mse_normalizeFalse_temperature0.5_weight_ce0.5_weight_kl0.0_weight_mse0.0_zscoreFalse/final_summary.json
lab,H3K36me3,raw,0.5,0.0,1.0,0.5,42,0.5948344540584655,0.5555052652699293,15,${OG_SCRATCH}/carbon_distillation/original/H3K36me3/20260625_013652/005ba36c-1979-4703-9e68-4bb31bd38809/distill_methodvanilla_dkd_alpha1.0_dkd_beta8.0_kl_methodkl_mse_normalizeFalse_temperature0.5_weight_ce0.5_weight_kl0.0_weight_mse1.0_zscoreFalse/final_summary.json
lab,H3K36me3,raw,0.5,0.25,0.0,0.5,42,0.6061804362626718,0.5718003098756644,28,${OG_SCRATCH}/carbon_distillation/original/H3K36me3/20260625_013857/01685aa4-8f32-485c-84d5-41470cbb0134/distill_methodvanilla_dkd_alpha1.0_dkd_beta8.0_kl_methodkl_mse_normalizeFalse_temperature0.5_weight_ce0.5_weight_kl0.25_weight_mse0.0_zscoreFalse/final_summary.json
lab,H3K36me3,raw,0.5,0.25,0.0,1.0,42,0.6071471709665138,0.5733380597357407,26,${OG_SCRATCH}/carbon_distillation/original/H3K36me3/20260625_015404/5f6ab4dc-9781-4e73-8c46-81a48c4b7924/distill_methodvanilla_dkd_alpha1.0_dkd_beta8.0_kl_methodkl_mse_normalizeFalse_temperature1.0_weight_ce0.5_weight_kl0.25_weight_mse0.0_zscoreFalse/final_summary.json
lab,H3K36me3,raw,0.5,0.25,0.0,2.0,42,0.609279775144189,0.5725812334774693,26,${OG_SCRATCH}/carbon_distillation/original/H3K36me3/20260625_020924/55de7fd5-76e1-4c70-9ed7-92803290c330/distill_methodvanilla_dkd_alpha1.0_dkd_beta8.0_kl_methodkl_mse_normalizeFalse_temperature2.0_weight_ce0.5_weight_kl0.25_weight_mse0.0_zscoreFalse/final_summary.json
lab,H3K36me3,raw,0.5,0.25,0.0,1.5,42,0.6060227838694476,0.5813680982592844,28,${OG_SCRATCH}/carbon_distillation/original/H3K36me3/20260625_021015/490e1fb9-70a4-4c93-8bb4-e0af4d9cb675/distill_methodvanilla_dkd_alpha1.0_dkd_beta8.0_kl_methodkl_mse_normalizeFalse_temperature1.5_weight_ce0.5_weight_kl0.25_weight_mse0.0_zscoreFalse/final_summary.json
lab,H3K36me3,raw,0.5,0.25,0.0,4.0,42,0.6093915216204423,0.5642961283962119,24,${OG_SCRATCH}/carbon_distillation/original/H3K36me3/20260625_021126/eead918f-4d85-42cc-a52c-8ba930787863/distill_methodvanilla_dkd_alpha1.0_dkd_beta8.0_kl_methodkl_mse_normalizeFalse_temperature4.0_weight_ce0.5_weight_kl0.25_weight_mse0.0_zscoreFalse/final_summary.json
lab,H3K36me3,raw,0.5,0.25,1.0,0.5,42,0.5938037612699012,0.5566737414804025,15,${OG_SCRATCH}/carbon_distillation/original/H3K36me3/20260625_021535/5832dd2d-1ef5-4bff-8adf-ffa9b9705cf4/distill_methodvanilla_dkd_alpha1.0_dkd_beta8.0_kl_methodkl_mse_normalizeFalse_temperature0.5_weight_ce0.5_weight_kl0.25_weight_mse1.0_zscoreFalse/final_summary.json
lab,H3K36me3,raw,0.5,0.25,1.0,1.0,42,0.599617615872606,0.5646578518121357,20,${OG_SCRATCH}/carbon_distillation/original/H3K36me3/20260625_021741/518255d7-1e8a-4d67-8ffd-f42230fe3896/distill_methodvanilla_dkd_alpha1.0_dkd_beta8.0_kl_methodkl_mse_normalizeFalse_temperature1.0_weight_ce0.5_weight_kl0.25_weight_mse1.0_zscoreFalse/final_summary.json
lab,H3K36me3,raw,0.5,0.25,1.0,4.0,42,0.6075055240680475,0.5759154857240792,28,${OG_SCRATCH}/carbon_distillation/original/H3K36me3/20260625_024558/560c9558-52a8-4e66-a595-5c8f18590cfb/distill_methodvanilla_dkd_alpha1.0_dkd_beta8.0_kl_methodkl_mse_normalizeFalse_temperature4.0_weight_ce0.5_weight_kl0.25_weight_mse1.0_zscoreFalse/final_summary.json
lab,H3K36me3,raw,0.5,0.25,1.0,2.0,42,0.602188854171446,0.5766167675129867,21,${OG_SCRATCH}/carbon_distillation/original/H3K36me3/20260625_024559/dd20cb18-5b20-47b5-aafc-81cc15e125bb/distill_methodvanilla_dkd_alpha1.0_dkd_beta8.0_kl_methodkl_mse_normalizeFalse_temperature2.0_weight_ce0.5_weight_kl0.25_weight_mse1.0_zscoreFalse/final_summary.json
lab,H3K36me3,raw,0.5,0.5,0.0,0.5,42,0.60945609163808,0.5767230272992279,28,${OG_SCRATCH}/carbon_distillation/original/H3K36me3/20260625_025009/bb899eeb-c006-4e32-8d1b-c1643b2d8231/distill_methodvanilla_dkd_alpha1.0_dkd_beta8.0_kl_methodkl_mse_normalizeFalse_temperature0.5_weight_ce0.5_weight_kl0.5_weight_mse0.0_zscoreFalse/final_summary.json
lab,H3K36me3,raw,0.5,0.25,1.0,1.5,42,0.6061466305416825,0.5678623768423005,20,${OG_SCRATCH}/carbon_distillation/original/H3K36me3/20260625_025915/f2b46988-f65d-4889-b0ee-4887dc91018f/distill_methodvanilla_dkd_alpha1.0_dkd_beta8.0_kl_methodkl_mse_normalizeFalse_temperature1.5_weight_ce0.5_weight_kl0.25_weight_mse1.0_zscoreFalse/final_summary.json
lab,H3K36me3,raw,0.5,0.5,0.0,1.0,42,0.6082107900733222,0.5735701615614884,34,${OG_SCRATCH}/carbon_distillation/original/H3K36me3/20260625_031145/bdf3fbc6-5760-4304-bd11-ec19f0c4b774/distill_methodvanilla_dkd_alpha1.0_dkd_beta8.0_kl_methodkl_mse_normalizeFalse_temperature1.0_weight_ce0.5_weight_kl0.5_weight_mse0.0_zscoreFalse/final_summary.json
lab,H3K36me3,raw,0.5,0.5,0.0,1.5,42,0.6101238497386432,0.5707512162632381,28,${OG_SCRATCH}/carbon_distillation/original/H3K36me3/20260625_033242/525b1b5b-b45d-4a3e-997c-83fcb89f58c7/distill_methodvanilla_dkd_alpha1.0_dkd_beta8.0_kl_methodkl_mse_normalizeFalse_temperature1.5_weight_ce0.5_weight_kl0.5_weight_mse0.0_zscoreFalse/final_summary.json
lab,H3K36me3,raw,0.5,0.5,0.0,2.0,42,0.6155603668065295,0.5617841955601046,28,${OG_SCRATCH}/carbon_distillation/original/H3K36me3/20260625_040454/a40b0f79-d156-408c-85da-c036b4417e74/distill_methodvanilla_dkd_alpha1.0_dkd_beta8.0_kl_methodkl_mse_normalizeFalse_temperature2.0_weight_ce0.5_weight_kl0.5_weight_mse0.0_zscoreFalse/final_summary.json
lab,H3K36me3,raw,0.5,0.5,0.0,4.0,42,0.6133372013127688,0.5553835075758449,28,${OG_SCRATCH}/carbon_distillation/original/H3K36me3/20260625_040858/f434102a-945d-418b-9b24-6c9ebedb028b/distill_methodvanilla_dkd_alpha1.0_dkd_beta8.0_kl_methodkl_mse_normalizeFalse_temperature4.0_weight_ce0.5_weight_kl0.5_weight_mse0.0_zscoreFalse/final_summary.json
lab,H3K36me3,raw,0.5,0.5,1.0,0.5,42,0.6064427472702093,0.561327687546154,20,${OG_SCRATCH}/carbon_distillation/original/H3K36me3/20260625_042908/9a3d561d-f9fc-4ecd-8c95-c85819c84685/distill_methodvanilla_dkd_alpha1.0_dkd_beta8.0_kl_methodkl_mse_normalizeFalse_temperature0.5_weight_ce0.5_weight_kl0.5_weight_mse1.0_zscoreFalse/final_summary.json
lab,H3K36me3,raw,0.5,0.5,1.0,1.0,42,0.6055951731994573,0.5704785938707917,20,${OG_SCRATCH}/carbon_distillation/original/H3K36me3/20260625_043717/9933c945-1f43-4dba-a73e-f5919b5369a4/distill_methodvanilla_dkd_alpha1.0_dkd_beta8.0_kl_methodkl_mse_normalizeFalse_temperature1.0_weight_ce0.5_weight_kl0.5_weight_mse1.0_zscoreFalse/final_summary.json
lab,H3K36me3,raw,0.5,0.5,1.0,1.5,42,0.6101473588891597,0.5649885771830089,28,${OG_SCRATCH}/carbon_distillation/original/H3K36me3/20260625_044121/d692bb5e-21f5-4351-9b80-1a062d18e327/distill_methodvanilla_dkd_alpha1.0_dkd_beta8.0_kl_methodkl_mse_normalizeFalse_temperature1.5_weight_ce0.5_weight_kl0.5_weight_mse1.0_zscoreFalse/final_summary.json
lab,H3K36me3,raw,0.5,0.5,1.0,2.0,42,0.609526245158392,0.5559588545699465,20,${OG_SCRATCH}/carbon_distillation/original/H3K36me3/20260625_050930/83c55c06-ede1-4eb5-887c-c833fdb339bf/distill_methodvanilla_dkd_alpha1.0_dkd_beta8.0_kl_methodkl_mse_normalizeFalse_temperature2.0_weight_ce0.5_weight_kl0.5_weight_mse1.0_zscoreFalse/final_summary.json
lab,H3K36me3,raw,0.5,0.5,1.0,4.0,42,0.6078008782140369,0.5636957897434965,24,${OG_SCRATCH}/carbon_distillation/original/H3K36me3/20260625_051736/5bde2c71-a3ea-46b8-a7fd-30fe438ec1a3/distill_methodvanilla_dkd_alpha1.0_dkd_beta8.0_kl_methodkl_mse_normalizeFalse_temperature4.0_weight_ce0.5_weight_kl0.5_weight_mse1.0_zscoreFalse/final_summary.json
lab,H3K36me3,raw,0.5,1.0,0.0,0.5,42,0.6104034855268349,0.5800439933614658,28,${OG_SCRATCH}/carbon_distillation/original/H3K36me3/20260625_052546/4c2b2262-ab9f-4d6f-addb-bbfa7bfe8368/distill_methodvanilla_dkd_alpha1.0_dkd_beta8.0_kl_methodkl_mse_normalizeFalse_temperature0.5_weight_ce0.5_weight_kl1.0_weight_mse0.0_zscoreFalse/final_summary.json
lab,H3K36me3,raw,0.5,1.0,0.0,1.0,42,0.6144967042439203,0.5815131014744905,34,${OG_SCRATCH}/carbon_distillation/original/H3K36me3/20260625_054055/74c5bd26-7c67-4bc1-89a8-896ca7987d58/distill_methodvanilla_dkd_alpha1.0_dkd_beta8.0_kl_methodkl_mse_normalizeFalse_temperature1.0_weight_ce0.5_weight_kl1.0_weight_mse0.0_zscoreFalse/final_summary.json
lab,H3K36me3,raw,0.5,1.0,0.0,1.5,42,0.6134999023333366,0.5715315017299137,34,${OG_SCRATCH}/carbon_distillation/original/H3K36me3/20260625_054155/400abe55-4b72-4928-8c7b-7158153d2173/distill_methodvanilla_dkd_alpha1.0_dkd_beta8.0_kl_methodkl_mse_normalizeFalse_temperature1.5_weight_ce0.5_weight_kl1.0_weight_mse0.0_zscoreFalse/final_summary.json
lab,H3K36me3,raw,0.5,1.0,0.0,2.0,42,0.6175663081565682,0.5634275305648219,43,${OG_SCRATCH}/carbon_distillation/original/H3K36me3/20260625_060004/3a1e600a-a9e3-4684-a790-d64308ec8be8/distill_methodvanilla_dkd_alpha1.0_dkd_beta8.0_kl_methodkl_mse_normalizeFalse_temperature2.0_weight_ce0.5_weight_kl1.0_weight_mse0.0_zscoreFalse/final_summary.json
lab,H3K36me3,raw,0.5,1.0,1.0,0.5,42,0.6078898475108561,0.565652545205521,20,${OG_SCRATCH}/carbon_distillation/original/H3K36me3/20260625_061617/ee5897b3-73b7-48db-93ad-00e074826716/distill_methodvanilla_dkd_alpha1.0_dkd_beta8.0_kl_methodkl_mse_normalizeFalse_temperature0.5_weight_ce0.5_weight_kl1.0_weight_mse1.0_zscoreFalse/final_summary.json
lab,H3K36me3,raw,0.5,1.0,0.0,4.0,42,0.6148468658657157,0.5731134196762062,43,${OG_SCRATCH}/carbon_distillation/original/H3K36me3/20260625_061716/fdbdb298-787e-478a-9bd0-a5dfed10274e/distill_methodvanilla_dkd_alpha1.0_dkd_beta8.0_kl_methodkl_mse_normalizeFalse_temperature4.0_weight_ce0.5_weight_kl1.0_weight_mse0.0_zscoreFalse/final_summary.json
lab,H3K36me3,raw,0.5,1.0,1.0,1.0,42,0.6118828396181532,0.553935376214331,30,${OG_SCRATCH}/carbon_distillation/original/H3K36me3/20260625_064025/d116c756-7f88-4441-8e1e-7e32dee7982d/distill_methodvanilla_dkd_alpha1.0_dkd_beta8.0_kl_methodkl_mse_normalizeFalse_temperature1.0_weight_ce0.5_weight_kl1.0_weight_mse1.0_zscoreFalse/final_summary.json
lab,H3K36me3,raw,0.5,1.0,1.0,1.5,42,0.6062433457328805,0.5582887761446597,20,${OG_SCRATCH}/carbon_distillation/original/H3K36me3/20260625_065033/762ca803-59e8-4f6b-98f2-3e1fddc7bb69/distill_methodvanilla_dkd_alpha1.0_dkd_beta8.0_kl_methodkl_mse_normalizeFalse_temperature1.5_weight_ce0.5_weight_kl1.0_weight_mse1.0_zscoreFalse/final_summary.json
lab,H3K36me3,raw,0.5,1.0,1.0,2.0,42,0.6087901272707528,0.5624735763295192,24,${OG_SCRATCH}/carbon_distillation/original/H3K36me3/20260625_065745/0ff784e8-ae53-4193-aa16-1069aaa48337/distill_methodvanilla_dkd_alpha1.0_dkd_beta8.0_kl_methodkl_mse_normalizeFalse_temperature2.0_weight_ce0.5_weight_kl1.0_weight_mse1.0_zscoreFalse/final_summary.json
lab,H3K36me3,raw,0.5,1.0,1.0,4.0,42,0.6092955670518888,0.5598827406262122,49,${OG_SCRATCH}/carbon_distillation/original/H3K36me3/20260625_070242/d0f13b74-8a9b-4eff-a715-b06111b04dc4/distill_methodvanilla_dkd_alpha1.0_dkd_beta8.0_kl_methodkl_mse_normalizeFalse_temperature4.0_weight_ce0.5_weight_kl1.0_weight_mse1.0_zscoreFalse/final_summary.json
lab,H3K4me2,raw,0.5,0.5,0.2,2.0,0,0.5861481942449,0.5473369757007442,20,${OG_SCRATCH}/carbon_distillation/original/H3K4me2/20260624_190511/ce72bf6c-367e-4344-b41f-aba646b654de/distill_methodvanilla_dkd_alpha1.0_dkd_beta8.0_kl_methodkl_mse_normalizeFalse_temperature2.0_weight_ce0.5_weight_kl0.5_weight_mse0.2_zscoreFalse/final_summary.json
lab,H3K4me2,raw,0.5,0.0,0.0,0.5,42,0.5788994714494913,0.5361332182859954,32,${OG_SCRATCH}/carbon_distillation/original/H3K4me2/20260625_165646/57f40594-19c8-427d-912d-55196a3db4fc/distill_methodvanilla_dkd_alpha1.0_dkd_beta8.0_kl_methodkl_mse_normalizeFalse_temperature0.5_weight_ce0.5_weight_kl0.0_weight_mse0.0_zscoreFalse/final_summary.json
lab,H3K4me2,raw,0.5,0.0,1.0,0.5,42,0.5702638866828708,0.5450382775284728,20,${OG_SCRATCH}/carbon_distillation/original/H3K4me2/20260625_172435/276ddae9-5849-44a5-a8cc-c53b4c280d3a/distill_methodvanilla_dkd_alpha1.0_dkd_beta8.0_kl_methodkl_mse_normalizeFalse_temperature0.5_weight_ce0.5_weight_kl0.0_weight_mse1.0_zscoreFalse/final_summary.json
lab,H3K4me2,raw,0.5,0.25,0.0,0.5,42,0.5789328380501998,0.5410605284667502,25,${OG_SCRATCH}/carbon_distillation/original/H3K4me2/20260625_172726/3bbfd893-34a5-4cd7-8395-db810f800c3f/distill_methodvanilla_dkd_alpha1.0_dkd_beta8.0_kl_methodkl_mse_normalizeFalse_temperature0.5_weight_ce0.5_weight_kl0.25_weight_mse0.0_zscoreFalse/final_summary.json
lab,H3K4me2,raw,0.5,0.25,0.0,1.0,42,0.586013626187253,0.5349350691644257,35,${OG_SCRATCH}/carbon_distillation/original/H3K4me2/20260625_184314/cf1eb95e-a1b0-413f-a218-3bb78dd5ddc7/distill_methodvanilla_dkd_alpha1.0_dkd_beta8.0_kl_methodkl_mse_normalizeFalse_temperature1.0_weight_ce0.5_weight_kl0.25_weight_mse0.0_zscoreFalse/final_summary.json
lab,H3K4me2,raw,0.5,0.25,0.0,4.0,42,0.5879124576580541,0.5389201345856418,35,${OG_SCRATCH}/carbon_distillation/original/H3K4me2/20260625_184441/a9207f3b-90fe-463f-92f8-f39178fb40b1/distill_methodvanilla_dkd_alpha1.0_dkd_beta8.0_kl_methodkl_mse_normalizeFalse_temperature4.0_weight_ce0.5_weight_kl0.25_weight_mse0.0_zscoreFalse/final_summary.json
lab,H3K4me2,raw,0.5,0.25,0.0,1.5,42,0.5903580143877744,0.5377026542524547,34,${OG_SCRATCH}/carbon_distillation/original/H3K4me2/20260625_185351/3c930bbc-290e-48ed-849d-4bfdab7e6fde/distill_methodvanilla_dkd_alpha1.0_dkd_beta8.0_kl_methodkl_mse_normalizeFalse_temperature1.5_weight_ce0.5_weight_kl0.25_weight_mse0.0_zscoreFalse/final_summary.json
lab,H3K4me2,raw,0.5,0.25,0.0,2.0,42,0.5907482730131549,0.5339844797735657,34,${OG_SCRATCH}/carbon_distillation/original/H3K4me2/20260625_190844/92b6ed4a-e324-456c-9d8b-b3efbd743815/distill_methodvanilla_dkd_alpha1.0_dkd_beta8.0_kl_methodkl_mse_normalizeFalse_temperature2.0_weight_ce0.5_weight_kl0.25_weight_mse0.0_zscoreFalse/final_summary.json
lab,H3K4me2,raw,0.5,0.25,1.0,0.5,42,0.5701786645486597,0.548207097290425,20,${OG_SCRATCH}/carbon_distillation/original/H3K4me2/20260625_191727/e2d78401-9325-42d8-a058-b34282ef697d/distill_methodvanilla_dkd_alpha1.0_dkd_beta8.0_kl_methodkl_mse_normalizeFalse_temperature0.5_weight_ce0.5_weight_kl0.25_weight_mse1.0_zscoreFalse/final_summary.json
lab,H3K4me2,raw,0.5,0.25,1.0,1.5,42,0.5773975436210433,0.5474836957991083,20,${OG_SCRATCH}/carbon_distillation/original/H3K4me2/20260625_192306/c1619928-def7-47b2-842e-41bcc6b01a92/distill_methodvanilla_dkd_alpha1.0_dkd_beta8.0_kl_methodkl_mse_normalizeFalse_temperature1.5_weight_ce0.5_weight_kl0.25_weight_mse1.0_zscoreFalse/final_summary.json
lab,H3K4me2,raw,0.5,0.25,1.0,2.0,42,0.581350717836259,0.5414233409764294,20,${OG_SCRATCH}/carbon_distillation/original/H3K4me2/20260625_193815/af5172ed-929c-4a60-9eb4-0ddd6b13aea1/distill_methodvanilla_dkd_alpha1.0_dkd_beta8.0_kl_methodkl_mse_normalizeFalse_temperature2.0_weight_ce0.5_weight_kl0.25_weight_mse1.0_zscoreFalse/final_summary.json
lab,H3K4me2,raw,0.5,0.25,1.0,1.0,42,0.5757245251615808,0.5444263586884222,25,${OG_SCRATCH}/carbon_distillation/original/H3K4me2/20260625_193815/e63306b8-79ee-4042-9c3b-4620f3f8394c/distill_methodvanilla_dkd_alpha1.0_dkd_beta8.0_kl_methodkl_mse_normalizeFalse_temperature1.0_weight_ce0.5_weight_kl0.25_weight_mse1.0_zscoreFalse/final_summary.json
lab,H3K4me2,raw,0.5,0.25,1.0,4.0,42,0.5769841163813392,0.5300962176947078,25,${OG_SCRATCH}/carbon_distillation/original/H3K4me2/20260625_194246/11ad5473-940b-4cf3-a5c3-543e5e4a2d76/distill_methodvanilla_dkd_alpha1.0_dkd_beta8.0_kl_methodkl_mse_normalizeFalse_temperature4.0_weight_ce0.5_weight_kl0.25_weight_mse1.0_zscoreFalse/final_summary.json
lab,H3K4me2,raw,0.5,0.5,0.0,0.5,42,0.5866853490485213,0.5376569177348542,29,${OG_SCRATCH}/carbon_distillation/original/H3K4me2/20260625_195014/7ddf4339-ede5-4821-8ce6-bd145e5f5d7f/distill_methodvanilla_dkd_alpha1.0_dkd_beta8.0_kl_methodkl_mse_normalizeFalse_temperature0.5_weight_ce0.5_weight_kl0.5_weight_mse0.0_zscoreFalse/final_summary.json
lab,H3K4me2,raw,0.5,0.5,0.0,2.0,42,0.586426450623158,0.540714801710093,35,${OG_SCRATCH}/carbon_distillation/original/H3K4me2/20260625_195943/9d7d2408-7452-4161-8314-5c93769a2acb/distill_methodvanilla_dkd_alpha1.0_dkd_beta8.0_kl_methodkl_mse_normalizeFalse_temperature2.0_weight_ce0.5_weight_kl0.5_weight_mse0.0_zscoreFalse/final_summary.json
lab,H3K4me2,raw,0.5,0.5,0.0,1.0,42,0.5877502608675046,0.5501723730080794,29,${OG_SCRATCH}/carbon_distillation/original/H3K4me2/20260625_201121/d2dfcded-e779-41d6-bbb4-87f66d81dcd0/distill_methodvanilla_dkd_alpha1.0_dkd_beta8.0_kl_methodkl_mse_normalizeFalse_temperature1.0_weight_ce0.5_weight_kl0.5_weight_mse0.0_zscoreFalse/final_summary.json
lab,H3K4me2,raw,0.5,0.5,0.0,1.5,42,0.5882212013561255,0.5507041417144488,35,${OG_SCRATCH}/carbon_distillation/original/H3K4me2/20260625_201207/c4dfa508-007b-4091-8944-8d7f7e6a4187/distill_methodvanilla_dkd_alpha1.0_dkd_beta8.0_kl_methodkl_mse_normalizeFalse_temperature1.5_weight_ce0.5_weight_kl0.5_weight_mse0.0_zscoreFalse/final_summary.json
lab,H3K4me2,raw,0.5,0.5,0.0,4.0,42,0.5828414581362988,0.535572903699117,27,${OG_SCRATCH}/carbon_distillation/original/H3K4me2/20260625_201337/48773287-62ea-48e4-95dd-9c378badda0f/distill_methodvanilla_dkd_alpha1.0_dkd_beta8.0_kl_methodkl_mse_normalizeFalse_temperature4.0_weight_ce0.5_weight_kl0.5_weight_mse0.0_zscoreFalse/final_summary.json
lab,H3K4me2,raw,0.5,0.5,1.0,0.5,42,0.5794790120988662,0.5448623807283054,20,${OG_SCRATCH}/carbon_distillation/original/H3K4me2/20260625_201820/d75143ed-8a8d-49af-93cb-ce9b21a7c7f5/distill_methodvanilla_dkd_alpha1.0_dkd_beta8.0_kl_methodkl_mse_normalizeFalse_temperature0.5_weight_ce0.5_weight_kl0.5_weight_mse1.0_zscoreFalse/final_summary.json
lab,H3K4me2,raw,0.5,0.5,1.0,1.0,42,0.5815781725440077,0.539517334437388,25,${OG_SCRATCH}/carbon_distillation/original/H3K4me2/20260625_202333/225aecc9-d0b8-4b8e-8b26-33239c64b58c/distill_methodvanilla_dkd_alpha1.0_dkd_beta8.0_kl_methodkl_mse_normalizeFalse_temperature1.0_weight_ce0.5_weight_kl0.5_weight_mse1.0_zscoreFalse/final_summary.json
lab,H3K4me2,raw,0.5,0.5,1.0,1.5,42,0.578429835687547,0.5384647746673007,25,${OG_SCRATCH}/carbon_distillation/original/H3K4me2/20260625_202613/91fb230e-ba8e-4c28-b272-575e02a3318d/distill_methodvanilla_dkd_alpha1.0_dkd_beta8.0_kl_methodkl_mse_normalizeFalse_temperature1.5_weight_ce0.5_weight_kl0.5_weight_mse1.0_zscoreFalse/final_summary.json
lab,H3K4me2,raw,0.5,0.5,1.0,4.0,42,0.5731527524580748,0.5365048437617017,25,${OG_SCRATCH}/carbon_distillation/original/H3K4me2/20260625_204026/7637b486-b5dc-4d42-a2cf-e5a3b9af7cb1/distill_methodvanilla_dkd_alpha1.0_dkd_beta8.0_kl_methodkl_mse_normalizeFalse_temperature4.0_weight_ce0.5_weight_kl0.5_weight_mse1.0_zscoreFalse/final_summary.json
lab,H3K4me2,raw,0.5,0.5,1.0,2.0,42,0.5805432332478465,0.5416650899421873,25,${OG_SCRATCH}/carbon_distillation/original/H3K4me2/20260625_204423/63bacac8-ab0e-491f-a9e3-505ef365af6d/distill_methodvanilla_dkd_alpha1.0_dkd_beta8.0_kl_methodkl_mse_normalizeFalse_temperature2.0_weight_ce0.5_weight_kl0.5_weight_mse1.0_zscoreFalse/final_summary.json
lab,H3K4me2,raw,0.5,1.0,0.0,0.5,42,0.5884862146405678,0.5439891471889768,31,${OG_SCRATCH}/carbon_distillation/original/H3K4me2/20260625_204639/ef73c7a9-8fbc-45f9-8cdc-702d438be286/distill_methodvanilla_dkd_alpha1.0_dkd_beta8.0_kl_methodkl_mse_normalizeFalse_temperature0.5_weight_ce0.5_weight_kl1.0_weight_mse0.0_zscoreFalse/final_summary.json
lab,H3K4me2,raw,0.5,1.0,0.0,1.0,42,0.5925571238978075,0.5480582727056326,39,${OG_SCRATCH}/carbon_distillation/original/H3K4me2/20260625_204728/f56b6ed5-9e6f-4941-a13d-49bc5f0dbd61/distill_methodvanilla_dkd_alpha1.0_dkd_beta8.0_kl_methodkl_mse_normalizeFalse_temperature1.0_weight_ce0.5_weight_kl1.0_weight_mse0.0_zscoreFalse/final_summary.json
lab,H3K4me2,raw,0.5,1.0,0.0,1.5,42,0.5848570537464313,0.5400635102041906,30,${OG_SCRATCH}/carbon_distillation/original/H3K4me2/20260625_205139/befd5f75-bbe1-4022-b0cd-77c2dff9505f/distill_methodvanilla_dkd_alpha1.0_dkd_beta8.0_kl_methodkl_mse_normalizeFalse_temperature1.5_weight_ce0.5_weight_kl1.0_weight_mse0.0_zscoreFalse/final_summary.json
lab,H3K4me2,raw,0.5,1.0,0.0,2.0,42,0.5861978956326483,0.5501780523460797,42,${OG_SCRATCH}/carbon_distillation/original/H3K4me2/20260625_205745/4d98595e-9aea-4c43-9de1-989cdf5f135c/distill_methodvanilla_dkd_alpha1.0_dkd_beta8.0_kl_methodkl_mse_normalizeFalse_temperature2.0_weight_ce0.5_weight_kl1.0_weight_mse0.0_zscoreFalse/final_summary.json
lab,H3K4me2,raw,0.5,1.0,1.0,0.5,42,0.5788034461751403,0.5328914862989567,25,${OG_SCRATCH}/carbon_distillation/original/H3K4me2/20260625_210103/99848cc9-4ea4-4bf5-ba03-8433f2862d74/distill_methodvanilla_dkd_alpha1.0_dkd_beta8.0_kl_methodkl_mse_normalizeFalse_temperature0.5_weight_ce0.5_weight_kl1.0_weight_mse1.0_zscoreFalse/final_summary.json
lab,H3K4me2,raw,0.5,1.0,1.0,1.0,42,0.5831796574526468,0.5387552507854177,25,${OG_SCRATCH}/carbon_distillation/original/H3K4me2/20260625_211509/20f76b5b-248d-4e20-8088-e7ea215d4324/distill_methodvanilla_dkd_alpha1.0_dkd_beta8.0_kl_methodkl_mse_normalizeFalse_temperature1.0_weight_ce0.5_weight_kl1.0_weight_mse1.0_zscoreFalse/final_summary.json
lab,H3K4me2,raw,0.5,1.0,0.0,4.0,42,0.580183447079109,0.5500982049350699,42,${OG_SCRATCH}/carbon_distillation/original/H3K4me2/20260625_211849/d43f4082-df06-4ab7-a125-544a0db612a7/distill_methodvanilla_dkd_alpha1.0_dkd_beta8.0_kl_methodkl_mse_normalizeFalse_temperature4.0_weight_ce0.5_weight_kl1.0_weight_mse0.0_zscoreFalse/final_summary.json
lab,H3K4me2,raw,0.5,1.0,1.0,1.5,42,0.5755774919764244,0.5284733144335514,25,${OG_SCRATCH}/carbon_distillation/original/H3K4me2/20260625_212121/24a94204-c610-4df5-b4c2-e80bbe1414e3/distill_methodvanilla_dkd_alpha1.0_dkd_beta8.0_kl_methodkl_mse_normalizeFalse_temperature1.5_weight_ce0.5_weight_kl1.0_weight_mse1.0_zscoreFalse/final_summary.json
lab,H3K4me2,raw,0.5,1.0,1.0,2.0,42,0.5776218612276318,0.5417789944509878,19,${OG_SCRATCH}/carbon_distillation/original/H3K4me2/20260625_212335/85c57c28-5cae-4789-bb2f-ca292381f99c/distill_methodvanilla_dkd_alpha1.0_dkd_beta8.0_kl_methodkl_mse_normalizeFalse_temperature2.0_weight_ce0.5_weight_kl1.0_weight_mse1.0_zscoreFalse/final_summary.json
lab,H3K4me2,raw,0.5,1.0,1.0,4.0,42,0.5734089800199481,0.543859068912606,21,${OG_SCRATCH}/carbon_distillation/original/H3K4me2/20260625_212542/9b85fc24-7cb5-44dc-a787-e023b6e82ca7/distill_methodvanilla_dkd_alpha1.0_dkd_beta8.0_kl_methodkl_mse_normalizeFalse_temperature4.0_weight_ce0.5_weight_kl1.0_weight_mse1.0_zscoreFalse/final_summary.json
lab,H3K4me3,raw,0.5,0.5,0.2,2.0,0,0.6757701603178605,0.6142638571931478,37,${OG_SCRATCH}/carbon_distillation/original/H3K4me3/20260624_190616/2d151f51-c862-4cd4-a5b4-49c2026194c2/distill_methodvanilla_dkd_alpha1.0_dkd_beta8.0_kl_methodkl_mse_normalizeFalse_temperature2.0_weight_ce0.5_weight_kl0.5_weight_mse0.2_zscoreFalse/final_summary.json
lab,H3K4me3,raw,0.5,0.0,0.0,0.5,42,0.6658326037700972,0.6325830475157406,31,${OG_SCRATCH}/carbon_distillation/original/H3K4me3/20260625_213527/746468de-aa75-4d1c-9efe-0827e0515230/distill_methodvanilla_dkd_alpha1.0_dkd_beta8.0_kl_methodkl_mse_normalizeFalse_temperature0.5_weight_ce0.5_weight_kl0.0_weight_mse0.0_zscoreFalse/final_summary.json
lab,H3K4me3,raw,0.5,0.0,1.0,0.5,42,0.668643428294467,0.6251164249530188,33,${OG_SCRATCH}/carbon_distillation/original/H3K4me3/20260625_213554/7fb91db1-8c4e-48a9-9b76-940df3e6808d/distill_methodvanilla_dkd_alpha1.0_dkd_beta8.0_kl_methodkl_mse_normalizeFalse_temperature0.5_weight_ce0.5_weight_kl0.0_weight_mse1.0_zscoreFalse/final_summary.json
lab,H3K4me3,raw,0.5,0.25,0.0,1.0,42,0.6766310351929306,0.6548567081692704,31,${OG_SCRATCH}/carbon_distillation/original/H3K4me3/20260625_215003/733e93aa-c69d-4780-a02f-45eafc4a1725/distill_methodvanilla_dkd_alpha1.0_dkd_beta8.0_kl_methodkl_mse_normalizeFalse_temperature1.0_weight_ce0.5_weight_kl0.25_weight_mse0.0_zscoreFalse/final_summary.json
lab,H3K4me3,raw,0.5,0.25,0.0,0.5,42,0.6736967164383088,0.6422326907361692,31,${OG_SCRATCH}/carbon_distillation/original/H3K4me3/20260625_215345/aa8ec08d-d24d-4db8-856f-19f4838f5a4c/distill_methodvanilla_dkd_alpha1.0_dkd_beta8.0_kl_methodkl_mse_normalizeFalse_temperature0.5_weight_ce0.5_weight_kl0.25_weight_mse0.0_zscoreFalse/final_summary.json
lab,H3K4me3,raw,0.5,0.25,0.0,2.0,42,0.6730988219693738,0.6316132411657703,31,${OG_SCRATCH}/carbon_distillation/original/H3K4me3/20260625_215534/f2dacfd6-3a67-4722-857e-736460ed578b/distill_methodvanilla_dkd_alpha1.0_dkd_beta8.0_kl_methodkl_mse_normalizeFalse_temperature2.0_weight_ce0.5_weight_kl0.25_weight_mse0.0_zscoreFalse/final_summary.json
lab,H3K4me3,raw,0.5,0.25,0.0,1.5,42,0.6766989833193982,0.6444669009268187,31,${OG_SCRATCH}/carbon_distillation/original/H3K4me3/20260625_215605/0d689d2f-059e-4b43-a2f9-956152836283/distill_methodvanilla_dkd_alpha1.0_dkd_beta8.0_kl_methodkl_mse_normalizeFalse_temperature1.5_weight_ce0.5_weight_kl0.25_weight_mse0.0_zscoreFalse/final_summary.json
lab,H3K4me3,raw,0.5,0.25,1.0,0.5,42,0.6668619487101989,0.6263073813990631,33,${OG_SCRATCH}/carbon_distillation/original/H3K4me3/20260625_215710/e586eb88-1d76-4988-b8b5-b84a52324599/distill_methodvanilla_dkd_alpha1.0_dkd_beta8.0_kl_methodkl_mse_normalizeFalse_temperature0.5_weight_ce0.5_weight_kl0.25_weight_mse1.0_zscoreFalse/final_summary.json
lab,H3K4me3,raw,0.5,0.25,0.0,4.0,42,0.6680767757499385,0.6251164249530188,68,${OG_SCRATCH}/carbon_distillation/original/H3K4me3/20260625_215711/8c761350-6715-4cff-820a-855cd7ae600f/distill_methodvanilla_dkd_alpha1.0_dkd_beta8.0_kl_methodkl_mse_normalizeFalse_temperature4.0_weight_ce0.5_weight_kl0.25_weight_mse0.0_zscoreFalse/final_summary.json
lab,H3K4me3,raw,0.5,0.25,1.0,1.0,42,0.6659189693353509,0.6295437946869445,34,${OG_SCRATCH}/carbon_distillation/original/H3K4me3/20260625_215921/53a01052-4563-487f-aa04-8a3ca600ec02/distill_methodvanilla_dkd_alpha1.0_dkd_beta8.0_kl_methodkl_mse_normalizeFalse_temperature1.0_weight_ce0.5_weight_kl0.25_weight_mse1.0_zscoreFalse/final_summary.json
lab,H3K4me3,raw,0.5,0.25,1.0,2.0,42,0.674879029530851,0.6366508028579945,30,${OG_SCRATCH}/carbon_distillation/original/H3K4me3/20260625_221042/330fbe60-3e4a-4ab1-ac25-0d17bbafaa4c/distill_methodvanilla_dkd_alpha1.0_dkd_beta8.0_kl_methodkl_mse_normalizeFalse_temperature2.0_weight_ce0.5_weight_kl0.25_weight_mse1.0_zscoreFalse/final_summary.json
lab,H3K4me3,raw,0.5,0.25,1.0,1.5,42,0.6751647274232925,0.6294013554319098,34,${OG_SCRATCH}/carbon_distillation/original/H3K4me3/20260625_221400/a0e46d0e-1789-4176-aed1-33712988ffc7/distill_methodvanilla_dkd_alpha1.0_dkd_beta8.0_kl_methodkl_mse_normalizeFalse_temperature1.5_weight_ce0.5_weight_kl0.25_weight_mse1.0_zscoreFalse/final_summary.json
lab,H3K4me3,raw,0.5,0.5,1.0,0.5,42,0.6614669779128504,0.6224274023829083,23,${OG_SCRATCH}/carbon_distillation/original/H3K4me3/20260625_225146/652e7b25-8be1-4abe-9fcb-e2dd46c9020e/distill_methodvanilla_dkd_alpha1.0_dkd_beta8.0_kl_methodkl_mse_normalizeFalse_temperature0.5_weight_ce0.5_weight_kl0.5_weight_mse1.0_zscoreFalse/final_summary.json
lab,H3K4me3,raw,0.5,0.5,1.0,1.0,42,0.6703524894653864,0.629166960217864,28,${OG_SCRATCH}/carbon_distillation/original/H3K4me3/20260625_231341/1d9ea014-c3e3-4a28-942d-313308f2befc/distill_methodvanilla_dkd_alpha1.0_dkd_beta8.0_kl_methodkl_mse_normalizeFalse_temperature1.0_weight_ce0.5_weight_kl0.5_weight_mse1.0_zscoreFalse/final_summary.json
lab,H3K4me3,raw,0.5,0.5,0.0,2.0,42,0.6750805682157366,0.626757204212406,37,${OG_SCRATCH}/carbon_distillation/original/H3K4me3/20260625_232446/e1c8b2ef-fca9-4b85-93e3-7ae9c46bac0b/distill_methodvanilla_dkd_alpha1.0_dkd_beta8.0_kl_methodkl_mse_normalizeFalse_temperature2.0_weight_ce0.5_weight_kl0.5_weight_mse0.0_zscoreFalse/final_summary.json
lab,H3K4me3,raw,0.5,0.5,0.0,1.5,42,0.6750899334316042,0.6391837494419614,31,${OG_SCRATCH}/carbon_distillation/original/H3K4me3/20260625_232448/c0f3a91b-60d3-4fba-9033-ab4ac802b13d/distill_methodvanilla_dkd_alpha1.0_dkd_beta8.0_kl_methodkl_mse_normalizeFalse_temperature1.5_weight_ce0.5_weight_kl0.5_weight_mse0.0_zscoreFalse/final_summary.json
lab,H3K4me3,raw,0.5,0.5,0.0,0.5,42,0.6741040771970872,0.6547783713416477,31,${OG_SCRATCH}/carbon_distillation/original/H3K4me3/20260625_232449/b30c5466-ea1b-4563-aa2f-c7c1c6ef2b1c/distill_methodvanilla_dkd_alpha1.0_dkd_beta8.0_kl_methodkl_mse_normalizeFalse_temperature0.5_weight_ce0.5_weight_kl0.5_weight_mse0.0_zscoreFalse/final_summary.json
lab,H3K4me3,raw,0.5,0.5,0.0,1.0,42,0.675331222239452,0.6393111657194042,31,${OG_SCRATCH}/carbon_distillation/original/H3K4me3/20260625_232453/4bdea7be-acd5-4d5c-8092-8b87a30c651e/distill_methodvanilla_dkd_alpha1.0_dkd_beta8.0_kl_methodkl_mse_normalizeFalse_temperature1.0_weight_ce0.5_weight_kl0.5_weight_mse0.0_zscoreFalse/final_summary.json
lab,H3K4me3,raw,0.5,0.25,1.0,4.0,42,0.6761188009462126,0.631445396184653,28,${OG_SCRATCH}/carbon_distillation/original/H3K4me3/20260625_232454/74b4f013-7d83-4732-955f-deb4661150a3/distill_methodvanilla_dkd_alpha1.0_dkd_beta8.0_kl_methodkl_mse_normalizeFalse_temperature4.0_weight_ce0.5_weight_kl0.25_weight_mse1.0_zscoreFalse/final_summary.json
lab,H3K4me3,raw,0.5,0.5,1.0,2.0,42,0.6806185215578073,0.6367692676242664,28,${OG_SCRATCH}/carbon_distillation/original/H3K4me3/20260625_232553/7ba5fde8-d0ce-4bee-b6f6-38491b518264/distill_methodvanilla_dkd_alpha1.0_dkd_beta8.0_kl_methodkl_mse_normalizeFalse_temperature2.0_weight_ce0.5_weight_kl0.5_weight_mse1.0_zscoreFalse/final_summary.json
lab,H3K4me3,raw,0.5,0.5,1.0,1.5,42,0.6771620932714116,0.6341554305119895,28,${OG_SCRATCH}/carbon_distillation/original/H3K4me3/20260625_232553/c50f79b2-766b-4ffb-acd3-25b437c40bc7/distill_methodvanilla_dkd_alpha1.0_dkd_beta8.0_kl_methodkl_mse_normalizeFalse_temperature1.5_weight_ce0.5_weight_kl0.5_weight_mse1.0_zscoreFalse/final_summary.json
lab,H3K4me3,raw,0.5,0.5,0.0,4.0,42,0.6663516756581818,0.629166960217864,34,${OG_SCRATCH}/carbon_distillation/original/H3K4me3/20260626_002837/d5aed406-9244-4fde-a96f-fab2283420eb/distill_methodvanilla_dkd_alpha1.0_dkd_beta8.0_kl_methodkl_mse_normalizeFalse_temperature4.0_weight_ce0.5_weight_kl0.5_weight_mse0.0_zscoreFalse/final_summary.json
lab,H3K4me3,raw,0.5,0.5,1.0,4.0,42,0.684171216315145,0.631915699720327,28,${OG_SCRATCH}/carbon_distillation/original/H3K4me3/20260626_003447/7ed4e1dc-5430-46f5-a03c-e3a16d328a7a/distill_methodvanilla_dkd_alpha1.0_dkd_beta8.0_kl_methodkl_mse_normalizeFalse_temperature4.0_weight_ce0.5_weight_kl0.5_weight_mse1.0_zscoreFalse/final_summary.json
lab,H3K4me3,raw,0.5,1.0,0.0,0.5,42,0.6738818914969809,0.6473911862440902,34,${OG_SCRATCH}/carbon_distillation/original/H3K4me3/20260626_003619/66dd1963-434f-4b68-a2e1-b8c9203d7e2e/distill_methodvanilla_dkd_alpha1.0_dkd_beta8.0_kl_methodkl_mse_normalizeFalse_temperature0.5_weight_ce0.5_weight_kl1.0_weight_mse0.0_zscoreFalse/final_summary.json
lab,H3K4me3,raw,0.5,1.0,0.0,1.0,42,0.6732963214262495,0.6340964397009892,34,${OG_SCRATCH}/carbon_distillation/original/H3K4me3/20260626_003732/3559d992-ca5a-4e9d-8be7-5300efac394e/distill_methodvanilla_dkd_alpha1.0_dkd_beta8.0_kl_methodkl_mse_normalizeFalse_temperature1.0_weight_ce0.5_weight_kl1.0_weight_mse0.0_zscoreFalse/final_summary.json
lab,H3K4me3,raw,0.5,1.0,0.0,4.0,42,0.6666626106720469,0.6061864721730048,59,${OG_SCRATCH}/carbon_distillation/original/H3K4me3/20260626_003749/f22b099a-fc17-45e3-8c25-b593a2495734/distill_methodvanilla_dkd_alpha1.0_dkd_beta8.0_kl_methodkl_mse_normalizeFalse_temperature4.0_weight_ce0.5_weight_kl1.0_weight_mse0.0_zscoreFalse/final_summary.json
lab,H3K4me3,raw,0.5,1.0,0.0,1.5,42,0.6694610485830158,0.6347039897253621,37,${OG_SCRATCH}/carbon_distillation/original/H3K4me3/20260626_004900/1a52c477-2e7c-45c8-9dbe-9c6925c9ab93/distill_methodvanilla_dkd_alpha1.0_dkd_beta8.0_kl_methodkl_mse_normalizeFalse_temperature1.5_weight_ce0.5_weight_kl1.0_weight_mse0.0_zscoreFalse/final_summary.json
lab,H3K4me3,raw,0.5,1.0,0.0,2.0,42,0.674879029530851,0.6391837494419614,31,${OG_SCRATCH}/carbon_distillation/original/H3K4me3/20260626_004946/5a2299de-2246-4d67-b9f9-b4f845d728c1/distill_methodvanilla_dkd_alpha1.0_dkd_beta8.0_kl_methodkl_mse_normalizeFalse_temperature2.0_weight_ce0.5_weight_kl1.0_weight_mse0.0_zscoreFalse/final_summary.json
lab,H3K4me3,raw,0.5,1.0,1.0,0.5,42,0.669384067480866,0.6288994003672709,30,${OG_SCRATCH}/carbon_distillation/original/H3K4me3/20260626_005452/65d5e47d-b90b-48e1-8296-85ef6255ade2/distill_methodvanilla_dkd_alpha1.0_dkd_beta8.0_kl_methodkl_mse_normalizeFalse_temperature0.5_weight_ce0.5_weight_kl1.0_weight_mse1.0_zscoreFalse/final_summary.json
lab,H3K4me3,raw,0.5,1.0,1.0,1.0,42,0.6760361432333647,0.6320502652893342,28,${OG_SCRATCH}/carbon_distillation/original/H3K4me3/20260626_005612/1ed20a8e-c837-4a8c-9897-326040a3be1f/distill_methodvanilla_dkd_alpha1.0_dkd_beta8.0_kl_methodkl_mse_normalizeFalse_temperature1.0_weight_ce0.5_weight_kl1.0_weight_mse1.0_zscoreFalse/final_summary.json
lab,H3K4me3,raw,0.5,1.0,1.0,1.5,42,0.6752558872087946,0.6273979405688903,40,${OG_SCRATCH}/carbon_distillation/original/H3K4me3/20260626_005829/ce4203fa-92cd-4013-8d7b-43e2a868f057/distill_methodvanilla_dkd_alpha1.0_dkd_beta8.0_kl_methodkl_mse_normalizeFalse_temperature1.5_weight_ce0.5_weight_kl1.0_weight_mse1.0_zscoreFalse/final_summary.json
lab,H3K4me3,raw,0.5,1.0,1.0,4.0,42,0.6751757910011369,0.6340964397009892,41,${OG_SCRATCH}/carbon_distillation/original/H3K4me3/20260626_010339/7953a595-eef1-43ca-b123-5e2a559a0e0e/distill_methodvanilla_dkd_alpha1.0_dkd_beta8.0_kl_methodkl_mse_normalizeFalse_temperature4.0_weight_ce0.5_weight_kl1.0_weight_mse1.0_zscoreFalse/final_summary.json
lab,H3K4me3,raw,0.5,1.0,1.0,2.0,42,0.6762069135463047,0.6247163824034787,28,${OG_SCRATCH}/carbon_distillation/original/H3K4me3/20260626_011015/2a5ca823-124d-4769-b14d-8955199b5ce3/distill_methodvanilla_dkd_alpha1.0_dkd_beta8.0_kl_methodkl_mse_normalizeFalse_temperature2.0_weight_ce0.5_weight_kl1.0_weight_mse1.0_zscoreFalse/final_summary.json
lab,H3K9ac,raw,0.5,0.5,0.2,2.0,0,0.5499414013589764,0.5122459991928613,52,${OG_SCRATCH}/carbon_distillation/original/H3K9ac/20260624_190617/c9a799e5-b8f9-4527-af69-f17abfa19427/distill_methodvanilla_dkd_alpha1.0_dkd_beta8.0_kl_methodkl_mse_normalizeFalse_temperature2.0_weight_ce0.5_weight_kl0.5_weight_mse0.2_zscoreFalse/final_summary.json
lab,H3K9ac,raw,0.5,0.0,0.0,0.5,42,0.5404500107209079,0.4842799862888888,43,${OG_SCRATCH}/carbon_distillation/original/H3K9ac/20260626_011040/377b3068-b970-4a0f-8681-7853e178270f/distill_methodvanilla_dkd_alpha1.0_dkd_beta8.0_kl_methodkl_mse_normalizeFalse_temperature0.5_weight_ce0.5_weight_kl0.0_weight_mse0.0_zscoreFalse/final_summary.json
lab,H3K9ac,raw,0.5,0.0,1.0,0.5,42,0.5404007620040161,0.4869954621403709,25,${OG_SCRATCH}/carbon_distillation/original/H3K9ac/20260626_011528/fbfbe8b9-4c28-4673-a43d-dde18ae58d79/distill_methodvanilla_dkd_alpha1.0_dkd_beta8.0_kl_methodkl_mse_normalizeFalse_temperature0.5_weight_ce0.5_weight_kl0.0_weight_mse1.0_zscoreFalse/final_summary.json
lab,H3K9ac,raw,0.5,0.25,0.0,0.5,42,0.5533307685195624,0.49211096687333516,49,${OG_SCRATCH}/carbon_distillation/original/H3K9ac/20260626_011650/387d1db9-673b-4bbc-82dc-eaa16db4b35f/distill_methodvanilla_dkd_alpha1.0_dkd_beta8.0_kl_methodkl_mse_normalizeFalse_temperature0.5_weight_ce0.5_weight_kl0.25_weight_mse0.0_zscoreFalse/final_summary.json
lab,H3K9ac,raw,0.5,0.25,0.0,1.0,42,0.5506972433341376,0.4963715940316049,49,${OG_SCRATCH}/carbon_distillation/original/H3K9ac/20260626_012247/cd62626c-1642-480c-a4f0-9ed3341c9982/distill_methodvanilla_dkd_alpha1.0_dkd_beta8.0_kl_methodkl_mse_normalizeFalse_temperature1.0_weight_ce0.5_weight_kl0.25_weight_mse0.0_zscoreFalse/final_summary.json
lab,H3K9ac,raw,0.5,0.25,0.0,1.5,42,0.5567215761153955,0.4982017478625122,49,${OG_SCRATCH}/carbon_distillation/original/H3K9ac/20260626_013155/47523dff-2838-4b00-b9bb-501a280d6117/distill_methodvanilla_dkd_alpha1.0_dkd_beta8.0_kl_methodkl_mse_normalizeFalse_temperature1.5_weight_ce0.5_weight_kl0.25_weight_mse0.0_zscoreFalse/final_summary.json
lab,H3K9ac,raw,0.5,0.25,0.0,2.0,42,0.5589364683009068,0.4961350604557757,67,${OG_SCRATCH}/carbon_distillation/original/H3K9ac/20260626_013811/6920e7eb-df84-417e-9b17-1d708de080af/distill_methodvanilla_dkd_alpha1.0_dkd_beta8.0_kl_methodkl_mse_normalizeFalse_temperature2.0_weight_ce0.5_weight_kl0.25_weight_mse0.0_zscoreFalse/final_summary.json
lab,H3K9ac,raw,0.5,0.25,0.0,4.0,42,0.5588508227674,0.49458946386862973,67,${OG_SCRATCH}/carbon_distillation/original/H3K9ac/20260626_013918/f1f9d325-aaac-4463-9d33-fa2ee473544e/distill_methodvanilla_dkd_alpha1.0_dkd_beta8.0_kl_methodkl_mse_normalizeFalse_temperature4.0_weight_ce0.5_weight_kl0.25_weight_mse0.0_zscoreFalse/final_summary.json
lab,H3K9ac,raw,0.5,0.25,1.0,0.5,42,0.5394772438577147,0.46885653641139,30,${OG_SCRATCH}/carbon_distillation/original/H3K9ac/20260626_014705/91054dfc-305f-4540-a5e1-e01f3d6e7816/distill_methodvanilla_dkd_alpha1.0_dkd_beta8.0_kl_methodkl_mse_normalizeFalse_temperature0.5_weight_ce0.5_weight_kl0.25_weight_mse1.0_zscoreFalse/final_summary.json
lab,H3K9ac,raw,0.5,0.25,1.0,1.0,42,0.5408536419456145,0.45542173328740265,30,${OG_SCRATCH}/carbon_distillation/original/H3K9ac/20260626_015425/fdbc4d29-4d2f-4473-8a1f-9b8fef2d6081/distill_methodvanilla_dkd_alpha1.0_dkd_beta8.0_kl_methodkl_mse_normalizeFalse_temperature1.0_weight_ce0.5_weight_kl0.25_weight_mse1.0_zscoreFalse/final_summary.json
lab,H3K9ac,raw,0.5,0.25,1.0,1.5,42,0.5422406845636758,0.47161908560612426,38,${OG_SCRATCH}/carbon_distillation/original/H3K9ac/20260626_020306/6735b101-1060-442a-8d54-633f52857ab3/distill_methodvanilla_dkd_alpha1.0_dkd_beta8.0_kl_methodkl_mse_normalizeFalse_temperature1.5_weight_ce0.5_weight_kl0.25_weight_mse1.0_zscoreFalse/final_summary.json
lab,H3K9ac,raw,0.5,0.25,1.0,2.0,42,0.5425061252937977,0.47416379980111867,41,${OG_SCRATCH}/carbon_distillation/original/H3K9ac/20260626_021309/a2eb43cc-9b32-407d-9b0b-91a9ec1ca796/distill_methodvanilla_dkd_alpha1.0_dkd_beta8.0_kl_methodkl_mse_normalizeFalse_temperature2.0_weight_ce0.5_weight_kl0.25_weight_mse1.0_zscoreFalse/final_summary.json
lab,H3K9ac,raw,0.5,0.25,1.0,4.0,42,0.5466249931115871,0.5089394572868395,40,${OG_SCRATCH}/carbon_distillation/original/H3K9ac/20260626_021451/749b4634-cc90-425f-9b40-4b0b6344855d/distill_methodvanilla_dkd_alpha1.0_dkd_beta8.0_kl_methodkl_mse_normalizeFalse_temperature4.0_weight_ce0.5_weight_kl0.25_weight_mse1.0_zscoreFalse/final_summary.json
lab,H3K9ac,raw,0.5,0.5,0.0,0.5,42,0.5576690150793564,0.48692605161100105,49,${OG_SCRATCH}/carbon_distillation/original/H3K9ac/20260626_021601/cc719c04-bc06-4ab2-a9b2-07da7e549128/distill_methodvanilla_dkd_alpha1.0_dkd_beta8.0_kl_methodkl_mse_normalizeFalse_temperature0.5_weight_ce0.5_weight_kl0.5_weight_mse0.0_zscoreFalse/final_summary.json
lab,H3K9ac,raw,0.5,0.5,0.0,1.0,42,0.5567010309278351,0.48019497819213636,42,${OG_SCRATCH}/carbon_distillation/original/H3K9ac/20260626_022348/16159825-7e78-4beb-917b-a607f1ad7a60/distill_methodvanilla_dkd_alpha1.0_dkd_beta8.0_kl_methodkl_mse_normalizeFalse_temperature1.0_weight_ce0.5_weight_kl0.5_weight_mse0.0_zscoreFalse/final_summary.json
lab,H3K9ac,raw,0.5,0.5,0.0,1.5,42,0.5534247454360447,0.5106100327864016,61,${OG_SCRATCH}/carbon_distillation/original/H3K9ac/20260626_023347/dffbfbb4-8ff3-4416-8d03-ac757c8ea5cf/distill_methodvanilla_dkd_alpha1.0_dkd_beta8.0_kl_methodkl_mse_normalizeFalse_temperature1.5_weight_ce0.5_weight_kl0.5_weight_mse0.0_zscoreFalse/final_summary.json
lab,H3K9ac,raw,0.5,0.5,0.0,2.0,42,0.5551672355345784,0.4902889356116864,42,${OG_SCRATCH}/carbon_distillation/original/H3K9ac/20260626_024252/9528ace7-dce6-4e8b-a434-d3e34e71df3a/distill_methodvanilla_dkd_alpha1.0_dkd_beta8.0_kl_methodkl_mse_normalizeFalse_temperature2.0_weight_ce0.5_weight_kl0.5_weight_mse0.0_zscoreFalse/final_summary.json
lab,H3K9ac,raw,0.5,0.5,0.0,4.0,42,0.561415964673816,0.49544541153489696,79,${OG_SCRATCH}/carbon_distillation/original/H3K9ac/20260626_024624/e42898b1-0563-4103-b098-2386fecbaf66/distill_methodvanilla_dkd_alpha1.0_dkd_beta8.0_kl_methodkl_mse_normalizeFalse_temperature4.0_weight_ce0.5_weight_kl0.5_weight_mse0.0_zscoreFalse/final_summary.json
lab,H3K9ac,raw,0.5,0.5,1.0,0.5,42,0.5444285927308968,0.4578580859866078,38,${OG_SCRATCH}/carbon_distillation/original/H3K9ac/20260626_024700/b422dd5f-c052-4e27-bc2a-d7a4f5305b47/distill_methodvanilla_dkd_alpha1.0_dkd_beta8.0_kl_methodkl_mse_normalizeFalse_temperature0.5_weight_ce0.5_weight_kl0.5_weight_mse1.0_zscoreFalse/final_summary.json
lab,H3K9ac,raw,0.5,0.5,1.0,1.0,42,0.5374868761488402,0.4587492043044429,30,${OG_SCRATCH}/carbon_distillation/original/H3K9ac/20260626_025409/09c331c2-b9e9-4cee-944c-34f98f7d24cd/distill_methodvanilla_dkd_alpha1.0_dkd_beta8.0_kl_methodkl_mse_normalizeFalse_temperature1.0_weight_ce0.5_weight_kl0.5_weight_mse1.0_zscoreFalse/final_summary.json
lab,H3K9ac,raw,0.5,0.5,1.0,1.5,42,0.5463990116197412,0.5022059466658579,35,${OG_SCRATCH}/carbon_distillation/original/H3K9ac/20260626_030814/a76029f7-f1b1-4149-8809-5580c5e74a60/distill_methodvanilla_dkd_alpha1.0_dkd_beta8.0_kl_methodkl_mse_normalizeFalse_temperature1.5_weight_ce0.5_weight_kl0.5_weight_mse1.0_zscoreFalse/final_summary.json
lab,H3K9ac,raw,0.5,0.5,1.0,2.0,42,0.5493440396551164,0.5087044533651587,40,${OG_SCRATCH}/carbon_distillation/original/H3K9ac/20260626_031047/4b30ade5-95dd-4f15-b8e1-4941d251a755/distill_methodvanilla_dkd_alpha1.0_dkd_beta8.0_kl_methodkl_mse_normalizeFalse_temperature2.0_weight_ce0.5_weight_kl0.5_weight_mse1.0_zscoreFalse/final_summary.json
lab,H3K9ac,raw,0.5,0.5,1.0,4.0,42,0.5438146336747374,0.51883599948137,33,${OG_SCRATCH}/carbon_distillation/original/H3K9ac/20260626_031845/972684b2-1508-42ae-93f8-e0808d2b2841/distill_methodvanilla_dkd_alpha1.0_dkd_beta8.0_kl_methodkl_mse_normalizeFalse_temperature4.0_weight_ce0.5_weight_kl0.5_weight_mse1.0_zscoreFalse/final_summary.json
lab,H3K9ac,raw,0.5,1.0,0.0,0.5,42,0.5515985049361967,0.4910385058711254,53,${OG_SCRATCH}/carbon_distillation/original/H3K9ac/20260626_033935/363a45b7-7b7c-4a66-a3d4-e2638ce19972/distill_methodvanilla_dkd_alpha1.0_dkd_beta8.0_kl_methodkl_mse_normalizeFalse_temperature0.5_weight_ce0.5_weight_kl1.0_weight_mse0.0_zscoreFalse/final_summary.json
lab,H3K9ac,raw,0.5,1.0,0.0,1.0,42,0.5507118766403057,0.5115868047252873,56,${OG_SCRATCH}/carbon_distillation/original/H3K9ac/20260626_034147/1d567d82-adab-4597-a3cb-007536ad2bf5/distill_methodvanilla_dkd_alpha1.0_dkd_beta8.0_kl_methodkl_mse_normalizeFalse_temperature1.0_weight_ce0.5_weight_kl1.0_weight_mse0.0_zscoreFalse/final_summary.json
lab,H3K9ac,raw,0.5,1.0,0.0,1.5,42,0.5526553905048679,0.49673493681539027,49,${OG_SCRATCH}/carbon_distillation/original/H3K9ac/20260626_034944/a3670b87-2c7f-4d96-9464-7b71543dbbd8/distill_methodvanilla_dkd_alpha1.0_dkd_beta8.0_kl_methodkl_mse_normalizeFalse_temperature1.5_weight_ce0.5_weight_kl1.0_weight_mse0.0_zscoreFalse/final_summary.json
lab,H3K9ac,raw,0.5,1.0,0.0,2.0,42,0.552097584409762,0.5089394572868395,60,${OG_SCRATCH}/carbon_distillation/original/H3K9ac/20260626_041407/1341af87-18d4-425e-b545-8e85d1ecda5f/distill_methodvanilla_dkd_alpha1.0_dkd_beta8.0_kl_methodkl_mse_normalizeFalse_temperature2.0_weight_ce0.5_weight_kl1.0_weight_mse0.0_zscoreFalse/final_summary.json
lab,H3K9ac,raw,0.5,1.0,0.0,4.0,42,0.5610067081079436,0.5207295323759616,74,${OG_SCRATCH}/carbon_distillation/original/H3K9ac/20260626_041836/dee0308d-8abc-4ea4-8f73-a2895b45b6c8/distill_methodvanilla_dkd_alpha1.0_dkd_beta8.0_kl_methodkl_mse_normalizeFalse_temperature4.0_weight_ce0.5_weight_kl1.0_weight_mse0.0_zscoreFalse/final_summary.json
lab,H3K9ac,raw,0.5,1.0,1.0,0.5,42,0.5438724402159699,0.5108230882924686,34,${OG_SCRATCH}/carbon_distillation/original/H3K9ac/20260626_042225/2df800ed-4618-4bb2-8df6-797a3977c1cb/distill_methodvanilla_dkd_alpha1.0_dkd_beta8.0_kl_methodkl_mse_normalizeFalse_temperature0.5_weight_ce0.5_weight_kl1.0_weight_mse1.0_zscoreFalse/final_summary.json
lab,H3K9ac,raw,0.5,1.0,1.0,1.0,42,0.5418082941640867,0.49337381263475655,36,${OG_SCRATCH}/carbon_distillation/original/H3K9ac/20260626_045056/174ff61b-7a5a-4dea-9c06-947df78d0c25/distill_methodvanilla_dkd_alpha1.0_dkd_beta8.0_kl_methodkl_mse_normalizeFalse_temperature1.0_weight_ce0.5_weight_kl1.0_weight_mse1.0_zscoreFalse/final_summary.json
lab,H3K9ac,raw,0.5,1.0,1.0,1.5,42,0.5476444032726191,0.45816027893517,58,${OG_SCRATCH}/carbon_distillation/original/H3K9ac/20260626_045301/eb382ca9-d27f-4b7b-928a-db188f54df66/distill_methodvanilla_dkd_alpha1.0_dkd_beta8.0_kl_methodkl_mse_normalizeFalse_temperature1.5_weight_ce0.5_weight_kl1.0_weight_mse1.0_zscoreFalse/final_summary.json
lab,H3K9ac,raw,0.5,1.0,1.0,2.0,42,0.5511493274535639,0.4598106206274235,58,${OG_SCRATCH}/carbon_distillation/original/H3K9ac/20260626_045926/61d87f0e-9ab4-4a86-9adc-c7dd6a10c177/distill_methodvanilla_dkd_alpha1.0_dkd_beta8.0_kl_methodkl_mse_normalizeFalse_temperature2.0_weight_ce0.5_weight_kl1.0_weight_mse1.0_zscoreFalse/final_summary.json
lab,H3K9ac,raw,0.5,1.0,1.0,4.0,42,0.5522805929665047,0.5203758397320781,44,${OG_SCRATCH}/carbon_distillation/original/H3K9ac/20260626_052333/530e37fb-00f3-484b-b8af-22610f64d2fe/distill_methodvanilla_dkd_alpha1.0_dkd_beta8.0_kl_methodkl_mse_normalizeFalse_temperature4.0_weight_ce0.5_weight_kl1.0_weight_mse1.0_zscoreFalse/final_summary.json
lab,H3K9me3,raw,0.5,0.5,0.2,2.0,0,0.40183213884771185,0.3938927711338647,15,${OG_SCRATCH}/carbon_distillation/original/H3K9me3/20260624_190624/22bf7c0c-d82f-4af7-91f1-3d20a82b0d80/distill_methodvanilla_dkd_alpha1.0_dkd_beta8.0_kl_methodkl_mse_normalizeFalse_temperature2.0_weight_ce0.5_weight_kl0.5_weight_mse0.2_zscoreFalse/final_summary.json
lab,H3K9me3,raw,0.5,0.0,0.0,0.5,42,0.4092473702964146,0.39719034043356827,26,${OG_SCRATCH}/carbon_distillation/original/H3K9me3/20260626_053148/8e3f511c-ea48-4973-b63b-4001747b19a7/distill_methodvanilla_dkd_alpha1.0_dkd_beta8.0_kl_methodkl_mse_normalizeFalse_temperature0.5_weight_ce0.5_weight_kl0.0_weight_mse0.0_zscoreFalse/final_summary.json
lab,H3K9me3,raw,0.5,0.0,1.0,0.5,42,0.3990896225998685,0.3761355791258585,9,${OG_SCRATCH}/carbon_distillation/original/H3K9me3/20260626_053610/024b52b6-118f-48f4-be5c-a9d45aeecc42/distill_methodvanilla_dkd_alpha1.0_dkd_beta8.0_kl_methodkl_mse_normalizeFalse_temperature0.5_weight_ce0.5_weight_kl0.0_weight_mse1.0_zscoreFalse/final_summary.json
lab,H3K9me3,raw,0.5,0.25,0.0,0.5,42,0.4062855815978823,0.3932103989104226,17,${OG_SCRATCH}/carbon_distillation/original/H3K9me3/20260626_055819/8e75a8ed-5178-425c-8609-e37c9d9ee7ec/distill_methodvanilla_dkd_alpha1.0_dkd_beta8.0_kl_methodkl_mse_normalizeFalse_temperature0.5_weight_ce0.5_weight_kl0.25_weight_mse0.0_zscoreFalse/final_summary.json
lab,H3K9me3,raw,0.5,0.25,0.0,1.0,42,0.4041645991946868,0.3912474533688914,14,${OG_SCRATCH}/carbon_distillation/original/H3K9me3/20260626_060026/17a21aa9-5ac6-4916-b9e6-688b6c9da8b2/distill_methodvanilla_dkd_alpha1.0_dkd_beta8.0_kl_methodkl_mse_normalizeFalse_temperature1.0_weight_ce0.5_weight_kl0.25_weight_mse0.0_zscoreFalse/final_summary.json
lab,H3K9me3,raw,0.5,0.25,0.0,1.5,42,0.40555257294278957,0.3968158982990187,19,${OG_SCRATCH}/carbon_distillation/original/H3K9me3/20260626_060251/10057bd6-68d1-4856-9747-dcff5c501ca9/distill_methodvanilla_dkd_alpha1.0_dkd_beta8.0_kl_methodkl_mse_normalizeFalse_temperature1.5_weight_ce0.5_weight_kl0.25_weight_mse0.0_zscoreFalse/final_summary.json
lab,H3K9me3,raw,0.5,0.25,0.0,2.0,42,0.40694086834162757,0.4012576068210588,19,${OG_SCRATCH}/carbon_distillation/original/H3K9me3/20260626_062655/40fb9f71-faf3-4239-87b6-5356c4bb60c7/distill_methodvanilla_dkd_alpha1.0_dkd_beta8.0_kl_methodkl_mse_normalizeFalse_temperature2.0_weight_ce0.5_weight_kl0.25_weight_mse0.0_zscoreFalse/final_summary.json
lab,H3K9me3,raw,0.5,0.25,0.0,4.0,42,0.40839495724392844,0.4053782541142312,19,${OG_SCRATCH}/carbon_distillation/original/H3K9me3/20260626_062856/19638916-5ae6-48a3-ab5b-ab15c60273a8/distill_methodvanilla_dkd_alpha1.0_dkd_beta8.0_kl_methodkl_mse_normalizeFalse_temperature4.0_weight_ce0.5_weight_kl0.25_weight_mse0.0_zscoreFalse/final_summary.json
lab,H3K9me3,raw,0.5,0.25,1.0,0.5,42,0.4063580370620181,0.4101403500079711,24,${OG_SCRATCH}/carbon_distillation/original/H3K9me3/20260626_063338/c5a4c68a-0f24-47f8-826b-e15500e0f889/distill_methodvanilla_dkd_alpha1.0_dkd_beta8.0_kl_methodkl_mse_normalizeFalse_temperature0.5_weight_ce0.5_weight_kl0.25_weight_mse1.0_zscoreFalse/final_summary.json
lab,H3K9me3,raw,0.5,0.25,1.0,1.5,42,0.4034913463785435,0.3781632582571099,19,${OG_SCRATCH}/carbon_distillation/original/H3K9me3/20260626_065729/6294af28-5aad-4423-8e36-a4717fbb8219/distill_methodvanilla_dkd_alpha1.0_dkd_beta8.0_kl_methodkl_mse_normalizeFalse_temperature1.5_weight_ce0.5_weight_kl0.25_weight_mse1.0_zscoreFalse/final_summary.json
lab,H3K9me3,raw,0.5,0.25,1.0,1.0,42,0.402591462467578,0.3919018798796621,19,${OG_SCRATCH}/carbon_distillation/original/H3K9me3/20260626_065731/7144462a-7114-4b26-9208-9aa260e072d5/distill_methodvanilla_dkd_alpha1.0_dkd_beta8.0_kl_methodkl_mse_normalizeFalse_temperature1.0_weight_ce0.5_weight_kl0.25_weight_mse1.0_zscoreFalse/final_summary.json
lab,H3K9me3,raw,0.5,0.25,1.0,2.0,42,0.4026682661392041,0.38571428571428573,19,${OG_SCRATCH}/carbon_distillation/original/H3K9me3/20260626_072806/fea7bcb0-0039-4936-bbcd-aa2f2a179fe5/distill_methodvanilla_dkd_alpha1.0_dkd_beta8.0_kl_methodkl_mse_normalizeFalse_temperature2.0_weight_ce0.5_weight_kl0.25_weight_mse1.0_zscoreFalse/final_summary.json
lab,H3K9me3,raw,0.5,0.25,1.0,4.0,42,0.40461200608415626,0.3863016303912085,19,${OG_SCRATCH}/carbon_distillation/original/H3K9me3/20260626_075728/13045930-ead6-4a7e-8ab5-f4b4d8c9857c/distill_methodvanilla_dkd_alpha1.0_dkd_beta8.0_kl_methodkl_mse_normalizeFalse_temperature4.0_weight_ce0.5_weight_kl0.25_weight_mse1.0_zscoreFalse/final_summary.json
lab,H3K9me3,raw,0.5,0.5,0.0,0.5,42,0.40427229065050835,0.4023054945966547,19,${OG_SCRATCH}/carbon_distillation/original/H3K9me3/20260626_082607/40d8f014-ab21-4a93-8afd-8454d97e3eaf/distill_methodvanilla_dkd_alpha1.0_dkd_beta8.0_kl_methodkl_mse_normalizeFalse_temperature0.5_weight_ce0.5_weight_kl0.5_weight_mse0.0_zscoreFalse/final_summary.json
lab,H3K9me3,raw,0.5,0.5,0.0,1.0,42,0.40645780713432766,0.39615543521452423,19,${OG_SCRATCH}/carbon_distillation/original/H3K9me3/20260626_082628/b0db60e3-b714-4ce6-9148-187873922df9/distill_methodvanilla_dkd_alpha1.0_dkd_beta8.0_kl_methodkl_mse_normalizeFalse_temperature1.0_weight_ce0.5_weight_kl0.5_weight_mse0.0_zscoreFalse/final_summary.json
lab,H3K9me3,raw,0.5,0.5,0.0,1.5,42,0.405382945425242,0.39583994225271985,27,${OG_SCRATCH}/carbon_distillation/original/H3K9me3/20260626_085251/26a8b000-5182-41db-b0d9-453aeb449ae3/distill_methodvanilla_dkd_alpha1.0_dkd_beta8.0_kl_methodkl_mse_normalizeFalse_temperature1.5_weight_ce0.5_weight_kl0.5_weight_mse0.0_zscoreFalse/final_summary.json
lab,H3K9me3,raw,0.5,0.5,0.0,2.0,42,0.3970800881131333,0.4078533296868254,19,${OG_SCRATCH}/carbon_distillation/original/H3K9me3/20260626_085343/6c674b1f-5581-46d5-9d66-66932e36ba82/distill_methodvanilla_dkd_alpha1.0_dkd_beta8.0_kl_methodkl_mse_normalizeFalse_temperature2.0_weight_ce0.5_weight_kl0.5_weight_mse0.0_zscoreFalse/final_summary.json
lab,H3K9me3,raw,0.5,0.5,0.0,4.0,42,0.39992885205880385,0.3997954023473942,43,${OG_SCRATCH}/carbon_distillation/original/H3K9me3/20260626_091239/a894b212-d088-457a-83f4-33fec7a51884/distill_methodvanilla_dkd_alpha1.0_dkd_beta8.0_kl_methodkl_mse_normalizeFalse_temperature4.0_weight_ce0.5_weight_kl0.5_weight_mse0.0_zscoreFalse/final_summary.json
lab,H3K9me3,raw,0.5,0.5,1.0,1.0,42,0.40107347877994043,0.40794006219005097,29,${OG_SCRATCH}/carbon_distillation/original/H3K9me3/20260626_092154/c6428907-7c53-47fa-a407-011d25acd09f/distill_methodvanilla_dkd_alpha1.0_dkd_beta8.0_kl_methodkl_mse_normalizeFalse_temperature1.0_weight_ce0.5_weight_kl0.5_weight_mse1.0_zscoreFalse/final_summary.json
lab,H3K9me3,raw,0.5,0.5,1.0,0.5,42,0.40337154184475904,0.37943076407817855,19,${OG_SCRATCH}/carbon_distillation/original/H3K9me3/20260626_092154/54e866cf-234f-48b0-9652-fa15845e34bc/distill_methodvanilla_dkd_alpha1.0_dkd_beta8.0_kl_methodkl_mse_normalizeFalse_temperature0.5_weight_ce0.5_weight_kl0.5_weight_mse1.0_zscoreFalse/final_summary.json
lab,H3K9me3,raw,0.5,0.5,1.0,1.5,42,0.40179995064728435,0.39986188025244834,28,${OG_SCRATCH}/carbon_distillation/original/H3K9me3/20260626_094623/7efb22ff-661c-4e1f-8c0c-abfc0c1fcda0/distill_methodvanilla_dkd_alpha1.0_dkd_beta8.0_kl_methodkl_mse_normalizeFalse_temperature1.5_weight_ce0.5_weight_kl0.5_weight_mse1.0_zscoreFalse/final_summary.json
lab,H3K9me3,raw,0.5,0.5,1.0,4.0,42,0.39635422742304094,0.4079240721697725,12,${OG_SCRATCH}/carbon_distillation/original/H3K9me3/20260626_111956/e03a6330-97a0-463f-a55c-c6976c62354f/distill_methodvanilla_dkd_alpha1.0_dkd_beta8.0_kl_methodkl_mse_normalizeFalse_temperature4.0_weight_ce0.5_weight_kl0.5_weight_mse1.0_zscoreFalse/final_summary.json
lab,H3K9me3,raw,0.5,0.5,1.0,2.0,42,0.39881687631489826,0.38896911149469143,30,${OG_SCRATCH}/carbon_distillation/original/H3K9me3/20260626_111956/da8b86d4-7de8-4b25-8574-2a037eef8097/distill_methodvanilla_dkd_alpha1.0_dkd_beta8.0_kl_methodkl_mse_normalizeFalse_temperature2.0_weight_ce0.5_weight_kl0.5_weight_mse1.0_zscoreFalse/final_summary.json
lab,H3K9me3,raw,0.5,1.0,0.0,0.5,42,0.40044607131737386,0.3953017232851379,28,${OG_SCRATCH}/carbon_distillation/original/H3K9me3/20260626_111957/0c99b4d1-e86b-470b-ab46-ae899dc67606/distill_methodvanilla_dkd_alpha1.0_dkd_beta8.0_kl_methodkl_mse_normalizeFalse_temperature0.5_weight_ce0.5_weight_kl1.0_weight_mse0.0_zscoreFalse/final_summary.json
lab,H3K9me3,raw,0.5,1.0,0.0,1.5,42,0.3950560057349138,0.3863265202186068,34,${OG_SCRATCH}/carbon_distillation/original/H3K9me3/20260626_115144/3d9a5bb9-3145-44c6-9d30-ea5a21765a2b/distill_methodvanilla_dkd_alpha1.0_dkd_beta8.0_kl_methodkl_mse_normalizeFalse_temperature1.5_weight_ce0.5_weight_kl1.0_weight_mse0.0_zscoreFalse/final_summary.json
lab,H3K9me3,raw,0.5,1.0,0.0,1.0,42,0.39629137235958606,0.3796318100685051,34,${OG_SCRATCH}/carbon_distillation/original/H3K9me3/20260626_122319/7c0b792d-9f8c-4030-ab8d-19ed46ca6298/distill_methodvanilla_dkd_alpha1.0_dkd_beta8.0_kl_methodkl_mse_normalizeFalse_temperature1.0_weight_ce0.5_weight_kl1.0_weight_mse0.0_zscoreFalse/final_summary.json
lab,H3K9me3,raw,0.5,1.0,0.0,2.0,42,0.38930590602277315,0.378861286327934,52,${OG_SCRATCH}/carbon_distillation/original/H3K9me3/20260626_125338/357367bb-7c4c-4484-95b9-3898f7fd8910/distill_methodvanilla_dkd_alpha1.0_dkd_beta8.0_kl_methodkl_mse_normalizeFalse_temperature2.0_weight_ce0.5_weight_kl1.0_weight_mse0.0_zscoreFalse/final_summary.json
lab,H3K9me3,raw,0.5,1.0,0.0,4.0,42,0.3950002363857345,0.38141559417236137,57,${OG_SCRATCH}/carbon_distillation/original/H3K9me3/20260626_132838/a1996173-1178-469c-b078-fef66a44e3b8/distill_methodvanilla_dkd_alpha1.0_dkd_beta8.0_kl_methodkl_mse_normalizeFalse_temperature4.0_weight_ce0.5_weight_kl1.0_weight_mse0.0_zscoreFalse/final_summary.json
lab,H3K9me3,raw,0.5,1.0,1.0,0.5,42,0.40389484013842064,0.4030836328782646,29,${OG_SCRATCH}/carbon_distillation/original/H3K9me3/20260626_140616/fcb897fc-4950-49cc-8436-991a6aa252f9/distill_methodvanilla_dkd_alpha1.0_dkd_beta8.0_kl_methodkl_mse_normalizeFalse_temperature0.5_weight_ce0.5_weight_kl1.0_weight_mse1.0_zscoreFalse/final_summary.json
lab,H3K9me3,raw,0.5,1.0,1.0,1.0,42,0.40347601918107123,0.4191323323128073,29,${OG_SCRATCH}/carbon_distillation/original/H3K9me3/20260626_143711/361faa7a-6453-430b-8f14-91efc01fc4c9/distill_methodvanilla_dkd_alpha1.0_dkd_beta8.0_kl_methodkl_mse_normalizeFalse_temperature1.0_weight_ce0.5_weight_kl1.0_weight_mse1.0_zscoreFalse/final_summary.json
lab,H3K9me3,raw,0.5,1.0,1.0,1.5,42,0.3943391259641409,0.4064759345114481,29,${OG_SCRATCH}/carbon_distillation/original/H3K9me3/20260626_150844/dd689f65-e042-4eb6-b3b7-9b210dfaea86/distill_methodvanilla_dkd_alpha1.0_dkd_beta8.0_kl_methodkl_mse_normalizeFalse_temperature1.5_weight_ce0.5_weight_kl1.0_weight_mse1.0_zscoreFalse/final_summary.json
lab,H3K9me3,raw,0.5,1.0,1.0,2.0,42,0.39674554251250294,0.4108438099840669,29,${OG_SCRATCH}/carbon_distillation/original/H3K9me3/20260626_153942/64d328cd-f1ff-4da6-b16e-739292b44688/distill_methodvanilla_dkd_alpha1.0_dkd_beta8.0_kl_methodkl_mse_normalizeFalse_temperature2.0_weight_ce0.5_weight_kl1.0_weight_mse1.0_zscoreFalse/final_summary.json
lab,H3K9me3,raw,0.5,1.0,1.0,4.0,42,0.3965266641600174,0.4121247740931107,29,${OG_SCRATCH}/carbon_distillation/original/H3K9me3/20260626_161142/6017d186-0de0-45c4-87d0-bab4e78da7d4/distill_methodvanilla_dkd_alpha1.0_dkd_beta8.0_kl_methodkl_mse_normalizeFalse_temperature4.0_weight_ce0.5_weight_kl1.0_weight_mse1.0_zscoreFalse/final_summary.json
lab,H4K20me1,raw,0.5,0.5,0.2,2.0,0,0.6158573807707506,0.6224219746299385,31,${OG_SCRATCH}/carbon_distillation/original/H4K20me1/20260624_190753/116dbb3a-4afc-41b8-9c72-161cbb43aad7/distill_methodvanilla_dkd_alpha1.0_dkd_beta8.0_kl_methodkl_mse_normalizeFalse_temperature2.0_weight_ce0.5_weight_kl0.5_weight_mse0.2_zscoreFalse/final_summary.json
lab,H4K20me1,raw,0.5,0.0,0.0,0.5,42,0.6203128940555072,0.6023648179123451,28,${OG_SCRATCH}/carbon_distillation/original/H4K20me1/20260625_071851/d3f54218-0ea3-4f33-8af9-2362d38b96cc/distill_methodvanilla_dkd_alpha1.0_dkd_beta8.0_kl_methodkl_mse_normalizeFalse_temperature0.5_weight_ce0.5_weight_kl0.0_weight_mse0.0_zscoreFalse/final_summary.json
lab,H4K20me1,raw,0.5,0.0,1.0,0.5,42,0.6040630740774243,0.5973835828284028,17,${OG_SCRATCH}/carbon_distillation/original/H4K20me1/20260625_072456/c3e9267f-86e1-4d4b-9072-f13c878413d6/distill_methodvanilla_dkd_alpha1.0_dkd_beta8.0_kl_methodkl_mse_normalizeFalse_temperature0.5_weight_ce0.5_weight_kl0.0_weight_mse1.0_zscoreFalse/final_summary.json
lab,H4K20me1,raw,0.5,0.25,0.0,0.5,42,0.6194556091581809,0.6107498957240748,42,${OG_SCRATCH}/carbon_distillation/original/H4K20me1/20260625_073409/ece5ad1e-4f7a-425b-bddd-a9a1fdc8e98c/distill_methodvanilla_dkd_alpha1.0_dkd_beta8.0_kl_methodkl_mse_normalizeFalse_temperature0.5_weight_ce0.5_weight_kl0.25_weight_mse0.0_zscoreFalse/final_summary.json
lab,H4K20me1,raw,0.5,0.25,0.0,1.0,42,0.6241023483750867,0.6232656993828356,37,${OG_SCRATCH}/carbon_distillation/original/H4K20me1/20260625_074312/b50fed01-6318-4a57-95ad-0d16d86ead19/distill_methodvanilla_dkd_alpha1.0_dkd_beta8.0_kl_methodkl_mse_normalizeFalse_temperature1.0_weight_ce0.5_weight_kl0.25_weight_mse0.0_zscoreFalse/final_summary.json
lab,H4K20me1,raw,0.5,0.25,0.0,1.5,42,0.6218664856819212,0.6235752131125437,37,${OG_SCRATCH}/carbon_distillation/original/H4K20me1/20260625_075117/8f429825-a1f3-4a23-9136-70bec6142c41/distill_methodvanilla_dkd_alpha1.0_dkd_beta8.0_kl_methodkl_mse_normalizeFalse_temperature1.5_weight_ce0.5_weight_kl0.25_weight_mse0.0_zscoreFalse/final_summary.json
lab,H4K20me1,raw,0.5,0.25,0.0,2.0,42,0.6220017330580507,0.6278445734745697,43,${OG_SCRATCH}/carbon_distillation/original/H4K20me1/20260625_075334/4b624b2d-b64c-4243-8f48-5449cc704d7d/distill_methodvanilla_dkd_alpha1.0_dkd_beta8.0_kl_methodkl_mse_normalizeFalse_temperature2.0_weight_ce0.5_weight_kl0.25_weight_mse0.0_zscoreFalse/final_summary.json
lab,H4K20me1,raw,0.5,0.25,0.0,4.0,42,0.6274524946678199,0.6185654456791195,53,${OG_SCRATCH}/carbon_distillation/original/H4K20me1/20260625_080129/ed27bc26-40cc-4cdd-bdfe-8aaf555cf527/distill_methodvanilla_dkd_alpha1.0_dkd_beta8.0_kl_methodkl_mse_normalizeFalse_temperature4.0_weight_ce0.5_weight_kl0.25_weight_mse0.0_zscoreFalse/final_summary.json
lab,H4K20me1,raw,0.5,0.25,1.0,0.5,42,0.6027625091936637,0.5959965858405236,19,${OG_SCRATCH}/carbon_distillation/original/H4K20me1/20260625_081243/24e07c4b-c62e-4ade-bc5d-1fa65c034ddf/distill_methodvanilla_dkd_alpha1.0_dkd_beta8.0_kl_methodkl_mse_normalizeFalse_temperature0.5_weight_ce0.5_weight_kl0.25_weight_mse1.0_zscoreFalse/final_summary.json
lab,H4K20me1,raw,0.5,0.25,1.0,1.0,42,0.6133512853391903,0.5794370877269609,33,${OG_SCRATCH}/carbon_distillation/original/H4K20me1/20260625_081345/bf8ca3f0-e4b3-4b57-9007-2f1a93f1a4c2/distill_methodvanilla_dkd_alpha1.0_dkd_beta8.0_kl_methodkl_mse_normalizeFalse_temperature1.0_weight_ce0.5_weight_kl0.25_weight_mse1.0_zscoreFalse/final_summary.json
lab,H4K20me1,raw,0.5,0.25,1.0,1.5,42,0.6223604444977539,0.5812417196362893,33,${OG_SCRATCH}/carbon_distillation/original/H4K20me1/20260625_081653/6e8283e9-9ef5-48d6-af25-0a6ab958131d/distill_methodvanilla_dkd_alpha1.0_dkd_beta8.0_kl_methodkl_mse_normalizeFalse_temperature1.5_weight_ce0.5_weight_kl0.25_weight_mse1.0_zscoreFalse/final_summary.json
lab,H4K20me1,raw,0.5,0.25,1.0,2.0,42,0.6231129261831675,0.5859651628210795,35,${OG_SCRATCH}/carbon_distillation/original/H4K20me1/20260625_081752/cd05b8ce-a0c8-4aca-b4c2-5cf2f88e205c/distill_methodvanilla_dkd_alpha1.0_dkd_beta8.0_kl_methodkl_mse_normalizeFalse_temperature2.0_weight_ce0.5_weight_kl0.25_weight_mse1.0_zscoreFalse/final_summary.json
lab,H4K20me1,raw,0.5,0.25,1.0,4.0,42,0.6213070385060422,0.5816568183616538,38,${OG_SCRATCH}/carbon_distillation/original/H4K20me1/20260625_083208/2590ca5b-03f9-4a93-acab-e3c216d7fbf8/distill_methodvanilla_dkd_alpha1.0_dkd_beta8.0_kl_methodkl_mse_normalizeFalse_temperature4.0_weight_ce0.5_weight_kl0.25_weight_mse1.0_zscoreFalse/final_summary.json
lab,H4K20me1,raw,0.5,0.5,0.0,0.5,42,0.6284081455029863,0.6198322303572277,42,${OG_SCRATCH}/carbon_distillation/original/H4K20me1/20260625_083829/3ad48c08-05ae-463b-a5d3-a14f79e85442/distill_methodvanilla_dkd_alpha1.0_dkd_beta8.0_kl_methodkl_mse_normalizeFalse_temperature0.5_weight_ce0.5_weight_kl0.5_weight_mse0.0_zscoreFalse/final_summary.json
lab,H4K20me1,raw,0.5,0.5,0.0,1.0,42,0.624480711189392,0.6152082211844833,40,${OG_SCRATCH}/carbon_distillation/original/H4K20me1/20260625_084235/489d4b52-8222-4624-8f54-23c0ca79ad28/distill_methodvanilla_dkd_alpha1.0_dkd_beta8.0_kl_methodkl_mse_normalizeFalse_temperature1.0_weight_ce0.5_weight_kl0.5_weight_mse0.0_zscoreFalse/final_summary.json
lab,H4K20me1,raw,0.5,0.5,0.0,1.5,42,0.6238304939170453,0.6064435271399234,46,${OG_SCRATCH}/carbon_distillation/original/H4K20me1/20260625_085049/624001b0-43b9-41c3-b707-40149a9de951/distill_methodvanilla_dkd_alpha1.0_dkd_beta8.0_kl_methodkl_mse_normalizeFalse_temperature1.5_weight_ce0.5_weight_kl0.5_weight_mse0.0_zscoreFalse/final_summary.json
lab,H4K20me1,raw,0.5,0.5,0.0,2.0,42,0.6253953479066049,0.6185771834973264,41,${OG_SCRATCH}/carbon_distillation/original/H4K20me1/20260625_085500/59a13aee-f86b-40cb-a0db-cd9a8df8af57/distill_methodvanilla_dkd_alpha1.0_dkd_beta8.0_kl_methodkl_mse_normalizeFalse_temperature2.0_weight_ce0.5_weight_kl0.5_weight_mse0.0_zscoreFalse/final_summary.json
lab,H4K20me1,raw,0.5,0.5,0.0,4.0,42,0.6262906510779223,0.6314838564362847,49,${OG_SCRATCH}/carbon_distillation/original/H4K20me1/20260625_091123/fbb3e214-ad3c-4646-b048-2cc8a7492171/distill_methodvanilla_dkd_alpha1.0_dkd_beta8.0_kl_methodkl_mse_normalizeFalse_temperature4.0_weight_ce0.5_weight_kl0.5_weight_mse0.0_zscoreFalse/final_summary.json
lab,H4K20me1,raw,0.5,0.5,1.0,0.5,42,0.6104402276877182,0.6024922663378601,17,${OG_SCRATCH}/carbon_distillation/original/H4K20me1/20260625_091737/1ad8af15-3468-47ca-bcb5-4ae59a9856b5/distill_methodvanilla_dkd_alpha1.0_dkd_beta8.0_kl_methodkl_mse_normalizeFalse_temperature0.5_weight_ce0.5_weight_kl0.5_weight_mse1.0_zscoreFalse/final_summary.json
lab,H4K20me1,raw,0.5,0.5,1.0,1.0,42,0.6212237417116552,0.6023365409983212,33,${OG_SCRATCH}/carbon_distillation/original/H4K20me1/20260625_091944/bccfd8b8-e932-44f6-837f-4bfebdb79ac0/distill_methodvanilla_dkd_alpha1.0_dkd_beta8.0_kl_methodkl_mse_normalizeFalse_temperature1.0_weight_ce0.5_weight_kl0.5_weight_mse1.0_zscoreFalse/final_summary.json
lab,H4K20me1,raw,0.5,0.5,1.0,1.5,42,0.6188649075327984,0.6222716371616664,28,${OG_SCRATCH}/carbon_distillation/original/H4K20me1/20260625_092802/ed6dddf3-e2e6-40af-9a54-d8e1e75ad89f/distill_methodvanilla_dkd_alpha1.0_dkd_beta8.0_kl_methodkl_mse_normalizeFalse_temperature1.5_weight_ce0.5_weight_kl0.5_weight_mse1.0_zscoreFalse/final_summary.json
lab,H4K20me1,raw,0.5,0.5,1.0,2.0,42,0.6210397366740263,0.5957984916216335,41,${OG_SCRATCH}/carbon_distillation/original/H4K20me1/20260625_093210/52c42ec4-2dee-4a83-b740-fadb3aab6ad7/distill_methodvanilla_dkd_alpha1.0_dkd_beta8.0_kl_methodkl_mse_normalizeFalse_temperature2.0_weight_ce0.5_weight_kl0.5_weight_mse1.0_zscoreFalse/final_summary.json
lab,H4K20me1,raw,0.5,0.5,1.0,4.0,42,0.6301894146837892,0.6031426880362017,41,${OG_SCRATCH}/carbon_distillation/original/H4K20me1/20260625_095034/49948880-9de7-46d6-b704-9c7a858669e6/distill_methodvanilla_dkd_alpha1.0_dkd_beta8.0_kl_methodkl_mse_normalizeFalse_temperature4.0_weight_ce0.5_weight_kl0.5_weight_mse1.0_zscoreFalse/final_summary.json
lab,H4K20me1,raw,0.5,1.0,0.0,0.5,42,0.6266080112749821,0.6128603734850463,40,${OG_SCRATCH}/carbon_distillation/original/H4K20me1/20260625_095243/6e4c9674-c025-4af3-af7c-1968bf5960bd/distill_methodvanilla_dkd_alpha1.0_dkd_beta8.0_kl_methodkl_mse_normalizeFalse_temperature0.5_weight_ce0.5_weight_kl1.0_weight_mse0.0_zscoreFalse/final_summary.json
lab,H4K20me1,raw,0.5,1.0,0.0,1.0,42,0.6307981191033751,0.6149205231735354,45,${OG_SCRATCH}/carbon_distillation/original/H4K20me1/20260625_095653/9b26495e-ed87-4b65-81e7-3502fdda6ec8/distill_methodvanilla_dkd_alpha1.0_dkd_beta8.0_kl_methodkl_mse_normalizeFalse_temperature1.0_weight_ce0.5_weight_kl1.0_weight_mse0.0_zscoreFalse/final_summary.json
lab,H4K20me1,raw,0.5,1.0,0.0,1.5,42,0.6253768148272224,0.6192987079936869,41,${OG_SCRATCH}/carbon_distillation/original/H4K20me1/20260625_100309/1be8459a-6f14-472c-b1aa-bd24022e4125/distill_methodvanilla_dkd_alpha1.0_dkd_beta8.0_kl_methodkl_mse_normalizeFalse_temperature1.5_weight_ce0.5_weight_kl1.0_weight_mse0.0_zscoreFalse/final_summary.json
lab,H4K20me1,raw,0.5,1.0,0.0,2.0,42,0.6306830946387346,0.6103784981660555,48,${OG_SCRATCH}/carbon_distillation/original/H4K20me1/20260625_101121/739f68bd-3f87-467e-a1d9-f52581b88d9a/distill_methodvanilla_dkd_alpha1.0_dkd_beta8.0_kl_methodkl_mse_normalizeFalse_temperature2.0_weight_ce0.5_weight_kl1.0_weight_mse0.0_zscoreFalse/final_summary.json
lab,H4K20me1,raw,0.5,1.0,0.0,4.0,42,0.6359765951332695,0.6210991876170348,60,${OG_SCRATCH}/carbon_distillation/original/H4K20me1/20260625_102934/bcdc5e5e-0970-4dfd-b469-23a9839854be/distill_methodvanilla_dkd_alpha1.0_dkd_beta8.0_kl_methodkl_mse_normalizeFalse_temperature4.0_weight_ce0.5_weight_kl1.0_weight_mse0.0_zscoreFalse/final_summary.json
lab,H4K20me1,raw,0.5,1.0,1.0,0.5,42,0.6112801369477734,0.6103751728668125,22,${OG_SCRATCH}/carbon_distillation/original/H4K20me1/20260625_103343/a70349ac-e6b9-4759-8612-2c2b8dc43237/distill_methodvanilla_dkd_alpha1.0_dkd_beta8.0_kl_methodkl_mse_normalizeFalse_temperature0.5_weight_ce0.5_weight_kl1.0_weight_mse1.0_zscoreFalse/final_summary.json
lab,H4K20me1,raw,0.5,1.0,1.0,1.0,42,0.6179651873244667,0.6006550368653487,35,${OG_SCRATCH}/carbon_distillation/original/H4K20me1/20260625_103547/177b6e8a-53b3-4605-ab36-d0d24ec00144/distill_methodvanilla_dkd_alpha1.0_dkd_beta8.0_kl_methodkl_mse_normalizeFalse_temperature1.0_weight_ce0.5_weight_kl1.0_weight_mse1.0_zscoreFalse/final_summary.json
lab,H4K20me1,raw,0.5,1.0,1.0,1.5,42,0.6230419106194446,0.584842549127946,47,${OG_SCRATCH}/carbon_distillation/original/H4K20me1/20260625_103958/4810a2bf-cb36-4b55-8267-e4a90473f6a7/distill_methodvanilla_dkd_alpha1.0_dkd_beta8.0_kl_methodkl_mse_normalizeFalse_temperature1.5_weight_ce0.5_weight_kl1.0_weight_mse1.0_zscoreFalse/final_summary.json
lab,H4K20me1,raw,0.5,1.0,1.0,2.0,42,0.6328330302913453,0.6079435410663668,40,${OG_SCRATCH}/carbon_distillation/original/H4K20me1/20260625_104805/98f104c3-3655-4b32-8a66-24166e51e042/distill_methodvanilla_dkd_alpha1.0_dkd_beta8.0_kl_methodkl_mse_normalizeFalse_temperature2.0_weight_ce0.5_weight_kl1.0_weight_mse1.0_zscoreFalse/final_summary.json
lab,H4K20me1,raw,0.5,1.0,1.0,4.0,42,0.6301190767660725,0.6040226408741173,36,${OG_SCRATCH}/carbon_distillation/original/H4K20me1/20260625_105013/6d126caf-f745-4101-af32-92e50c71ce9f/distill_methodvanilla_dkd_alpha1.0_dkd_beta8.0_kl_methodkl_mse_normalizeFalse_temperature4.0_weight_ce0.5_weight_kl1.0_weight_mse1.0_zscoreFalse/final_summary.json
lab,promoter_all,raw,0.5,0.5,0.2,2.0,0,0.743127470420664,0.728605631387592,35,${OG_SCRATCH}/carbon_distillation/original/promoter_all/20260624_194722/f9ed7d1e-f7cb-4ca9-ab7c-d41b22de0154/distill_methodvanilla_dkd_alpha1.0_dkd_beta8.0_kl_methodkl_mse_normalizeFalse_temperature2.0_weight_ce0.5_weight_kl0.5_weight_mse0.2_zscoreFalse/final_summary.json
lab,promoter_all,raw,0.5,0.0,0.0,0.5,42,0.72271118810759,0.7137987438792176,33,${OG_SCRATCH}/carbon_distillation/original/promoter_all/20260626_164313/54886cf7-b4e2-4023-a5fb-a841deb79c1e/distill_methodvanilla_dkd_alpha1.0_dkd_beta8.0_kl_methodkl_mse_normalizeFalse_temperature0.5_weight_ce0.5_weight_kl0.0_weight_mse0.0_zscoreFalse/final_summary.json
lab,promoter_all,raw,0.5,0.0,1.0,0.5,42,0.7324246951968728,0.7316291576777357,28,${OG_SCRATCH}/carbon_distillation/original/promoter_all/20260626_201035/52368aaa-4ba2-43b6-8bd5-def5b5ccd384/distill_methodvanilla_dkd_alpha1.0_dkd_beta8.0_kl_methodkl_mse_normalizeFalse_temperature0.5_weight_ce0.5_weight_kl0.0_weight_mse1.0_zscoreFalse/final_summary.json
lab,promoter_all,raw,0.5,0.25,0.0,0.5,42,0.7250551345448182,0.7225540495874087,28,${OG_SCRATCH}/carbon_distillation/original/promoter_all/20260626_202808/dc313432-d44f-4b66-8eb1-b4ff88b79195/distill_methodvanilla_dkd_alpha1.0_dkd_beta8.0_kl_methodkl_mse_normalizeFalse_temperature0.5_weight_ce0.5_weight_kl0.25_weight_mse0.0_zscoreFalse/final_summary.json
lab,promoter_all,raw,0.5,0.25,0.0,1.0,42,0.7256720872092967,0.7189164462838364,34,${OG_SCRATCH}/carbon_distillation/original/promoter_all/20260626_202854/84efbe14-d5e0-4ec2-8727-ad4e95d03f30/distill_methodvanilla_dkd_alpha1.0_dkd_beta8.0_kl_methodkl_mse_normalizeFalse_temperature1.0_weight_ce0.5_weight_kl0.25_weight_mse0.0_zscoreFalse/final_summary.json
lab,promoter_all,raw,0.5,0.25,0.0,1.5,42,0.7298987578314086,0.7307058917107082,34,${OG_SCRATCH}/carbon_distillation/original/promoter_all/20260626_204306/5bb84596-489d-4490-b361-fae3faa61916/distill_methodvanilla_dkd_alpha1.0_dkd_beta8.0_kl_methodkl_mse_normalizeFalse_temperature1.5_weight_ce0.5_weight_kl0.25_weight_mse0.0_zscoreFalse/final_summary.json
lab,promoter_all,raw,0.5,0.25,0.0,2.0,42,0.7332408797925114,0.7304682017947584,34,${OG_SCRATCH}/carbon_distillation/original/promoter_all/20260626_210125/f7f0d8f0-a787-484e-be15-4810db67d378/distill_methodvanilla_dkd_alpha1.0_dkd_beta8.0_kl_methodkl_mse_normalizeFalse_temperature2.0_weight_ce0.5_weight_kl0.25_weight_mse0.0_zscoreFalse/final_summary.json
lab,promoter_all,raw,0.5,0.25,0.0,4.0,42,0.7355503541154458,0.7350383436515102,42,${OG_SCRATCH}/carbon_distillation/original/promoter_all/20260626_210335/7f7dc0a5-9172-4dfe-b63d-6b5e005054b8/distill_methodvanilla_dkd_alpha1.0_dkd_beta8.0_kl_methodkl_mse_normalizeFalse_temperature4.0_weight_ce0.5_weight_kl0.25_weight_mse0.0_zscoreFalse/final_summary.json
lab,promoter_all,raw,0.5,0.25,1.0,0.5,42,0.7337127621785466,0.7197336879934502,34,${OG_SCRATCH}/carbon_distillation/original/promoter_all/20260626_211754/3b937393-0d1b-44c0-bb89-793eca64aed2/distill_methodvanilla_dkd_alpha1.0_dkd_beta8.0_kl_methodkl_mse_normalizeFalse_temperature0.5_weight_ce0.5_weight_kl0.25_weight_mse1.0_zscoreFalse/final_summary.json
lab,promoter_all,raw,0.5,0.25,1.0,1.0,42,0.7389047161700177,0.7235131083839434,36,${OG_SCRATCH}/carbon_distillation/original/promoter_all/20260626_213610/1c653ae8-6f82-4dc5-a547-30d2750a7f97/distill_methodvanilla_dkd_alpha1.0_dkd_beta8.0_kl_methodkl_mse_normalizeFalse_temperature1.0_weight_ce0.5_weight_kl0.25_weight_mse1.0_zscoreFalse/final_summary.json
lab,promoter_all,raw,0.5,0.25,1.0,1.5,42,0.743211261514347,0.7282975121384463,34,${OG_SCRATCH}/carbon_distillation/original/promoter_all/20260626_214221/3344797c-53bb-453e-a969-832a26f120d9/distill_methodvanilla_dkd_alpha1.0_dkd_beta8.0_kl_methodkl_mse_normalizeFalse_temperature1.5_weight_ce0.5_weight_kl0.25_weight_mse1.0_zscoreFalse/final_summary.json
lab,promoter_all,raw,0.5,0.25,1.0,2.0,42,0.742691233711769,0.7211155487076383,30,${OG_SCRATCH}/carbon_distillation/original/promoter_all/20260626_215634/07649f2a-c45c-4dce-bb74-65009dabf91e/distill_methodvanilla_dkd_alpha1.0_dkd_beta8.0_kl_methodkl_mse_normalizeFalse_temperature2.0_weight_ce0.5_weight_kl0.25_weight_mse1.0_zscoreFalse/final_summary.json
lab,promoter_all,raw,0.5,0.25,1.0,4.0,42,0.7540995036500179,0.7414555864758243,37,${OG_SCRATCH}/carbon_distillation/original/promoter_all/20260626_221251/58b6cead-21b2-4989-825e-3a39beb12bb1/distill_methodvanilla_dkd_alpha1.0_dkd_beta8.0_kl_methodkl_mse_normalizeFalse_temperature4.0_weight_ce0.5_weight_kl0.25_weight_mse1.0_zscoreFalse/final_summary.json
lab,promoter_all,raw,0.5,0.5,0.0,0.5,42,0.7368392353347553,0.7065795548389459,39,${OG_SCRATCH}/carbon_distillation/original/promoter_all/20260626_222103/77106cf6-6a78-4c8c-8544-aa5237a66bc2/distill_methodvanilla_dkd_alpha1.0_dkd_beta8.0_kl_methodkl_mse_normalizeFalse_temperature0.5_weight_ce0.5_weight_kl0.5_weight_mse0.0_zscoreFalse/final_summary.json
lab,promoter_all,raw,0.5,0.5,0.0,1.0,42,0.7334998167211875,0.7213789075310323,38,${OG_SCRATCH}/carbon_distillation/original/promoter_all/20260626_223320/ef1be032-0c3c-41a3-8da4-fb12f6eb889e/distill_methodvanilla_dkd_alpha1.0_dkd_beta8.0_kl_methodkl_mse_normalizeFalse_temperature1.0_weight_ce0.5_weight_kl0.5_weight_mse0.0_zscoreFalse/final_summary.json
lab,promoter_all,raw,0.5,0.5,0.0,1.5,42,0.7280597497427944,0.7362807443516165,42,${OG_SCRATCH}/carbon_distillation/original/promoter_all/20260626_224940/f7e2f64d-f3c2-4d7d-a895-c82ff01abdab/distill_methodvanilla_dkd_alpha1.0_dkd_beta8.0_kl_methodkl_mse_normalizeFalse_temperature1.5_weight_ce0.5_weight_kl0.5_weight_mse0.0_zscoreFalse/final_summary.json
lab,promoter_all,raw,0.5,0.5,0.0,2.0,42,0.7347386019370745,0.7183844327081846,57,${OG_SCRATCH}/carbon_distillation/original/promoter_all/20260626_225754/3f9e7d78-93a9-4a09-8eb6-88cbb11f6a4a/distill_methodvanilla_dkd_alpha1.0_dkd_beta8.0_kl_methodkl_mse_normalizeFalse_temperature2.0_weight_ce0.5_weight_kl0.5_weight_mse0.0_zscoreFalse/final_summary.json
lab,promoter_all,raw,0.5,0.5,0.0,4.0,42,0.7313488856246428,0.7151102429179987,32,${OG_SCRATCH}/carbon_distillation/original/promoter_all/20260626_231012/a8f6ff85-0b39-431b-9e69-6c66ca00ff5c/distill_methodvanilla_dkd_alpha1.0_dkd_beta8.0_kl_methodkl_mse_normalizeFalse_temperature4.0_weight_ce0.5_weight_kl0.5_weight_mse0.0_zscoreFalse/final_summary.json
lab,promoter_all,raw,0.5,0.5,1.0,0.5,42,0.73479003524139,0.7342946159135492,28,${OG_SCRATCH}/carbon_distillation/original/promoter_all/20260626_232621/569ffa34-92da-4f33-ab14-630e05978a72/distill_methodvanilla_dkd_alpha1.0_dkd_beta8.0_kl_methodkl_mse_normalizeFalse_temperature0.5_weight_ce0.5_weight_kl0.5_weight_mse1.0_zscoreFalse/final_summary.json
lab,promoter_all,raw,0.5,0.5,1.0,1.0,42,0.744025696075821,0.7159233578383938,38,${OG_SCRATCH}/carbon_distillation/original/promoter_all/20260626_234041/2a06ef5f-2df6-49be-84b4-91d5f2a632ea/distill_methodvanilla_dkd_alpha1.0_dkd_beta8.0_kl_methodkl_mse_normalizeFalse_temperature1.0_weight_ce0.5_weight_kl0.5_weight_mse1.0_zscoreFalse/final_summary.json
lab,promoter_all,raw,0.5,0.5,1.0,1.5,42,0.747416912792398,0.737262746797948,34,${OG_SCRATCH}/carbon_distillation/original/promoter_all/20260626_234454/7c4a322f-8b01-4e92-a1ce-d665c3f5d4dd/distill_methodvanilla_dkd_alpha1.0_dkd_beta8.0_kl_methodkl_mse_normalizeFalse_temperature1.5_weight_ce0.5_weight_kl0.5_weight_mse1.0_zscoreFalse/final_summary.json
lab,promoter_all,raw,0.5,0.5,1.0,2.0,42,0.7509464124384041,0.7310013798915874,37,${OG_SCRATCH}/carbon_distillation/original/promoter_all/20260627_000113/e6084c05-d2b6-40d2-bab6-b869e7d97c3c/distill_methodvanilla_dkd_alpha1.0_dkd_beta8.0_kl_methodkl_mse_normalizeFalse_temperature2.0_weight_ce0.5_weight_kl0.5_weight_mse1.0_zscoreFalse/final_summary.json
lab,promoter_all,raw,0.5,0.5,1.0,4.0,42,0.7483975015388266,0.7375363357684454,37,${OG_SCRATCH}/carbon_distillation/original/promoter_all/20260627_001930/fd62e972-2c04-475b-b2b9-a5e9c3b7e3f6/distill_methodvanilla_dkd_alpha1.0_dkd_beta8.0_kl_methodkl_mse_normalizeFalse_temperature4.0_weight_ce0.5_weight_kl0.5_weight_mse1.0_zscoreFalse/final_summary.json
lab,promoter_all,raw,0.5,1.0,0.0,0.5,42,0.7281511759969896,0.730050532129034,34,${OG_SCRATCH}/carbon_distillation/original/promoter_all/20260627_002137/ba43e893-aaa5-421c-aaea-ab0c08b6f8cf/distill_methodvanilla_dkd_alpha1.0_dkd_beta8.0_kl_methodkl_mse_normalizeFalse_temperature0.5_weight_ce0.5_weight_kl1.0_weight_mse0.0_zscoreFalse/final_summary.json
lab,promoter_all,raw,0.5,1.0,0.0,1.0,42,0.7296707227657427,0.7211257376068149,40,${OG_SCRATCH}/carbon_distillation/original/promoter_all/20260627_003753/88346f2b-3f6c-4ab6-89b0-78d72efcda90/distill_methodvanilla_dkd_alpha1.0_dkd_beta8.0_kl_methodkl_mse_normalizeFalse_temperature1.0_weight_ce0.5_weight_kl1.0_weight_mse0.0_zscoreFalse/final_summary.json
lab,promoter_all,raw,0.5,1.0,0.0,1.5,42,0.7300768837907349,0.7348578571388547,36,${OG_SCRATCH}/carbon_distillation/original/promoter_all/20260627_005609/746d83f1-7318-46e7-a766-bc685323fc35/distill_methodvanilla_dkd_alpha1.0_dkd_beta8.0_kl_methodkl_mse_normalizeFalse_temperature1.5_weight_ce0.5_weight_kl1.0_weight_mse0.0_zscoreFalse/final_summary.json
lab,promoter_all,raw,0.5,1.0,0.0,2.0,42,0.7289141179396553,0.7298352134389723,35,${OG_SCRATCH}/carbon_distillation/original/promoter_all/20260627_005615/552fac42-1ce0-4813-a5a1-c73febdcd979/distill_methodvanilla_dkd_alpha1.0_dkd_beta8.0_kl_methodkl_mse_normalizeFalse_temperature2.0_weight_ce0.5_weight_kl1.0_weight_mse0.0_zscoreFalse/final_summary.json
lab,promoter_all,raw,0.5,1.0,0.0,4.0,42,0.7344408847404247,0.7323512833474143,42,${OG_SCRATCH}/carbon_distillation/original/promoter_all/20260627_011421/bdceb8f8-5518-447b-83f3-9706d6c3ea6b/distill_methodvanilla_dkd_alpha1.0_dkd_beta8.0_kl_methodkl_mse_normalizeFalse_temperature4.0_weight_ce0.5_weight_kl1.0_weight_mse0.0_zscoreFalse/final_summary.json
lab,promoter_all,raw,0.5,1.0,1.0,1.0,42,0.7362878709815887,0.7341859425290082,34,${OG_SCRATCH}/carbon_distillation/original/promoter_all/20260627_012849/ed3215a2-c006-466d-b90e-3b094062314c/distill_methodvanilla_dkd_alpha1.0_dkd_beta8.0_kl_methodkl_mse_normalizeFalse_temperature1.0_weight_ce0.5_weight_kl1.0_weight_mse1.0_zscoreFalse/final_summary.json
lab,promoter_all,raw,0.5,1.0,1.0,0.5,42,0.7354609394360659,0.7379033001726193,26,${OG_SCRATCH}/carbon_distillation/original/promoter_all/20260627_012931/16f243c0-78c3-4c18-9937-f446ae7e4edc/distill_methodvanilla_dkd_alpha1.0_dkd_beta8.0_kl_methodkl_mse_normalizeFalse_temperature0.5_weight_ce0.5_weight_kl1.0_weight_mse1.0_zscoreFalse/final_summary.json
lab,promoter_all,raw,0.5,1.0,1.0,1.5,42,0.7407245607766414,0.7401725499055198,36,${OG_SCRATCH}/carbon_distillation/original/promoter_all/20260627_013044/4b73fe54-4cbe-482a-8966-de359c787fa9/distill_methodvanilla_dkd_alpha1.0_dkd_beta8.0_kl_methodkl_mse_normalizeFalse_temperature1.5_weight_ce0.5_weight_kl1.0_weight_mse1.0_zscoreFalse/final_summary.json
lab,promoter_all,raw,0.5,1.0,1.0,2.0,42,0.7407310987564982,0.7377356199999717,37,${OG_SCRATCH}/carbon_distillation/original/promoter_all/20260627_013252/9123fd0d-7bd0-4357-983c-2d85f05fcaa3/distill_methodvanilla_dkd_alpha1.0_dkd_beta8.0_kl_methodkl_mse_normalizeFalse_temperature2.0_weight_ce0.5_weight_kl1.0_weight_mse1.0_zscoreFalse/final_summary.json
lab,promoter_all,raw,0.5,1.0,1.0,4.0,42,0.7456303278770454,0.74816447059916,39,${OG_SCRATCH}/carbon_distillation/original/promoter_all/20260627_014801/fd899a78-2d74-4bb6-a1ae-dd9d5a707ec8/distill_methodvanilla_dkd_alpha1.0_dkd_beta8.0_kl_methodkl_mse_normalizeFalse_temperature4.0_weight_ce0.5_weight_kl1.0_weight_mse1.0_zscoreFalse/final_summary.json
lab,promoter_tata,raw,0.5,0.5,0.2,2.0,0,0.8543607001571788,0.8307804032542971,176,${OG_SCRATCH}/carbon_distillation/original/promoter_tata/20260624_200108/8ab31a97-734d-4f4b-a784-22bb59b70f50/distill_methodvanilla_dkd_alpha1.0_dkd_beta8.0_kl_methodkl_mse_normalizeFalse_temperature2.0_weight_ce0.5_weight_kl0.5_weight_mse0.2_zscoreFalse/final_summary.json
lab,promoter_tata,raw,0.5,0.0,0.0,0.5,42,0.834724386102909,0.7078307116678075,67,${OG_SCRATCH}/carbon_distillation/original/promoter_tata/20260627_015111/c8b29d3e-b0db-45c3-b13e-d57839bf9a19/distill_methodvanilla_dkd_alpha1.0_dkd_beta8.0_kl_methodkl_mse_normalizeFalse_temperature0.5_weight_ce0.5_weight_kl0.0_weight_mse0.0_zscoreFalse/final_summary.json
lab,promoter_tata,raw,0.5,0.0,1.0,0.5,42,0.863429530118549,0.8414594412328095,101,${OG_SCRATCH}/carbon_distillation/original/promoter_tata/20260627_015920/d3a70382-72e2-435f-a71d-85e7f14e77e3/distill_methodvanilla_dkd_alpha1.0_dkd_beta8.0_kl_methodkl_mse_normalizeFalse_temperature0.5_weight_ce0.5_weight_kl0.0_weight_mse1.0_zscoreFalse/final_summary.json
lab,promoter_tata,raw,0.5,0.25,0.0,0.5,42,0.8417075771755212,0.7272245789723618,150,${OG_SCRATCH}/carbon_distillation/original/promoter_tata/20260627_020731/56401075-af66-46aa-b5cc-e65cb952b023/distill_methodvanilla_dkd_alpha1.0_dkd_beta8.0_kl_methodkl_mse_normalizeFalse_temperature0.5_weight_ce0.5_weight_kl0.25_weight_mse0.0_zscoreFalse/final_summary.json
lab,promoter_tata,raw,0.5,0.25,0.0,1.5,42,0.846484377663212,0.682288239221013,77,${OG_SCRATCH}/carbon_distillation/original/promoter_tata/20260627_020947/67003070-5416-4bde-b4c6-76a4cb017365/distill_methodvanilla_dkd_alpha1.0_dkd_beta8.0_kl_methodkl_mse_normalizeFalse_temperature1.5_weight_ce0.5_weight_kl0.25_weight_mse0.0_zscoreFalse/final_summary.json
lab,promoter_tata,raw,0.5,0.25,0.0,1.0,42,0.8384330550404155,0.7252912234642331,120,${OG_SCRATCH}/carbon_distillation/original/promoter_tata/20260627_021032/506d8434-1a98-482b-b698-7471dfcd3745/distill_methodvanilla_dkd_alpha1.0_dkd_beta8.0_kl_methodkl_mse_normalizeFalse_temperature1.0_weight_ce0.5_weight_kl0.25_weight_mse0.0_zscoreFalse/final_summary.json
lab,promoter_tata,raw,0.5,0.25,0.0,2.0,42,0.8709550450606487,0.7075786576362539,100,${OG_SCRATCH}/carbon_distillation/original/promoter_tata/20260627_021145/656f2294-aee1-484e-9c58-b3145f0e8d67/distill_methodvanilla_dkd_alpha1.0_dkd_beta8.0_kl_methodkl_mse_normalizeFalse_temperature2.0_weight_ce0.5_weight_kl0.25_weight_mse0.0_zscoreFalse/final_summary.json
lab,promoter_tata,raw,0.5,0.25,0.0,4.0,42,0.8620947516549401,0.7548513560963972,92,${OG_SCRATCH}/carbon_distillation/original/promoter_tata/20260627_021150/8c255d24-9f4b-483e-89d9-2899c6b3907a/distill_methodvanilla_dkd_alpha1.0_dkd_beta8.0_kl_methodkl_mse_normalizeFalse_temperature4.0_weight_ce0.5_weight_kl0.25_weight_mse0.0_zscoreFalse/final_summary.json
lab,promoter_tata,raw,0.5,0.25,1.0,0.5,42,0.8738716410389495,0.8399591111791317,158,${OG_SCRATCH}/carbon_distillation/original/promoter_tata/20260627_021855/cc732059-fc6b-49bb-abfd-f66ab6fc4ee4/distill_methodvanilla_dkd_alpha1.0_dkd_beta8.0_kl_methodkl_mse_normalizeFalse_temperature0.5_weight_ce0.5_weight_kl0.25_weight_mse1.0_zscoreFalse/final_summary.json
lab,promoter_tata,raw,0.5,0.25,1.0,1.0,42,0.8897900570368499,0.8207912428580546,192,${OG_SCRATCH}/carbon_distillation/original/promoter_tata/20260627_022005/de575e0e-8988-4122-9311-74965419a626/distill_methodvanilla_dkd_alpha1.0_dkd_beta8.0_kl_methodkl_mse_normalizeFalse_temperature1.0_weight_ce0.5_weight_kl0.25_weight_mse1.0_zscoreFalse/final_summary.json
lab,promoter_tata,raw,0.5,0.25,1.0,1.5,42,0.8817624460900065,0.7930176576518291,143,${OG_SCRATCH}/carbon_distillation/original/promoter_tata/20260627_022011/9a2e43a7-6773-4225-9476-969a33d3a727/distill_methodvanilla_dkd_alpha1.0_dkd_beta8.0_kl_methodkl_mse_normalizeFalse_temperature1.5_weight_ce0.5_weight_kl0.25_weight_mse1.0_zscoreFalse/final_summary.json
lab,promoter_tata,raw,0.5,0.25,1.0,2.0,42,0.859684433466204,0.821669329488253,200,${OG_SCRATCH}/carbon_distillation/original/promoter_tata/20260627_022714/1146b99b-1199-427b-8fe5-8a640b218ef0/distill_methodvanilla_dkd_alpha1.0_dkd_beta8.0_kl_methodkl_mse_normalizeFalse_temperature2.0_weight_ce0.5_weight_kl0.25_weight_mse1.0_zscoreFalse/final_summary.json
lab,promoter_tata,raw,0.5,0.25,1.0,4.0,42,0.8584063877679129,0.7559289460184544,82,${OG_SCRATCH}/carbon_distillation/original/promoter_tata/20260627_023429/f3dd72e0-e96c-4dfc-81cb-6ed159c012c1/distill_methodvanilla_dkd_alpha1.0_dkd_beta8.0_kl_methodkl_mse_normalizeFalse_temperature4.0_weight_ce0.5_weight_kl0.25_weight_mse1.0_zscoreFalse/final_summary.json
lab,promoter_tata,raw,0.5,0.5,0.0,1.0,42,0.8463119131156058,0.7358490566037735,102,${OG_SCRATCH}/carbon_distillation/original/promoter_tata/20260627_023441/f03c6530-481c-4e3c-82bc-05b3d4970c84/distill_methodvanilla_dkd_alpha1.0_dkd_beta8.0_kl_methodkl_mse_normalizeFalse_temperature1.0_weight_ce0.5_weight_kl0.5_weight_mse0.0_zscoreFalse/final_summary.json
lab,promoter_tata,raw,0.5,0.5,0.0,0.5,42,0.8501221628026158,0.7937253933193772,187,${OG_SCRATCH}/carbon_distillation/original/promoter_tata/20260627_023528/6687885a-7881-4b0c-9e3b-6c0e98250d55/distill_methodvanilla_dkd_alpha1.0_dkd_beta8.0_kl_methodkl_mse_normalizeFalse_temperature0.5_weight_ce0.5_weight_kl0.5_weight_mse0.0_zscoreFalse/final_summary.json
lab,promoter_tata,raw,0.5,0.5,0.0,1.5,42,0.8548356440013959,0.7171087882915773,87,${OG_SCRATCH}/carbon_distillation/original/promoter_tata/20260627_023650/2f174ffd-9273-4293-9a6a-70efd86438af/distill_methodvanilla_dkd_alpha1.0_dkd_beta8.0_kl_methodkl_mse_normalizeFalse_temperature1.5_weight_ce0.5_weight_kl0.5_weight_mse0.0_zscoreFalse/final_summary.json
lab,promoter_tata,raw,0.5,0.5,0.0,2.0,42,0.8675907607004111,0.7830537144507878,183,${OG_SCRATCH}/carbon_distillation/original/promoter_tata/20260627_024348/61514c52-1e75-4bfc-8894-cb69a6ab708b/distill_methodvanilla_dkd_alpha1.0_dkd_beta8.0_kl_methodkl_mse_normalizeFalse_temperature2.0_weight_ce0.5_weight_kl0.5_weight_mse0.0_zscoreFalse/final_summary.json
lab,promoter_tata,raw,0.5,0.5,0.0,4.0,42,0.8709550450606487,0.7548513560963972,86,${OG_SCRATCH}/carbon_distillation/original/promoter_tata/20260627_024458/e027fa2d-430a-4b1c-a5e1-89013235d202/distill_methodvanilla_dkd_alpha1.0_dkd_beta8.0_kl_methodkl_mse_normalizeFalse_temperature4.0_weight_ce0.5_weight_kl0.5_weight_mse0.0_zscoreFalse/final_summary.json
lab,promoter_tata,raw,0.5,0.5,1.0,0.5,42,0.8936604287336087,0.811465207803627,143,${OG_SCRATCH}/carbon_distillation/original/promoter_tata/20260627_024705/487fe75d-5618-40a1-83b2-6fd3a5d2362b/distill_methodvanilla_dkd_alpha1.0_dkd_beta8.0_kl_methodkl_mse_normalizeFalse_temperature0.5_weight_ce0.5_weight_kl0.5_weight_mse1.0_zscoreFalse/final_summary.json
lab,promoter_tata,raw,0.5,0.5,1.0,1.0,42,0.8857690094639415,0.8036410393796495,185,${OG_SCRATCH}/carbon_distillation/original/promoter_tata/20260627_024920/caec58c8-c268-48e6-a1e1-cf67ed303c0b/distill_methodvanilla_dkd_alpha1.0_dkd_beta8.0_kl_methodkl_mse_normalizeFalse_temperature1.0_weight_ce0.5_weight_kl0.5_weight_mse1.0_zscoreFalse/final_summary.json
lab,promoter_tata,raw,0.5,0.5,1.0,1.5,42,0.862733336504789,0.7737226399988072,145,${OG_SCRATCH}/carbon_distillation/original/promoter_tata/20260627_025213/c2165154-456f-4afe-a0b8-1ef53fe35ec1/distill_methodvanilla_dkd_alpha1.0_dkd_beta8.0_kl_methodkl_mse_normalizeFalse_temperature1.5_weight_ce0.5_weight_kl0.5_weight_mse1.0_zscoreFalse/final_summary.json
lab,promoter_tata,raw,0.5,0.5,1.0,2.0,42,0.8698798593700043,0.7833326542457071,133,${OG_SCRATCH}/carbon_distillation/original/promoter_tata/20260627_025523/278f9515-2674-4015-8407-4c8d1aa56502/distill_methodvanilla_dkd_alpha1.0_dkd_beta8.0_kl_methodkl_mse_normalizeFalse_temperature2.0_weight_ce0.5_weight_kl0.5_weight_mse1.0_zscoreFalse/final_summary.json
lab,promoter_tata,raw,0.5,1.0,0.0,0.5,42,0.8543607001571788,0.7925939239012171,191,${OG_SCRATCH}/carbon_distillation/original/promoter_tata/20260627_030145/818a2d8a-18ee-4de1-98c3-709d28709864/distill_methodvanilla_dkd_alpha1.0_dkd_beta8.0_kl_methodkl_mse_normalizeFalse_temperature0.5_weight_ce0.5_weight_kl1.0_weight_mse0.0_zscoreFalse/final_summary.json
lab,promoter_tata,raw,0.5,0.5,1.0,4.0,42,0.8685645882330838,0.7748271696689158,101,${OG_SCRATCH}/carbon_distillation/original/promoter_tata/20260627_030228/b96eed45-6b12-41cb-9943-dcd1cf0bc443/distill_methodvanilla_dkd_alpha1.0_dkd_beta8.0_kl_methodkl_mse_normalizeFalse_temperature4.0_weight_ce0.5_weight_kl0.5_weight_mse1.0_zscoreFalse/final_summary.json
lab,promoter_tata,raw,0.5,1.0,0.0,1.0,42,0.8385746663380608,0.7290476893819068,68,${OG_SCRATCH}/carbon_distillation/original/promoter_tata/20260627_030553/dc7155cc-fcc6-4cc1-8a59-007774197ea9/distill_methodvanilla_dkd_alpha1.0_dkd_beta8.0_kl_methodkl_mse_normalizeFalse_temperature1.0_weight_ce0.5_weight_kl1.0_weight_mse0.0_zscoreFalse/final_summary.json
lab,promoter_tata,raw,0.5,1.0,0.0,2.0,42,0.8543607001571788,0.7559289460184544,73,${OG_SCRATCH}/carbon_distillation/original/promoter_tata/20260627_031002/2a777552-74af-4dd2-93a1-446746da78d6/distill_methodvanilla_dkd_alpha1.0_dkd_beta8.0_kl_methodkl_mse_normalizeFalse_temperature2.0_weight_ce0.5_weight_kl1.0_weight_mse0.0_zscoreFalse/final_summary.json
lab,promoter_tata,raw,0.5,1.0,0.0,1.5,42,0.854048334240755,0.7479839930022161,175,${OG_SCRATCH}/carbon_distillation/original/promoter_tata/20260627_031049/7cd873d0-c176-4c5b-8f40-81edef44c3ff/distill_methodvanilla_dkd_alpha1.0_dkd_beta8.0_kl_methodkl_mse_normalizeFalse_temperature1.5_weight_ce0.5_weight_kl1.0_weight_mse0.0_zscoreFalse/final_summary.json
lab,promoter_tata,raw,0.5,1.0,0.0,4.0,42,0.8777193364663409,0.7644571686012321,81,${OG_SCRATCH}/carbon_distillation/original/promoter_tata/20260627_031607/11299771-c97a-4652-9f68-6ef6fd0b7bbf/distill_methodvanilla_dkd_alpha1.0_dkd_beta8.0_kl_methodkl_mse_normalizeFalse_temperature4.0_weight_ce0.5_weight_kl1.0_weight_mse0.0_zscoreFalse/final_summary.json
lab,promoter_tata,raw,0.5,1.0,1.0,1.0,42,0.8621054701935864,0.821669329488253,143,${OG_SCRATCH}/carbon_distillation/original/promoter_tata/20260627_031830/b84aa766-e2a5-4ee2-822d-e4726e317980/distill_methodvanilla_dkd_alpha1.0_dkd_beta8.0_kl_methodkl_mse_normalizeFalse_temperature1.0_weight_ce0.5_weight_kl1.0_weight_mse1.0_zscoreFalse/final_summary.json
lab,promoter_tata,raw,0.5,1.0,1.0,0.5,42,0.863429530118549,0.811465207803627,160,${OG_SCRATCH}/carbon_distillation/original/promoter_tata/20260627_031909/5ce188b7-5b20-4f55-b2ca-2b13b98ea16b/distill_methodvanilla_dkd_alpha1.0_dkd_beta8.0_kl_methodkl_mse_normalizeFalse_temperature0.5_weight_ce0.5_weight_kl1.0_weight_mse1.0_zscoreFalse/final_summary.json
lab,promoter_tata,raw,0.5,1.0,1.0,1.5,42,0.8580900309368356,0.8307804032542971,178,${OG_SCRATCH}/carbon_distillation/original/promoter_tata/20260627_032023/50efeb76-42a9-4a78-ae49-27136f112ea2/distill_methodvanilla_dkd_alpha1.0_dkd_beta8.0_kl_methodkl_mse_normalizeFalse_temperature1.5_weight_ce0.5_weight_kl1.0_weight_mse1.0_zscoreFalse/final_summary.json
lab,promoter_tata,raw,0.5,1.0,1.0,4.0,42,0.8601394301255361,0.7658226375264895,83,${OG_SCRATCH}/carbon_distillation/original/promoter_tata/20260627_032645/d004bc85-d80e-4501-8a3e-cc5a16948288/distill_methodvanilla_dkd_alpha1.0_dkd_beta8.0_kl_methodkl_mse_normalizeFalse_temperature4.0_weight_ce0.5_weight_kl1.0_weight_mse1.0_zscoreFalse/final_summary.json
lab,promoter_tata,raw,0.5,1.0,1.0,2.0,42,0.8750888475063506,0.7947194142390263,163,${OG_SCRATCH}/carbon_distillation/original/promoter_tata/20260627_032727/e29f6bfd-eb71-4c17-8569-d459cb319458/distill_methodvanilla_dkd_alpha1.0_dkd_beta8.0_kl_methodkl_mse_normalizeFalse_temperature2.0_weight_ce0.5_weight_kl1.0_weight_mse1.0_zscoreFalse/final_summary.json
lab,promoter_no_tata,raw,0.5,0.5,0.2,2.0,0,0.7486576162704687,0.7305450534476924,25,${OG_SCRATCH}/carbon_distillation/original/promoter_no_tata/20260624_201001/1f76ab4f-8079-46b2-8d75-fd0d8aeef858/distill_methodvanilla_dkd_alpha1.0_dkd_beta8.0_kl_methodkl_mse_normalizeFalse_temperature2.0_weight_ce0.5_weight_kl0.5_weight_mse0.2_zscoreFalse/final_summary.json
lab,promoter_no_tata,raw,0.5,0.0,1.0,0.5,42,0.7475091749871511,0.7404469294595558,24,${OG_SCRATCH}/carbon_distillation/original/promoter_no_tata/20260627_033508/60055bda-cc20-4ed9-8313-f94826f14bde/distill_methodvanilla_dkd_alpha1.0_dkd_beta8.0_kl_methodkl_mse_normalizeFalse_temperature0.5_weight_ce0.5_weight_kl0.0_weight_mse1.0_zscoreFalse/final_summary.json
lab,promoter_no_tata,raw,0.5,0.0,0.0,0.5,42,0.7455555732771821,0.7252826315686518,27,${OG_SCRATCH}/carbon_distillation/original/promoter_no_tata/20260627_033543/18dbbef9-6020-44fa-b331-1c0a19da08de/distill_methodvanilla_dkd_alpha1.0_dkd_beta8.0_kl_methodkl_mse_normalizeFalse_temperature0.5_weight_ce0.5_weight_kl0.0_weight_mse0.0_zscoreFalse/final_summary.json
lab,promoter_no_tata,raw,0.5,0.25,0.0,0.5,42,0.7448270113359591,0.7223581048284556,27,${OG_SCRATCH}/carbon_distillation/original/promoter_no_tata/20260627_033858/24b6c7d0-2e03-4298-ba66-aae61b2443a6/distill_methodvanilla_dkd_alpha1.0_dkd_beta8.0_kl_methodkl_mse_normalizeFalse_temperature0.5_weight_ce0.5_weight_kl0.25_weight_mse0.0_zscoreFalse/final_summary.json
lab,promoter_no_tata,raw,0.5,0.25,0.0,1.0,42,0.7471256237077831,0.7220539843917708,33,${OG_SCRATCH}/carbon_distillation/original/promoter_no_tata/20260627_035005/4e195ab1-a07a-4b2b-bf2a-9601eec08392/distill_methodvanilla_dkd_alpha1.0_dkd_beta8.0_kl_methodkl_mse_normalizeFalse_temperature1.0_weight_ce0.5_weight_kl0.25_weight_mse0.0_zscoreFalse/final_summary.json
lab,promoter_no_tata,raw,0.5,0.25,0.0,1.5,42,0.7434180012842622,0.7215170689988979,27,${OG_SCRATCH}/carbon_distillation/original/promoter_no_tata/20260627_040816/98956828-c203-4638-85cb-cec750e16f3c/distill_methodvanilla_dkd_alpha1.0_dkd_beta8.0_kl_methodkl_mse_normalizeFalse_temperature1.5_weight_ce0.5_weight_kl0.25_weight_mse0.0_zscoreFalse/final_summary.json
lab,promoter_no_tata,raw,0.5,0.25,0.0,2.0,42,0.7439991019401043,0.7271842800760832,27,${OG_SCRATCH}/carbon_distillation/original/promoter_no_tata/20260627_041335/e15f90d5-6d06-4b47-b0aa-15186fe35ba9/distill_methodvanilla_dkd_alpha1.0_dkd_beta8.0_kl_methodkl_mse_normalizeFalse_temperature2.0_weight_ce0.5_weight_kl0.25_weight_mse0.0_zscoreFalse/final_summary.json
lab,promoter_no_tata,raw,0.5,0.25,0.0,4.0,42,0.7464500757105561,0.694122428597378,48,${OG_SCRATCH}/carbon_distillation/original/promoter_no_tata/20260627_042432/ff5e1977-e2a5-4c5e-98be-ebc6b2fc1c25/distill_methodvanilla_dkd_alpha1.0_dkd_beta8.0_kl_methodkl_mse_normalizeFalse_temperature4.0_weight_ce0.5_weight_kl0.25_weight_mse0.0_zscoreFalse/final_summary.json
lab,promoter_no_tata,raw,0.5,0.25,1.0,0.5,42,0.7445743255260633,0.7298686792437226,22,${OG_SCRATCH}/carbon_distillation/original/promoter_no_tata/20260627_044448/6ba207a6-4ac6-42c1-8d3c-7e7678b8988f/distill_methodvanilla_dkd_alpha1.0_dkd_beta8.0_kl_methodkl_mse_normalizeFalse_temperature0.5_weight_ce0.5_weight_kl0.25_weight_mse1.0_zscoreFalse/final_summary.json
lab,promoter_no_tata,raw,0.5,0.25,1.0,1.0,42,0.7463554359004926,0.7376877116363945,25,${OG_SCRATCH}/carbon_distillation/original/promoter_no_tata/20260627_050257/64e0c329-a71f-4c77-82d5-2760337865bf/distill_methodvanilla_dkd_alpha1.0_dkd_beta8.0_kl_methodkl_mse_normalizeFalse_temperature1.0_weight_ce0.5_weight_kl0.25_weight_mse1.0_zscoreFalse/final_summary.json
lab,promoter_no_tata,raw,0.5,0.25,1.0,1.5,42,0.7486255019206848,0.7406790412701515,27,${OG_SCRATCH}/carbon_distillation/original/promoter_no_tata/20260627_052112/23a88586-84e6-4ad7-83ef-d70399584873/distill_methodvanilla_dkd_alpha1.0_dkd_beta8.0_kl_methodkl_mse_normalizeFalse_temperature1.5_weight_ce0.5_weight_kl0.25_weight_mse1.0_zscoreFalse/final_summary.json
lab,promoter_no_tata,raw,0.5,0.25,1.0,2.0,42,0.7486670589835044,0.7335175507634134,27,${OG_SCRATCH}/carbon_distillation/original/promoter_no_tata/20260627_054125/0d2bf584-100e-4a19-92e5-2500f2f925b4/distill_methodvanilla_dkd_alpha1.0_dkd_beta8.0_kl_methodkl_mse_normalizeFalse_temperature2.0_weight_ce0.5_weight_kl0.25_weight_mse1.0_zscoreFalse/final_summary.json
lab,promoter_no_tata,raw,0.5,0.25,1.0,4.0,42,0.7459583848165973,0.7313037105166086,24,${OG_SCRATCH}/carbon_distillation/original/promoter_no_tata/20260627_055939/ed3959d0-c43d-4c91-b190-4998cca82995/distill_methodvanilla_dkd_alpha1.0_dkd_beta8.0_kl_methodkl_mse_normalizeFalse_temperature4.0_weight_ce0.5_weight_kl0.25_weight_mse1.0_zscoreFalse/final_summary.json
lab,promoter_no_tata,raw,0.5,0.5,0.0,0.5,42,0.7450418799343169,0.7225280659904092,27,${OG_SCRATCH}/carbon_distillation/original/promoter_no_tata/20260627_061752/b5ede104-d122-41af-9c51-2a125d5bde1e/distill_methodvanilla_dkd_alpha1.0_dkd_beta8.0_kl_methodkl_mse_normalizeFalse_temperature0.5_weight_ce0.5_weight_kl0.5_weight_mse0.0_zscoreFalse/final_summary.json
lab,promoter_no_tata,raw,0.5,0.5,0.0,1.0,42,0.7445743255260633,0.7184235058454361,33,${OG_SCRATCH}/carbon_distillation/original/promoter_no_tata/20260627_063606/81056163-fb27-4db0-a147-5fc8171828a6/distill_methodvanilla_dkd_alpha1.0_dkd_beta8.0_kl_methodkl_mse_normalizeFalse_temperature1.0_weight_ce0.5_weight_kl0.5_weight_mse0.0_zscoreFalse/final_summary.json
lab,promoter_no_tata,raw,0.5,0.5,0.0,2.0,42,0.743718654387671,0.7245829545660853,33,${OG_SCRATCH}/carbon_distillation/original/promoter_no_tata/20260627_065424/4d0343f6-a190-47ff-ba0b-dd221c863e82/distill_methodvanilla_dkd_alpha1.0_dkd_beta8.0_kl_methodkl_mse_normalizeFalse_temperature2.0_weight_ce0.5_weight_kl0.5_weight_mse0.0_zscoreFalse/final_summary.json
lab,promoter_no_tata,raw,0.5,0.5,0.0,4.0,42,0.7443697995845483,0.7090416736948082,40,${OG_SCRATCH}/carbon_distillation/original/promoter_no_tata/20260627_071236/b5f914fd-4bf0-411d-aedb-b980736876bc/distill_methodvanilla_dkd_alpha1.0_dkd_beta8.0_kl_methodkl_mse_normalizeFalse_temperature4.0_weight_ce0.5_weight_kl0.5_weight_mse0.0_zscoreFalse/final_summary.json
lab,promoter_no_tata,raw,0.5,0.5,1.0,0.5,42,0.7452689458912307,0.7362149656802213,27,${OG_SCRATCH}/carbon_distillation/original/promoter_no_tata/20260627_073250/46756cd0-0835-42ea-bf74-1d31b064d16c/distill_methodvanilla_dkd_alpha1.0_dkd_beta8.0_kl_methodkl_mse_normalizeFalse_temperature0.5_weight_ce0.5_weight_kl0.5_weight_mse1.0_zscoreFalse/final_summary.json
lab,promoter_no_tata,raw,0.5,0.5,1.0,1.0,42,0.7502300245106762,0.7335175507634134,27,${OG_SCRATCH}/carbon_distillation/original/promoter_no_tata/20260627_075303/76ef47d3-f53f-4f4d-b6ad-639ca76ab2d4/distill_methodvanilla_dkd_alpha1.0_dkd_beta8.0_kl_methodkl_mse_normalizeFalse_temperature1.0_weight_ce0.5_weight_kl0.5_weight_mse1.0_zscoreFalse/final_summary.json
lab,promoter_no_tata,raw,0.5,0.5,0.0,1.5,42,0.7447058370170659,0.7219126789345256,33,${OG_SCRATCH}/carbon_distillation/original/promoter_no_tata/20260627_080013/e851157f-4029-4384-b816-70c5deb0850b/distill_methodvanilla_dkd_alpha1.0_dkd_beta8.0_kl_methodkl_mse_normalizeFalse_temperature1.5_weight_ce0.5_weight_kl0.5_weight_mse0.0_zscoreFalse/final_summary.json
lab,promoter_no_tata,raw,0.5,0.5,1.0,1.5,42,0.7523597424642637,0.7351439159558685,27,${OG_SCRATCH}/carbon_distillation/original/promoter_no_tata/20260627_081314/41d699fa-e908-48c0-bff4-5f895cea5395/distill_methodvanilla_dkd_alpha1.0_dkd_beta8.0_kl_methodkl_mse_normalizeFalse_temperature1.5_weight_ce0.5_weight_kl0.5_weight_mse1.0_zscoreFalse/final_summary.json
lab,promoter_no_tata,raw,0.5,0.5,1.0,2.0,42,0.7477248302212659,0.7252826315686518,24,${OG_SCRATCH}/carbon_distillation/original/promoter_no_tata/20260627_083325/5c768264-b46f-4b2f-bc98-dc6bcf7c5db1/distill_methodvanilla_dkd_alpha1.0_dkd_beta8.0_kl_methodkl_mse_normalizeFalse_temperature2.0_weight_ce0.5_weight_kl0.5_weight_mse1.0_zscoreFalse/final_summary.json
lab,promoter_no_tata,raw,0.5,0.5,1.0,4.0,42,0.7461023763942161,0.7170335878165659,24,${OG_SCRATCH}/carbon_distillation/original/promoter_no_tata/20260627_083436/3b40b813-b367-45b6-9a09-01a6b246e530/distill_methodvanilla_dkd_alpha1.0_dkd_beta8.0_kl_methodkl_mse_normalizeFalse_temperature4.0_weight_ce0.5_weight_kl0.5_weight_mse1.0_zscoreFalse/final_summary.json
lab,promoter_no_tata,raw,0.5,1.0,0.0,0.5,42,0.7466041849409231,0.7254532808324756,27,${OG_SCRATCH}/carbon_distillation/original/promoter_no_tata/20260627_085143/8ef68184-ce3d-4a91-ac60-6c2b442ee524/distill_methodvanilla_dkd_alpha1.0_dkd_beta8.0_kl_methodkl_mse_normalizeFalse_temperature0.5_weight_ce0.5_weight_kl1.0_weight_mse0.0_zscoreFalse/final_summary.json
lab,promoter_no_tata,raw,0.5,1.0,0.0,1.0,42,0.7455818776346649,0.7178879637461685,33,${OG_SCRATCH}/carbon_distillation/original/promoter_no_tata/20260627_090954/c34873cf-76a8-421c-adab-b90151cf1ad1/distill_methodvanilla_dkd_alpha1.0_dkd_beta8.0_kl_methodkl_mse_normalizeFalse_temperature1.0_weight_ce0.5_weight_kl1.0_weight_mse0.0_zscoreFalse/final_summary.json
lab,promoter_no_tata,raw,0.5,1.0,0.0,2.0,42,0.7408369453807804,0.7131622222201677,41,${OG_SCRATCH}/carbon_distillation/original/promoter_no_tata/20260627_092810/3a500b3a-b709-4577-a0f0-c28533f43391/distill_methodvanilla_dkd_alpha1.0_dkd_beta8.0_kl_methodkl_mse_normalizeFalse_temperature2.0_weight_ce0.5_weight_kl1.0_weight_mse0.0_zscoreFalse/final_summary.json
lab,promoter_no_tata,raw,0.5,1.0,0.0,4.0,42,0.7449898457988623,0.7263211224254434,41,${OG_SCRATCH}/carbon_distillation/original/promoter_no_tata/20260627_094821/309b4d00-e917-4965-898e-c1b93f637cf5/distill_methodvanilla_dkd_alpha1.0_dkd_beta8.0_kl_methodkl_mse_normalizeFalse_temperature4.0_weight_ce0.5_weight_kl1.0_weight_mse0.0_zscoreFalse/final_summary.json
lab,promoter_no_tata,raw,0.5,1.0,1.0,0.5,42,0.7455635766810289,0.7362149656802213,27,${OG_SCRATCH}/carbon_distillation/original/promoter_no_tata/20260627_100833/0dd499c9-d853-4cdf-8de9-8c2bedeca133/distill_methodvanilla_dkd_alpha1.0_dkd_beta8.0_kl_methodkl_mse_normalizeFalse_temperature0.5_weight_ce0.5_weight_kl1.0_weight_mse1.0_zscoreFalse/final_summary.json
lab,promoter_no_tata,raw,0.5,1.0,1.0,1.0,42,0.7461680931615551,0.7244441159319563,24,${OG_SCRATCH}/carbon_distillation/original/promoter_no_tata/20260627_102845/5fb6ab8a-b2f1-40fb-800c-b802a96e5fac/distill_methodvanilla_dkd_alpha1.0_dkd_beta8.0_kl_methodkl_mse_normalizeFalse_temperature1.0_weight_ce0.5_weight_kl1.0_weight_mse1.0_zscoreFalse/final_summary.json
lab,promoter_no_tata,raw,0.5,1.0,1.0,2.0,42,0.7496824578631499,0.7194335780882595,24,${OG_SCRATCH}/carbon_distillation/original/promoter_no_tata/20260627_104701/182009a7-5df4-4717-8463-dd3f29b1974b/distill_methodvanilla_dkd_alpha1.0_dkd_beta8.0_kl_methodkl_mse_normalizeFalse_temperature2.0_weight_ce0.5_weight_kl1.0_weight_mse1.0_zscoreFalse/final_summary.json
lab,promoter_no_tata,raw,0.5,1.0,0.0,1.5,42,0.7511175815144407,0.7170252166253039,41,${OG_SCRATCH}/carbon_distillation/original/promoter_no_tata/20260627_113108/9256ea38-5258-44e9-8d69-d00ec5a84374/distill_methodvanilla_dkd_alpha1.0_dkd_beta8.0_kl_methodkl_mse_normalizeFalse_temperature1.5_weight_ce0.5_weight_kl1.0_weight_mse0.0_zscoreFalse/final_summary.json
lab,promoter_no_tata,raw,0.5,1.0,1.0,1.5,42,0.748406825817218,0.7266426950113657,27,${OG_SCRATCH}/carbon_distillation/original/promoter_no_tata/20260627_120614/124d667f-2fd9-4ea2-b32c-44f5e149d3db/distill_methodvanilla_dkd_alpha1.0_dkd_beta8.0_kl_methodkl_mse_normalizeFalse_temperature1.5_weight_ce0.5_weight_kl1.0_weight_mse1.0_zscoreFalse/final_summary.json
lab,promoter_no_tata,raw,0.5,1.0,1.0,4.0,42,0.7467804817126251,0.7315037927854219,27,${OG_SCRATCH}/carbon_distillation/original/promoter_no_tata/20260627_123041/bfb23af8-dee1-47d7-ad02-9e628f3e7805/distill_methodvanilla_dkd_alpha1.0_dkd_beta8.0_kl_methodkl_mse_normalizeFalse_temperature4.0_weight_ce0.5_weight_kl1.0_weight_mse1.0_zscoreFalse/final_summary.json
lab,enhancers,raw,0.5,0.5,0.2,2.0,0,0.5150623327910953,0.49749057204339847,42,${OG_SCRATCH}/carbon_distillation/original/enhancers/20260624_201322/c2f9a14a-4f9d-413b-a3d9-e4743e2c5248/distill_methodvanilla_dkd_alpha1.0_dkd_beta8.0_kl_methodkl_mse_normalizeFalse_temperature2.0_weight_ce0.5_weight_kl0.5_weight_mse0.2_zscoreFalse/final_summary.json
lab,enhancers,raw,0.5,0.0,0.0,0.5,42,0.5078691695729696,0.49912800025926957,39,${OG_SCRATCH}/carbon_distillation/original/enhancers/20260627_110519/bd957d9e-45d2-47f6-bdf1-3ef02b3c36eb/distill_methodvanilla_dkd_alpha1.0_dkd_beta8.0_kl_methodkl_mse_normalizeFalse_temperature0.5_weight_ce0.5_weight_kl0.0_weight_mse0.0_zscoreFalse/final_summary.json
lab,enhancers,raw,0.5,0.0,1.0,0.5,42,0.5047357989295056,0.49474293300388056,20,${OG_SCRATCH}/carbon_distillation/original/enhancers/20260627_112130/d80afbfa-848a-4589-a51d-f72ea28e118e/distill_methodvanilla_dkd_alpha1.0_dkd_beta8.0_kl_methodkl_mse_normalizeFalse_temperature0.5_weight_ce0.5_weight_kl0.0_weight_mse1.0_zscoreFalse/final_summary.json
lab,enhancers,raw,0.5,0.25,0.0,1.0,42,0.5254025357592912,0.50270050682788,42,${OG_SCRATCH}/carbon_distillation/original/enhancers/20260627_113747/a2a17876-aa7d-4444-ad75-c414187e1251/distill_methodvanilla_dkd_alpha1.0_dkd_beta8.0_kl_methodkl_mse_normalizeFalse_temperature1.0_weight_ce0.5_weight_kl0.25_weight_mse0.0_zscoreFalse/final_summary.json
lab,enhancers,raw,0.5,0.25,0.0,1.5,42,0.5218833306737213,0.504397786902078,37,${OG_SCRATCH}/carbon_distillation/original/enhancers/20260627_115848/48780f0b-3bd0-4745-b69b-9a464fbef19b/distill_methodvanilla_dkd_alpha1.0_dkd_beta8.0_kl_methodkl_mse_normalizeFalse_temperature1.5_weight_ce0.5_weight_kl0.25_weight_mse0.0_zscoreFalse/final_summary.json
lab,enhancers,raw,0.5,0.25,0.0,4.0,42,0.5193939624752104,0.49787012273275416,48,${OG_SCRATCH}/carbon_distillation/original/enhancers/20260627_121907/d9be23c9-0189-4715-9f76-ccfda0fd0474/distill_methodvanilla_dkd_alpha1.0_dkd_beta8.0_kl_methodkl_mse_normalizeFalse_temperature4.0_weight_ce0.5_weight_kl0.25_weight_mse0.0_zscoreFalse/final_summary.json
lab,enhancers,raw,0.5,0.25,1.0,0.5,42,0.5078061762204493,0.5030227937817544,29,${OG_SCRATCH}/carbon_distillation/original/enhancers/20260627_124041/c34d61ed-4f15-4ca7-8a67-6445ac36079a/distill_methodvanilla_dkd_alpha1.0_dkd_beta8.0_kl_methodkl_mse_normalizeFalse_temperature0.5_weight_ce0.5_weight_kl0.25_weight_mse1.0_zscoreFalse/final_summary.json
lab,enhancers,raw,0.5,0.25,1.0,1.0,42,0.5193211039429695,0.5086029356718189,37,${OG_SCRATCH}/carbon_distillation/original/enhancers/20260627_130111/018f8513-c169-4db3-979d-79792602e66e/distill_methodvanilla_dkd_alpha1.0_dkd_beta8.0_kl_methodkl_mse_normalizeFalse_temperature1.0_weight_ce0.5_weight_kl0.25_weight_mse1.0_zscoreFalse/final_summary.json
lab,enhancers,raw,0.5,0.25,1.0,2.0,42,0.5158042343124908,0.505951006926674,45,${OG_SCRATCH}/carbon_distillation/original/enhancers/20260627_132110/5476003e-dca8-4fff-a632-6b510af6e282/distill_methodvanilla_dkd_alpha1.0_dkd_beta8.0_kl_methodkl_mse_normalizeFalse_temperature2.0_weight_ce0.5_weight_kl0.25_weight_mse1.0_zscoreFalse/final_summary.json
lab,enhancers,raw,0.5,0.25,1.0,4.0,42,0.5193494653069562,0.5068082236633604,50,${OG_SCRATCH}/carbon_distillation/original/enhancers/20260627_134341/fb146090-d810-4838-8178-b57a1546b338/distill_methodvanilla_dkd_alpha1.0_dkd_beta8.0_kl_methodkl_mse_normalizeFalse_temperature4.0_weight_ce0.5_weight_kl0.25_weight_mse1.0_zscoreFalse/final_summary.json
lab,enhancers,raw,0.5,0.5,0.0,0.5,42,0.5199117579581661,0.4998773160896676,48,${OG_SCRATCH}/carbon_distillation/original/enhancers/20260627_140741/307cf160-06e6-4b65-81f6-5ab3e7c4fba1/distill_methodvanilla_dkd_alpha1.0_dkd_beta8.0_kl_methodkl_mse_normalizeFalse_temperature0.5_weight_ce0.5_weight_kl0.5_weight_mse0.0_zscoreFalse/final_summary.json
lab,enhancers,raw,0.5,0.5,0.0,1.0,42,0.5214049024002205,0.5031359333787729,48,${OG_SCRATCH}/carbon_distillation/original/enhancers/20260627_142741/086bd1af-51d7-46da-94b0-0bc15437272a/distill_methodvanilla_dkd_alpha1.0_dkd_beta8.0_kl_methodkl_mse_normalizeFalse_temperature1.0_weight_ce0.5_weight_kl0.5_weight_mse0.0_zscoreFalse/final_summary.json
lab,enhancers,raw,0.5,0.25,0.0,0.5,42,0.511976746632301,0.4882830257198571,48,${OG_SCRATCH}/carbon_distillation/original/enhancers/20260627_143351/93071093-a250-40c1-9b76-9b7612ac0f4e/distill_methodvanilla_dkd_alpha1.0_dkd_beta8.0_kl_methodkl_mse_normalizeFalse_temperature0.5_weight_ce0.5_weight_kl0.25_weight_mse0.0_zscoreFalse/final_summary.json
lab,enhancers,raw,0.5,0.25,0.0,2.0,42,0.5243232500752854,0.49739661525195566,42,${OG_SCRATCH}/carbon_distillation/original/enhancers/20260627_144315/ebe0781c-195a-48aa-b750-f3b7a684fb9c/distill_methodvanilla_dkd_alpha1.0_dkd_beta8.0_kl_methodkl_mse_normalizeFalse_temperature2.0_weight_ce0.5_weight_kl0.25_weight_mse0.0_zscoreFalse/final_summary.json
lab,enhancers,raw,0.5,0.5,0.0,1.5,42,0.5136656863786088,0.5063041208386481,52,${OG_SCRATCH}/carbon_distillation/original/enhancers/20260627_144811/abc3f937-c46d-4f2c-8940-cf8ceaca324f/distill_methodvanilla_dkd_alpha1.0_dkd_beta8.0_kl_methodkl_mse_normalizeFalse_temperature1.5_weight_ce0.5_weight_kl0.5_weight_mse0.0_zscoreFalse/final_summary.json
lab,enhancers,raw,0.5,0.5,0.0,2.0,42,0.5126584063315863,0.506395549646432,42,${OG_SCRATCH}/carbon_distillation/original/enhancers/20260627_151042/bff85031-57c7-473f-8dcf-cf439c366eaa/distill_methodvanilla_dkd_alpha1.0_dkd_beta8.0_kl_methodkl_mse_normalizeFalse_temperature2.0_weight_ce0.5_weight_kl0.5_weight_mse0.0_zscoreFalse/final_summary.json
lab,enhancers,raw,0.5,0.25,1.0,1.5,42,0.5196299842610832,0.5112973724485632,37,${OG_SCRATCH}/carbon_distillation/original/enhancers/20260627_153043/70996802-4689-4880-9b81-756856a67b25/distill_methodvanilla_dkd_alpha1.0_dkd_beta8.0_kl_methodkl_mse_normalizeFalse_temperature1.5_weight_ce0.5_weight_kl0.25_weight_mse1.0_zscoreFalse/final_summary.json
lab,enhancers_types,raw,0.5,0.5,0.2,2.0,0,0.4830790255799073,0.4688330833399039,43,${OG_SCRATCH}/carbon_distillation/original/enhancers_types/20260624_201437/52630e7a-6828-45fc-83e8-6d381c705e43/distill_methodvanilla_dkd_alpha1.0_dkd_beta8.0_kl_methodkl_mse_normalizeFalse_temperature2.0_weight_ce0.5_weight_kl0.5_weight_mse0.2_zscoreFalse/final_summary.json
lab,splice_sites_all,raw,0.5,0.5,0.2,2.0,0,0.8852946393651637,0.8779172345060872,161,${OG_SCRATCH}/carbon_distillation/original/splice_sites_all/20260624_201918/afa425d8-cd6c-49e2-9c34-c2b8dc7e5eaf/distill_methodvanilla_dkd_alpha1.0_dkd_beta8.0_kl_methodkl_mse_normalizeFalse_temperature2.0_weight_ce0.5_weight_kl0.5_weight_mse0.2_zscoreFalse/final_summary.json
box,H2AFZ,raw,0.5,1.0,2.0,4.0,box,0.5264676073538812,0.5105069842553449,33,carbon_distillation/original/H2AFZ/20260629_075147/d06bc4fa-fb12-4708-9139-62b862fe201d/distill_methodvanilla_dkd_alpha1.0_dkd_beta8.0_kl_methodkl_mse_normalizeFalse_temperature4.0_weight_ce0.5_weight_kl1.0_weight_mse2.0_zscoreFalse
box,H2AFZ,raw,0.5,0.5,2.0,2.0,box,0.5250514829750835,0.5105069842553449,34,carbon_distillation/original/H2AFZ/20260629_062139/9e470e86-e84f-4d13-86c1-c9ca2e0f904f/distill_methodvanilla_dkd_alpha1.0_dkd_beta8.0_kl_methodkl_mse_normalizeFalse_temperature2.0_weight_ce0.5_weight_kl0.5_weight_mse2.0_zscoreFalse
box,H2AFZ,raw,0.5,0.5,2.0,2.0,box,0.5250514829750835,0.5105069842553449,34,carbon_distillation/original/H2AFZ/20260629_070631/b8fa453b-a4c1-47dc-8de6-9b6ebe3bd26c/distill_methodvanilla_dkd_alpha1.0_dkd_beta8.0_kl_methodkl_mse_normalizeFalse_temperature2.0_weight_ce0.5_weight_kl0.5_weight_mse2.0_zscoreFalse
box,H2AFZ,raw,0.5,0.25,2.0,2.0,box,0.5243515444061074,0.5105069842553449,19,carbon_distillation/original/H2AFZ/20260629_053623/e8f03e87-fbc8-4c57-94a7-729ceb1bbf78/distill_methodvanilla_dkd_alpha1.0_dkd_beta8.0_kl_methodkl_mse_normalizeFalse_temperature2.0_weight_ce0.5_weight_kl0.25_weight_mse2.0_zscoreFalse
box,H2AFZ,raw,0.5,0.5,2.0,1.0,box,0.5239543311388509,0.5105069842553449,19,carbon_distillation/original/H2AFZ/20260629_062135/5efe4208-7fee-463b-912b-a13e6fe58071/distill_methodvanilla_dkd_alpha1.0_dkd_beta8.0_kl_methodkl_mse_normalizeFalse_temperature1.0_weight_ce0.5_weight_kl0.5_weight_mse2.0_zscoreFalse
box,H2AFZ,raw,0.5,1.0,2.0,1.5,box,0.5230053365360819,0.5105069842553449,24,carbon_distillation/original/H2AFZ/20260629_075145/538f33ff-7eaa-48f9-a61e-b91db6009307/distill_methodvanilla_dkd_alpha1.0_dkd_beta8.0_kl_methodkl_mse_normalizeFalse_temperature1.5_weight_ce0.5_weight_kl1.0_weight_mse2.0_zscoreFalse
box,H2AFZ,raw,0.5,1.0,2.0,0.5,box,0.5228620905528348,0.5105069842553449,19,carbon_distillation/original/H2AFZ/20260629_075122/dca69dfe-502f-4cdc-a158-54e22bf5984f/distill_methodvanilla_dkd_alpha1.0_dkd_beta8.0_kl_methodkl_mse_normalizeFalse_temperature0.5_weight_ce0.5_weight_kl1.0_weight_mse2.0_zscoreFalse
box,H2AFZ,raw,0.5,1.0,2.0,2.0,box,0.5222869836080504,0.5105069842553449,31,carbon_distillation/original/H2AFZ/20260629_075146/0f12e968-fe10-45fd-aa90-c57be0a92d57/distill_methodvanilla_dkd_alpha1.0_dkd_beta8.0_kl_methodkl_mse_normalizeFalse_temperature2.0_weight_ce0.5_weight_kl1.0_weight_mse2.0_zscoreFalse
box,H2AFZ,raw,0.5,0.5,5.0,2.0,box,0.5220419209870737,0.5105069842553449,19,carbon_distillation/original/H2AFZ/20260629_070642/37474637-ed66-4bd0-b1cd-74425185f935/distill_methodvanilla_dkd_alpha1.0_dkd_beta8.0_kl_methodkl_mse_normalizeFalse_temperature2.0_weight_ce0.5_weight_kl0.5_weight_mse5.0_zscoreFalse
box,H2AFZ,raw,0.5,0.5,2.0,4.0,box,0.5219394659008596,0.5105069842553449,19,carbon_distillation/original/H2AFZ/20260629_070841/3c0f318f-4a4f-440a-b682-08a8fcfd460d/distill_methodvanilla_dkd_alpha1.0_dkd_beta8.0_kl_methodkl_mse_normalizeFalse_temperature4.0_weight_ce0.5_weight_kl0.5_weight_mse2.0_zscoreFalse
box,H2AFZ,raw,0.5,0.5,2.0,1.5,box,0.5215225724439122,0.5105069842553449,19,carbon_distillation/original/H2AFZ/20260629_062137/cac242f6-5d89-4f48-b65e-65936b1dfa41/distill_methodvanilla_dkd_alpha1.0_dkd_beta8.0_kl_methodkl_mse_normalizeFalse_temperature1.5_weight_ce0.5_weight_kl0.5_weight_mse2.0_zscoreFalse
box,H2AFZ,raw,0.5,0.25,2.0,4.0,box,0.5213423044434844,0.5105069842553449,19,carbon_distillation/original/H2AFZ/20260629_053623/29728420-eba7-4044-9c9c-50d17c8011eb/distill_methodvanilla_dkd_alpha1.0_dkd_beta8.0_kl_methodkl_mse_normalizeFalse_temperature4.0_weight_ce0.5_weight_kl0.25_weight_mse2.0_zscoreFalse
box,H2AFZ,raw,0.5,0.25,5.0,4.0,box,0.5205489219645356,0.5105069842553449,19,carbon_distillation/original/H2AFZ/20260629_062132/6f96cda2-9601-4f0b-8b48-60ff95234c92/distill_methodvanilla_dkd_alpha1.0_dkd_beta8.0_kl_methodkl_mse_normalizeFalse_temperature4.0_weight_ce0.5_weight_kl0.25_weight_mse5.0_zscoreFalse
box,H2AFZ,raw,0.5,0.25,5.0,4.0,box,0.5205489219645356,0.5105069842553449,19,carbon_distillation/original/H2AFZ/20260629_070629/a336e5b0-43aa-4380-9869-b95df721b95d/distill_methodvanilla_dkd_alpha1.0_dkd_beta8.0_kl_methodkl_mse_normalizeFalse_temperature4.0_weight_ce0.5_weight_kl0.25_weight_mse5.0_zscoreFalse
box,H2AFZ,raw,0.5,1.0,2.0,1.0,box,0.5201160748778508,0.5105069842553449,31,carbon_distillation/original/H2AFZ/20260629_075135/992d8edf-3731-4a16-a333-d5aa9fc2981d/distill_methodvanilla_dkd_alpha1.0_dkd_beta8.0_kl_methodkl_mse_normalizeFalse_temperature1.0_weight_ce0.5_weight_kl1.0_weight_mse2.0_zscoreFalse
box,H2AFZ,raw,0.5,0.5,5.0,4.0,box,0.5197376677987869,0.5105069842553449,19,carbon_distillation/original/H2AFZ/20260629_075032/8ae9bc21-1b95-4369-98e2-3dc07b66dbbf/distill_methodvanilla_dkd_alpha1.0_dkd_beta8.0_kl_methodkl_mse_normalizeFalse_temperature4.0_weight_ce0.5_weight_kl0.5_weight_mse5.0_zscoreFalse
box,H2AFZ,raw,0.5,1.0,5.0,4.0,box,0.518911338092802,0.5105069842553449,33,carbon_distillation/original/H2AFZ/20260629_083806/08e6945a-93c9-47b9-9090-1b12d45fd4d7/distill_methodvanilla_dkd_alpha1.0_dkd_beta8.0_kl_methodkl_mse_normalizeFalse_temperature4.0_weight_ce0.5_weight_kl1.0_weight_mse5.0_zscoreFalse
box,H2AFZ,raw,0.5,1.0,5.0,1.5,box,0.5183993335460815,0.5105069842553449,21,carbon_distillation/original/H2AFZ/20260629_083428/520a426b-8f7d-4e59-a026-da8196182042/distill_methodvanilla_dkd_alpha1.0_dkd_beta8.0_kl_methodkl_mse_normalizeFalse_temperature1.5_weight_ce0.5_weight_kl1.0_weight_mse5.0_zscoreFalse
box,H2AFZ,raw,0.5,0.5,5.0,1.5,box,0.51819344269999,0.5105069842553449,21,carbon_distillation/original/H2AFZ/20260629_070642/3bd3e296-efe6-4efc-b79a-fd6f48890021/distill_methodvanilla_dkd_alpha1.0_dkd_beta8.0_kl_methodkl_mse_normalizeFalse_temperature1.5_weight_ce0.5_weight_kl0.5_weight_mse5.0_zscoreFalse
box,H2AFZ,raw,0.5,0.5,5.0,1.0,box,0.5178004792887235,0.5105069842553449,21,carbon_distillation/original/H2AFZ/20260629_070641/6722c49f-bc3b-4c2c-a8f5-13da80a88f0a/distill_methodvanilla_dkd_alpha1.0_dkd_beta8.0_kl_methodkl_mse_normalizeFalse_temperature1.0_weight_ce0.5_weight_kl0.5_weight_mse5.0_zscoreFalse
box,H2AFZ,raw,0.5,0.25,2.0,1.5,box,0.517032215941136,0.5105069842553449,21,carbon_distillation/original/H2AFZ/20260629_053623/630fb351-4a0b-4418-8f29-991a89e2bf24/distill_methodvanilla_dkd_alpha1.0_dkd_beta8.0_kl_methodkl_mse_normalizeFalse_temperature1.5_weight_ce0.5_weight_kl0.25_weight_mse2.0_zscoreFalse
box,H2AFZ,raw,0.5,1.0,5.0,1.0,box,0.5170200852220612,0.5105069842553449,19,carbon_distillation/original/H2AFZ/20260629_075734/7be8d342-e572-4e66-969c-f68f3fb54060/distill_methodvanilla_dkd_alpha1.0_dkd_beta8.0_kl_methodkl_mse_normalizeFalse_temperature1.0_weight_ce0.5_weight_kl1.0_weight_mse5.0_zscoreFalse
box,H2AFZ,raw,0.5,0.25,5.0,1.5,box,0.5170087516547398,0.5105069842553449,21,carbon_distillation/original/H2AFZ/20260629_062044/2bdafdd3-2766-462a-9317-e7674bcf2510/distill_methodvanilla_dkd_alpha1.0_dkd_beta8.0_kl_methodkl_mse_normalizeFalse_temperature1.5_weight_ce0.5_weight_kl0.25_weight_mse5.0_zscoreFalse
box,H2AFZ,raw,0.5,0.25,2.0,0.5,box,0.5162719446049462,0.5105069842553449,21,carbon_distillation/original/H2AFZ/20260629_053623/746c4905-3ef8-4448-b72f-342076c46df5/distill_methodvanilla_dkd_alpha1.0_dkd_beta8.0_kl_methodkl_mse_normalizeFalse_temperature0.5_weight_ce0.5_weight_kl0.25_weight_mse2.0_zscoreFalse
box,H2AFZ,raw,0.5,1.0,5.0,2.0,box,0.5155242501383457,0.5105069842553449,19,carbon_distillation/original/H2AFZ/20260629_083519/c86355ee-54fc-4cf1-a5d5-0922027ee2a2/distill_methodvanilla_dkd_alpha1.0_dkd_beta8.0_kl_methodkl_mse_normalizeFalse_temperature2.0_weight_ce0.5_weight_kl1.0_weight_mse5.0_zscoreFalse
box,H2AFZ,raw,0.5,1.0,5.0,0.5,box,0.51518918288139,0.5105069842553449,21,carbon_distillation/original/H2AFZ/20260629_075253/e1ace314-dcd5-4e4e-ba66-ac504b96cde1/distill_methodvanilla_dkd_alpha1.0_dkd_beta8.0_kl_methodkl_mse_normalizeFalse_temperature0.5_weight_ce0.5_weight_kl1.0_weight_mse5.0_zscoreFalse
box,H2AFZ,raw,0.5,0.25,2.0,1.0,box,0.5148263406603695,0.5105069842553449,21,carbon_distillation/original/H2AFZ/20260629_053623/a7518759-c21b-4608-8c4f-5b969d702ed1/distill_methodvanilla_dkd_alpha1.0_dkd_beta8.0_kl_methodkl_mse_normalizeFalse_temperature1.0_weight_ce0.5_weight_kl0.25_weight_mse2.0_zscoreFalse
box,H2AFZ,raw,0.5,0.25,5.0,2.0,box,0.5137608460418572,0.5105069842553449,19,carbon_distillation/original/H2AFZ/20260629_062044/100199d8-0849-417b-8902-590d25ea6e91/distill_methodvanilla_dkd_alpha1.0_dkd_beta8.0_kl_methodkl_mse_normalizeFalse_temperature2.0_weight_ce0.5_weight_kl0.25_weight_mse5.0_zscoreFalse
box,H2AFZ,raw,0.5,0.5,2.0,0.5,box,0.5125379068208591,0.5105069842553449,21,carbon_distillation/original/H2AFZ/20260629_062133/6b7fa3cb-73f4-49d8-98d6-822605824e8b/distill_methodvanilla_dkd_alpha1.0_dkd_beta8.0_kl_methodkl_mse_normalizeFalse_temperature0.5_weight_ce0.5_weight_kl0.5_weight_mse2.0_zscoreFalse
box,H2AFZ,raw,0.5,0.5,2.0,0.5,box,0.5125379068208591,0.5105069842553449,21,carbon_distillation/original/H2AFZ/20260629_070630/1f5402d6-2279-4d3b-9eab-99ab7a85e161/distill_methodvanilla_dkd_alpha1.0_dkd_beta8.0_kl_methodkl_mse_normalizeFalse_temperature0.5_weight_ce0.5_weight_kl0.5_weight_mse2.0_zscoreFalse
box,H2AFZ,raw,0.5,0.25,5.0,1.0,box,0.51093595027239,0.5105069842553449,15,carbon_distillation/original/H2AFZ/20260629_061945/85322cc3-1bc3-4fc4-9523-d59eaf80298a/distill_methodvanilla_dkd_alpha1.0_dkd_beta8.0_kl_methodkl_mse_normalizeFalse_temperature1.0_weight_ce0.5_weight_kl0.25_weight_mse5.0_zscoreFalse
box,H2AFZ,raw,0.5,0.5,5.0,0.5,box,0.5106392424022423,0.5105069842553449,21,carbon_distillation/original/H2AFZ/20260629_070642/53e64857-6875-47bf-88e4-e119a3126d07/distill_methodvanilla_dkd_alpha1.0_dkd_beta8.0_kl_methodkl_mse_normalizeFalse_temperature0.5_weight_ce0.5_weight_kl0.5_weight_mse5.0_zscoreFalse
box,H2AFZ,raw,0.5,0.25,5.0,0.5,box,0.5091409609011657,0.5105069842553449,21,carbon_distillation/original/H2AFZ/20260629_053623/c852c842-3bad-4200-b950-6588abb08584/distill_methodvanilla_dkd_alpha1.0_dkd_beta8.0_kl_methodkl_mse_normalizeFalse_temperature0.5_weight_ce0.5_weight_kl0.25_weight_mse5.0_zscoreFalse
box,H2AFZ,raw,0.5,0.0,5.0,0.5,box,0.49500133589198547,0.5105069842553449,21,carbon_distillation/original/H2AFZ/20260629_053623/5bae8535-3b7b-4be3-8694-7b02b1073e55/distill_methodvanilla_dkd_alpha1.0_dkd_beta8.0_kl_methodkl_mse_normalizeFalse_temperature0.5_weight_ce0.5_weight_kl0.0_weight_mse5.0_zscoreFalse
box,H2AFZ,raw,0.5,0.0,2.0,0.5,box,0.48294491489430635,0.5105069842553449,17,carbon_distillation/original/H2AFZ/20260629_053623/ca53c178-0e71-4e54-bbe1-7662dee3b7ed/distill_methodvanilla_dkd_alpha1.0_dkd_beta8.0_kl_methodkl_mse_normalizeFalse_temperature0.5_weight_ce0.5_weight_kl0.0_weight_mse2.0_zscoreFalse
box,H2AFZ,raw,0.5,0.5,2.0,4.0,box,0.4711416172173488,0.5105069842553449,7,carbon_distillation/original/H2AFZ/20260629_070148/3c9d58b2-55b3-4520-97b8-19b1a336e033/distill_methodvanilla_dkd_alpha1.0_dkd_beta8.0_kl_methodkl_mse_normalizeFalse_temperature4.0_weight_ce0.5_weight_kl0.5_weight_mse2.0_zscoreFalse
box,H2AFZ,raw,0.5,0.5,5.0,0.5,box,0.3154293085396479,0.5105069842553449,1,carbon_distillation/original/H2AFZ/20260629_070445/a0b03d8b-c4a3-4962-b783-5bc82d9a8027/distill_methodvanilla_dkd_alpha1.0_dkd_beta8.0_kl_methodkl_mse_normalizeFalse_temperature0.5_weight_ce0.5_weight_kl0.5_weight_mse5.0_zscoreFalse
box,H3K27ac,raw,0.5,0.5,0.0,4.0,box,0.49092224202275975,0.4032646817131741,51,carbon_distillation/original/H3K27ac/20260628_193824/7211016b-ee65-4137-b89c-db7fd340c16d/distill_methodvanilla_dkd_alpha1.0_dkd_beta8.0_kl_methodkl_mse_normalizeFalse_temperature4.0_weight_ce0.5_weight_kl0.5_weight_mse0.0_zscoreFalse
box,H3K27ac,raw,0.5,0.5,0.0,4.0,box,0.49092224202275975,0.4032646817131741,51,carbon_distillation/original/H3K27ac/20260628_230551/f581c899-4e1e-4ee1-880b-435d4bb3d1d2/distill_methodvanilla_dkd_alpha1.0_dkd_beta8.0_kl_methodkl_mse_normalizeFalse_temperature4.0_weight_ce0.5_weight_kl0.5_weight_mse0.0_zscoreFalse
box,H3K27ac,raw,0.5,0.5,0.0,1.5,box,0.4870934454269043,0.4032646817131741,30,carbon_distillation/original/H3K27ac/20260628_183155/cfe72f04-2ece-4113-a110-acb726b68f1c/distill_methodvanilla_dkd_alpha1.0_dkd_beta8.0_kl_methodkl_mse_normalizeFalse_temperature1.5_weight_ce0.5_weight_kl0.5_weight_mse0.0_zscoreFalse
box,H3K27ac,raw,0.5,0.5,0.0,1.5,box,0.4870934454269043,0.4032646817131741,30,carbon_distillation/original/H3K27ac/20260628_192734/f5f6290b-e077-41bc-a5e2-9d99ef9d1cfb/distill_methodvanilla_dkd_alpha1.0_dkd_beta8.0_kl_methodkl_mse_normalizeFalse_temperature1.5_weight_ce0.5_weight_kl0.5_weight_mse0.0_zscoreFalse
box,H3K27ac,raw,0.5,0.5,0.0,1.5,box,0.4870934454269043,0.4032646817131741,30,carbon_distillation/original/H3K27ac/20260628_193820/0161fee2-0a87-4e61-b036-ee2ad601447c/distill_methodvanilla_dkd_alpha1.0_dkd_beta8.0_kl_methodkl_mse_normalizeFalse_temperature1.5_weight_ce0.5_weight_kl0.5_weight_mse0.0_zscoreFalse
box,H3K27ac,raw,0.5,0.5,0.0,1.5,box,0.4870934454269043,0.4032646817131741,30,carbon_distillation/original/H3K27ac/20260628_215703/da49902d-5549-4949-86ef-c5d172211f3e/distill_methodvanilla_dkd_alpha1.0_dkd_beta8.0_kl_methodkl_mse_normalizeFalse_temperature1.5_weight_ce0.5_weight_kl0.5_weight_mse0.0_zscoreFalse
box,H3K27ac,raw,0.5,0.5,0.0,1.5,box,0.4870934454269043,0.4032646817131741,30,carbon_distillation/original/H3K27ac/20260628_223457/2da95075-47e6-4ca8-bc9b-83a8fc1f7bc7/distill_methodvanilla_dkd_alpha1.0_dkd_beta8.0_kl_methodkl_mse_normalizeFalse_temperature1.5_weight_ce0.5_weight_kl0.5_weight_mse0.0_zscoreFalse
box,H3K27ac,raw,0.5,0.5,0.0,1.5,box,0.4870934454269043,0.4032646817131741,30,carbon_distillation/original/H3K27ac/20260628_230558/16f232bb-5a0f-4f7f-a33d-43475288703e/distill_methodvanilla_dkd_alpha1.0_dkd_beta8.0_kl_methodkl_mse_normalizeFalse_temperature1.5_weight_ce0.5_weight_kl0.5_weight_mse0.0_zscoreFalse
box,H3K27ac,raw,0.5,1.0,0.0,0.5,box,0.48343149123989015,0.4032646817131741,30,carbon_distillation/original/H3K27ac/20260628_200702/c3d31c4f-7a43-4e50-8db0-20a73ea7c4af/distill_methodvanilla_dkd_alpha1.0_dkd_beta8.0_kl_methodkl_mse_normalizeFalse_temperature0.5_weight_ce0.5_weight_kl1.0_weight_mse0.0_zscoreFalse
box,H3K27ac,raw,0.5,1.0,0.0,0.5,box,0.48343149123989015,0.4032646817131741,30,carbon_distillation/original/H3K27ac/20260628_233808/144b7ac3-bae1-4647-a9a3-790a91ea9158/distill_methodvanilla_dkd_alpha1.0_dkd_beta8.0_kl_methodkl_mse_normalizeFalse_temperature0.5_weight_ce0.5_weight_kl1.0_weight_mse0.0_zscoreFalse
box,H3K27ac,raw,0.5,1.0,0.0,1.5,box,0.4801708593177292,0.4032646817131741,59,carbon_distillation/original/H3K27ac/20260628_201608/e0b17040-b9ee-4f14-a39a-25184f6397cb/distill_methodvanilla_dkd_alpha1.0_dkd_beta8.0_kl_methodkl_mse_normalizeFalse_temperature1.5_weight_ce0.5_weight_kl1.0_weight_mse0.0_zscoreFalse
box,H3K27ac,raw,0.5,1.0,0.0,1.5,box,0.4801708593177292,0.4032646817131741,59,carbon_distillation/original/H3K27ac/20260628_234345/a24f9bfd-2c39-40e4-aa78-888fde1f2bbf/distill_methodvanilla_dkd_alpha1.0_dkd_beta8.0_kl_methodkl_mse_normalizeFalse_temperature1.5_weight_ce0.5_weight_kl1.0_weight_mse0.0_zscoreFalse
box,H3K27ac,raw,0.5,1.0,1.0,1.0,box,0.4801704144351971,0.4032646817131741,30,carbon_distillation/original/H3K27ac/20260628_203919/d4ff5429-fbcd-45d6-ab10-a633c4983b3f/distill_methodvanilla_dkd_alpha1.0_dkd_beta8.0_kl_methodkl_mse_normalizeFalse_temperature1.0_weight_ce0.5_weight_kl1.0_weight_mse1.0_zscoreFalse
box,H3K27ac,raw,0.5,1.0,1.0,1.0,box,0.4801704144351971,0.4032646817131741,30,carbon_distillation/original/H3K27ac/20260628_235632/61151af2-026c-4543-8c29-0418d1a43439/distill_methodvanilla_dkd_alpha1.0_dkd_beta8.0_kl_methodkl_mse_normalizeFalse_temperature1.0_weight_ce0.5_weight_kl1.0_weight_mse1.0_zscoreFalse
box,H3K27ac,raw,0.5,0.5,0.0,4.0,box,0.480077348195073,0.4032646817131741,30,carbon_distillation/original/H3K27ac/20260628_215706/736c3ad5-7c22-4267-9b39-d2b545fa41fa/distill_methodvanilla_dkd_alpha1.0_dkd_beta8.0_kl_methodkl_mse_normalizeFalse_temperature4.0_weight_ce0.5_weight_kl0.5_weight_mse0.0_zscoreFalse
box,H3K27ac,raw,0.5,0.5,0.0,4.0,box,0.480077348195073,0.4032646817131741,30,carbon_distillation/original/H3K27ac/20260628_223458/904b1793-2df2-422a-904f-f0096b82e352/distill_methodvanilla_dkd_alpha1.0_dkd_beta8.0_kl_methodkl_mse_normalizeFalse_temperature4.0_weight_ce0.5_weight_kl0.5_weight_mse0.0_zscoreFalse
box,H3K27ac,raw,0.5,1.0,0.0,2.0,box,0.4797456477170971,0.4032646817131741,63,carbon_distillation/original/H3K27ac/20260628_201912/ba8f03bb-c6c0-4aee-be24-b223c1313548/distill_methodvanilla_dkd_alpha1.0_dkd_beta8.0_kl_methodkl_mse_normalizeFalse_temperature2.0_weight_ce0.5_weight_kl1.0_weight_mse0.0_zscoreFalse
box,H3K27ac,raw,0.5,1.0,0.0,2.0,box,0.4797456477170971,0.4032646817131741,63,carbon_distillation/original/H3K27ac/20260628_234342/5e7291e8-3b9d-4478-82e4-c1d4ff2b499f/distill_methodvanilla_dkd_alpha1.0_dkd_beta8.0_kl_methodkl_mse_normalizeFalse_temperature2.0_weight_ce0.5_weight_kl1.0_weight_mse0.0_zscoreFalse
box,H3K27ac,raw,0.5,0.5,0.0,2.0,box,0.4785293320094647,0.4032646817131741,43,carbon_distillation/original/H3K27ac/20260628_193821/55e4c6c9-4ce4-4878-bd3c-21ff6c65563c/distill_methodvanilla_dkd_alpha1.0_dkd_beta8.0_kl_methodkl_mse_normalizeFalse_temperature2.0_weight_ce0.5_weight_kl0.5_weight_mse0.0_zscoreFalse
box,H3K27ac,raw,0.5,0.5,0.0,2.0,box,0.4785293320094647,0.4032646817131741,43,carbon_distillation/original/H3K27ac/20260628_230609/cf27e798-3a1d-458e-8f72-971869fba47c/distill_methodvanilla_dkd_alpha1.0_dkd_beta8.0_kl_methodkl_mse_normalizeFalse_temperature2.0_weight_ce0.5_weight_kl0.5_weight_mse0.0_zscoreFalse
box,H3K27ac,raw,0.5,1.0,1.0,1.0,box,0.4777724401693257,0.4032646817131741,24,carbon_distillation/original/H3K27ac/20260628_213031/cdf76175-a3f4-4f4f-8665-08692b3d9fc5/distill_methodvanilla_dkd_alpha1.0_dkd_beta8.0_kl_methodkl_mse_normalizeFalse_temperature1.0_weight_ce0.5_weight_kl1.0_weight_mse1.0_zscoreFalse
box,H3K27ac,raw,0.5,0.5,0.0,2.0,box,0.4772263459293267,0.4032646817131741,30,carbon_distillation/original/H3K27ac/20260628_215706/2e18e58c-f9a2-4a6a-acd8-33030cac93cc/distill_methodvanilla_dkd_alpha1.0_dkd_beta8.0_kl_methodkl_mse_normalizeFalse_temperature2.0_weight_ce0.5_weight_kl0.5_weight_mse0.0_zscoreFalse
box,H3K27ac,raw,0.5,0.5,0.0,2.0,box,0.4772263459293267,0.4032646817131741,30,carbon_distillation/original/H3K27ac/20260628_223456/c96d4658-32b6-4533-9438-e20385f8f64e/distill_methodvanilla_dkd_alpha1.0_dkd_beta8.0_kl_methodkl_mse_normalizeFalse_temperature2.0_weight_ce0.5_weight_kl0.5_weight_mse0.0_zscoreFalse
box,H3K27ac,raw,0.5,0.5,1.0,4.0,box,0.4766947263155984,0.4032646817131741,30,carbon_distillation/original/H3K27ac/20260628_200525/95e8afa8-c48d-4100-8d94-44f3f6509997/distill_methodvanilla_dkd_alpha1.0_dkd_beta8.0_kl_methodkl_mse_normalizeFalse_temperature4.0_weight_ce0.5_weight_kl0.5_weight_mse1.0_zscoreFalse
box,H3K27ac,raw,0.5,0.5,1.0,4.0,box,0.4766947263155984,0.4032646817131741,30,carbon_distillation/original/H3K27ac/20260628_223455/43b4737e-e52a-4a81-a7a6-fd2e66056b26/distill_methodvanilla_dkd_alpha1.0_dkd_beta8.0_kl_methodkl_mse_normalizeFalse_temperature4.0_weight_ce0.5_weight_kl0.5_weight_mse1.0_zscoreFalse
box,H3K27ac,raw,0.5,0.5,1.0,4.0,box,0.4766947263155984,0.4032646817131741,30,carbon_distillation/original/H3K27ac/20260628_230612/c77ced3a-5676-45ab-ade6-26f689111811/distill_methodvanilla_dkd_alpha1.0_dkd_beta8.0_kl_methodkl_mse_normalizeFalse_temperature4.0_weight_ce0.5_weight_kl0.5_weight_mse1.0_zscoreFalse
box,H3K27ac,raw,0.5,1.0,1.0,1.5,box,0.47619648338567966,0.4032646817131741,30,carbon_distillation/original/H3K27ac/20260628_204811/c4bcf097-30c3-4e7b-9989-673c02aea463/distill_methodvanilla_dkd_alpha1.0_dkd_beta8.0_kl_methodkl_mse_normalizeFalse_temperature1.5_weight_ce0.5_weight_kl1.0_weight_mse1.0_zscoreFalse
box,H3K27ac,raw,0.5,1.0,1.0,1.5,box,0.47619648338567966,0.4032646817131741,30,carbon_distillation/original/H3K27ac/20260628_235936/e141fcc5-bf52-41c9-84cc-7f6ec5d4f517/distill_methodvanilla_dkd_alpha1.0_dkd_beta8.0_kl_methodkl_mse_normalizeFalse_temperature1.5_weight_ce0.5_weight_kl1.0_weight_mse1.0_zscoreFalse
box,H3K27ac,raw,0.5,1.0,1.0,2.0,box,0.475997076393599,0.4032646817131741,30,carbon_distillation/original/H3K27ac/20260628_205955/ec025c9f-f800-4bf6-9a64-d7d9d28b3c3f/distill_methodvanilla_dkd_alpha1.0_dkd_beta8.0_kl_methodkl_mse_normalizeFalse_temperature2.0_weight_ce0.5_weight_kl1.0_weight_mse1.0_zscoreFalse
box,H3K27ac,raw,0.5,1.0,1.0,2.0,box,0.475997076393599,0.4032646817131741,30,carbon_distillation/original/H3K27ac/20260629_002012/d3741af2-f77d-4941-84ac-0b28b2da3fbc/distill_methodvanilla_dkd_alpha1.0_dkd_beta8.0_kl_methodkl_mse_normalizeFalse_temperature2.0_weight_ce0.5_weight_kl1.0_weight_mse1.0_zscoreFalse
box,H3K27ac,raw,0.5,1.0,0.0,1.0,box,0.475984792823734,0.4032646817131741,42,carbon_distillation/original/H3K27ac/20260628_201055/94954e8b-2768-4e62-b751-0c0607afbe82/distill_methodvanilla_dkd_alpha1.0_dkd_beta8.0_kl_methodkl_mse_normalizeFalse_temperature1.0_weight_ce0.5_weight_kl1.0_weight_mse0.0_zscoreFalse
box,H3K27ac,raw,0.5,1.0,0.0,1.0,box,0.475984792823734,0.4032646817131741,42,carbon_distillation/original/H3K27ac/20260628_234200/ec6dbbcb-beba-4e26-aad2-16405f87054f/distill_methodvanilla_dkd_alpha1.0_dkd_beta8.0_kl_methodkl_mse_normalizeFalse_temperature1.0_weight_ce0.5_weight_kl1.0_weight_mse0.0_zscoreFalse
box,H3K27ac,raw,0.5,1.0,0.0,4.0,box,0.4754586604375566,0.4032646817131741,81,carbon_distillation/original/H3K27ac/20260628_203341/42065041-d530-4de3-914e-d9ed966c2597/distill_methodvanilla_dkd_alpha1.0_dkd_beta8.0_kl_methodkl_mse_normalizeFalse_temperature4.0_weight_ce0.5_weight_kl1.0_weight_mse0.0_zscoreFalse
box,H3K27ac,raw,0.5,1.0,0.0,4.0,box,0.4754586604375566,0.4032646817131741,81,carbon_distillation/original/H3K27ac/20260628_234441/74e3c726-3d35-48bc-9a91-964b976ee690/distill_methodvanilla_dkd_alpha1.0_dkd_beta8.0_kl_methodkl_mse_normalizeFalse_temperature4.0_weight_ce0.5_weight_kl1.0_weight_mse0.0_zscoreFalse
box,H3K27ac,raw,0.5,1.0,1.0,0.5,box,0.47461377961979473,0.4032646817131741,24,carbon_distillation/original/H3K27ac/20260628_203342/57ab4ef0-2358-4bc3-a724-4ed7db6c07d5/distill_methodvanilla_dkd_alpha1.0_dkd_beta8.0_kl_methodkl_mse_normalizeFalse_temperature0.5_weight_ce0.5_weight_kl1.0_weight_mse1.0_zscoreFalse
box,H3K27ac,raw,0.5,1.0,1.0,0.5,box,0.47461377961979473,0.4032646817131741,24,carbon_distillation/original/H3K27ac/20260628_213022/e2bb512d-d981-490d-93fb-40c07626850a/distill_methodvanilla_dkd_alpha1.0_dkd_beta8.0_kl_methodkl_mse_normalizeFalse_temperature0.5_weight_ce0.5_weight_kl1.0_weight_mse1.0_zscoreFalse
box,H3K27ac,raw,0.5,1.0,1.0,0.5,box,0.47461377961979473,0.4032646817131741,24,carbon_distillation/original/H3K27ac/20260628_234925/7b75e543-8054-4f2a-b215-63339ede6396/distill_methodvanilla_dkd_alpha1.0_dkd_beta8.0_kl_methodkl_mse_normalizeFalse_temperature0.5_weight_ce0.5_weight_kl1.0_weight_mse1.0_zscoreFalse
box,H3K27ac,raw,0.5,0.5,1.0,0.5,box,0.47445173717766337,0.4032646817131741,17,carbon_distillation/original/H3K27ac/20260628_184624/f499adad-81d4-41b8-bcb7-df7dc2d47675/distill_methodvanilla_dkd_alpha1.0_dkd_beta8.0_kl_methodkl_mse_normalizeFalse_temperature0.5_weight_ce0.5_weight_kl0.5_weight_mse1.0_zscoreFalse
box,H3K27ac,raw,0.5,0.5,1.0,0.5,box,0.47445173717766337,0.4032646817131741,17,carbon_distillation/original/H3K27ac/20260628_191307/3bb607f2-8af2-4693-a84d-3bf31d133727/distill_methodvanilla_dkd_alpha1.0_dkd_beta8.0_kl_methodkl_mse_normalizeFalse_temperature0.5_weight_ce0.5_weight_kl0.5_weight_mse1.0_zscoreFalse
box,H3K27ac,raw,0.5,0.5,1.0,0.5,box,0.47445173717766337,0.4032646817131741,17,carbon_distillation/original/H3K27ac/20260628_194019/f38d696a-2659-4230-a81f-7e48fd201ee5/distill_methodvanilla_dkd_alpha1.0_dkd_beta8.0_kl_methodkl_mse_normalizeFalse_temperature0.5_weight_ce0.5_weight_kl0.5_weight_mse1.0_zscoreFalse
box,H3K27ac,raw,0.5,0.5,1.0,0.5,box,0.47445173717766337,0.4032646817131741,17,carbon_distillation/original/H3K27ac/20260628_213035/aa3d1062-3cd1-46bc-bda3-341805eeae73/distill_methodvanilla_dkd_alpha1.0_dkd_beta8.0_kl_methodkl_mse_normalizeFalse_temperature0.5_weight_ce0.5_weight_kl0.5_weight_mse1.0_zscoreFalse
box,H3K27ac,raw,0.5,0.5,1.0,0.5,box,0.47445173717766337,0.4032646817131741,17,carbon_distillation/original/H3K27ac/20260628_215708/34f93082-03d2-44c1-b45a-73c8e843e51f/distill_methodvanilla_dkd_alpha1.0_dkd_beta8.0_kl_methodkl_mse_normalizeFalse_temperature0.5_weight_ce0.5_weight_kl0.5_weight_mse1.0_zscoreFalse
box,H3K27ac,raw,0.5,0.5,1.0,0.5,box,0.47445173717766337,0.4032646817131741,17,carbon_distillation/original/H3K27ac/20260628_223458/32bcaf88-f16f-4ab0-ba1f-d164e34c8f20/distill_methodvanilla_dkd_alpha1.0_dkd_beta8.0_kl_methodkl_mse_normalizeFalse_temperature0.5_weight_ce0.5_weight_kl0.5_weight_mse1.0_zscoreFalse
box,H3K27ac,raw,0.5,0.5,1.0,0.5,box,0.47445173717766337,0.4032646817131741,17,carbon_distillation/original/H3K27ac/20260628_230603/faf68c58-418e-4a05-9eb9-551e15c3ef56/distill_methodvanilla_dkd_alpha1.0_dkd_beta8.0_kl_methodkl_mse_normalizeFalse_temperature0.5_weight_ce0.5_weight_kl0.5_weight_mse1.0_zscoreFalse
box,H3K27ac,raw,0.5,1.0,1.0,1.5,box,0.47391022222074747,0.4032646817131741,24,carbon_distillation/original/H3K27ac/20260628_213033/810472ec-f421-417e-9412-89204b8d4908/distill_methodvanilla_dkd_alpha1.0_dkd_beta8.0_kl_methodkl_mse_normalizeFalse_temperature1.5_weight_ce0.5_weight_kl1.0_weight_mse1.0_zscoreFalse
box,H3K27ac,raw,0.5,1.0,1.0,4.0,box,0.47209466508116227,0.4032646817131741,34,carbon_distillation/original/H3K27ac/20260628_210022/1c321622-2704-47bc-85d6-066dc8677648/distill_methodvanilla_dkd_alpha1.0_dkd_beta8.0_kl_methodkl_mse_normalizeFalse_temperature4.0_weight_ce0.5_weight_kl1.0_weight_mse1.0_zscoreFalse
box,H3K27ac,raw,0.5,1.0,1.0,4.0,box,0.47209466508116227,0.4032646817131741,34,carbon_distillation/original/H3K27ac/20260629_002323/f75be74c-3321-4e92-9543-82fbee695465/distill_methodvanilla_dkd_alpha1.0_dkd_beta8.0_kl_methodkl_mse_normalizeFalse_temperature4.0_weight_ce0.5_weight_kl1.0_weight_mse1.0_zscoreFalse
box,H3K27ac,raw,0.5,0.25,2.0,2.0,box,0.4718692625805947,0.4032646817131741,18,carbon_distillation/original/H3K27ac/20260629_044626/326517a3-6c04-443a-89aa-773f2a02a390/distill_methodvanilla_dkd_alpha1.0_dkd_beta8.0_kl_methodkl_mse_normalizeFalse_temperature2.0_weight_ce0.5_weight_kl0.25_weight_mse2.0_zscoreFalse
box,H3K27ac,raw,0.5,0.25,2.0,2.0,box,0.4718692625805947,0.4032646817131741,18,carbon_distillation/original/H3K27ac/20260629_091904/1dce7dd8-9323-49df-b609-a1033433e3a4/distill_methodvanilla_dkd_alpha1.0_dkd_beta8.0_kl_methodkl_mse_normalizeFalse_temperature2.0_weight_ce0.5_weight_kl0.25_weight_mse2.0_zscoreFalse
box,H3K27ac,raw,0.5,0.25,5.0,1.0,box,0.4718573005849827,0.4032646817131741,18,carbon_distillation/original/H3K27ac/20260629_092512/3d89efbf-6c00-4a7e-9129-ebbf06b3d6b2/distill_methodvanilla_dkd_alpha1.0_dkd_beta8.0_kl_methodkl_mse_normalizeFalse_temperature1.0_weight_ce0.5_weight_kl0.25_weight_mse5.0_zscoreFalse
box,H3K27ac,raw,0.5,0.25,2.0,1.0,box,0.47117317547871673,0.4032646817131741,18,carbon_distillation/original/H3K27ac/20260629_044626/ead59c7a-6cfa-4fea-b925-a80330b6b0b7/distill_methodvanilla_dkd_alpha1.0_dkd_beta8.0_kl_methodkl_mse_normalizeFalse_temperature1.0_weight_ce0.5_weight_kl0.25_weight_mse2.0_zscoreFalse
box,H3K27ac,raw,0.5,0.25,2.0,1.0,box,0.47117317547871673,0.4032646817131741,18,carbon_distillation/original/H3K27ac/20260629_084149/9803a4d9-2992-4b82-8e94-f7612f17f71b/distill_methodvanilla_dkd_alpha1.0_dkd_beta8.0_kl_methodkl_mse_normalizeFalse_temperature1.0_weight_ce0.5_weight_kl0.25_weight_mse2.0_zscoreFalse
box,H3K27ac,raw,0.5,0.5,1.0,1.5,box,0.4706968165770896,0.4032646817131741,30,carbon_distillation/original/H3K27ac/20260628_193833/cc8b6a28-4611-40be-b701-0ecb0d6b7b0f/distill_methodvanilla_dkd_alpha1.0_dkd_beta8.0_kl_methodkl_mse_normalizeFalse_temperature1.5_weight_ce0.5_weight_kl0.5_weight_mse1.0_zscoreFalse
box,H3K27ac,raw,0.5,0.5,1.0,1.5,box,0.4706968165770896,0.4032646817131741,30,carbon_distillation/original/H3K27ac/20260628_215712/5ad5cb4f-9019-4012-b6a1-8959a4997dee/distill_methodvanilla_dkd_alpha1.0_dkd_beta8.0_kl_methodkl_mse_normalizeFalse_temperature1.5_weight_ce0.5_weight_kl0.5_weight_mse1.0_zscoreFalse
box,H3K27ac,raw,0.5,0.5,1.0,1.5,box,0.4706968165770896,0.4032646817131741,30,carbon_distillation/original/H3K27ac/20260628_223456/f49b2adc-5d32-4804-89eb-593d1127ee14/distill_methodvanilla_dkd_alpha1.0_dkd_beta8.0_kl_methodkl_mse_normalizeFalse_temperature1.5_weight_ce0.5_weight_kl0.5_weight_mse1.0_zscoreFalse
box,H3K27ac,raw,0.5,0.5,1.0,1.5,box,0.4706968165770896,0.4032646817131741,30,carbon_distillation/original/H3K27ac/20260628_230610/256dd90e-7f08-492a-b702-91e31c039d51/distill_methodvanilla_dkd_alpha1.0_dkd_beta8.0_kl_methodkl_mse_normalizeFalse_temperature1.5_weight_ce0.5_weight_kl0.5_weight_mse1.0_zscoreFalse
box,H3K27ac,raw,0.5,0.25,5.0,0.5,box,0.4704560305097897,0.4032646817131741,18,carbon_distillation/original/H3K27ac/20260629_044626/f11a41ac-6fe2-4f3c-bf4b-c160a23989f3/distill_methodvanilla_dkd_alpha1.0_dkd_beta8.0_kl_methodkl_mse_normalizeFalse_temperature0.5_weight_ce0.5_weight_kl0.25_weight_mse5.0_zscoreFalse
box,H3K27ac,raw,0.5,0.25,5.0,0.5,box,0.4704560305097897,0.4032646817131741,18,carbon_distillation/original/H3K27ac/20260629_092153/839a6dee-6fc7-4548-b1bd-dd9c000bc83b/distill_methodvanilla_dkd_alpha1.0_dkd_beta8.0_kl_methodkl_mse_normalizeFalse_temperature0.5_weight_ce0.5_weight_kl0.25_weight_mse5.0_zscoreFalse
box,H3K27ac,raw,0.5,0.25,2.0,1.5,box,0.46896449051717615,0.4032646817131741,24,carbon_distillation/original/H3K27ac/20260629_044626/fe661685-f21a-4a60-8e70-1562ff324bef/distill_methodvanilla_dkd_alpha1.0_dkd_beta8.0_kl_methodkl_mse_normalizeFalse_temperature1.5_weight_ce0.5_weight_kl0.25_weight_mse2.0_zscoreFalse
box,H3K27ac,raw,0.5,0.25,2.0,1.5,box,0.46896449051717615,0.4032646817131741,24,carbon_distillation/original/H3K27ac/20260629_084234/485c972d-559a-4f69-be55-ec7ea075666c/distill_methodvanilla_dkd_alpha1.0_dkd_beta8.0_kl_methodkl_mse_normalizeFalse_temperature1.5_weight_ce0.5_weight_kl0.25_weight_mse2.0_zscoreFalse
box,H3K27ac,raw,0.5,0.5,1.0,1.5,box,0.46830181722405223,0.4032646817131741,27,carbon_distillation/original/H3K27ac/20260628_191317/d0e83849-ed1b-42ce-845d-cffd29beacca/distill_methodvanilla_dkd_alpha1.0_dkd_beta8.0_kl_methodkl_mse_normalizeFalse_temperature1.5_weight_ce0.5_weight_kl0.5_weight_mse1.0_zscoreFalse
box,H3K27ac,raw,0.5,0.5,1.0,1.5,box,0.46830181722405223,0.4032646817131741,27,carbon_distillation/original/H3K27ac/20260628_213036/cb3f3ccc-3d95-48de-a4a3-9bc223ce21e2/distill_methodvanilla_dkd_alpha1.0_dkd_beta8.0_kl_methodkl_mse_normalizeFalse_temperature1.5_weight_ce0.5_weight_kl0.5_weight_mse1.0_zscoreFalse
box,H3K27ac,raw,0.5,0.5,1.0,2.0,box,0.4677612232249958,0.4032646817131741,33,carbon_distillation/original/H3K27ac/20260628_200422/189f97b3-22f0-4362-a953-ce05920c0040/distill_methodvanilla_dkd_alpha1.0_dkd_beta8.0_kl_methodkl_mse_normalizeFalse_temperature2.0_weight_ce0.5_weight_kl0.5_weight_mse1.0_zscoreFalse
box,H3K27ac,raw,0.5,0.5,1.0,2.0,box,0.4677612232249958,0.4032646817131741,33,carbon_distillation/original/H3K27ac/20260628_223456/35fce352-85fc-4525-bdc0-c71521f87382/distill_methodvanilla_dkd_alpha1.0_dkd_beta8.0_kl_methodkl_mse_normalizeFalse_temperature2.0_weight_ce0.5_weight_kl0.5_weight_mse1.0_zscoreFalse
box,H3K27ac,raw,0.5,0.5,1.0,2.0,box,0.4677612232249958,0.4032646817131741,33,carbon_distillation/original/H3K27ac/20260628_230559/601a5400-2c68-4093-9f17-0609f75396f9/distill_methodvanilla_dkd_alpha1.0_dkd_beta8.0_kl_methodkl_mse_normalizeFalse_temperature2.0_weight_ce0.5_weight_kl0.5_weight_mse1.0_zscoreFalse
box,H3K27ac,raw,0.5,0.5,1.0,1.5,box,0.4674110578274617,0.4032646817131741,24,carbon_distillation/original/H3K27ac/20260628_184639/cba33c0e-e94a-44bf-ab14-748af820b371/distill_methodvanilla_dkd_alpha1.0_dkd_beta8.0_kl_methodkl_mse_normalizeFalse_temperature1.5_weight_ce0.5_weight_kl0.5_weight_mse1.0_zscoreFalse
box,H3K27ac,raw,0.5,0.5,1.0,2.0,box,0.46731516229045467,0.4032646817131741,27,carbon_distillation/original/H3K27ac/20260628_191302/eba8124e-7896-4d24-a154-18bd743c2ff1/distill_methodvanilla_dkd_alpha1.0_dkd_beta8.0_kl_methodkl_mse_normalizeFalse_temperature2.0_weight_ce0.5_weight_kl0.5_weight_mse1.0_zscoreFalse
box,H3K27ac,raw,0.5,0.5,1.0,4.0,box,0.4671597396506678,0.4032646817131741,27,carbon_distillation/original/H3K27ac/20260628_191324/1f653c4f-99c8-4e2d-933f-71806c152699/distill_methodvanilla_dkd_alpha1.0_dkd_beta8.0_kl_methodkl_mse_normalizeFalse_temperature4.0_weight_ce0.5_weight_kl0.5_weight_mse1.0_zscoreFalse
box,H3K27ac,raw,0.5,0.5,1.0,4.0,box,0.4671597396506678,0.4032646817131741,27,carbon_distillation/original/H3K27ac/20260628_213044/5acc006d-7c0e-4d72-b125-7aa222b36c7b/distill_methodvanilla_dkd_alpha1.0_dkd_beta8.0_kl_methodkl_mse_normalizeFalse_temperature4.0_weight_ce0.5_weight_kl0.5_weight_mse1.0_zscoreFalse
box,H3K27ac,raw,0.5,0.5,1.0,2.0,box,0.4668556943563868,0.4032646817131741,24,carbon_distillation/original/H3K27ac/20260628_213225/1d653de8-75aa-4907-ad9c-16bff4861adf/distill_methodvanilla_dkd_alpha1.0_dkd_beta8.0_kl_methodkl_mse_normalizeFalse_temperature2.0_weight_ce0.5_weight_kl0.5_weight_mse1.0_zscoreFalse
box,H3K27ac,raw,0.5,0.5,1.0,1.0,box,0.4666398264033747,0.4032646817131741,27,carbon_distillation/original/H3K27ac/20260628_191314/c901cdf0-5cfd-4ec7-912c-c55727630516/distill_methodvanilla_dkd_alpha1.0_dkd_beta8.0_kl_methodkl_mse_normalizeFalse_temperature1.0_weight_ce0.5_weight_kl0.5_weight_mse1.0_zscoreFalse
box,H3K27ac,raw,0.5,0.5,1.0,1.0,box,0.4666398264033747,0.4032646817131741,27,carbon_distillation/original/H3K27ac/20260628_193819/78afbab5-d0f4-435f-b770-80c8c128fb5c/distill_methodvanilla_dkd_alpha1.0_dkd_beta8.0_kl_methodkl_mse_normalizeFalse_temperature1.0_weight_ce0.5_weight_kl0.5_weight_mse1.0_zscoreFalse
box,H3K27ac,raw,0.5,0.5,1.0,1.0,box,0.4666398264033747,0.4032646817131741,27,carbon_distillation/original/H3K27ac/20260628_213019/d6ba459f-b1b8-47a3-bf0a-a49e8b2513d2/distill_methodvanilla_dkd_alpha1.0_dkd_beta8.0_kl_methodkl_mse_normalizeFalse_temperature1.0_weight_ce0.5_weight_kl0.5_weight_mse1.0_zscoreFalse
box,H3K27ac,raw,0.5,0.5,1.0,1.0,box,0.4666398264033747,0.4032646817131741,27,carbon_distillation/original/H3K27ac/20260628_215714/b06555f8-e56b-439f-ba05-282b58084705/distill_methodvanilla_dkd_alpha1.0_dkd_beta8.0_kl_methodkl_mse_normalizeFalse_temperature1.0_weight_ce0.5_weight_kl0.5_weight_mse1.0_zscoreFalse
box,H3K27ac,raw,0.5,0.5,1.0,1.0,box,0.4666398264033747,0.4032646817131741,27,carbon_distillation/original/H3K27ac/20260628_223455/938e0eea-f921-4ed1-9aec-857841a0f8ca/distill_methodvanilla_dkd_alpha1.0_dkd_beta8.0_kl_methodkl_mse_normalizeFalse_temperature1.0_weight_ce0.5_weight_kl0.5_weight_mse1.0_zscoreFalse
box,H3K27ac,raw,0.5,0.5,1.0,1.0,box,0.4666398264033747,0.4032646817131741,27,carbon_distillation/original/H3K27ac/20260628_230601/e89b08a7-0fc1-4770-995d-22f2e84a49ef/distill_methodvanilla_dkd_alpha1.0_dkd_beta8.0_kl_methodkl_mse_normalizeFalse_temperature1.0_weight_ce0.5_weight_kl0.5_weight_mse1.0_zscoreFalse
box,H3K27ac,raw,0.5,0.5,1.0,1.0,box,0.4665758133835046,0.4032646817131741,17,carbon_distillation/original/H3K27ac/20260628_184835/0af499f0-2dd1-4ed6-9aec-72478c570ac8/distill_methodvanilla_dkd_alpha1.0_dkd_beta8.0_kl_methodkl_mse_normalizeFalse_temperature1.0_weight_ce0.5_weight_kl0.5_weight_mse1.0_zscoreFalse
box,H3K27ac,raw,0.5,0.5,1.0,0.5,box,0.4665758133835046,0.4032646817131741,15,carbon_distillation/original/H3K27ac/20260628_221012/e545c5d7-ed65-4d43-8db3-c699edb40769/distill_methodvanilla_dkd_alpha1.0_dkd_beta8.0_kl_methodkl_mse_normalizeFalse_temperature0.5_weight_ce0.5_weight_kl0.5_weight_mse1.0_zscoreFalse
box,H3K27ac,raw,0.5,0.25,2.0,4.0,box,0.46635590213338124,0.4032646817131741,22,carbon_distillation/original/H3K27ac/20260629_044626/14b1195c-7cfa-4084-a6cc-1ea7289827b6/distill_methodvanilla_dkd_alpha1.0_dkd_beta8.0_kl_methodkl_mse_normalizeFalse_temperature4.0_weight_ce0.5_weight_kl0.25_weight_mse2.0_zscoreFalse
box,H3K27ac,raw,0.5,0.25,2.0,4.0,box,0.46635590213338124,0.4032646817131741,22,carbon_distillation/original/H3K27ac/20260629_091904/e214cc55-482a-43d7-8d82-9818386552b7/distill_methodvanilla_dkd_alpha1.0_dkd_beta8.0_kl_methodkl_mse_normalizeFalse_temperature4.0_weight_ce0.5_weight_kl0.25_weight_mse2.0_zscoreFalse
box,H3K27ac,raw,0.5,0.5,0.0,2.0,box,0.46625663647405186,0.4032646817131741,24,carbon_distillation/original/H3K27ac/20260628_184624/68fdeb5e-58d7-4d74-8bf8-5e375e1de442/distill_methodvanilla_dkd_alpha1.0_dkd_beta8.0_kl_methodkl_mse_normalizeFalse_temperature2.0_weight_ce0.5_weight_kl0.5_weight_mse0.0_zscoreFalse
box,H3K27ac,raw,0.5,0.5,0.0,2.0,box,0.46625663647405186,0.4032646817131741,24,carbon_distillation/original/H3K27ac/20260628_191300/8107adc3-1ec8-49e5-b4e6-10e9900f293f/distill_methodvanilla_dkd_alpha1.0_dkd_beta8.0_kl_methodkl_mse_normalizeFalse_temperature2.0_weight_ce0.5_weight_kl0.5_weight_mse0.0_zscoreFalse
box,H3K27ac,raw,0.5,0.5,0.0,2.0,box,0.46625663647405186,0.4032646817131741,24,carbon_distillation/original/H3K27ac/20260628_213029/0077189e-4ec8-4806-9a1e-2d761eb55459/distill_methodvanilla_dkd_alpha1.0_dkd_beta8.0_kl_methodkl_mse_normalizeFalse_temperature2.0_weight_ce0.5_weight_kl0.5_weight_mse0.0_zscoreFalse
box,H3K27ac,raw,0.5,0.25,5.0,1.5,box,0.4662491407899527,0.4032646817131741,18,carbon_distillation/original/H3K27ac/20260629_092533/0d8a0e6a-5cb7-4747-a0f9-c8dd59e9f6f3/distill_methodvanilla_dkd_alpha1.0_dkd_beta8.0_kl_methodkl_mse_normalizeFalse_temperature1.5_weight_ce0.5_weight_kl0.25_weight_mse5.0_zscoreFalse
box,H3K27ac,raw,0.5,0.5,2.0,0.5,box,0.4652540038221501,0.4032646817131741,18,carbon_distillation/original/H3K27ac/20260629_092847/ee37d34e-5866-4581-a11e-42bdc20c9827/distill_methodvanilla_dkd_alpha1.0_dkd_beta8.0_kl_methodkl_mse_normalizeFalse_temperature0.5_weight_ce0.5_weight_kl0.5_weight_mse2.0_zscoreFalse
box,H3K27ac,raw,0.5,0.0,2.0,0.5,box,0.4650763116623849,0.4032646817131741,19,carbon_distillation/original/H3K27ac/20260629_044626/bff5d880-d44a-4583-a715-edba040e38b9/distill_methodvanilla_dkd_alpha1.0_dkd_beta8.0_kl_methodkl_mse_normalizeFalse_temperature0.5_weight_ce0.5_weight_kl0.0_weight_mse2.0_zscoreFalse
box,H3K27ac,raw,0.5,0.0,2.0,0.5,box,0.4650763116623849,0.4032646817131741,19,carbon_distillation/original/H3K27ac/20260629_083823/f34b1264-f1ac-475f-8c6b-ee9fe6ba6df5/distill_methodvanilla_dkd_alpha1.0_dkd_beta8.0_kl_methodkl_mse_normalizeFalse_temperature0.5_weight_ce0.5_weight_kl0.0_weight_mse2.0_zscoreFalse
box,H3K27ac,raw,0.5,0.5,2.0,1.0,box,0.46459328252559057,0.4032646817131741,15,carbon_distillation/original/H3K27ac/20260629_100226/d7143c15-c2dd-436b-9876-9e48cc103366/distill_methodvanilla_dkd_alpha1.0_dkd_beta8.0_kl_methodkl_mse_normalizeFalse_temperature1.0_weight_ce0.5_weight_kl0.5_weight_mse2.0_zscoreFalse
box,H3K27ac,raw,0.5,0.25,5.0,2.0,box,0.46387514008043645,0.4032646817131741,18,carbon_distillation/original/H3K27ac/20260629_092541/86ee27eb-0bf2-4fc5-ba17-334258d08d8d/distill_methodvanilla_dkd_alpha1.0_dkd_beta8.0_kl_methodkl_mse_normalizeFalse_temperature2.0_weight_ce0.5_weight_kl0.25_weight_mse5.0_zscoreFalse
box,H3K27ac,raw,0.5,0.5,0.0,1.5,box,0.4636066388623209,0.4032646817131741,25,carbon_distillation/original/H3K27ac/20260628_184624/4a1d7c64-6cbd-48e6-bd71-8aae00ba18d5/distill_methodvanilla_dkd_alpha1.0_dkd_beta8.0_kl_methodkl_mse_normalizeFalse_temperature1.5_weight_ce0.5_weight_kl0.5_weight_mse0.0_zscoreFalse
box,H3K27ac,raw,0.5,1.0,0.0,1.5,box,0.46343410370285887,0.4032646817131741,24,carbon_distillation/original/H3K27ac/20260628_213036/52940b29-8eca-44cb-bd16-8ad72a12d07d/distill_methodvanilla_dkd_alpha1.0_dkd_beta8.0_kl_methodkl_mse_normalizeFalse_temperature1.5_weight_ce0.5_weight_kl1.0_weight_mse0.0_zscoreFalse
box,H3K27ac,raw,0.5,0.25,2.0,0.5,box,0.4632342185727952,0.4032646817131741,19,carbon_distillation/original/H3K27ac/20260629_044626/0a397f91-7f6f-457a-9e2b-16cbfc1f4d82/distill_methodvanilla_dkd_alpha1.0_dkd_beta8.0_kl_methodkl_mse_normalizeFalse_temperature0.5_weight_ce0.5_weight_kl0.25_weight_mse2.0_zscoreFalse
box,H3K27ac,raw,0.5,0.25,2.0,0.5,box,0.4632342185727952,0.4032646817131741,19,carbon_distillation/original/H3K27ac/20260629_084148/e24d3a4c-4cd5-4220-9575-a7b0f5789c8b/distill_methodvanilla_dkd_alpha1.0_dkd_beta8.0_kl_methodkl_mse_normalizeFalse_temperature0.5_weight_ce0.5_weight_kl0.25_weight_mse2.0_zscoreFalse
box,H3K27ac,raw,0.5,0.5,1.0,1.0,box,0.4625702686509203,0.4032646817131741,15,carbon_distillation/original/H3K27ac/20260628_221012/b649a6eb-550f-4b55-a688-4a39c2a7ed28/distill_methodvanilla_dkd_alpha1.0_dkd_beta8.0_kl_methodkl_mse_normalizeFalse_temperature1.0_weight_ce0.5_weight_kl0.5_weight_mse1.0_zscoreFalse
box,H3K27ac,raw,0.5,0.5,0.0,1.5,box,0.4624462287766866,0.4032646817131741,24,carbon_distillation/original/H3K27ac/20260628_191305/c96a7782-d0ed-4dbd-8d81-98a0d9feb1fc/distill_methodvanilla_dkd_alpha1.0_dkd_beta8.0_kl_methodkl_mse_normalizeFalse_temperature1.5_weight_ce0.5_weight_kl0.5_weight_mse0.0_zscoreFalse
box,H3K27ac,raw,0.5,0.5,0.0,1.5,box,0.4624462287766866,0.4032646817131741,24,carbon_distillation/original/H3K27ac/20260628_213031/b5a6d348-a584-469d-a474-084ab3b0aa4c/distill_methodvanilla_dkd_alpha1.0_dkd_beta8.0_kl_methodkl_mse_normalizeFalse_temperature1.5_weight_ce0.5_weight_kl0.5_weight_mse0.0_zscoreFalse
box,H3K27ac,raw,0.5,0.0,0.0,0.5,box,0.4618702202274317,0.4032646817131741,22,carbon_distillation/original/H3K27ac/20260628_045201/1ceedce5-f2fe-4ded-bb46-dcd32befff31/distill_methodvanilla_dkd_alpha1.0_dkd_beta8.0_kl_methodkl_mse_normalizeFalse_temperature0.5_weight_ce0.5_weight_kl0.0_weight_mse0.0_zscoreFalse
box,H3K27ac,raw,0.5,1.0,0.0,1.0,box,0.46173950369146977,0.4032646817131741,24,carbon_distillation/original/H3K27ac/20260628_213026/e3693e4c-8927-409f-b9e1-3bceaacbe76c/distill_methodvanilla_dkd_alpha1.0_dkd_beta8.0_kl_methodkl_mse_normalizeFalse_temperature1.0_weight_ce0.5_weight_kl1.0_weight_mse0.0_zscoreFalse
box,H3K27ac,raw,0.5,0.25,5.0,4.0,box,0.46145944446903797,0.4032646817131741,25,carbon_distillation/original/H3K27ac/20260629_092828/38ee8a5e-c8e0-4dbf-926b-a71305ee6cb1/distill_methodvanilla_dkd_alpha1.0_dkd_beta8.0_kl_methodkl_mse_normalizeFalse_temperature4.0_weight_ce0.5_weight_kl0.25_weight_mse5.0_zscoreFalse
box,H3K27ac,raw,0.5,0.5,0.0,4.0,box,0.46009691356018523,0.4032646817131741,24,carbon_distillation/original/H3K27ac/20260628_184631/74766ee0-f721-4258-8e83-cffae1caae89/distill_methodvanilla_dkd_alpha1.0_dkd_beta8.0_kl_methodkl_mse_normalizeFalse_temperature4.0_weight_ce0.5_weight_kl0.5_weight_mse0.0_zscoreFalse
box,H3K27ac,raw,0.5,0.5,0.0,4.0,box,0.46009691356018523,0.4032646817131741,24,carbon_distillation/original/H3K27ac/20260628_191307/d3d1913d-ae87-401c-965d-d5529fbd52c9/distill_methodvanilla_dkd_alpha1.0_dkd_beta8.0_kl_methodkl_mse_normalizeFalse_temperature4.0_weight_ce0.5_weight_kl0.5_weight_mse0.0_zscoreFalse
box,H3K27ac,raw,0.5,0.5,0.0,4.0,box,0.46009691356018523,0.4032646817131741,24,carbon_distillation/original/H3K27ac/20260628_213035/1bb1a7df-7b78-4a05-a0be-df8880b7ba3e/distill_methodvanilla_dkd_alpha1.0_dkd_beta8.0_kl_methodkl_mse_normalizeFalse_temperature4.0_weight_ce0.5_weight_kl0.5_weight_mse0.0_zscoreFalse
box,H3K27ac,raw,0.5,1.0,0.0,0.5,box,0.4583075919507473,0.4032646817131741,17,carbon_distillation/original/H3K27ac/20260628_213038/dfcdfcbd-edeb-4d64-b37f-1ae8b0b74010/distill_methodvanilla_dkd_alpha1.0_dkd_beta8.0_kl_methodkl_mse_normalizeFalse_temperature0.5_weight_ce0.5_weight_kl1.0_weight_mse0.0_zscoreFalse
box,H3K27ac,raw,0.5,1.0,0.0,2.0,box,0.4582522666758663,0.4032646817131741,24,carbon_distillation/original/H3K27ac/20260628_213024/43ed0598-d51f-47f9-bbbb-bbdf4524e72e/distill_methodvanilla_dkd_alpha1.0_dkd_beta8.0_kl_methodkl_mse_normalizeFalse_temperature2.0_weight_ce0.5_weight_kl1.0_weight_mse0.0_zscoreFalse
box,H3K27ac,raw,0.5,0.0,5.0,0.5,box,0.45761733197127125,0.4032646817131741,19,carbon_distillation/original/H3K27ac/20260629_044626/c3674542-2a04-4bd1-a715-d84647e18668/distill_methodvanilla_dkd_alpha1.0_dkd_beta8.0_kl_methodkl_mse_normalizeFalse_temperature0.5_weight_ce0.5_weight_kl0.0_weight_mse5.0_zscoreFalse
box,H3K27ac,raw,0.5,0.0,5.0,0.5,box,0.45761733197127125,0.4032646817131741,19,carbon_distillation/original/H3K27ac/20260629_084152/af14fc36-b792-47b8-acaa-8b35b5b9eefa/distill_methodvanilla_dkd_alpha1.0_dkd_beta8.0_kl_methodkl_mse_normalizeFalse_temperature0.5_weight_ce0.5_weight_kl0.0_weight_mse5.0_zscoreFalse
box,H3K27ac,raw,0.5,1.0,0.0,4.0,box,0.4562577996183856,0.4032646817131741,24,carbon_distillation/original/H3K27ac/20260628_213024/203dcb23-3353-498c-8e8c-2a98d566d807/distill_methodvanilla_dkd_alpha1.0_dkd_beta8.0_kl_methodkl_mse_normalizeFalse_temperature4.0_weight_ce0.5_weight_kl1.0_weight_mse0.0_zscoreFalse
box,H3K27ac,raw,0.5,0.0,0.0,0.5,box,0.45365580736493244,0.4032646817131741,19,carbon_distillation/original/H3K27ac/20260628_111957/9cb150e3-fffe-454f-b08a-32f4f2770136/distill_methodvanilla_dkd_alpha1.0_dkd_beta8.0_kl_methodkl_mse_normalizeFalse_temperature0.5_weight_ce0.5_weight_kl0.0_weight_mse0.0_zscoreFalse
box,H3K27ac,raw,0.5,1.0,1.0,0.5,box,0.45271103452218125,0.4032646817131741,12,carbon_distillation/original/H3K27ac/20260628_135351/a0359f10-ac4b-4c01-8301-4c16b5f163ac/distill_methodvanilla_dkd_alpha1.0_dkd_beta8.0_kl_methodkl_mse_normalizeFalse_temperature0.5_weight_ce0.5_weight_kl1.0_weight_mse1.0_zscoreFalse
box,H3K27ac,raw,0.5,0.5,1.0,1.5,box,0.4511104134301662,0.4032646817131741,15,carbon_distillation/original/H3K27ac/20260628_221012/1f2750ff-f5f2-45a9-b3d8-e722e6e1d6d9/distill_methodvanilla_dkd_alpha1.0_dkd_beta8.0_kl_methodkl_mse_normalizeFalse_temperature1.5_weight_ce0.5_weight_kl0.5_weight_mse1.0_zscoreFalse
box,H3K27ac,raw,0.5,0.25,5.0,0.5,box,0.44865382030271406,0.4032646817131741,12,carbon_distillation/original/H3K27ac/20260629_052830/385fdb63-82b1-49a9-8938-323eae697934/distill_methodvanilla_dkd_alpha1.0_dkd_beta8.0_kl_methodkl_mse_normalizeFalse_temperature0.5_weight_ce0.5_weight_kl0.25_weight_mse5.0_zscoreFalse
box,H3K27ac,raw,0.5,1.0,1.0,1.5,box,0.4486249516046734,0.4032646817131741,12,carbon_distillation/original/H3K27ac/20260628_135401/861817e8-f6aa-4f21-9eca-1964ef13e00b/distill_methodvanilla_dkd_alpha1.0_dkd_beta8.0_kl_methodkl_mse_normalizeFalse_temperature1.5_weight_ce0.5_weight_kl1.0_weight_mse1.0_zscoreFalse
box,H3K27ac,raw,0.5,0.5,1.0,4.0,box,0.44744162731230025,0.4032646817131741,12,carbon_distillation/original/H3K27ac/20260628_135347/db8e2f12-e640-4bde-b5a9-3ee1b2105a8e/distill_methodvanilla_dkd_alpha1.0_dkd_beta8.0_kl_methodkl_mse_normalizeFalse_temperature4.0_weight_ce0.5_weight_kl0.5_weight_mse1.0_zscoreFalse
box,H3K27ac,raw,0.5,0.5,1.0,1.5,box,0.44687725492083086,0.4032646817131741,9,carbon_distillation/original/H3K27ac/20260628_135400/a064a0ec-d40e-4f11-88f1-2183a0b9e313/distill_methodvanilla_dkd_alpha1.0_dkd_beta8.0_kl_methodkl_mse_normalizeFalse_temperature1.5_weight_ce0.5_weight_kl0.5_weight_mse1.0_zscoreFalse
box,H3K27ac,raw,0.5,0.5,1.0,1.5,box,0.44687725492083086,0.4032646817131741,9,carbon_distillation/original/H3K27ac/20260628_221602/e561db1b-389a-4cdc-ac31-ed45cc4fdbca/distill_methodvanilla_dkd_alpha1.0_dkd_beta8.0_kl_methodkl_mse_normalizeFalse_temperature1.5_weight_ce0.5_weight_kl0.5_weight_mse1.0_zscoreFalse
box,H3K27ac,raw,0.5,0.5,1.0,1.5,box,0.44687725492083086,0.4032646817131741,9,carbon_distillation/original/H3K27ac/20260628_222151/399f2585-04af-404b-b2b4-54038bc22978/distill_methodvanilla_dkd_alpha1.0_dkd_beta8.0_kl_methodkl_mse_normalizeFalse_temperature1.5_weight_ce0.5_weight_kl0.5_weight_mse1.0_zscoreFalse
box,H3K27ac,raw,0.5,0.5,1.0,1.5,box,0.44687725492083086,0.4032646817131741,9,carbon_distillation/original/H3K27ac/20260628_222742/af289f27-d039-4f49-9507-7190a8add762/distill_methodvanilla_dkd_alpha1.0_dkd_beta8.0_kl_methodkl_mse_normalizeFalse_temperature1.5_weight_ce0.5_weight_kl0.5_weight_mse1.0_zscoreFalse
box,H3K27ac,raw,0.5,0.5,1.0,1.0,box,0.44658825224953935,0.4032646817131741,12,carbon_distillation/original/H3K27ac/20260628_135348/ee0afbad-7aa6-4d4c-9770-365589e27849/distill_methodvanilla_dkd_alpha1.0_dkd_beta8.0_kl_methodkl_mse_normalizeFalse_temperature1.0_weight_ce0.5_weight_kl0.5_weight_mse1.0_zscoreFalse
box,H3K27ac,raw,0.5,1.0,1.0,2.0,box,0.44546946849802255,0.4032646817131741,12,carbon_distillation/original/H3K27ac/20260628_135349/5889538b-e096-46c1-91f4-330389ec7b57/distill_methodvanilla_dkd_alpha1.0_dkd_beta8.0_kl_methodkl_mse_normalizeFalse_temperature2.0_weight_ce0.5_weight_kl1.0_weight_mse1.0_zscoreFalse
box,H3K27ac,raw,0.5,0.0,5.0,0.5,box,0.44320025390790585,0.4032646817131741,12,carbon_distillation/original/H3K27ac/20260629_052829/9809551e-e8d7-4ca3-a0e5-3225f418a690/distill_methodvanilla_dkd_alpha1.0_dkd_beta8.0_kl_methodkl_mse_normalizeFalse_temperature0.5_weight_ce0.5_weight_kl0.0_weight_mse5.0_zscoreFalse
box,H3K27ac,raw,0.5,1.0,0.0,0.5,box,0.4413059024593348,0.4032646817131741,10,carbon_distillation/original/H3K27ac/20260628_135350/4d57c61a-4b36-489c-88ae-e27181057af3/distill_methodvanilla_dkd_alpha1.0_dkd_beta8.0_kl_methodkl_mse_normalizeFalse_temperature0.5_weight_ce0.5_weight_kl1.0_weight_mse0.0_zscoreFalse
box,H3K27ac,raw,0.5,0.5,0.0,1.5,box,0.44127625138989207,0.4032646817131741,12,carbon_distillation/original/H3K27ac/20260628_221012/22ec7faf-1184-4cbd-a6f0-0f401fd7e1dc/distill_methodvanilla_dkd_alpha1.0_dkd_beta8.0_kl_methodkl_mse_normalizeFalse_temperature1.5_weight_ce0.5_weight_kl0.5_weight_mse0.0_zscoreFalse
box,H3K27ac,raw,0.5,0.5,1.0,1.0,box,0.4410906477550026,0.4032646817131741,9,carbon_distillation/original/H3K27ac/20260628_221601/98b274a5-e3ca-404f-99c4-90fd6398554a/distill_methodvanilla_dkd_alpha1.0_dkd_beta8.0_kl_methodkl_mse_normalizeFalse_temperature1.0_weight_ce0.5_weight_kl0.5_weight_mse1.0_zscoreFalse
box,H3K27ac,raw,0.5,0.5,1.0,1.0,box,0.4410906477550026,0.4032646817131741,9,carbon_distillation/original/H3K27ac/20260628_222151/4e78d85a-ef86-4458-b4b6-6244f5a4b17b/distill_methodvanilla_dkd_alpha1.0_dkd_beta8.0_kl_methodkl_mse_normalizeFalse_temperature1.0_weight_ce0.5_weight_kl0.5_weight_mse1.0_zscoreFalse
box,H3K27ac,raw,0.5,0.5,0.0,2.0,box,0.4410208215765512,0.4032646817131741,12,carbon_distillation/original/H3K27ac/20260628_221012/f1ab5884-9b44-4430-8a62-8d3e501d2e69/distill_methodvanilla_dkd_alpha1.0_dkd_beta8.0_kl_methodkl_mse_normalizeFalse_temperature2.0_weight_ce0.5_weight_kl0.5_weight_mse0.0_zscoreFalse
box,H3K27ac,raw,0.5,0.5,1.0,2.0,box,0.440678698536975,0.4032646817131741,9,carbon_distillation/original/H3K27ac/20260628_135352/631248d2-1929-44ee-9830-581d2e123808/distill_methodvanilla_dkd_alpha1.0_dkd_beta8.0_kl_methodkl_mse_normalizeFalse_temperature2.0_weight_ce0.5_weight_kl0.5_weight_mse1.0_zscoreFalse
box,H3K27ac,raw,0.5,0.5,1.0,2.0,box,0.440678698536975,0.4032646817131741,9,carbon_distillation/original/H3K27ac/20260628_221602/a9485648-a3fb-43dd-aed9-db0fa17b9510/distill_methodvanilla_dkd_alpha1.0_dkd_beta8.0_kl_methodkl_mse_normalizeFalse_temperature2.0_weight_ce0.5_weight_kl0.5_weight_mse1.0_zscoreFalse
box,H3K27ac,raw,0.5,0.5,1.0,2.0,box,0.440678698536975,0.4032646817131741,9,carbon_distillation/original/H3K27ac/20260628_222151/755fe2cf-7947-4f24-8634-305dd4f6d77d/distill_methodvanilla_dkd_alpha1.0_dkd_beta8.0_kl_methodkl_mse_normalizeFalse_temperature2.0_weight_ce0.5_weight_kl0.5_weight_mse1.0_zscoreFalse
box,H3K27ac,raw,0.5,0.5,1.0,2.0,box,0.440678698536975,0.4032646817131741,9,carbon_distillation/original/H3K27ac/20260628_222742/f15baf6a-0998-481c-897b-7a3b540954c2/distill_methodvanilla_dkd_alpha1.0_dkd_beta8.0_kl_methodkl_mse_normalizeFalse_temperature2.0_weight_ce0.5_weight_kl0.5_weight_mse1.0_zscoreFalse
box,H3K27ac,raw,0.5,0.25,2.0,0.5,box,0.440376340063558,0.4032646817131741,12,carbon_distillation/original/H3K27ac/20260629_052829/821f9324-750d-4102-b655-ffe8f9344507/distill_methodvanilla_dkd_alpha1.0_dkd_beta8.0_kl_methodkl_mse_normalizeFalse_temperature0.5_weight_ce0.5_weight_kl0.25_weight_mse2.0_zscoreFalse
box,H3K27ac,raw,0.5,0.0,0.0,0.5,box,0.439772249615106,0.4032646817131741,15,carbon_distillation/original/H3K27ac/20260628_011124/aa1f8ce6-9875-40b6-ae59-f907935d80b5/distill_methodvanilla_dkd_alpha1.0_dkd_beta8.0_kl_methodkl_mse_normalizeFalse_temperature0.5_weight_ce0.5_weight_kl0.0_weight_mse0.0_zscoreFalse
box,H3K27ac,raw,0.5,0.5,2.0,1.5,box,0.4390690252519856,0.4032646817131741,10,carbon_distillation/original/H3K27ac/20260629_100427/130dd83c-77a3-440f-9a49-082ff81e03fe/distill_methodvanilla_dkd_alpha1.0_dkd_beta8.0_kl_methodkl_mse_normalizeFalse_temperature1.5_weight_ce0.5_weight_kl0.5_weight_mse2.0_zscoreFalse
box,H3K27ac,raw,0.5,0.0,2.0,0.5,box,0.43773136031871235,0.4032646817131741,11,carbon_distillation/original/H3K27ac/20260629_052829/8722e663-629a-4af9-adf1-4031acfdbfea/distill_methodvanilla_dkd_alpha1.0_dkd_beta8.0_kl_methodkl_mse_normalizeFalse_temperature0.5_weight_ce0.5_weight_kl0.0_weight_mse2.0_zscoreFalse
box,H3K27ac,raw,0.5,0.0,1.0,0.5,box,0.43753912234641656,0.4032646817131741,14,carbon_distillation/original/H3K27ac/20260628_011124/bf50faa7-6cb5-4b78-a176-a31259b52a3c/distill_methodvanilla_dkd_alpha1.0_dkd_beta8.0_kl_methodkl_mse_normalizeFalse_temperature0.5_weight_ce0.5_weight_kl0.0_weight_mse1.0_zscoreFalse
box,H3K27ac,raw,0.5,0.25,2.0,1.5,box,0.4371235771636025,0.4032646817131741,12,carbon_distillation/original/H3K27ac/20260629_052830/3a4593a5-7946-4ae8-b363-e652009d3816/distill_methodvanilla_dkd_alpha1.0_dkd_beta8.0_kl_methodkl_mse_normalizeFalse_temperature1.5_weight_ce0.5_weight_kl0.25_weight_mse2.0_zscoreFalse
box,H3K27ac,raw,0.5,0.25,2.0,2.0,box,0.435938351226523,0.4032646817131741,9,carbon_distillation/original/H3K27ac/20260629_052830/84abdc14-182a-4e9f-a047-7d92d2b305d5/distill_methodvanilla_dkd_alpha1.0_dkd_beta8.0_kl_methodkl_mse_normalizeFalse_temperature2.0_weight_ce0.5_weight_kl0.25_weight_mse2.0_zscoreFalse
box,H3K27ac,raw,0.5,0.25,2.0,1.0,box,0.43571613131561343,0.4032646817131741,12,carbon_distillation/original/H3K27ac/20260629_052830/a504382a-1b69-4005-9f6c-990cd94a2e18/distill_methodvanilla_dkd_alpha1.0_dkd_beta8.0_kl_methodkl_mse_normalizeFalse_temperature1.0_weight_ce0.5_weight_kl0.25_weight_mse2.0_zscoreFalse
box,H3K27ac,raw,0.5,0.5,2.0,2.0,box,0.43489208919036276,0.4032646817131741,9,carbon_distillation/original/H3K27ac/20260629_100518/cfedfcc4-17f1-4c38-8da3-dc34ac85c36d/distill_methodvanilla_dkd_alpha1.0_dkd_beta8.0_kl_methodkl_mse_normalizeFalse_temperature2.0_weight_ce0.5_weight_kl0.5_weight_mse2.0_zscoreFalse
box,H3K27ac,raw,0.5,0.25,0.0,0.5,box,0.4348008677857579,0.4032646817131741,10,carbon_distillation/original/H3K27ac/20260628_011123/15ca2f35-550d-40f7-aff6-71d876d61726/distill_methodvanilla_dkd_alpha1.0_dkd_beta8.0_kl_methodkl_mse_normalizeFalse_temperature0.5_weight_ce0.5_weight_kl0.25_weight_mse0.0_zscoreFalse
box,H3K27ac,raw,0.5,1.0,1.0,4.0,box,0.433682482187184,0.4032646817131741,12,carbon_distillation/original/H3K27ac/20260628_135349/bfa76871-695c-41bb-8545-eb61c7c1b24f/distill_methodvanilla_dkd_alpha1.0_dkd_beta8.0_kl_methodkl_mse_normalizeFalse_temperature4.0_weight_ce0.5_weight_kl1.0_weight_mse1.0_zscoreFalse
box,H3K27ac,raw,0.5,0.5,1.0,4.0,box,0.4332732123780336,0.4032646817131741,9,carbon_distillation/original/H3K27ac/20260628_221602/ff2e925f-c8fe-40b5-ab2a-ee644baab988/distill_methodvanilla_dkd_alpha1.0_dkd_beta8.0_kl_methodkl_mse_normalizeFalse_temperature4.0_weight_ce0.5_weight_kl0.5_weight_mse1.0_zscoreFalse
box,H3K27ac,raw,0.5,0.5,1.0,4.0,box,0.4332732123780336,0.4032646817131741,9,carbon_distillation/original/H3K27ac/20260628_222151/8d5f754c-b7a2-4c8c-be6e-1b5455595bb5/distill_methodvanilla_dkd_alpha1.0_dkd_beta8.0_kl_methodkl_mse_normalizeFalse_temperature4.0_weight_ce0.5_weight_kl0.5_weight_mse1.0_zscoreFalse
box,H3K27ac,raw,0.5,0.5,1.0,4.0,box,0.4332732123780336,0.4032646817131741,9,carbon_distillation/original/H3K27ac/20260628_222741/bb9f608c-cdea-439c-92ab-ce05b7e02904/distill_methodvanilla_dkd_alpha1.0_dkd_beta8.0_kl_methodkl_mse_normalizeFalse_temperature4.0_weight_ce0.5_weight_kl0.5_weight_mse1.0_zscoreFalse
box,H3K27ac,raw,0.5,0.25,0.0,1.0,box,0.4331973001580989,0.4032646817131741,10,carbon_distillation/original/H3K27ac/20260628_011118/44a37472-e7c4-4a1e-ab2d-9bd1754aa7bf/distill_methodvanilla_dkd_alpha1.0_dkd_beta8.0_kl_methodkl_mse_normalizeFalse_temperature1.0_weight_ce0.5_weight_kl0.25_weight_mse0.0_zscoreFalse
box,H3K27ac,raw,0.5,0.5,1.0,0.5,box,0.43209822696873185,0.4032646817131741,10,carbon_distillation/original/H3K27ac/20260628_135355/cb137832-2194-4e87-bd39-da17a849b050/distill_methodvanilla_dkd_alpha1.0_dkd_beta8.0_kl_methodkl_mse_normalizeFalse_temperature0.5_weight_ce0.5_weight_kl0.5_weight_mse1.0_zscoreFalse
box,H3K27ac,raw,0.5,0.5,1.0,0.5,box,0.43209822696873185,0.4032646817131741,10,carbon_distillation/original/H3K27ac/20260628_221602/4b3959ce-0218-449e-8282-86ee4f758bec/distill_methodvanilla_dkd_alpha1.0_dkd_beta8.0_kl_methodkl_mse_normalizeFalse_temperature0.5_weight_ce0.5_weight_kl0.5_weight_mse1.0_zscoreFalse
box,H3K27ac,raw,0.5,1.0,1.0,1.0,box,0.43139332925764434,0.4032646817131741,10,carbon_distillation/original/H3K27ac/20260628_135357/287704f3-5fe6-4207-ac75-d17fdbaca707/distill_methodvanilla_dkd_alpha1.0_dkd_beta8.0_kl_methodkl_mse_normalizeFalse_temperature1.0_weight_ce0.5_weight_kl1.0_weight_mse1.0_zscoreFalse
box,H3K27ac,raw,0.5,0.5,1.0,0.5,box,0.430478806564162,0.4032646817131741,9,carbon_distillation/original/H3K27ac/20260628_222152/2fb103b4-8539-436d-8496-5a5c3f87f54b/distill_methodvanilla_dkd_alpha1.0_dkd_beta8.0_kl_methodkl_mse_normalizeFalse_temperature0.5_weight_ce0.5_weight_kl0.5_weight_mse1.0_zscoreFalse
box,H3K27ac,raw,0.5,0.5,1.0,0.5,box,0.430478806564162,0.4032646817131741,9,carbon_distillation/original/H3K27ac/20260628_222741/e0b5fca1-a258-4031-816a-3ddb13266e7b/distill_methodvanilla_dkd_alpha1.0_dkd_beta8.0_kl_methodkl_mse_normalizeFalse_temperature0.5_weight_ce0.5_weight_kl0.5_weight_mse1.0_zscoreFalse
box,H3K27ac,raw,0.5,0.5,0.0,1.5,box,0.42684653576747184,0.4032646817131741,10,carbon_distillation/original/H3K27ac/20260628_135349/aef33441-360b-470c-b97e-779a72c9a790/distill_methodvanilla_dkd_alpha1.0_dkd_beta8.0_kl_methodkl_mse_normalizeFalse_temperature1.5_weight_ce0.5_weight_kl0.5_weight_mse0.0_zscoreFalse
box,H3K27ac,raw,0.5,1.0,0.0,1.0,box,0.42664909692381014,0.4032646817131741,11,carbon_distillation/original/H3K27ac/20260628_135352/3c98ad74-65a3-4110-8033-18923780aff6/distill_methodvanilla_dkd_alpha1.0_dkd_beta8.0_kl_methodkl_mse_normalizeFalse_temperature1.0_weight_ce0.5_weight_kl1.0_weight_mse0.0_zscoreFalse
box,H3K27ac,raw,0.5,1.0,0.0,1.5,box,0.4261695675887877,0.4032646817131741,11,carbon_distillation/original/H3K27ac/20260628_135354/268f212b-4351-4e76-bd3b-138ca63565da/distill_methodvanilla_dkd_alpha1.0_dkd_beta8.0_kl_methodkl_mse_normalizeFalse_temperature1.5_weight_ce0.5_weight_kl1.0_weight_mse0.0_zscoreFalse
box,H3K27ac,raw,0.5,0.5,0.0,2.0,box,0.426163858727285,0.4032646817131741,11,carbon_distillation/original/H3K27ac/20260628_135352/76a5763b-92f3-4650-82cc-5905c293fbbd/distill_methodvanilla_dkd_alpha1.0_dkd_beta8.0_kl_methodkl_mse_normalizeFalse_temperature2.0_weight_ce0.5_weight_kl0.5_weight_mse0.0_zscoreFalse
box,H3K27ac,raw,0.5,0.5,0.0,4.0,box,0.42538997545369217,0.4032646817131741,11,carbon_distillation/original/H3K27ac/20260628_135401/3462c524-f7b9-46d3-8bfa-49655b7004a7/distill_methodvanilla_dkd_alpha1.0_dkd_beta8.0_kl_methodkl_mse_normalizeFalse_temperature4.0_weight_ce0.5_weight_kl0.5_weight_mse0.0_zscoreFalse
box,H3K27ac,raw,0.5,0.5,0.0,4.0,box,0.42538997545369217,0.4032646817131741,11,carbon_distillation/original/H3K27ac/20260628_221012/b86be675-ad5f-4ac4-8ca4-2f693c98cb79/distill_methodvanilla_dkd_alpha1.0_dkd_beta8.0_kl_methodkl_mse_normalizeFalse_temperature4.0_weight_ce0.5_weight_kl0.5_weight_mse0.0_zscoreFalse
box,H3K27ac,raw,0.5,1.0,0.0,2.0,box,0.424622135603473,0.4032646817131741,11,carbon_distillation/original/H3K27ac/20260628_135349/029e38ad-38f3-4ae0-a8dd-841fb54178e3/distill_methodvanilla_dkd_alpha1.0_dkd_beta8.0_kl_methodkl_mse_normalizeFalse_temperature2.0_weight_ce0.5_weight_kl1.0_weight_mse0.0_zscoreFalse
box,H3K27ac,raw,0.5,1.0,0.0,4.0,box,0.42075485919077676,0.4032646817131741,11,carbon_distillation/original/H3K27ac/20260628_135354/57fb7fff-ef1c-4062-af2e-f268185e2820/distill_methodvanilla_dkd_alpha1.0_dkd_beta8.0_kl_methodkl_mse_normalizeFalse_temperature4.0_weight_ce0.5_weight_kl1.0_weight_mse0.0_zscoreFalse
box,H3K27ac,raw,0.5,0.5,0.0,2.0,box,0.41819252407048874,0.4032646817131741,9,carbon_distillation/original/H3K27ac/20260628_221602/5d3c74e4-d8f7-48b4-a0cb-ab2d490f172c/distill_methodvanilla_dkd_alpha1.0_dkd_beta8.0_kl_methodkl_mse_normalizeFalse_temperature2.0_weight_ce0.5_weight_kl0.5_weight_mse0.0_zscoreFalse
box,H3K27ac,raw,0.5,0.5,0.0,1.5,box,0.41815773696403713,0.4032646817131741,9,carbon_distillation/original/H3K27ac/20260628_221602/1e5b1e93-69ce-4c0b-9b17-8a6f7b8635ab/distill_methodvanilla_dkd_alpha1.0_dkd_beta8.0_kl_methodkl_mse_normalizeFalse_temperature1.5_weight_ce0.5_weight_kl0.5_weight_mse0.0_zscoreFalse
box,H3K27ac,raw,0.5,1.0,0.0,1.0,box,0.4175316453100989,0.4032646817131741,8,carbon_distillation/original/H3K27ac/20260628_222741/8466a7e8-6fd5-458e-9726-10e83509ad24/distill_methodvanilla_dkd_alpha1.0_dkd_beta8.0_kl_methodkl_mse_normalizeFalse_temperature1.0_weight_ce0.5_weight_kl1.0_weight_mse0.0_zscoreFalse
box,H3K27ac,raw,0.5,0.25,2.0,4.0,box,0.41633662281268635,0.4032646817131741,8,carbon_distillation/original/H3K27ac/20260629_053033/cf62088e-5a0f-4421-b218-a8bccfd1b752/distill_methodvanilla_dkd_alpha1.0_dkd_beta8.0_kl_methodkl_mse_normalizeFalse_temperature4.0_weight_ce0.5_weight_kl0.25_weight_mse2.0_zscoreFalse
box,H3K27ac,raw,0.5,1.0,0.0,0.5,box,0.4115111183701675,0.4032646817131741,8,carbon_distillation/original/H3K27ac/20260628_222741/1c1eb452-a6ef-4118-9e2b-68fefd844196/distill_methodvanilla_dkd_alpha1.0_dkd_beta8.0_kl_methodkl_mse_normalizeFalse_temperature0.5_weight_ce0.5_weight_kl1.0_weight_mse0.0_zscoreFalse
box,H3K27ac,raw,0.5,1.0,0.0,1.5,box,0.41120198894255283,0.4032646817131741,8,carbon_distillation/original/H3K27ac/20260628_222742/f12bef4e-5abd-41c2-b127-ca08df2ce2cc/distill_methodvanilla_dkd_alpha1.0_dkd_beta8.0_kl_methodkl_mse_normalizeFalse_temperature1.5_weight_ce0.5_weight_kl1.0_weight_mse0.0_zscoreFalse
box,H3K27ac,raw,0.5,0.5,0.0,1.5,box,0.4101942838195864,0.4032646817131741,8,carbon_distillation/original/H3K27ac/20260628_222741/c7b4eed0-3196-4819-be25-8fb61c2361be/distill_methodvanilla_dkd_alpha1.0_dkd_beta8.0_kl_methodkl_mse_normalizeFalse_temperature1.5_weight_ce0.5_weight_kl0.5_weight_mse0.0_zscoreFalse
box,H3K27ac,raw,0.5,0.5,0.0,4.0,box,0.4064363529067401,0.4032646817131741,9,carbon_distillation/original/H3K27ac/20260628_221602/7112f7dc-6295-48ec-bb2f-ab92e10a67ac/distill_methodvanilla_dkd_alpha1.0_dkd_beta8.0_kl_methodkl_mse_normalizeFalse_temperature4.0_weight_ce0.5_weight_kl0.5_weight_mse0.0_zscoreFalse
box,H3K27ac,raw,0.5,0.5,0.0,2.0,box,0.4063347145383331,0.4032646817131741,8,carbon_distillation/original/H3K27ac/20260628_222151/9b6142cf-4a1e-4c66-a1c2-583ea1bab05d/distill_methodvanilla_dkd_alpha1.0_dkd_beta8.0_kl_methodkl_mse_normalizeFalse_temperature2.0_weight_ce0.5_weight_kl0.5_weight_mse0.0_zscoreFalse
box,H3K27ac,raw,0.5,0.5,0.0,2.0,box,0.4063347145383331,0.4032646817131741,8,carbon_distillation/original/H3K27ac/20260628_222742/ebff3fbd-28e7-4322-abb1-b3cd4bc8db10/distill_methodvanilla_dkd_alpha1.0_dkd_beta8.0_kl_methodkl_mse_normalizeFalse_temperature2.0_weight_ce0.5_weight_kl0.5_weight_mse0.0_zscoreFalse
box,H3K27ac,raw,0.5,1.0,0.0,1.0,box,0.4053702433575094,0.4032646817131741,7,carbon_distillation/original/H3K27ac/20260628_222151/a30da017-2499-429a-93c1-05569f4462c9/distill_methodvanilla_dkd_alpha1.0_dkd_beta8.0_kl_methodkl_mse_normalizeFalse_temperature1.0_weight_ce0.5_weight_kl1.0_weight_mse0.0_zscoreFalse
box,H3K27ac,raw,0.5,1.0,0.0,2.0,box,0.4049020594946435,0.4032646817131741,8,carbon_distillation/original/H3K27ac/20260628_222741/dc08d4ed-eb70-41fd-b71f-1ec84608d543/distill_methodvanilla_dkd_alpha1.0_dkd_beta8.0_kl_methodkl_mse_normalizeFalse_temperature2.0_weight_ce0.5_weight_kl1.0_weight_mse0.0_zscoreFalse
box,H3K27ac,raw,0.5,0.5,0.0,1.5,box,0.4026895083939641,0.4032646817131741,7,carbon_distillation/original/H3K27ac/20260628_222152/bd93b78e-ac30-4184-8991-1a1a23b34ba1/distill_methodvanilla_dkd_alpha1.0_dkd_beta8.0_kl_methodkl_mse_normalizeFalse_temperature1.5_weight_ce0.5_weight_kl0.5_weight_mse0.0_zscoreFalse
box,H3K27ac,raw,0.5,1.0,0.0,0.5,box,0.39968671284031876,0.4032646817131741,7,carbon_distillation/original/H3K27ac/20260628_222151/d98060ec-199e-4ed4-942f-2e541a820564/distill_methodvanilla_dkd_alpha1.0_dkd_beta8.0_kl_methodkl_mse_normalizeFalse_temperature0.5_weight_ce0.5_weight_kl1.0_weight_mse0.0_zscoreFalse
box,H3K27ac,raw,0.5,0.5,0.0,4.0,box,0.3937724084696324,0.4032646817131741,8,carbon_distillation/original/H3K27ac/20260628_222742/f4629dd0-53b9-437d-9b59-75032fb57d0e/distill_methodvanilla_dkd_alpha1.0_dkd_beta8.0_kl_methodkl_mse_normalizeFalse_temperature4.0_weight_ce0.5_weight_kl0.5_weight_mse0.0_zscoreFalse
box,H3K27ac,raw,0.5,0.5,0.0,4.0,box,0.3935428406128349,0.4032646817131741,7,carbon_distillation/original/H3K27ac/20260628_222151/4c2a7830-a99c-4bf3-9976-182df3ada744/distill_methodvanilla_dkd_alpha1.0_dkd_beta8.0_kl_methodkl_mse_normalizeFalse_temperature4.0_weight_ce0.5_weight_kl0.5_weight_mse0.0_zscoreFalse
box,H3K27ac,raw,0.5,0.5,1.0,1.0,box,0.3904210258749053,0.4032646817131741,6,carbon_distillation/original/H3K27ac/20260628_222942/59022979-052a-4b0e-be05-e5999d28bc22/distill_methodvanilla_dkd_alpha1.0_dkd_beta8.0_kl_methodkl_mse_normalizeFalse_temperature1.0_weight_ce0.5_weight_kl0.5_weight_mse1.0_zscoreFalse
box,H3K27ac,raw,0.5,0.0,0.0,0.5,box,0.35451726353063806,0.4032646817131741,5,carbon_distillation/original/H3K27ac/20260628_084118/af1c46c7-b6a8-4a3f-a34e-5244c7534cbc/distill_methodvanilla_dkd_alpha1.0_dkd_beta8.0_kl_methodkl_mse_normalizeFalse_temperature0.5_weight_ce0.5_weight_kl0.0_weight_mse0.0_zscoreFalse
box,H3K27ac,raw,0.5,0.5,2.0,4.0,box,0.31068903708270057,0.4032646817131741,3,carbon_distillation/original/H3K27ac/20260629_100833/f2720a36-c1b2-478e-9bfa-aeac1fe8d2ab/distill_methodvanilla_dkd_alpha1.0_dkd_beta8.0_kl_methodkl_mse_normalizeFalse_temperature4.0_weight_ce0.5_weight_kl0.5_weight_mse2.0_zscoreFalse
box,H3K27ac,raw,0.5,0.5,0.0,1.5,box,0.3053861074481543,0.4032646817131741,2,carbon_distillation/original/H3K27ac/20260628_120159/94c5dbc1-da8e-4679-82dd-fc7c5159514e/distill_methodvanilla_dkd_alpha1.0_dkd_beta8.0_kl_methodkl_mse_normalizeFalse_temperature1.5_weight_ce0.5_weight_kl0.5_weight_mse0.0_zscoreFalse
box,H3K27ac,raw,0.5,0.5,1.0,0.5,box,0.30343745104639724,0.4032646817131741,2,carbon_distillation/original/H3K27ac/20260628_120156/a0f6c013-3635-4758-b785-2992e55feb4b/distill_methodvanilla_dkd_alpha1.0_dkd_beta8.0_kl_methodkl_mse_normalizeFalse_temperature0.5_weight_ce0.5_weight_kl0.5_weight_mse1.0_zscoreFalse
box,H3K27ac,raw,0.5,0.5,1.0,4.0,box,0.30327950780444685,0.4032646817131741,2,carbon_distillation/original/H3K27ac/20260628_120159/2377dce1-8ce5-4501-b32c-9bfd16cde22f/distill_methodvanilla_dkd_alpha1.0_dkd_beta8.0_kl_methodkl_mse_normalizeFalse_temperature4.0_weight_ce0.5_weight_kl0.5_weight_mse1.0_zscoreFalse
box,H3K27ac,raw,0.5,0.5,0.0,2.0,box,0.30310358605021626,0.4032646817131741,2,carbon_distillation/original/H3K27ac/20260628_120157/68805cb1-c564-4848-9bcc-49a8a153a953/distill_methodvanilla_dkd_alpha1.0_dkd_beta8.0_kl_methodkl_mse_normalizeFalse_temperature2.0_weight_ce0.5_weight_kl0.5_weight_mse0.0_zscoreFalse
box,H3K27ac,raw,0.5,0.5,1.0,2.0,box,0.30222403573898843,0.4032646817131741,2,carbon_distillation/original/H3K27ac/20260628_120157/28765039-d181-4f06-be75-5e97839f47e3/distill_methodvanilla_dkd_alpha1.0_dkd_beta8.0_kl_methodkl_mse_normalizeFalse_temperature2.0_weight_ce0.5_weight_kl0.5_weight_mse1.0_zscoreFalse
box,H3K27ac,raw,0.5,1.0,0.0,4.0,box,0.3006646583174642,0.4032646817131741,2,carbon_distillation/original/H3K27ac/20260628_120159/e5efdc3e-dd9b-4282-9426-f5a03df92562/distill_methodvanilla_dkd_alpha1.0_dkd_beta8.0_kl_methodkl_mse_normalizeFalse_temperature4.0_weight_ce0.5_weight_kl1.0_weight_mse0.0_zscoreFalse
box,H3K27ac,raw,0.5,0.5,0.0,4.0,box,0.3004104256663212,0.4032646817131741,2,carbon_distillation/original/H3K27ac/20260628_120156/b58b1980-d21f-4cce-a586-2046ca363629/distill_methodvanilla_dkd_alpha1.0_dkd_beta8.0_kl_methodkl_mse_normalizeFalse_temperature4.0_weight_ce0.5_weight_kl0.5_weight_mse0.0_zscoreFalse
box,H3K27ac,raw,0.5,0.5,1.0,1.5,box,0.3002120673286028,0.4032646817131741,2,carbon_distillation/original/H3K27ac/20260628_120156/8bb3af3f-5549-4f3d-ab13-39271245fdff/distill_methodvanilla_dkd_alpha1.0_dkd_beta8.0_kl_methodkl_mse_normalizeFalse_temperature1.5_weight_ce0.5_weight_kl0.5_weight_mse1.0_zscoreFalse
box,H3K27ac,raw,0.5,0.5,1.0,1.0,box,0.2960735963710461,0.4032646817131741,2,carbon_distillation/original/H3K27ac/20260628_120157/e6e5a02f-42fc-45df-a317-f69884d83a15/distill_methodvanilla_dkd_alpha1.0_dkd_beta8.0_kl_methodkl_mse_normalizeFalse_temperature1.0_weight_ce0.5_weight_kl0.5_weight_mse1.0_zscoreFalse
box,H3K27ac,raw,0.5,1.0,0.0,2.0,box,0.2946651782784193,0.4032646817131741,2,carbon_distillation/original/H3K27ac/20260628_120156/43ea090f-fd41-46a8-b957-3161cc3ad458/distill_methodvanilla_dkd_alpha1.0_dkd_beta8.0_kl_methodkl_mse_normalizeFalse_temperature2.0_weight_ce0.5_weight_kl1.0_weight_mse0.0_zscoreFalse
box,H3K27ac,raw,0.5,1.0,1.0,4.0,box,0.2901073736269394,0.4032646817131741,2,carbon_distillation/original/H3K27ac/20260628_120200/d227102b-bd94-4d57-b610-ca76eedc7871/distill_methodvanilla_dkd_alpha1.0_dkd_beta8.0_kl_methodkl_mse_normalizeFalse_temperature4.0_weight_ce0.5_weight_kl1.0_weight_mse1.0_zscoreFalse
box,H3K27ac,raw,0.5,1.0,0.0,0.5,box,0.2876716347668805,0.4032646817131741,2,carbon_distillation/original/H3K27ac/20260628_120157/b8e46567-bc2d-455f-8d18-fc71df040e11/distill_methodvanilla_dkd_alpha1.0_dkd_beta8.0_kl_methodkl_mse_normalizeFalse_temperature0.5_weight_ce0.5_weight_kl1.0_weight_mse0.0_zscoreFalse
box,H3K27ac,raw,0.5,1.0,0.0,1.5,box,0.28751755713421734,0.4032646817131741,2,carbon_distillation/original/H3K27ac/20260628_120158/33a517c2-02ca-435a-8972-549b2f386ebc/distill_methodvanilla_dkd_alpha1.0_dkd_beta8.0_kl_methodkl_mse_normalizeFalse_temperature1.5_weight_ce0.5_weight_kl1.0_weight_mse0.0_zscoreFalse
box,H3K27ac,raw,0.5,0.5,5.0,0.5,box,0.28601966271001117,0.4032646817131741,2,carbon_distillation/original/H3K27ac/20260629_100859/1d0da631-ef81-42de-ac06-08235b9907a8/distill_methodvanilla_dkd_alpha1.0_dkd_beta8.0_kl_methodkl_mse_normalizeFalse_temperature0.5_weight_ce0.5_weight_kl0.5_weight_mse5.0_zscoreFalse
box,H3K27ac,raw,0.5,1.0,0.0,1.0,box,0.28077673018886296,0.4032646817131741,2,carbon_distillation/original/H3K27ac/20260628_120200/b5653b8f-96cd-4e4d-9731-4b5fec4bb2a3/distill_methodvanilla_dkd_alpha1.0_dkd_beta8.0_kl_methodkl_mse_normalizeFalse_temperature1.0_weight_ce0.5_weight_kl1.0_weight_mse0.0_zscoreFalse
box,H3K27ac,raw,0.5,0.5,5.0,1.0,box,0.2797416340313544,0.4032646817131741,2,carbon_distillation/original/H3K27ac/20260629_100912/53d920e8-77f2-4b77-a6fa-8fdc6cbb9df2/distill_methodvanilla_dkd_alpha1.0_dkd_beta8.0_kl_methodkl_mse_normalizeFalse_temperature1.0_weight_ce0.5_weight_kl0.5_weight_mse5.0_zscoreFalse
box,H3K27ac,raw,0.5,1.0,1.0,2.0,box,0.27633843603494984,0.4032646817131741,2,carbon_distillation/original/H3K27ac/20260628_120157/231065be-cf2e-4da1-b3c5-fb26c010b879/distill_methodvanilla_dkd_alpha1.0_dkd_beta8.0_kl_methodkl_mse_normalizeFalse_temperature2.0_weight_ce0.5_weight_kl1.0_weight_mse1.0_zscoreFalse
box,H3K27ac,raw,0.5,1.0,1.0,1.5,box,0.2760614190205491,0.4032646817131741,2,carbon_distillation/original/H3K27ac/20260628_120159/de1ecb52-4a53-4935-87b2-fc73a3e1134b/distill_methodvanilla_dkd_alpha1.0_dkd_beta8.0_kl_methodkl_mse_normalizeFalse_temperature1.5_weight_ce0.5_weight_kl1.0_weight_mse1.0_zscoreFalse
box,H3K27ac,raw,0.5,1.0,1.0,1.0,box,0.27330416125940804,0.4032646817131741,2,carbon_distillation/original/H3K27ac/20260628_120159/e2e7a08b-6f7c-48ba-9b59-103bb45d2e38/distill_methodvanilla_dkd_alpha1.0_dkd_beta8.0_kl_methodkl_mse_normalizeFalse_temperature1.0_weight_ce0.5_weight_kl1.0_weight_mse1.0_zscoreFalse
box,H3K27ac,raw,0.5,1.0,1.0,0.5,box,0.26270094331156196,0.4032646817131741,2,carbon_distillation/original/H3K27ac/20260628_120200/fcec5b4b-5a73-4c20-846c-8fa4bd73c427/distill_methodvanilla_dkd_alpha1.0_dkd_beta8.0_kl_methodkl_mse_normalizeFalse_temperature0.5_weight_ce0.5_weight_kl1.0_weight_mse1.0_zscoreFalse
box,H3K27ac,raw,0.5,0.5,1.0,4.0,box,0.24858627440842754,0.4032646817131741,1,carbon_distillation/original/H3K27ac/20260628_114308/a62af5d8-27fb-41c0-b9a0-92477dfb4862/distill_methodvanilla_dkd_alpha1.0_dkd_beta8.0_kl_methodkl_mse_normalizeFalse_temperature4.0_weight_ce0.5_weight_kl0.5_weight_mse1.0_zscoreFalse
box,H3K27ac,raw,0.5,0.5,1.0,2.0,box,0.2438427207489265,0.4032646817131741,1,carbon_distillation/original/H3K27ac/20260628_114307/53a2914b-9cbb-487a-8ec9-90e940740963/distill_methodvanilla_dkd_alpha1.0_dkd_beta8.0_kl_methodkl_mse_normalizeFalse_temperature2.0_weight_ce0.5_weight_kl0.5_weight_mse1.0_zscoreFalse
box,H3K4me1,raw,0.5,0.5,0.0,4.0,box,0.5043334268445593,0.47837508172787446,62,carbon_distillation/original/H3K4me1/20260629_014254/7ac21033-4e69-42eb-9c81-28bbd601d551/distill_methodvanilla_dkd_alpha1.0_dkd_beta8.0_kl_methodkl_mse_normalizeFalse_temperature4.0_weight_ce0.5_weight_kl0.5_weight_mse0.0_zscoreFalse
box,H3K4me1,raw,0.5,0.25,0.0,2.0,box,0.5011877691909503,0.47837508172787446,32,carbon_distillation/original/H3K4me1/20260629_005404/71c0e0b9-ff73-47c3-b064-f3075a0fd169/distill_methodvanilla_dkd_alpha1.0_dkd_beta8.0_kl_methodkl_mse_normalizeFalse_temperature2.0_weight_ce0.5_weight_kl0.25_weight_mse0.0_zscoreFalse
box,H3K4me1,raw,0.5,1.0,0.0,4.0,box,0.5009843079277104,0.47837508172787446,80,carbon_distillation/original/H3K4me1/20260629_023957/fe92528d-8c3b-452c-b882-191d97bbacef/distill_methodvanilla_dkd_alpha1.0_dkd_beta8.0_kl_methodkl_mse_normalizeFalse_temperature4.0_weight_ce0.5_weight_kl1.0_weight_mse0.0_zscoreFalse
box,H3K4me1,raw,0.5,0.25,0.0,4.0,box,0.49986802205312786,0.47837508172787446,36,carbon_distillation/original/H3K4me1/20260629_005707/771219f2-04b4-495c-a7b0-ee98977f4054/distill_methodvanilla_dkd_alpha1.0_dkd_beta8.0_kl_methodkl_mse_normalizeFalse_temperature4.0_weight_ce0.5_weight_kl0.25_weight_mse0.0_zscoreFalse
box,H3K4me1,raw,0.5,0.5,0.0,1.5,box,0.498899344253813,0.47837508172787446,51,carbon_distillation/original/H3K4me1/20260629_013759/a4043ff7-24df-4d8f-9bd9-ec6218955ec1/distill_methodvanilla_dkd_alpha1.0_dkd_beta8.0_kl_methodkl_mse_normalizeFalse_temperature1.5_weight_ce0.5_weight_kl0.5_weight_mse0.0_zscoreFalse
box,H3K4me1,raw,0.5,1.0,0.0,2.0,box,0.4982258271601028,0.47837508172787446,56,carbon_distillation/original/H3K4me1/20260629_023759/bbf15542-ae4f-467c-924a-11fe061cbad8/distill_methodvanilla_dkd_alpha1.0_dkd_beta8.0_kl_methodkl_mse_normalizeFalse_temperature2.0_weight_ce0.5_weight_kl1.0_weight_mse0.0_zscoreFalse
box,H3K4me1,raw,0.5,1.0,0.0,1.0,box,0.4976234347054909,0.47837508172787446,56,carbon_distillation/original/H3K4me1/20260629_023221/c1e8f4e1-5ead-40da-9438-c5c1bf1aae94/distill_methodvanilla_dkd_alpha1.0_dkd_beta8.0_kl_methodkl_mse_normalizeFalse_temperature1.0_weight_ce0.5_weight_kl1.0_weight_mse0.0_zscoreFalse
box,H3K4me1,raw,0.5,0.5,0.0,2.0,box,0.49619117171549765,0.47837508172787446,62,carbon_distillation/original/H3K4me1/20260629_013803/6da9f846-fab1-4ff5-8630-2693b3c55ac8/distill_methodvanilla_dkd_alpha1.0_dkd_beta8.0_kl_methodkl_mse_normalizeFalse_temperature2.0_weight_ce0.5_weight_kl0.5_weight_mse0.0_zscoreFalse
box,H3K4me1,raw,0.5,0.25,0.0,0.5,box,0.4949919967089224,0.47837508172787446,41,carbon_distillation/original/H3K4me1/20260629_003632/97cfe9e4-1761-416b-8aee-54bd5aab2da6/distill_methodvanilla_dkd_alpha1.0_dkd_beta8.0_kl_methodkl_mse_normalizeFalse_temperature0.5_weight_ce0.5_weight_kl0.25_weight_mse0.0_zscoreFalse
box,H3K4me1,raw,0.5,0.25,0.0,1.5,box,0.49487994222285214,0.47837508172787446,31,carbon_distillation/original/H3K4me1/20260629_004335/2b67eab9-9021-4017-b593-559960d82167/distill_methodvanilla_dkd_alpha1.0_dkd_beta8.0_kl_methodkl_mse_normalizeFalse_temperature1.5_weight_ce0.5_weight_kl0.25_weight_mse0.0_zscoreFalse
box,H3K4me1,raw,0.5,1.0,0.0,1.5,box,0.49155543927362033,0.47837508172787446,44,carbon_distillation/original/H3K4me1/20260629_023656/a64f7948-3f09-4643-9032-c8035fec860a/distill_methodvanilla_dkd_alpha1.0_dkd_beta8.0_kl_methodkl_mse_normalizeFalse_temperature1.5_weight_ce0.5_weight_kl1.0_weight_mse0.0_zscoreFalse
box,H3K4me1,raw,0.5,0.5,0.0,0.5,box,0.49101644112838383,0.47837508172787446,44,carbon_distillation/original/H3K4me1/20260629_012621/787e8e86-a263-424f-b290-5062ca4ebc8a/distill_methodvanilla_dkd_alpha1.0_dkd_beta8.0_kl_methodkl_mse_normalizeFalse_temperature0.5_weight_ce0.5_weight_kl0.5_weight_mse0.0_zscoreFalse
box,H3K4me1,raw,0.5,1.0,0.0,0.5,box,0.4899433110789201,0.47837508172787446,36,carbon_distillation/original/H3K4me1/20260629_023145/5b1fd865-9510-418a-a832-904a696a8ed3/distill_methodvanilla_dkd_alpha1.0_dkd_beta8.0_kl_methodkl_mse_normalizeFalse_temperature0.5_weight_ce0.5_weight_kl1.0_weight_mse0.0_zscoreFalse
box,H3K4me1,raw,0.5,0.25,0.0,1.0,box,0.4895883159825748,0.47837508172787446,31,carbon_distillation/original/H3K4me1/20260629_004127/63a66f6d-b6d4-4c67-a45d-8890667380b0/distill_methodvanilla_dkd_alpha1.0_dkd_beta8.0_kl_methodkl_mse_normalizeFalse_temperature1.0_weight_ce0.5_weight_kl0.25_weight_mse0.0_zscoreFalse
box,H3K4me1,raw,0.5,0.5,0.0,1.0,box,0.4886848188115287,0.47837508172787446,51,carbon_distillation/original/H3K4me1/20260629_013734/82efa19a-aafb-4672-b053-e875b00b2977/distill_methodvanilla_dkd_alpha1.0_dkd_beta8.0_kl_methodkl_mse_normalizeFalse_temperature1.0_weight_ce0.5_weight_kl0.5_weight_mse0.0_zscoreFalse
box,H3K4me1,raw,0.5,0.5,1.0,2.0,box,0.4863165492761945,0.47837508172787446,26,carbon_distillation/original/H3K4me1/20260629_021656/8c6b2858-5bf6-44aa-9b79-ade80bca4e7d/distill_methodvanilla_dkd_alpha1.0_dkd_beta8.0_kl_methodkl_mse_normalizeFalse_temperature2.0_weight_ce0.5_weight_kl0.5_weight_mse1.0_zscoreFalse
box,H3K4me1,raw,0.5,0.5,1.0,1.5,box,0.48460697073221903,0.47837508172787446,38,carbon_distillation/original/H3K4me1/20260629_015917/c373971c-088f-40f8-9f81-d2f610da701c/distill_methodvanilla_dkd_alpha1.0_dkd_beta8.0_kl_methodkl_mse_normalizeFalse_temperature1.5_weight_ce0.5_weight_kl0.5_weight_mse1.0_zscoreFalse
box,H3K4me1,raw,0.5,0.5,1.0,4.0,box,0.4808830653455698,0.47837508172787446,26,carbon_distillation/original/H3K4me1/20260629_022221/3f067b12-8c03-4c0e-81b3-d7fbf02dd341/distill_methodvanilla_dkd_alpha1.0_dkd_beta8.0_kl_methodkl_mse_normalizeFalse_temperature4.0_weight_ce0.5_weight_kl0.5_weight_mse1.0_zscoreFalse
box,H3K4me1,raw,0.5,0.25,1.0,4.0,box,0.4785862455398114,0.47837508172787446,18,carbon_distillation/original/H3K4me1/20260629_012454/d6c0c341-e257-4d69-84be-0f1ea722d7d1/distill_methodvanilla_dkd_alpha1.0_dkd_beta8.0_kl_methodkl_mse_normalizeFalse_temperature4.0_weight_ce0.5_weight_kl0.25_weight_mse1.0_zscoreFalse
box,H3K4me1,raw,0.5,0.5,1.0,1.0,box,0.4785605230477538,0.47837508172787446,38,carbon_distillation/original/H3K4me1/20260629_015628/aeec767a-4305-4472-aee2-90df1b045712/distill_methodvanilla_dkd_alpha1.0_dkd_beta8.0_kl_methodkl_mse_normalizeFalse_temperature1.0_weight_ce0.5_weight_kl0.5_weight_mse1.0_zscoreFalse
box,H3K4me1,raw,0.5,0.25,1.0,1.5,box,0.4750526859685148,0.47837508172787446,20,carbon_distillation/original/H3K4me1/20260629_011823/a18f0b5d-2b6f-4a95-ad25-526bed0fed04/distill_methodvanilla_dkd_alpha1.0_dkd_beta8.0_kl_methodkl_mse_normalizeFalse_temperature1.5_weight_ce0.5_weight_kl0.25_weight_mse1.0_zscoreFalse
box,H3K4me1,raw,0.5,0.25,1.0,2.0,box,0.4747609903700604,0.47837508172787446,26,carbon_distillation/original/H3K4me1/20260629_012415/9cc45498-0222-4125-bbc6-209251035907/distill_methodvanilla_dkd_alpha1.0_dkd_beta8.0_kl_methodkl_mse_normalizeFalse_temperature2.0_weight_ce0.5_weight_kl0.25_weight_mse1.0_zscoreFalse
box,H3K4me1,raw,0.5,0.5,1.0,0.5,box,0.4714495028432213,0.47837508172787446,18,carbon_distillation/original/H3K4me1/20260629_015049/a5d07012-a4f4-4259-b654-09a99ee1bbb5/distill_methodvanilla_dkd_alpha1.0_dkd_beta8.0_kl_methodkl_mse_normalizeFalse_temperature0.5_weight_ce0.5_weight_kl0.5_weight_mse1.0_zscoreFalse
box,H3K4me1,raw,0.5,0.25,1.0,0.5,box,0.47063476881395105,0.47837508172787446,25,carbon_distillation/original/H3K4me1/20260629_010214/fb228c1e-30f6-404b-9391-d678a375a9c5/distill_methodvanilla_dkd_alpha1.0_dkd_beta8.0_kl_methodkl_mse_normalizeFalse_temperature0.5_weight_ce0.5_weight_kl0.25_weight_mse1.0_zscoreFalse
box,H3K4me1,raw,0.5,0.25,1.0,1.0,box,0.47022825401686474,0.47837508172787446,20,carbon_distillation/original/H3K4me1/20260629_010512/c94c5bee-7c65-43df-acee-ae40fcb71bf5/distill_methodvanilla_dkd_alpha1.0_dkd_beta8.0_kl_methodkl_mse_normalizeFalse_temperature1.0_weight_ce0.5_weight_kl0.25_weight_mse1.0_zscoreFalse
box,H3K4me1,raw,0.5,0.25,0.0,0.5,box,0.4693144598015149,0.47837508172787446,28,carbon_distillation/original/H3K4me1/20260628_211652/804931fa-9621-407f-98de-f255256ab3da/distill_methodvanilla_dkd_alpha1.0_dkd_beta8.0_kl_methodkl_mse_normalizeFalse_temperature0.5_weight_ce0.5_weight_kl0.25_weight_mse0.0_zscoreFalse
box,H3K4me1,raw,0.5,0.0,0.0,0.5,box,0.4601931215985664,0.47837508172787446,41,carbon_distillation/original/H3K4me1/20260628_210503/8fa25770-ccaa-49f9-8b95-115e39b13e5b/distill_methodvanilla_dkd_alpha1.0_dkd_beta8.0_kl_methodkl_mse_normalizeFalse_temperature0.5_weight_ce0.5_weight_kl0.0_weight_mse0.0_zscoreFalse
box,H3K4me1,raw,0.5,0.0,0.0,0.5,box,0.4601931215985664,0.47837508172787446,41,carbon_distillation/original/H3K4me1/20260629_003037/aa877848-427f-406a-986b-4456e55f744f/distill_methodvanilla_dkd_alpha1.0_dkd_beta8.0_kl_methodkl_mse_normalizeFalse_temperature0.5_weight_ce0.5_weight_kl0.0_weight_mse0.0_zscoreFalse
box,H3K4me1,raw,0.5,0.0,0.0,0.5,box,0.45940110723502176,0.47837508172787446,28,carbon_distillation/original/H3K4me1/20260628_043150/6ff0708c-60f4-497e-953b-d214fc2f949c/distill_methodvanilla_dkd_alpha1.0_dkd_beta8.0_kl_methodkl_mse_normalizeFalse_temperature0.5_weight_ce0.5_weight_kl0.0_weight_mse0.0_zscoreFalse
box,H3K4me1,raw,0.5,0.0,1.0,0.5,box,0.4556410698404144,0.47837508172787446,18,carbon_distillation/original/H3K4me1/20260628_135354/eef1d146-00ec-47ff-9ff7-20bc3043a63d/distill_methodvanilla_dkd_alpha1.0_dkd_beta8.0_kl_methodkl_mse_normalizeFalse_temperature0.5_weight_ce0.5_weight_kl0.0_weight_mse1.0_zscoreFalse
box,H3K4me1,raw,0.5,0.0,1.0,0.5,box,0.4556410698404144,0.47837508172787446,18,carbon_distillation/original/H3K4me1/20260628_210813/51fc426f-f28d-4501-80d7-eb5beb479bc6/distill_methodvanilla_dkd_alpha1.0_dkd_beta8.0_kl_methodkl_mse_normalizeFalse_temperature0.5_weight_ce0.5_weight_kl0.0_weight_mse1.0_zscoreFalse
box,H3K4me1,raw,0.5,0.0,1.0,0.5,box,0.4556410698404144,0.47837508172787446,18,carbon_distillation/original/H3K4me1/20260629_003339/5777e9ab-b7f3-4b37-8315-f11250f1d76c/distill_methodvanilla_dkd_alpha1.0_dkd_beta8.0_kl_methodkl_mse_normalizeFalse_temperature0.5_weight_ce0.5_weight_kl0.0_weight_mse1.0_zscoreFalse
box,H3K4me1,raw,0.5,0.0,0.0,0.5,box,0.4462507525857019,0.47837508172787446,15,carbon_distillation/original/H3K4me1/20260628_135352/7fe5993e-3b51-4383-91cc-bdfdc511bae4/distill_methodvanilla_dkd_alpha1.0_dkd_beta8.0_kl_methodkl_mse_normalizeFalse_temperature0.5_weight_ce0.5_weight_kl0.0_weight_mse0.0_zscoreFalse
box,H3K4me1,raw,0.5,0.25,1.0,1.0,box,0.4449409034024772,0.47837508172787446,12,carbon_distillation/original/H3K4me1/20260628_135348/10649243-2e91-48b3-a5d2-4f169bed7bf3/distill_methodvanilla_dkd_alpha1.0_dkd_beta8.0_kl_methodkl_mse_normalizeFalse_temperature1.0_weight_ce0.5_weight_kl0.25_weight_mse1.0_zscoreFalse
box,H3K4me1,raw,0.5,0.5,0.0,1.0,box,0.4445332874224716,0.47837508172787446,8,carbon_distillation/original/H3K4me1/20260628_135412/a4e49e4b-a2c1-4d3c-8571-2bff72814fa3/distill_methodvanilla_dkd_alpha1.0_dkd_beta8.0_kl_methodkl_mse_normalizeFalse_temperature1.0_weight_ce0.5_weight_kl0.5_weight_mse0.0_zscoreFalse
box,H3K4me1,raw,0.5,0.25,0.0,4.0,box,0.44356998271848813,0.47837508172787446,8,carbon_distillation/original/H3K4me1/20260628_135356/fa755cdb-75f8-4681-9898-78f40744c374/distill_methodvanilla_dkd_alpha1.0_dkd_beta8.0_kl_methodkl_mse_normalizeFalse_temperature4.0_weight_ce0.5_weight_kl0.25_weight_mse0.0_zscoreFalse
box,H3K4me1,raw,0.5,0.5,1.0,1.5,box,0.44239932220092737,0.47837508172787446,11,carbon_distillation/original/H3K4me1/20260628_135347/885855f6-455d-4623-8a3c-857775e38e46/distill_methodvanilla_dkd_alpha1.0_dkd_beta8.0_kl_methodkl_mse_normalizeFalse_temperature1.5_weight_ce0.5_weight_kl0.5_weight_mse1.0_zscoreFalse
box,H3K4me1,raw,0.5,0.5,1.0,4.0,box,0.44203040431649304,0.47837508172787446,11,carbon_distillation/original/H3K4me1/20260628_135354/0e941cb8-a102-4b71-92c6-1e0a65ed2789/distill_methodvanilla_dkd_alpha1.0_dkd_beta8.0_kl_methodkl_mse_normalizeFalse_temperature4.0_weight_ce0.5_weight_kl0.5_weight_mse1.0_zscoreFalse
box,H3K4me1,raw,0.5,0.5,1.0,2.0,box,0.44194801825405894,0.47837508172787446,11,carbon_distillation/original/H3K4me1/20260628_135354/886463bc-088e-48be-a32a-341276b48027/distill_methodvanilla_dkd_alpha1.0_dkd_beta8.0_kl_methodkl_mse_normalizeFalse_temperature2.0_weight_ce0.5_weight_kl0.5_weight_mse1.0_zscoreFalse
box,H3K4me1,raw,0.5,0.5,1.0,1.0,box,0.4407397699449491,0.47837508172787446,11,carbon_distillation/original/H3K4me1/20260628_135349/96aef245-a818-4be1-b396-27e1d326d5f0/distill_methodvanilla_dkd_alpha1.0_dkd_beta8.0_kl_methodkl_mse_normalizeFalse_temperature1.0_weight_ce0.5_weight_kl0.5_weight_mse1.0_zscoreFalse
box,H3K4me1,raw,0.5,0.5,1.0,0.5,box,0.44052556888604183,0.47837508172787446,12,carbon_distillation/original/H3K4me1/20260628_135357/d59f1a21-0d18-4bd2-8cfd-00f7b8b55619/distill_methodvanilla_dkd_alpha1.0_dkd_beta8.0_kl_methodkl_mse_normalizeFalse_temperature0.5_weight_ce0.5_weight_kl0.5_weight_mse1.0_zscoreFalse
box,H3K4me1,raw,0.5,1.0,0.0,4.0,box,0.43983175046664547,0.47837508172787446,9,carbon_distillation/original/H3K4me1/20260628_135349/f4e4c166-6c16-4b49-bfa9-c215c6890428/distill_methodvanilla_dkd_alpha1.0_dkd_beta8.0_kl_methodkl_mse_normalizeFalse_temperature4.0_weight_ce0.5_weight_kl1.0_weight_mse0.0_zscoreFalse
box,H3K4me1,raw,0.5,1.0,0.0,2.0,box,0.43954196380422317,0.47837508172787446,8,carbon_distillation/original/H3K4me1/20260628_135355/5d56f99f-5508-434a-aa6d-f6a77ea5e0fe/distill_methodvanilla_dkd_alpha1.0_dkd_beta8.0_kl_methodkl_mse_normalizeFalse_temperature2.0_weight_ce0.5_weight_kl1.0_weight_mse0.0_zscoreFalse
box,H3K4me1,raw,0.5,0.25,1.0,1.5,box,0.43948067175368943,0.47837508172787446,12,carbon_distillation/original/H3K4me1/20260628_135351/fb92c87c-556a-4012-80b9-d789bcb1c8a1/distill_methodvanilla_dkd_alpha1.0_dkd_beta8.0_kl_methodkl_mse_normalizeFalse_temperature1.5_weight_ce0.5_weight_kl0.25_weight_mse1.0_zscoreFalse
box,H3K4me1,raw,0.5,1.0,0.0,1.0,box,0.43930372067982276,0.47837508172787446,11,carbon_distillation/original/H3K4me1/20260628_135353/9aa1c3c1-fddb-4efb-a6a7-6aa20f331064/distill_methodvanilla_dkd_alpha1.0_dkd_beta8.0_kl_methodkl_mse_normalizeFalse_temperature1.0_weight_ce0.5_weight_kl1.0_weight_mse0.0_zscoreFalse
box,H3K4me1,raw,0.5,1.0,0.0,1.5,box,0.4389788864506891,0.47837508172787446,9,carbon_distillation/original/H3K4me1/20260628_135406/a35668c1-d9fa-4512-a585-3ca70b059fa2/distill_methodvanilla_dkd_alpha1.0_dkd_beta8.0_kl_methodkl_mse_normalizeFalse_temperature1.5_weight_ce0.5_weight_kl1.0_weight_mse0.0_zscoreFalse
box,H3K4me1,raw,0.5,0.25,0.0,2.0,box,0.43875274581796503,0.47837508172787446,8,carbon_distillation/original/H3K4me1/20260628_135356/f3dd32b3-5dc0-4e9d-bf9c-b918d2a4f902/distill_methodvanilla_dkd_alpha1.0_dkd_beta8.0_kl_methodkl_mse_normalizeFalse_temperature2.0_weight_ce0.5_weight_kl0.25_weight_mse0.0_zscoreFalse
box,H3K4me1,raw,0.5,0.25,1.0,0.5,box,0.43734651225154997,0.47837508172787446,12,carbon_distillation/original/H3K4me1/20260628_135349/8a5ff8bd-4758-47ec-b1dd-426bf2f6a956/distill_methodvanilla_dkd_alpha1.0_dkd_beta8.0_kl_methodkl_mse_normalizeFalse_temperature0.5_weight_ce0.5_weight_kl0.25_weight_mse1.0_zscoreFalse
box,H3K4me1,raw,0.5,1.0,0.0,0.5,box,0.43650619401668506,0.47837508172787446,8,carbon_distillation/original/H3K4me1/20260628_135349/d0cd3c11-df54-4215-ba45-1cbde273277d/distill_methodvanilla_dkd_alpha1.0_dkd_beta8.0_kl_methodkl_mse_normalizeFalse_temperature0.5_weight_ce0.5_weight_kl1.0_weight_mse0.0_zscoreFalse
box,H3K4me1,raw,0.5,0.5,0.0,4.0,box,0.4361810156747126,0.47837508172787446,8,carbon_distillation/original/H3K4me1/20260628_135400/ee9457d6-a449-49e2-acb4-c150d5093847/distill_methodvanilla_dkd_alpha1.0_dkd_beta8.0_kl_methodkl_mse_normalizeFalse_temperature4.0_weight_ce0.5_weight_kl0.5_weight_mse0.0_zscoreFalse
box,H3K4me1,raw,0.5,0.25,1.0,4.0,box,0.43589435938041077,0.47837508172787446,11,carbon_distillation/original/H3K4me1/20260628_135352/2938bf4e-c4c7-432c-8173-c7433d0b322c/distill_methodvanilla_dkd_alpha1.0_dkd_beta8.0_kl_methodkl_mse_normalizeFalse_temperature4.0_weight_ce0.5_weight_kl0.25_weight_mse1.0_zscoreFalse
box,H3K4me1,raw,0.5,0.5,0.0,2.0,box,0.43549187746570545,0.47837508172787446,8,carbon_distillation/original/H3K4me1/20260628_135352/9b148bf2-c46e-44ce-930f-fd7a615a4949/distill_methodvanilla_dkd_alpha1.0_dkd_beta8.0_kl_methodkl_mse_normalizeFalse_temperature2.0_weight_ce0.5_weight_kl0.5_weight_mse0.0_zscoreFalse
box,H3K4me1,raw,0.5,0.25,0.0,1.0,box,0.43524537646246014,0.47837508172787446,8,carbon_distillation/original/H3K4me1/20260628_135349/969d03f4-4240-4351-9803-95483e2da97c/distill_methodvanilla_dkd_alpha1.0_dkd_beta8.0_kl_methodkl_mse_normalizeFalse_temperature1.0_weight_ce0.5_weight_kl0.25_weight_mse0.0_zscoreFalse
box,H3K4me1,raw,0.5,0.25,1.0,2.0,box,0.4350775565409868,0.47837508172787446,11,carbon_distillation/original/H3K4me1/20260628_135350/f1f646d5-7364-4476-958a-c2a0b00a6de6/distill_methodvanilla_dkd_alpha1.0_dkd_beta8.0_kl_methodkl_mse_normalizeFalse_temperature2.0_weight_ce0.5_weight_kl0.25_weight_mse1.0_zscoreFalse
box,H3K4me1,raw,0.5,0.25,0.0,1.5,box,0.43375857528910955,0.47837508172787446,8,carbon_distillation/original/H3K4me1/20260628_135346/8a34c65f-af4c-4042-9c9c-efdda923e425/distill_methodvanilla_dkd_alpha1.0_dkd_beta8.0_kl_methodkl_mse_normalizeFalse_temperature1.5_weight_ce0.5_weight_kl0.25_weight_mse0.0_zscoreFalse
box,H3K4me1,raw,0.5,0.5,0.0,1.5,box,0.43283229362121256,0.47837508172787446,8,carbon_distillation/original/H3K4me1/20260628_135352/d3d93d19-bdc7-46ef-b363-d7f42c638a52/distill_methodvanilla_dkd_alpha1.0_dkd_beta8.0_kl_methodkl_mse_normalizeFalse_temperature1.5_weight_ce0.5_weight_kl0.5_weight_mse0.0_zscoreFalse
box,H3K4me1,raw,0.5,0.25,0.0,0.5,box,0.43082969447359976,0.47837508172787446,8,carbon_distillation/original/H3K4me1/20260628_135352/ad35b800-c638-4f8e-88bb-4d1014ccc801/distill_methodvanilla_dkd_alpha1.0_dkd_beta8.0_kl_methodkl_mse_normalizeFalse_temperature0.5_weight_ce0.5_weight_kl0.25_weight_mse0.0_zscoreFalse
box,H3K4me1,raw,0.5,0.5,0.0,0.5,box,0.4299150258887806,0.47837508172787446,8,carbon_distillation/original/H3K4me1/20260628_135348/902f2a85-457d-4021-af3b-0e771c9fa3e0/distill_methodvanilla_dkd_alpha1.0_dkd_beta8.0_kl_methodkl_mse_normalizeFalse_temperature0.5_weight_ce0.5_weight_kl0.5_weight_mse0.0_zscoreFalse
box,H3K4me1,raw,0.5,0.0,0.0,0.5,box,0.4199041658201248,0.47837508172787446,5,carbon_distillation/original/H3K4me1/20260628_005237/509edf1a-fd0f-45c3-ab69-245c7dcc0aa6/distill_methodvanilla_dkd_alpha1.0_dkd_beta8.0_kl_methodkl_mse_normalizeFalse_temperature0.5_weight_ce0.5_weight_kl0.0_weight_mse0.0_zscoreFalse
box,H3K4me1,raw,0.5,0.0,0.0,0.5,box,0.3998743149177522,0.47837508172787446,5,carbon_distillation/original/H3K4me1/20260628_084058/d10f3377-52dc-40a5-bb28-b5952f88f179/distill_methodvanilla_dkd_alpha1.0_dkd_beta8.0_kl_methodkl_mse_normalizeFalse_temperature0.5_weight_ce0.5_weight_kl0.0_weight_mse0.0_zscoreFalse
box,H3K4me1,raw,0.5,0.5,0.0,1.0,box,0.37754345219546037,0.47837508172787446,2,carbon_distillation/original/H3K4me1/20260628_120200/ef0c8e43-f7f0-449f-a0ca-50a608fc1381/distill_methodvanilla_dkd_alpha1.0_dkd_beta8.0_kl_methodkl_mse_normalizeFalse_temperature1.0_weight_ce0.5_weight_kl0.5_weight_mse0.0_zscoreFalse
box,H3K4me1,raw,0.5,0.25,0.0,1.5,box,0.3749769616387161,0.47837508172787446,2,carbon_distillation/original/H3K4me1/20260628_120200/ae756fe9-865a-4297-bc7b-a818af0369b6/distill_methodvanilla_dkd_alpha1.0_dkd_beta8.0_kl_methodkl_mse_normalizeFalse_temperature1.5_weight_ce0.5_weight_kl0.25_weight_mse0.0_zscoreFalse
box,H3K4me1,raw,0.5,0.5,0.0,0.5,box,0.37455846901598666,0.47837508172787446,2,carbon_distillation/original/H3K4me1/20260628_120159/bd1976e0-a372-4e5a-bbc3-5b2bb1351295/distill_methodvanilla_dkd_alpha1.0_dkd_beta8.0_kl_methodkl_mse_normalizeFalse_temperature0.5_weight_ce0.5_weight_kl0.5_weight_mse0.0_zscoreFalse
box,H3K4me1,raw,0.5,0.5,0.0,1.5,box,0.37186545283341854,0.47837508172787446,2,carbon_distillation/original/H3K4me1/20260628_120159/7e627f6a-960f-431c-9a0c-bf5f630a1796/distill_methodvanilla_dkd_alpha1.0_dkd_beta8.0_kl_methodkl_mse_normalizeFalse_temperature1.5_weight_ce0.5_weight_kl0.5_weight_mse0.0_zscoreFalse
box,H3K4me1,raw,0.5,0.5,0.0,2.0,box,0.3717406283835128,0.47837508172787446,2,carbon_distillation/original/H3K4me1/20260628_120200/48daf0af-9a20-40fe-aa69-3ccb6611ceef/distill_methodvanilla_dkd_alpha1.0_dkd_beta8.0_kl_methodkl_mse_normalizeFalse_temperature2.0_weight_ce0.5_weight_kl0.5_weight_mse0.0_zscoreFalse
box,H3K4me1,raw,0.5,0.25,0.0,2.0,box,0.37089702431689064,0.47837508172787446,2,carbon_distillation/original/H3K4me1/20260628_120200/95d8e69e-f449-4895-a688-2ebd8b64c41b/distill_methodvanilla_dkd_alpha1.0_dkd_beta8.0_kl_methodkl_mse_normalizeFalse_temperature2.0_weight_ce0.5_weight_kl0.25_weight_mse0.0_zscoreFalse
box,H3K4me1,raw,0.5,0.25,0.0,4.0,box,0.37011223538699006,0.47837508172787446,2,carbon_distillation/original/H3K4me1/20260628_120159/169da10b-c65d-4d0f-a1e6-647357d087b7/distill_methodvanilla_dkd_alpha1.0_dkd_beta8.0_kl_methodkl_mse_normalizeFalse_temperature4.0_weight_ce0.5_weight_kl0.25_weight_mse0.0_zscoreFalse
box,H3K4me1,raw,0.5,1.0,0.0,0.5,box,0.3699034430118239,0.47837508172787446,2,carbon_distillation/original/H3K4me1/20260628_120200/51d4c7c2-24f4-4c8d-9539-0540db7ca934/distill_methodvanilla_dkd_alpha1.0_dkd_beta8.0_kl_methodkl_mse_normalizeFalse_temperature0.5_weight_ce0.5_weight_kl1.0_weight_mse0.0_zscoreFalse
box,H3K4me1,raw,0.5,0.25,0.0,1.0,box,0.3689807056479868,0.47837508172787446,2,carbon_distillation/original/H3K4me1/20260628_120159/0bb68c2e-ea57-4383-9a25-63585a9eecfa/distill_methodvanilla_dkd_alpha1.0_dkd_beta8.0_kl_methodkl_mse_normalizeFalse_temperature1.0_weight_ce0.5_weight_kl0.25_weight_mse0.0_zscoreFalse
box,H3K4me1,raw,0.5,0.25,0.0,1.0,box,0.3689807056479868,0.47837508172787446,2,carbon_distillation/original/H3K4me1/20260628_212724/fd005f7f-0b15-44e1-893f-06d5162ac77e/distill_methodvanilla_dkd_alpha1.0_dkd_beta8.0_kl_methodkl_mse_normalizeFalse_temperature1.0_weight_ce0.5_weight_kl0.25_weight_mse0.0_zscoreFalse
box,H3K4me1,raw,0.5,1.0,0.0,1.5,box,0.36872179756100315,0.47837508172787446,2,carbon_distillation/original/H3K4me1/20260628_120159/90e5c817-bca0-4266-a21a-6fcc8f094eaa/distill_methodvanilla_dkd_alpha1.0_dkd_beta8.0_kl_methodkl_mse_normalizeFalse_temperature1.5_weight_ce0.5_weight_kl1.0_weight_mse0.0_zscoreFalse
box,H3K4me1,raw,0.5,1.0,0.0,2.0,box,0.36802277070479167,0.47837508172787446,2,carbon_distillation/original/H3K4me1/20260628_120159/7cf3235d-eb1a-4f11-93a8-854a937011b2/distill_methodvanilla_dkd_alpha1.0_dkd_beta8.0_kl_methodkl_mse_normalizeFalse_temperature2.0_weight_ce0.5_weight_kl1.0_weight_mse0.0_zscoreFalse
box,H3K4me1,raw,0.5,1.0,0.0,1.0,box,0.3667670200242102,0.47837508172787446,2,carbon_distillation/original/H3K4me1/20260628_120159/8b2f6574-4aab-4e2f-8a46-3e56e9cb8c77/distill_methodvanilla_dkd_alpha1.0_dkd_beta8.0_kl_methodkl_mse_normalizeFalse_temperature1.0_weight_ce0.5_weight_kl1.0_weight_mse0.0_zscoreFalse
box,H3K4me1,raw,0.5,1.0,0.0,4.0,box,0.3660037240109842,0.47837508172787446,2,carbon_distillation/original/H3K4me1/20260628_120200/31e26707-23f7-4ee7-8b4e-0afa9758f3f0/distill_methodvanilla_dkd_alpha1.0_dkd_beta8.0_kl_methodkl_mse_normalizeFalse_temperature4.0_weight_ce0.5_weight_kl1.0_weight_mse0.0_zscoreFalse
box,H3K4me1,raw,0.5,0.0,0.0,0.5,box,0.3660025154538608,0.47837508172787446,3,carbon_distillation/original/H3K4me1/20260628_120200/09bcba7f-c359-4331-a6aa-6ec797acc6ab/distill_methodvanilla_dkd_alpha1.0_dkd_beta8.0_kl_methodkl_mse_normalizeFalse_temperature0.5_weight_ce0.5_weight_kl0.0_weight_mse0.0_zscoreFalse
box,H3K4me1,raw,0.5,0.25,0.0,0.5,box,0.36558645401391715,0.47837508172787446,2,carbon_distillation/original/H3K4me1/20260628_120158/548573c2-1f02-4341-b4ac-f88a34090745/distill_methodvanilla_dkd_alpha1.0_dkd_beta8.0_kl_methodkl_mse_normalizeFalse_temperature0.5_weight_ce0.5_weight_kl0.25_weight_mse0.0_zscoreFalse
box,H3K4me1,raw,0.5,0.5,0.0,4.0,box,0.3642471838287443,0.47837508172787446,2,carbon_distillation/original/H3K4me1/20260628_120200/5d75246d-97e3-4b1b-bc0b-c60d8c19aac7/distill_methodvanilla_dkd_alpha1.0_dkd_beta8.0_kl_methodkl_mse_normalizeFalse_temperature4.0_weight_ce0.5_weight_kl0.5_weight_mse0.0_zscoreFalse
box,H3K4me1,raw,0.5,1.0,0.0,2.0,box,0.36207476461798427,0.47837508172787446,1,carbon_distillation/original/H3K4me1/20260628_114307/e1643d2b-8673-4d2e-be93-f7a8fd07cf1a/distill_methodvanilla_dkd_alpha1.0_dkd_beta8.0_kl_methodkl_mse_normalizeFalse_temperature2.0_weight_ce0.5_weight_kl1.0_weight_mse0.0_zscoreFalse
box,H3K4me1,raw,0.5,1.0,0.0,1.5,box,0.3619732699289332,0.47837508172787446,1,carbon_distillation/original/H3K4me1/20260628_114308/604367af-4eb4-4b00-84b0-f9a0baa9ed0b/distill_methodvanilla_dkd_alpha1.0_dkd_beta8.0_kl_methodkl_mse_normalizeFalse_temperature1.5_weight_ce0.5_weight_kl1.0_weight_mse0.0_zscoreFalse
box,H3K4me1,raw,0.5,0.5,0.0,1.0,box,0.36047393613014544,0.47837508172787446,1,carbon_distillation/original/H3K4me1/20260628_115650/f2570e9d-102c-4081-a0a8-14f08df566f6/distill_methodvanilla_dkd_alpha1.0_dkd_beta8.0_kl_methodkl_mse_normalizeFalse_temperature1.0_weight_ce0.5_weight_kl0.5_weight_mse0.0_zscoreFalse
box,H3K4me1,raw,0.5,1.0,0.0,4.0,box,0.36029823491505425,0.47837508172787446,1,carbon_distillation/original/H3K4me1/20260628_114307/0d901f7f-9031-4219-97aa-473dac11cb37/distill_methodvanilla_dkd_alpha1.0_dkd_beta8.0_kl_methodkl_mse_normalizeFalse_temperature4.0_weight_ce0.5_weight_kl1.0_weight_mse0.0_zscoreFalse
box,H3K4me1,raw,0.5,0.0,1.0,0.5,box,0.35940370684299594,0.47837508172787446,3,carbon_distillation/original/H3K4me1/20260628_120158/f2a8b9bb-2197-47c9-b014-8addcc9b16b6/distill_methodvanilla_dkd_alpha1.0_dkd_beta8.0_kl_methodkl_mse_normalizeFalse_temperature0.5_weight_ce0.5_weight_kl0.0_weight_mse1.0_zscoreFalse
box,H3K4me1,raw,0.5,0.5,1.0,4.0,box,0.35812150914233387,0.47837508172787446,2,carbon_distillation/original/H3K4me1/20260628_120200/a034f8fd-463f-4427-8a36-408d6a1395c5/distill_methodvanilla_dkd_alpha1.0_dkd_beta8.0_kl_methodkl_mse_normalizeFalse_temperature4.0_weight_ce0.5_weight_kl0.5_weight_mse1.0_zscoreFalse
box,H3K4me1,raw,0.5,0.0,0.0,0.5,box,0.35616607066696715,0.47837508172787446,1,carbon_distillation/original/H3K4me1/20260628_114314/5f77e745-8ba6-4760-b0ed-eea9fd2b19ec/distill_methodvanilla_dkd_alpha1.0_dkd_beta8.0_kl_methodkl_mse_normalizeFalse_temperature0.5_weight_ce0.5_weight_kl0.0_weight_mse0.0_zscoreFalse
box,H3K4me1,raw,0.5,0.5,1.0,2.0,box,0.35344662958036815,0.47837508172787446,2,carbon_distillation/original/H3K4me1/20260628_120159/1ba48c66-478e-4972-b16b-5fb2e90dd190/distill_methodvanilla_dkd_alpha1.0_dkd_beta8.0_kl_methodkl_mse_normalizeFalse_temperature2.0_weight_ce0.5_weight_kl0.5_weight_mse1.0_zscoreFalse
box,H3K4me1,raw,0.5,0.25,0.0,1.0,box,0.35202039858874656,0.47837508172787446,1,carbon_distillation/original/H3K4me1/20260628_115650/5826f7e7-b743-45f6-9fa4-0815febebfee/distill_methodvanilla_dkd_alpha1.0_dkd_beta8.0_kl_methodkl_mse_normalizeFalse_temperature1.0_weight_ce0.5_weight_kl0.25_weight_mse0.0_zscoreFalse
box,H3K4me1,raw,0.5,0.5,1.0,1.5,box,0.35008399280787333,0.47837508172787446,2,carbon_distillation/original/H3K4me1/20260628_120200/eb7329f6-fdc2-45e7-b46d-499156a83f62/distill_methodvanilla_dkd_alpha1.0_dkd_beta8.0_kl_methodkl_mse_normalizeFalse_temperature1.5_weight_ce0.5_weight_kl0.5_weight_mse1.0_zscoreFalse
box,H3K4me1,raw,0.5,0.5,1.0,1.0,box,0.3494834107813578,0.47837508172787446,2,carbon_distillation/original/H3K4me1/20260628_120200/194e4478-0faa-4c2b-98a0-bb979eb128df/distill_methodvanilla_dkd_alpha1.0_dkd_beta8.0_kl_methodkl_mse_normalizeFalse_temperature1.0_weight_ce0.5_weight_kl0.5_weight_mse1.0_zscoreFalse
box,H3K4me1,raw,0.5,0.5,1.0,0.5,box,0.3486297021853106,0.47837508172787446,2,carbon_distillation/original/H3K4me1/20260628_120200/f7d12f9b-09fb-4ce6-b9a2-7991d480eef8/distill_methodvanilla_dkd_alpha1.0_dkd_beta8.0_kl_methodkl_mse_normalizeFalse_temperature0.5_weight_ce0.5_weight_kl0.5_weight_mse1.0_zscoreFalse
box,H3K4me1,raw,0.5,0.25,1.0,1.5,box,0.33862370440600775,0.47837508172787446,2,carbon_distillation/original/H3K4me1/20260628_120200/b3a1439d-5fad-424e-99e2-41a426754387/distill_methodvanilla_dkd_alpha1.0_dkd_beta8.0_kl_methodkl_mse_normalizeFalse_temperature1.5_weight_ce0.5_weight_kl0.25_weight_mse1.0_zscoreFalse
box,H3K4me1,raw,0.5,0.25,1.0,0.5,box,0.33820722189203517,0.47837508172787446,2,carbon_distillation/original/H3K4me1/20260628_120156/1961cefc-5e35-42ec-92e0-0bb5a91a7f5e/distill_methodvanilla_dkd_alpha1.0_dkd_beta8.0_kl_methodkl_mse_normalizeFalse_temperature0.5_weight_ce0.5_weight_kl0.25_weight_mse1.0_zscoreFalse
box,H3K4me1,raw,0.5,0.25,1.0,2.0,box,0.3379284414716934,0.47837508172787446,2,carbon_distillation/original/H3K4me1/20260628_120200/bceee83a-3ff0-4d00-a9f5-0208271336f8/distill_methodvanilla_dkd_alpha1.0_dkd_beta8.0_kl_methodkl_mse_normalizeFalse_temperature2.0_weight_ce0.5_weight_kl0.25_weight_mse1.0_zscoreFalse
box,H3K4me1,raw,0.5,0.25,1.0,1.0,box,0.3378323155700254,0.47837508172787446,2,carbon_distillation/original/H3K4me1/20260628_120159/c2d6fc3d-eec2-4f39-913a-1b468b3ac42d/distill_methodvanilla_dkd_alpha1.0_dkd_beta8.0_kl_methodkl_mse_normalizeFalse_temperature1.0_weight_ce0.5_weight_kl0.25_weight_mse1.0_zscoreFalse
box,H3K4me1,raw,0.5,0.25,1.0,4.0,box,0.3350067624742676,0.47837508172787446,2,carbon_distillation/original/H3K4me1/20260628_120200/b9736810-ab73-48ae-a160-e8881bcd5ad5/distill_methodvanilla_dkd_alpha1.0_dkd_beta8.0_kl_methodkl_mse_normalizeFalse_temperature4.0_weight_ce0.5_weight_kl0.25_weight_mse1.0_zscoreFalse
box,H3K4me1,raw,0.5,0.0,1.0,0.5,box,0.3235631293363082,0.47837508172787446,1,carbon_distillation/original/H3K4me1/20260628_114313/6badccd2-a311-439b-9b06-f386625921e6/distill_methodvanilla_dkd_alpha1.0_dkd_beta8.0_kl_methodkl_mse_normalizeFalse_temperature0.5_weight_ce0.5_weight_kl0.0_weight_mse1.0_zscoreFalse
box,H3K4me3,raw,0.5,0.5,0.0,4.0,box,0.6787266060760981,0.6532783808219426,38,carbon_distillation/original/H3K4me3/20260629_194215/0c00f3ca-65c4-4a35-b7f3-03375ecd8279/distill_methodvanilla_dkd_alpha1.0_dkd_beta8.0_kl_methodkl_mse_normalizeFalse_temperature4.0_weight_ce0.5_weight_kl0.5_weight_mse0.0_zscoreFalse
box,H3K4me3,raw,0.5,0.5,0.0,4.0,box,0.6787266060760981,0.6532783808219426,38,carbon_distillation/original/H3K4me3/20260629_211448/d323aaed-e926-479d-a4e1-269891df9d07/distill_methodvanilla_dkd_alpha1.0_dkd_beta8.0_kl_methodkl_mse_normalizeFalse_temperature4.0_weight_ce0.5_weight_kl0.5_weight_mse0.0_zscoreFalse
box,H3K4me3,raw,0.5,0.5,0.0,4.0,box,0.6725893713936472,0.6532783808219426,47,carbon_distillation/original/H3K4me3/20260629_195310/df225ebd-c392-42b4-952f-9fe745f56192/distill_methodvanilla_dkd_alpha1.0_dkd_beta8.0_kl_methodkl_mse_normalizeFalse_temperature4.0_weight_ce0.5_weight_kl0.5_weight_mse0.0_zscoreFalse
box,H3K4me3,raw,0.5,0.5,0.0,4.0,box,0.6725893713936472,0.6532783808219426,47,carbon_distillation/original/H3K4me3/20260629_225404/45d9ee57-4916-4b28-a3da-877514ab8cac/distill_methodvanilla_dkd_alpha1.0_dkd_beta8.0_kl_methodkl_mse_normalizeFalse_temperature4.0_weight_ce0.5_weight_kl0.5_weight_mse0.0_zscoreFalse
box,H3K4me3,raw,0.5,0.5,0.0,2.0,box,0.6723197626624621,0.6532783808219426,38,carbon_distillation/original/H3K4me3/20260629_194801/2fc57185-d6c5-4c83-a76f-829145ae43c0/distill_methodvanilla_dkd_alpha1.0_dkd_beta8.0_kl_methodkl_mse_normalizeFalse_temperature2.0_weight_ce0.5_weight_kl0.5_weight_mse0.0_zscoreFalse
box,H3K4me3,raw,0.5,0.5,0.0,2.0,box,0.6723197626624621,0.6532783808219426,38,carbon_distillation/original/H3K4me3/20260629_213408/f41df5a7-2a98-47fc-8feb-3e15cb557d53/distill_methodvanilla_dkd_alpha1.0_dkd_beta8.0_kl_methodkl_mse_normalizeFalse_temperature2.0_weight_ce0.5_weight_kl0.5_weight_mse0.0_zscoreFalse
box,H3K4me3,raw,0.5,0.5,0.0,4.0,box,0.6722254968853811,0.6532783808219426,73,carbon_distillation/original/H3K4me3/20260629_220413/b1230dd3-b1e2-41fb-8dfd-0b1ac6bc253b/distill_methodvanilla_dkd_alpha1.0_dkd_beta8.0_kl_methodkl_mse_normalizeFalse_temperature4.0_weight_ce0.5_weight_kl0.5_weight_mse0.0_zscoreFalse
box,H3K4me3,raw,0.5,0.5,0.0,2.0,box,0.6688417375741795,0.6532783808219426,38,carbon_distillation/original/H3K4me3/20260629_194215/7b0cb69b-968c-480f-89de-7ae39e35db24/distill_methoddkd_dkd_alpha1.0_dkd_beta8.0_kl_methodkl_mse_normalizeFalse_temperature2.0_weight_ce0.5_weight_kl0.5_weight_mse0.0_zscoreFalse
box,H3K4me3,raw,0.5,0.5,0.0,2.0,box,0.6688417375741795,0.6532783808219426,38,carbon_distillation/original/H3K4me3/20260629_211448/05fddaa4-d2c5-4190-a390-974ad71c7778/distill_methoddkd_dkd_alpha1.0_dkd_beta8.0_kl_methodkl_mse_normalizeFalse_temperature2.0_weight_ce0.5_weight_kl0.5_weight_mse0.0_zscoreFalse
box,H3K4me3,raw,0.5,0.5,0.2,2.0,box,0.662818638861382,0.6532783808219426,22,carbon_distillation/original/H3K4me3/20260629_195342/e5952439-0c76-4ce1-8dd8-9976ad34de55/distill_methodvanilla_dkd_alpha1.0_dkd_beta8.0_kl_methodkl_mse_normalizeFalse_temperature2.0_weight_ce0.5_weight_kl0.5_weight_mse0.2_zscoreFalse
box,H3K4me3,raw,0.5,0.5,0.2,2.0,box,0.662818638861382,0.6532783808219426,22,carbon_distillation/original/H3K4me3/20260629_215216/c9301c76-c4a2-48b3-aa9c-a1a89df01dc9/distill_methodvanilla_dkd_alpha1.0_dkd_beta8.0_kl_methodkl_mse_normalizeFalse_temperature2.0_weight_ce0.5_weight_kl0.5_weight_mse0.2_zscoreFalse
box,H3K4me3,raw,0.5,0.5,0.0,4.0,box,0.6626713112141528,0.6532783808219426,52,carbon_distillation/original/H3K4me3/20260629_194746/481da322-8354-45f0-9e8b-2e0a73d5f71b/distill_methodvanilla_dkd_alpha1.0_dkd_beta8.0_kl_methodkl_mse_normalizeFalse_temperature4.0_weight_ce0.5_weight_kl0.5_weight_mse0.0_zscoreFalse
box,H3K4me3,raw,0.5,0.5,0.0,2.0,box,0.5490324440464023,0.6532783808219426,1,carbon_distillation/original/H3K4me3/20260629_194015/5c796477-30aa-410e-8f70-e1f34cec2d16/distill_methoddkd_dkd_alpha1.0_dkd_beta8.0_kl_methodkl_mse_normalizeFalse_temperature2.0_weight_ce0.5_weight_kl0.5_weight_mse0.0_zscoreFalse
box,enhancers,raw,0.5,1.0,0.0,1.5,box,0.5434438891149989,0.5331388120694234,57,carbon_distillation/original/enhancers/20260629_033745/17efb76d-d6d7-473c-9dca-02446188f944/distill_methodvanilla_dkd_alpha1.0_dkd_beta8.0_kl_methodkl_mse_normalizeFalse_temperature1.5_weight_ce0.5_weight_kl1.0_weight_mse0.0_zscoreFalse
box,enhancers,raw,0.5,1.0,1.0,1.0,box,0.5345723479841272,0.5331388120694234,55,carbon_distillation/original/enhancers/20260629_041437/6d1a85a4-02f3-4869-8ab0-428b412260a0/distill_methodvanilla_dkd_alpha1.0_dkd_beta8.0_kl_methodkl_mse_normalizeFalse_temperature1.0_weight_ce0.5_weight_kl1.0_weight_mse1.0_zscoreFalse
box,enhancers,raw,0.5,1.0,0.0,4.0,box,0.5334123270148664,0.5331388120694234,96,carbon_distillation/original/enhancers/20260629_034832/f92697d6-444a-4b95-9f7b-c99dfecff446/distill_methodvanilla_dkd_alpha1.0_dkd_beta8.0_kl_methodkl_mse_normalizeFalse_temperature4.0_weight_ce0.5_weight_kl1.0_weight_mse0.0_zscoreFalse
box,enhancers,raw,0.5,1.0,1.0,0.5,box,0.533321798684177,0.5331388120694234,55,carbon_distillation/original/enhancers/20260629_040801/3759b123-aadc-4b7c-be6b-b3de9110a8b4/distill_methodvanilla_dkd_alpha1.0_dkd_beta8.0_kl_methodkl_mse_normalizeFalse_temperature0.5_weight_ce0.5_weight_kl1.0_weight_mse1.0_zscoreFalse
box,enhancers,raw,0.5,1.0,0.0,1.0,box,0.5325049845651249,0.5331388120694234,53,carbon_distillation/original/enhancers/20260629_033334/236dcf6a-1935-499b-987f-932a2c18c159/distill_methodvanilla_dkd_alpha1.0_dkd_beta8.0_kl_methodkl_mse_normalizeFalse_temperature1.0_weight_ce0.5_weight_kl1.0_weight_mse0.0_zscoreFalse
box,enhancers,raw,0.5,0.5,0.0,4.0,box,0.5317001509737844,0.5331388120694234,54,carbon_distillation/original/enhancers/20260629_024257/23ee9788-8655-42c5-9ae7-4894a23a9f9e/distill_methodvanilla_dkd_alpha1.0_dkd_beta8.0_kl_methodkl_mse_normalizeFalse_temperature4.0_weight_ce0.5_weight_kl0.5_weight_mse0.0_zscoreFalse
box,enhancers,raw,0.5,0.5,1.0,1.5,box,0.5312672267163706,0.5331388120694234,57,carbon_distillation/original/enhancers/20260629_031641/ea0a0e5c-1893-436e-8a36-aece2dfd78f9/distill_methodvanilla_dkd_alpha1.0_dkd_beta8.0_kl_methodkl_mse_normalizeFalse_temperature1.5_weight_ce0.5_weight_kl0.5_weight_mse1.0_zscoreFalse
box,enhancers,raw,0.5,1.0,0.0,2.0,box,0.5308132370061419,0.5331388120694234,76,carbon_distillation/original/enhancers/20260629_033752/e9d6cc74-c4e1-4f45-8994-3dc4bb6ac2ec/distill_methodvanilla_dkd_alpha1.0_dkd_beta8.0_kl_methodkl_mse_normalizeFalse_temperature2.0_weight_ce0.5_weight_kl1.0_weight_mse0.0_zscoreFalse
box,enhancers,raw,0.5,0.5,1.0,4.0,box,0.529509743176083,0.5331388120694234,55,carbon_distillation/original/enhancers/20260629_032720/e3b9d070-9414-40de-96b9-f1ef086a2988/distill_methodvanilla_dkd_alpha1.0_dkd_beta8.0_kl_methodkl_mse_normalizeFalse_temperature4.0_weight_ce0.5_weight_kl0.5_weight_mse1.0_zscoreFalse
box,enhancers,raw,0.5,1.0,1.0,1.5,box,0.5264589175530267,0.5331388120694234,57,carbon_distillation/original/enhancers/20260629_041541/fcbb736d-6100-4f56-85fd-4cbee8af7168/distill_methodvanilla_dkd_alpha1.0_dkd_beta8.0_kl_methodkl_mse_normalizeFalse_temperature1.5_weight_ce0.5_weight_kl1.0_weight_mse1.0_zscoreFalse
box,enhancers,raw,0.5,0.5,1.0,1.0,box,0.5239883544365402,0.5331388120694234,37,carbon_distillation/original/enhancers/20260629_025728/d04013dc-f247-4089-a536-d95bf5dce24b/distill_methodvanilla_dkd_alpha1.0_dkd_beta8.0_kl_methodkl_mse_normalizeFalse_temperature1.0_weight_ce0.5_weight_kl0.5_weight_mse1.0_zscoreFalse
box,enhancers,raw,0.5,0.5,1.0,2.0,box,0.5232315264688939,0.5331388120694234,81,carbon_distillation/original/enhancers/20260629_032558/7f75952e-ae4c-45b5-98a9-aa4772505c1e/distill_methodvanilla_dkd_alpha1.0_dkd_beta8.0_kl_methodkl_mse_normalizeFalse_temperature2.0_weight_ce0.5_weight_kl0.5_weight_mse1.0_zscoreFalse
box,enhancers,raw,0.5,1.0,0.0,0.5,box,0.5132879729180195,0.5331388120694234,37,carbon_distillation/original/enhancers/20260629_032755/d40e1ac4-9dd9-40d7-8509-ce8d090a8205/distill_methodvanilla_dkd_alpha1.0_dkd_beta8.0_kl_methodkl_mse_normalizeFalse_temperature0.5_weight_ce0.5_weight_kl1.0_weight_mse0.0_zscoreFalse
box,enhancers,raw,0.5,0.5,1.0,0.5,box,0.5114791932856427,0.5331388120694234,26,carbon_distillation/original/enhancers/20260629_025206/83c6a110-c11a-45a8-a596-daed6efa97f6/distill_methodvanilla_dkd_alpha1.0_dkd_beta8.0_kl_methodkl_mse_normalizeFalse_temperature0.5_weight_ce0.5_weight_kl0.5_weight_mse1.0_zscoreFalse
box,enhancers,raw,0.5,1.0,1.0,2.0,box,0.508666555753453,0.5331388120694234,33,carbon_distillation/original/enhancers/20260629_042616/ebfdb562-f0cd-4d4b-a2db-a5b5d4c0a099/distill_methodvanilla_dkd_alpha1.0_dkd_beta8.0_kl_methodkl_mse_normalizeFalse_temperature2.0_weight_ce0.5_weight_kl1.0_weight_mse1.0_zscoreFalse
box,enhancers,raw,0.5,1.0,1.0,4.0,box,0.5085318496589699,0.5331388120694234,29,carbon_distillation/original/enhancers/20260629_042851/4c06ac00-cbeb-4d17-99c8-a7935aac66fa/distill_methodvanilla_dkd_alpha1.0_dkd_beta8.0_kl_methodkl_mse_normalizeFalse_temperature4.0_weight_ce0.5_weight_kl1.0_weight_mse1.0_zscoreFalse
box,enhancers,raw,0.5,1.0,1.0,1.0,box,0.4863751304575974,0.5331388120694234,11,carbon_distillation/original/enhancers/20260628_135353/2c12c605-57bc-4cf4-b08a-e34a1af69c71/distill_methodvanilla_dkd_alpha1.0_dkd_beta8.0_kl_methodkl_mse_normalizeFalse_temperature1.0_weight_ce0.5_weight_kl1.0_weight_mse1.0_zscoreFalse
box,enhancers,raw,0.5,1.0,1.0,2.0,box,0.4840610691428275,0.5331388120694234,11,carbon_distillation/original/enhancers/20260628_135350/cbffaca1-e44f-4704-b330-b319f03070fe/distill_methodvanilla_dkd_alpha1.0_dkd_beta8.0_kl_methodkl_mse_normalizeFalse_temperature2.0_weight_ce0.5_weight_kl1.0_weight_mse1.0_zscoreFalse
box,enhancers,raw,0.5,0.5,1.0,0.5,box,0.48343829158370155,0.5331388120694234,11,carbon_distillation/original/enhancers/20260628_135358/0def9f0e-bb44-416b-b77e-a8cf8af078d2/distill_methodvanilla_dkd_alpha1.0_dkd_beta8.0_kl_methodkl_mse_normalizeFalse_temperature0.5_weight_ce0.5_weight_kl0.5_weight_mse1.0_zscoreFalse
box,enhancers,raw,0.5,1.0,1.0,1.5,box,0.48306568786717646,0.5331388120694234,11,carbon_distillation/original/enhancers/20260628_135353/ba73b3b4-6a1d-4e24-8a2f-f04b53c7fa2c/distill_methodvanilla_dkd_alpha1.0_dkd_beta8.0_kl_methodkl_mse_normalizeFalse_temperature1.5_weight_ce0.5_weight_kl1.0_weight_mse1.0_zscoreFalse
box,enhancers,raw,0.5,0.5,1.0,1.5,box,0.48026284927973795,0.5331388120694234,11,carbon_distillation/original/enhancers/20260628_135355/e4f71f43-bf46-41a1-b03e-9831a2074ebb/distill_methodvanilla_dkd_alpha1.0_dkd_beta8.0_kl_methodkl_mse_normalizeFalse_temperature1.5_weight_ce0.5_weight_kl0.5_weight_mse1.0_zscoreFalse
box,enhancers,raw,0.5,1.0,0.0,1.0,box,0.4801913754451597,0.5331388120694234,10,carbon_distillation/original/enhancers/20260628_135354/6552510f-13df-4d39-a7e9-01fcc5f6c85c/distill_methodvanilla_dkd_alpha1.0_dkd_beta8.0_kl_methodkl_mse_normalizeFalse_temperature1.0_weight_ce0.5_weight_kl1.0_weight_mse0.0_zscoreFalse
box,enhancers,raw,0.5,0.5,1.0,4.0,box,0.47917047129520723,0.5331388120694234,11,carbon_distillation/original/enhancers/20260628_135349/6b754a8d-8af9-4f40-804d-ca729531b758/distill_methodvanilla_dkd_alpha1.0_dkd_beta8.0_kl_methodkl_mse_normalizeFalse_temperature4.0_weight_ce0.5_weight_kl0.5_weight_mse1.0_zscoreFalse
box,enhancers,raw,0.5,0.5,1.0,2.0,box,0.4790245158887811,0.5331388120694234,11,carbon_distillation/original/enhancers/20260628_135359/c7e6f537-feb0-4f5b-a3b7-4a0683c355ba/distill_methodvanilla_dkd_alpha1.0_dkd_beta8.0_kl_methodkl_mse_normalizeFalse_temperature2.0_weight_ce0.5_weight_kl0.5_weight_mse1.0_zscoreFalse
box,enhancers,raw,0.5,1.0,1.0,4.0,box,0.47779141402685404,0.5331388120694234,11,carbon_distillation/original/enhancers/20260628_135350/31de9fcd-6979-4f66-8b1a-b6ef1fb3fd21/distill_methodvanilla_dkd_alpha1.0_dkd_beta8.0_kl_methodkl_mse_normalizeFalse_temperature4.0_weight_ce0.5_weight_kl1.0_weight_mse1.0_zscoreFalse
box,enhancers,raw,0.5,1.0,1.0,0.5,box,0.47774036244279083,0.5331388120694234,11,carbon_distillation/original/enhancers/20260628_135348/b948e783-2249-4297-a088-50bb09e3e807/distill_methodvanilla_dkd_alpha1.0_dkd_beta8.0_kl_methodkl_mse_normalizeFalse_temperature0.5_weight_ce0.5_weight_kl1.0_weight_mse1.0_zscoreFalse
box,enhancers,raw,0.5,0.5,1.0,1.0,box,0.4774153679257917,0.5331388120694234,11,carbon_distillation/original/enhancers/20260628_135405/22b3ba67-0fdf-40d0-9baf-5c15c89dd52a/distill_methodvanilla_dkd_alpha1.0_dkd_beta8.0_kl_methodkl_mse_normalizeFalse_temperature1.0_weight_ce0.5_weight_kl0.5_weight_mse1.0_zscoreFalse
box,enhancers,raw,0.5,0.5,0.0,4.0,box,0.47429453569351365,0.5331388120694234,11,carbon_distillation/original/enhancers/20260628_135353/82b98c03-2a36-4c15-8dc1-3629ba6a64ad/distill_methodvanilla_dkd_alpha1.0_dkd_beta8.0_kl_methodkl_mse_normalizeFalse_temperature4.0_weight_ce0.5_weight_kl0.5_weight_mse0.0_zscoreFalse
box,enhancers,raw,0.5,1.0,0.0,2.0,box,0.47327272574958995,0.5331388120694234,11,carbon_distillation/original/enhancers/20260628_135401/4d12d6c1-0429-4410-a8de-03324bdaa64a/distill_methodvanilla_dkd_alpha1.0_dkd_beta8.0_kl_methodkl_mse_normalizeFalse_temperature2.0_weight_ce0.5_weight_kl1.0_weight_mse0.0_zscoreFalse
box,enhancers,raw,0.5,1.0,0.0,1.5,box,0.471416145502262,0.5331388120694234,10,carbon_distillation/original/enhancers/20260628_135353/7eec2003-3dba-43f9-afb2-ab2b8f41292d/distill_methodvanilla_dkd_alpha1.0_dkd_beta8.0_kl_methodkl_mse_normalizeFalse_temperature1.5_weight_ce0.5_weight_kl1.0_weight_mse0.0_zscoreFalse
box,enhancers,raw,0.5,1.0,0.0,4.0,box,0.4706559116010459,0.5331388120694234,9,carbon_distillation/original/enhancers/20260628_135353/4954c5aa-e919-42c0-b9de-fc484dbcdb40/distill_methodvanilla_dkd_alpha1.0_dkd_beta8.0_kl_methodkl_mse_normalizeFalse_temperature4.0_weight_ce0.5_weight_kl1.0_weight_mse0.0_zscoreFalse
box,enhancers,raw,0.5,1.0,0.0,0.5,box,0.4676981096309305,0.5331388120694234,11,carbon_distillation/original/enhancers/20260628_135403/e558009b-388d-4f51-a07f-579ae367b8d2/distill_methodvanilla_dkd_alpha1.0_dkd_beta8.0_kl_methodkl_mse_normalizeFalse_temperature0.5_weight_ce0.5_weight_kl1.0_weight_mse0.0_zscoreFalse
box,enhancers,raw,0.5,0.0,0.0,0.5,box,0.41023151678322173,0.5331388120694234,6,carbon_distillation/original/enhancers/20260628_084142/271ea7c0-2df7-428d-97f5-c24e69713cfb/distill_methodvanilla_dkd_alpha1.0_dkd_beta8.0_kl_methodkl_mse_normalizeFalse_temperature0.5_weight_ce0.5_weight_kl0.0_weight_mse0.0_zscoreFalse
box,enhancers,raw,0.5,1.0,1.0,1.5,box,0.3516446473485869,0.5331388120694234,2,carbon_distillation/original/enhancers/20260628_120159/9504e0e3-4fbe-4743-9ea2-00bbef36cbeb/distill_methodvanilla_dkd_alpha1.0_dkd_beta8.0_kl_methodkl_mse_normalizeFalse_temperature1.5_weight_ce0.5_weight_kl1.0_weight_mse1.0_zscoreFalse
box,enhancers,raw,0.5,1.0,1.0,4.0,box,0.3505999871159289,0.5331388120694234,2,carbon_distillation/original/enhancers/20260628_120159/3763b39d-bc0e-4ecc-921d-7e8419d96026/distill_methodvanilla_dkd_alpha1.0_dkd_beta8.0_kl_methodkl_mse_normalizeFalse_temperature4.0_weight_ce0.5_weight_kl1.0_weight_mse1.0_zscoreFalse
box,enhancers,raw,0.5,1.0,1.0,2.0,box,0.34698192557674185,0.5331388120694234,2,carbon_distillation/original/enhancers/20260628_120200/5be95e7e-b035-4348-86dc-0d6ddc1c0fa3/distill_methodvanilla_dkd_alpha1.0_dkd_beta8.0_kl_methodkl_mse_normalizeFalse_temperature2.0_weight_ce0.5_weight_kl1.0_weight_mse1.0_zscoreFalse
box,enhancers,raw,0.5,1.0,0.0,4.0,box,0.3464040646235417,0.5331388120694234,2,carbon_distillation/original/enhancers/20260628_120200/1f6a0d44-c376-4851-a87f-1a7eb363189e/distill_methodvanilla_dkd_alpha1.0_dkd_beta8.0_kl_methodkl_mse_normalizeFalse_temperature4.0_weight_ce0.5_weight_kl1.0_weight_mse0.0_zscoreFalse
box,enhancers,raw,0.5,1.0,0.0,2.0,box,0.34203936974180893,0.5331388120694234,2,carbon_distillation/original/enhancers/20260628_120200/e5dfb091-de91-44f3-81ca-5c7ff240966f/distill_methodvanilla_dkd_alpha1.0_dkd_beta8.0_kl_methodkl_mse_normalizeFalse_temperature2.0_weight_ce0.5_weight_kl1.0_weight_mse0.0_zscoreFalse
box,enhancers,raw,0.5,0.5,1.0,4.0,box,0.3395012308051217,0.5331388120694234,2,carbon_distillation/original/enhancers/20260628_120200/dc9a75b4-52ab-44a1-9489-1947cb0f9ac3/distill_methodvanilla_dkd_alpha1.0_dkd_beta8.0_kl_methodkl_mse_normalizeFalse_temperature4.0_weight_ce0.5_weight_kl0.5_weight_mse1.0_zscoreFalse
box,enhancers,raw,0.5,1.0,1.0,1.0,box,0.3372332718095559,0.5331388120694234,2,carbon_distillation/original/enhancers/20260628_120200/999e07fb-e8c4-467e-afd7-191572b7a3da/distill_methodvanilla_dkd_alpha1.0_dkd_beta8.0_kl_methodkl_mse_normalizeFalse_temperature1.0_weight_ce0.5_weight_kl1.0_weight_mse1.0_zscoreFalse
box,enhancers,raw,0.5,1.0,0.0,1.5,box,0.33551196275378736,0.5331388120694234,2,carbon_distillation/original/enhancers/20260628_120200/5d765f61-f2f1-464a-9b2e-f589781260c9/distill_methodvanilla_dkd_alpha1.0_dkd_beta8.0_kl_methodkl_mse_normalizeFalse_temperature1.5_weight_ce0.5_weight_kl1.0_weight_mse0.0_zscoreFalse
box,enhancers,raw,0.5,0.5,1.0,1.0,box,0.33403212540292737,0.5331388120694234,2,carbon_distillation/original/enhancers/20260628_120200/57fe8cdd-4396-4278-a43d-0c8dcd66cd06/distill_methodvanilla_dkd_alpha1.0_dkd_beta8.0_kl_methodkl_mse_normalizeFalse_temperature1.0_weight_ce0.5_weight_kl0.5_weight_mse1.0_zscoreFalse
box,enhancers,raw,0.5,1.0,1.0,0.5,box,0.3340119652196524,0.5331388120694234,2,carbon_distillation/original/enhancers/20260628_120200/ef6e8c00-61d7-4a05-86d0-31e350e8c770/distill_methodvanilla_dkd_alpha1.0_dkd_beta8.0_kl_methodkl_mse_normalizeFalse_temperature0.5_weight_ce0.5_weight_kl1.0_weight_mse1.0_zscoreFalse
box,enhancers,raw,0.5,0.5,1.0,2.0,box,0.33286325689516816,0.5331388120694234,2,carbon_distillation/original/enhancers/20260628_120200/123f42fd-82c2-411d-aeeb-4e252422c3d6/distill_methodvanilla_dkd_alpha1.0_dkd_beta8.0_kl_methodkl_mse_normalizeFalse_temperature2.0_weight_ce0.5_weight_kl0.5_weight_mse1.0_zscoreFalse
box,enhancers,raw,0.5,0.5,1.0,1.5,box,0.33170464944600686,0.5331388120694234,2,carbon_distillation/original/enhancers/20260628_120200/585b36e2-3bd7-438e-83c7-dbe841e793e6/distill_methodvanilla_dkd_alpha1.0_dkd_beta8.0_kl_methodkl_mse_normalizeFalse_temperature1.5_weight_ce0.5_weight_kl0.5_weight_mse1.0_zscoreFalse
box,enhancers,raw,0.5,0.5,0.0,4.0,box,0.3290344931434018,0.5331388120694234,2,carbon_distillation/original/enhancers/20260628_120200/c1a953fc-08a1-492f-8916-53b9f9b917c8/distill_methodvanilla_dkd_alpha1.0_dkd_beta8.0_kl_methodkl_mse_normalizeFalse_temperature4.0_weight_ce0.5_weight_kl0.5_weight_mse0.0_zscoreFalse
box,enhancers,raw,0.5,1.0,0.0,1.0,box,0.3289840944760635,0.5331388120694234,2,carbon_distillation/original/enhancers/20260628_120200/c85de020-29b2-473b-bbb2-e5c780af9552/distill_methodvanilla_dkd_alpha1.0_dkd_beta8.0_kl_methodkl_mse_normalizeFalse_temperature1.0_weight_ce0.5_weight_kl1.0_weight_mse0.0_zscoreFalse
box,enhancers,raw,0.5,1.0,0.0,0.5,box,0.32734253656055706,0.5331388120694234,2,carbon_distillation/original/enhancers/20260628_120159/75402eb2-8a87-4000-b142-250e3e872c04/distill_methodvanilla_dkd_alpha1.0_dkd_beta8.0_kl_methodkl_mse_normalizeFalse_temperature0.5_weight_ce0.5_weight_kl1.0_weight_mse0.0_zscoreFalse
box,enhancers,raw,0.5,0.5,1.0,0.5,box,0.323999699555422,0.5331388120694234,2,carbon_distillation/original/enhancers/20260628_120159/66d27e9c-596f-467f-b090-81aec898a5a1/distill_methodvanilla_dkd_alpha1.0_dkd_beta8.0_kl_methodkl_mse_normalizeFalse_temperature0.5_weight_ce0.5_weight_kl0.5_weight_mse1.0_zscoreFalse
box,enhancers_types,raw,0.5,0.0,1.0,0.5,box,0.4528847085433152,0.5503759053022502,18,carbon_distillation/original/enhancers_types/20260628_135349/9c49c11a-aa0f-49a6-9060-e82141b4b935/distill_methodvanilla_dkd_alpha1.0_dkd_beta8.0_kl_methodkl_mse_normalizeFalse_temperature0.5_weight_ce0.5_weight_kl0.0_weight_mse1.0_zscoreFalse
box,enhancers_types,raw,0.5,0.0,0.0,0.5,box,0.4476922565425436,0.5503759053022502,18,carbon_distillation/original/enhancers_types/20260628_135411/68ef2680-337a-46f0-bd6d-f63d173b3314/distill_methodvanilla_dkd_alpha1.0_dkd_beta8.0_kl_methodkl_mse_normalizeFalse_temperature0.5_weight_ce0.5_weight_kl0.0_weight_mse0.0_zscoreFalse
box,enhancers_types,raw,0.5,0.0,0.0,0.5,box,0.4476922565425436,0.5503759053022502,18,carbon_distillation/original/enhancers_types/20260629_043515/34adf7de-56ea-4e5a-8f1a-5f7d89f5b31f/distill_methodvanilla_dkd_alpha1.0_dkd_beta8.0_kl_methodkl_mse_normalizeFalse_temperature0.5_weight_ce0.5_weight_kl0.0_weight_mse0.0_zscoreFalse
box,enhancers_types,raw,0.5,0.25,0.0,0.5,box,0.4291393065074869,0.5503759053022502,11,carbon_distillation/original/enhancers_types/20260628_135348/912a10e2-040c-432f-90a9-6b43837970ce/distill_methodvanilla_dkd_alpha1.0_dkd_beta8.0_kl_methodkl_mse_normalizeFalse_temperature0.5_weight_ce0.5_weight_kl0.25_weight_mse0.0_zscoreFalse
box,enhancers_types,raw,0.5,0.0,0.0,0.5,box,0.3531383839812362,0.5503759053022502,6,carbon_distillation/original/enhancers_types/20260628_084138/7cda0c0e-d846-474c-9dd9-58093621212c/distill_methodvanilla_dkd_alpha1.0_dkd_beta8.0_kl_methodkl_mse_normalizeFalse_temperature0.5_weight_ce0.5_weight_kl0.0_weight_mse0.0_zscoreFalse
box,enhancers_types,raw,0.5,0.0,1.0,0.5,box,0.3378621018132232,0.5503759053022502,4,carbon_distillation/original/enhancers_types/20260628_120200/fff10915-583e-4616-a5c1-5fe6561e7455/distill_methodvanilla_dkd_alpha1.0_dkd_beta8.0_kl_methodkl_mse_normalizeFalse_temperature0.5_weight_ce0.5_weight_kl0.0_weight_mse1.0_zscoreFalse
box,enhancers_types,raw,0.5,0.0,0.0,0.5,box,0.31303338176302026,0.5503759053022502,4,carbon_distillation/original/enhancers_types/20260628_120200/dacd6502-93a9-44e8-93af-7aa7bf64b19d/distill_methodvanilla_dkd_alpha1.0_dkd_beta8.0_kl_methodkl_mse_normalizeFalse_temperature0.5_weight_ce0.5_weight_kl0.0_weight_mse0.0_zscoreFalse
box,enhancers_types,raw,0.5,0.25,0.0,0.5,box,0.29359841922127866,0.5503759053022502,1,carbon_distillation/original/enhancers_types/20260628_120159/1821641c-f0fd-4c13-a12d-89481b3b8e9f/distill_methodvanilla_dkd_alpha1.0_dkd_beta8.0_kl_methodkl_mse_normalizeFalse_temperature0.5_weight_ce0.5_weight_kl0.25_weight_mse0.0_zscoreFalse
box,splice_sites_acceptors,raw,0.5,0.0,1.0,0.5,box,0.3340738218185973,0.9726738583614905,4,carbon_distillation/original/splice_sites_acceptors/20260628_084114/c76fc972-e4f9-4e8f-bc01-6dfd58fb1e1b/distill_methodvanilla_dkd_alpha1.0_dkd_beta8.0_kl_methodkl_mse_normalizeFalse_temperature0.5_weight_ce0.5_weight_kl0.0_weight_mse1.0_zscoreFalse
box,splice_sites_all,raw,0.5,0.5,0.0,2.0,box,0.9265051348915254,0.97152185013181,185,carbon_distillation/original/splice_sites_all/20260629_221017/c55d4ae1-7a60-4ba8-b266-dabea1329811/distill_methoddkd_dkd_alpha1.0_dkd_beta8.0_kl_methodkl_mse_normalizeFalse_temperature2.0_weight_ce0.5_weight_kl0.5_weight_mse0.0_zscoreFalse
box,splice_sites_all,raw,0.5,1.0,0.0,4.0,box,0.9250556043107357,0.97152185013181,200,carbon_distillation/original/splice_sites_all/20260629_231418/9344dbf4-9cab-4c3f-abfd-54cce7c85da3/distill_methodvanilla_dkd_alpha1.0_dkd_beta8.0_kl_methodkl_mse_normalizeFalse_temperature4.0_weight_ce0.5_weight_kl1.0_weight_mse0.0_zscoreFalse
box,splice_sites_all,raw,0.5,1.0,0.0,4.0,box,0.9205449491191438,0.97152185013181,194,carbon_distillation/original/splice_sites_all/20260629_213234/1e4b152a-bae6-49b5-b43b-62c6faeabac1/distill_methodvanilla_dkd_alpha1.0_dkd_beta8.0_kl_methodkl_mse_normalizeFalse_temperature4.0_weight_ce0.5_weight_kl1.0_weight_mse0.0_zscoreFalse
box,splice_sites_all,raw,0.5,1.0,0.0,4.0,box,0.9165462723488557,0.97152185013181,199,carbon_distillation/original/splice_sites_all/20260629_222231/cdf16a8b-f572-429e-99d9-433f74e4ef8d/distill_methodvanilla_dkd_alpha1.0_dkd_beta8.0_kl_methodkl_mse_normalizeFalse_temperature4.0_weight_ce0.5_weight_kl1.0_weight_mse0.0_zscoreFalse
box,splice_sites_all,raw,0.5,1.0,2.0,4.0,box,0.880194896561092,0.97152185013181,117,carbon_distillation/original/splice_sites_all/20260630_123003/bd10792d-ba08-4eae-8ac1-17281f5fb0ef/distill_methodvanilla_dkd_alpha1.0_dkd_beta8.0_kl_methodkl_mse_normalizeFalse_temperature4.0_weight_ce0.5_weight_kl1.0_weight_mse2.0_zscoreFalse
box,splice_sites_all,raw,0.5,0.5,2.0,4.0,box,0.868391683725853,0.97152185013181,115,carbon_distillation/original/splice_sites_all/20260630_095644/7d171768-67d4-4154-8242-fa35a8b4db12/distill_methodvanilla_dkd_alpha1.0_dkd_beta8.0_kl_methodkl_mse_normalizeFalse_temperature4.0_weight_ce0.5_weight_kl0.5_weight_mse2.0_zscoreFalse
box,splice_sites_all,raw,0.5,1.0,2.0,2.0,box,0.8548798063165125,0.97152185013181,104,carbon_distillation/original/splice_sites_all/20260630_115503/83efee28-66fd-4790-8a6f-fa27d86464ff/distill_methodvanilla_dkd_alpha1.0_dkd_beta8.0_kl_methodkl_mse_normalizeFalse_temperature2.0_weight_ce0.5_weight_kl1.0_weight_mse2.0_zscoreFalse
box,splice_sites_all,raw,0.5,0.5,5.0,4.0,box,0.8535455812521575,0.97152185013181,81,carbon_distillation/original/splice_sites_all/20260630_105635/665c64e6-58dd-4f55-9a20-1039204fc64f/distill_methodvanilla_dkd_alpha1.0_dkd_beta8.0_kl_methodkl_mse_normalizeFalse_temperature4.0_weight_ce0.5_weight_kl0.5_weight_mse5.0_zscoreFalse
box,splice_sites_all,raw,0.5,1.0,5.0,4.0,box,0.8489999970830518,0.97152185013181,123,carbon_distillation/original/splice_sites_all/20260630_131711/82a01756-fd5e-4115-a5aa-bf5afc7db83f/distill_methodvanilla_dkd_alpha1.0_dkd_beta8.0_kl_methodkl_mse_normalizeFalse_temperature4.0_weight_ce0.5_weight_kl1.0_weight_mse5.0_zscoreFalse
box,splice_sites_all,raw,0.5,1.0,2.0,0.5,box,0.8435603440337064,0.97152185013181,184,carbon_distillation/original/splice_sites_all/20260630_110854/bd7c882e-aa46-44f2-9058-33f66fdf7189/distill_methodvanilla_dkd_alpha1.0_dkd_beta8.0_kl_methodkl_mse_normalizeFalse_temperature0.5_weight_ce0.5_weight_kl1.0_weight_mse2.0_zscoreFalse
box,splice_sites_all,raw,0.5,0.25,2.0,4.0,box,0.8420964100861736,0.97152185013181,141,carbon_distillation/original/splice_sites_all/20260630_071650/4e22792a-d8d8-4aec-8590-3041d3d20a48/distill_methodvanilla_dkd_alpha1.0_dkd_beta8.0_kl_methodkl_mse_normalizeFalse_temperature4.0_weight_ce0.5_weight_kl0.25_weight_mse2.0_zscoreFalse
box,splice_sites_all,raw,0.5,1.0,2.0,1.0,box,0.8416781446217102,0.97152185013181,200,carbon_distillation/original/splice_sites_all/20260630_111816/21d79000-0d3f-4ea4-875b-62a5abb0a98a/distill_methodvanilla_dkd_alpha1.0_dkd_beta8.0_kl_methodkl_mse_normalizeFalse_temperature1.0_weight_ce0.5_weight_kl1.0_weight_mse2.0_zscoreFalse
box,splice_sites_all,raw,0.5,0.25,2.0,2.0,box,0.839084996101054,0.97152185013181,185,carbon_distillation/original/splice_sites_all/20260630_071650/fafe3ea8-656c-4ba1-a068-9505ed9c3555/distill_methodvanilla_dkd_alpha1.0_dkd_beta8.0_kl_methodkl_mse_normalizeFalse_temperature2.0_weight_ce0.5_weight_kl0.25_weight_mse2.0_zscoreFalse
box,splice_sites_all,raw,0.5,0.25,5.0,4.0,box,0.8370067344723778,0.97152185013181,119,carbon_distillation/original/splice_sites_all/20260630_084804/947cb574-5f0f-4b1f-8da1-697fac7642cc/distill_methodvanilla_dkd_alpha1.0_dkd_beta8.0_kl_methodkl_mse_normalizeFalse_temperature4.0_weight_ce0.5_weight_kl0.25_weight_mse5.0_zscoreFalse
box,splice_sites_all,raw,0.5,0.5,0.2,2.0,box,0.8342122863190071,0.97152185013181,190,carbon_distillation/original/splice_sites_all/20260629_231507/3c7ce8ce-d8b6-4a30-a459-6e683f0cd413/distill_methodvanilla_dkd_alpha1.0_dkd_beta8.0_kl_methodkl_mse_normalizeFalse_temperature2.0_weight_ce0.5_weight_kl0.5_weight_mse0.2_zscoreFalse
box,splice_sites_all,raw,0.5,0.5,0.0,2.0,box,0.8315840428031882,0.97152185013181,58,carbon_distillation/original/splice_sites_all/20260629_195902/1638e5ad-5523-4366-b3af-3ce4a93a927d/distill_methoddkd_dkd_alpha1.0_dkd_beta8.0_kl_methodkl_mse_normalizeFalse_temperature2.0_weight_ce0.5_weight_kl0.5_weight_mse0.0_zscoreFalse
box,splice_sites_all,raw,0.5,1.0,2.0,1.5,box,0.8275412329629528,0.97152185013181,68,carbon_distillation/original/splice_sites_all/20260630_113257/b794ac29-1c53-4487-a86d-014b974c433a/distill_methodvanilla_dkd_alpha1.0_dkd_beta8.0_kl_methodkl_mse_normalizeFalse_temperature1.5_weight_ce0.5_weight_kl1.0_weight_mse2.0_zscoreFalse
box,splice_sites_all,raw,0.5,0.5,2.0,2.0,box,0.824355705445137,0.97152185013181,92,carbon_distillation/original/splice_sites_all/20260630_092459/cd07ce91-f800-457e-8c83-bb37b8a48afd/distill_methodvanilla_dkd_alpha1.0_dkd_beta8.0_kl_methodkl_mse_normalizeFalse_temperature2.0_weight_ce0.5_weight_kl0.5_weight_mse2.0_zscoreFalse
box,splice_sites_all,raw,0.5,1.0,5.0,1.5,box,0.8222520529249105,0.97152185013181,82,carbon_distillation/original/splice_sites_all/20260630_125730/2058d194-3292-4e16-86e7-0381ce25927a/distill_methodvanilla_dkd_alpha1.0_dkd_beta8.0_kl_methodkl_mse_normalizeFalse_temperature1.5_weight_ce0.5_weight_kl1.0_weight_mse5.0_zscoreFalse
box,splice_sites_all,raw,0.5,0.5,2.0,1.5,box,0.8209995363869198,0.97152185013181,57,carbon_distillation/original/splice_sites_all/20260630_092458/d174b101-7740-4051-ab0f-df38e1cfb814/distill_methodvanilla_dkd_alpha1.0_dkd_beta8.0_kl_methodkl_mse_normalizeFalse_temperature1.5_weight_ce0.5_weight_kl0.5_weight_mse2.0_zscoreFalse
box,splice_sites_all,raw,0.5,0.25,2.0,1.5,box,0.8206027317575807,0.97152185013181,198,carbon_distillation/original/splice_sites_all/20260630_071650/1b052d97-ad36-4665-bf57-66d3450fddb9/distill_methodvanilla_dkd_alpha1.0_dkd_beta8.0_kl_methodkl_mse_normalizeFalse_temperature1.5_weight_ce0.5_weight_kl0.25_weight_mse2.0_zscoreFalse
box,splice_sites_all,raw,0.5,0.5,2.0,1.0,box,0.8190240757610422,0.97152185013181,143,carbon_distillation/original/splice_sites_all/20260630_092453/b8ce792f-2c1a-4dd7-8844-2ef4835c3ecf/distill_methodvanilla_dkd_alpha1.0_dkd_beta8.0_kl_methodkl_mse_normalizeFalse_temperature1.0_weight_ce0.5_weight_kl0.5_weight_mse2.0_zscoreFalse
box,splice_sites_all,raw,0.5,0.5,2.0,0.5,box,0.8150344237909434,0.97152185013181,192,carbon_distillation/original/splice_sites_all/20260630_084821/31775420-00a5-4cf0-8797-a0c1031d6f60/distill_methodvanilla_dkd_alpha1.0_dkd_beta8.0_kl_methodkl_mse_normalizeFalse_temperature0.5_weight_ce0.5_weight_kl0.5_weight_mse2.0_zscoreFalse
box,splice_sites_all,raw,0.5,1.0,5.0,2.0,box,0.814819996614719,0.97152185013181,69,carbon_distillation/original/splice_sites_all/20260630_130127/da812d1f-f0ab-4395-84bc-fb748a4739d4/distill_methodvanilla_dkd_alpha1.0_dkd_beta8.0_kl_methodkl_mse_normalizeFalse_temperature2.0_weight_ce0.5_weight_kl1.0_weight_mse5.0_zscoreFalse
box,splice_sites_all,raw,0.5,0.5,5.0,2.0,box,0.8101574683922378,0.97152185013181,82,carbon_distillation/original/splice_sites_all/20260630_105226/18b9392c-1c94-4298-8c76-0ba31b8a5e43/distill_methodvanilla_dkd_alpha1.0_dkd_beta8.0_kl_methodkl_mse_normalizeFalse_temperature2.0_weight_ce0.5_weight_kl0.5_weight_mse5.0_zscoreFalse
box,splice_sites_all,raw,0.5,1.0,5.0,1.0,box,0.8088994995063538,0.97152185013181,181,carbon_distillation/original/splice_sites_all/20260630_125505/7baa6cb9-cedc-42ee-861e-be86f82f40f9/distill_methodvanilla_dkd_alpha1.0_dkd_beta8.0_kl_methodkl_mse_normalizeFalse_temperature1.0_weight_ce0.5_weight_kl1.0_weight_mse5.0_zscoreFalse
box,splice_sites_all,raw,0.5,0.5,0.2,2.0,box,0.8065787251020333,0.97152185013181,58,carbon_distillation/original/splice_sites_all/20260629_201244/6174287d-eb91-48d3-82f6-4491943079b1/distill_methodvanilla_dkd_alpha1.0_dkd_beta8.0_kl_methodkl_mse_normalizeFalse_temperature2.0_weight_ce0.5_weight_kl0.5_weight_mse0.2_zscoreFalse
box,splice_sites_all,raw,0.5,0.25,2.0,1.0,box,0.804055197903059,0.97152185013181,72,carbon_distillation/original/splice_sites_all/20260630_071650/55b5c44f-06de-4571-b9f4-fe0fb2c70026/distill_methodvanilla_dkd_alpha1.0_dkd_beta8.0_kl_methodkl_mse_normalizeFalse_temperature1.0_weight_ce0.5_weight_kl0.25_weight_mse2.0_zscoreFalse
box,splice_sites_all,raw,0.5,0.5,5.0,1.0,box,0.8008434680284512,0.97152185013181,188,carbon_distillation/original/splice_sites_all/20260630_104639/8fe25984-c828-4b65-966d-f3c43316d033/distill_methodvanilla_dkd_alpha1.0_dkd_beta8.0_kl_methodkl_mse_normalizeFalse_temperature1.0_weight_ce0.5_weight_kl0.5_weight_mse5.0_zscoreFalse
box,splice_sites_all,raw,0.5,0.5,5.0,1.5,box,0.7995304179682702,0.97152185013181,188,carbon_distillation/original/splice_sites_all/20260630_104913/41f38eed-d292-4bce-9356-7cf0aa163958/distill_methodvanilla_dkd_alpha1.0_dkd_beta8.0_kl_methodkl_mse_normalizeFalse_temperature1.5_weight_ce0.5_weight_kl0.5_weight_mse5.0_zscoreFalse
box,splice_sites_all,raw,0.5,0.5,0.0,2.0,box,0.794092105319865,0.97152185013181,79,carbon_distillation/original/splice_sites_all/20260629_224353/a06839aa-0e35-49ea-aa42-5ffc38d1008c/distill_methodvanilla_dkd_alpha1.0_dkd_beta8.0_kl_methodkl_mse_normalizeFalse_temperature2.0_weight_ce0.5_weight_kl0.5_weight_mse0.0_zscoreFalse
box,splice_sites_all,raw,0.5,0.25,5.0,2.0,box,0.7912344632472137,0.97152185013181,190,carbon_distillation/original/splice_sites_all/20260630_084413/db797d57-9b08-49ce-baa9-25225fa5b145/distill_methodvanilla_dkd_alpha1.0_dkd_beta8.0_kl_methodkl_mse_normalizeFalse_temperature2.0_weight_ce0.5_weight_kl0.25_weight_mse5.0_zscoreFalse
box,splice_sites_all,raw,0.5,0.25,2.0,0.5,box,0.789646806498204,0.97152185013181,73,carbon_distillation/original/splice_sites_all/20260630_071650/aa62408b-0207-4a72-83b8-c5e6c19d8b2f/distill_methodvanilla_dkd_alpha1.0_dkd_beta8.0_kl_methodkl_mse_normalizeFalse_temperature0.5_weight_ce0.5_weight_kl0.25_weight_mse2.0_zscoreFalse
box,splice_sites_all,raw,0.5,0.0,2.0,0.5,box,0.7832576181829666,0.97152185013181,51,carbon_distillation/original/splice_sites_all/20260630_071650/3bced1ee-9d99-42ad-ba63-2ee6a0070422/distill_methodvanilla_dkd_alpha1.0_dkd_beta8.0_kl_methodkl_mse_normalizeFalse_temperature0.5_weight_ce0.5_weight_kl0.0_weight_mse2.0_zscoreFalse
box,splice_sites_all,raw,0.5,1.0,5.0,0.5,box,0.7812780891966712,0.97152185013181,57,carbon_distillation/original/splice_sites_all/20260630_123329/a42299f6-c85e-4f9b-a97a-055520e34f47/distill_methodvanilla_dkd_alpha1.0_dkd_beta8.0_kl_methodkl_mse_normalizeFalse_temperature0.5_weight_ce0.5_weight_kl1.0_weight_mse5.0_zscoreFalse
box,splice_sites_all,raw,0.5,0.25,5.0,1.0,box,0.7777484404710159,0.97152185013181,58,carbon_distillation/original/splice_sites_all/20260630_083436/da90ce93-6ce7-43a2-a130-7a0862efcea2/distill_methodvanilla_dkd_alpha1.0_dkd_beta8.0_kl_methodkl_mse_normalizeFalse_temperature1.0_weight_ce0.5_weight_kl0.25_weight_mse5.0_zscoreFalse
box,splice_sites_all,raw,0.5,0.5,0.0,2.0,box,0.7776758217854974,0.97152185013181,55,carbon_distillation/original/splice_sites_all/20260629_200617/2665d081-8da3-43e0-90c5-396e79d8cb8a/distill_methodvanilla_dkd_alpha1.0_dkd_beta8.0_kl_methodkl_mse_normalizeFalse_temperature2.0_weight_ce0.5_weight_kl0.5_weight_mse0.0_zscoreFalse
box,splice_sites_all,raw,0.5,0.5,5.0,0.5,box,0.7701240576777965,0.97152185013181,54,carbon_distillation/original/splice_sites_all/20260630_095851/ce9e05a6-4658-4ce8-8778-96b5fc2663b2/distill_methodvanilla_dkd_alpha1.0_dkd_beta8.0_kl_methodkl_mse_normalizeFalse_temperature0.5_weight_ce0.5_weight_kl0.5_weight_mse5.0_zscoreFalse
box,splice_sites_all,raw,0.5,0.25,5.0,1.5,box,0.7556419341768568,0.97152185013181,54,carbon_distillation/original/splice_sites_all/20260630_083920/2e1cd3cc-d8c8-447d-bb92-dfb3a75a6311/distill_methodvanilla_dkd_alpha1.0_dkd_beta8.0_kl_methodkl_mse_normalizeFalse_temperature1.5_weight_ce0.5_weight_kl0.25_weight_mse5.0_zscoreFalse
box,splice_sites_all,raw,0.5,0.25,5.0,0.5,box,0.7484820852075208,0.97152185013181,66,carbon_distillation/original/splice_sites_all/20260630_071650/ff7a058a-20ab-4d6e-af19-76c671335c0c/distill_methodvanilla_dkd_alpha1.0_dkd_beta8.0_kl_methodkl_mse_normalizeFalse_temperature0.5_weight_ce0.5_weight_kl0.25_weight_mse5.0_zscoreFalse
box,splice_sites_all,raw,0.5,0.0,5.0,0.5,box,0.7125987327381332,0.97152185013181,58,carbon_distillation/original/splice_sites_all/20260630_071650/91623920-6fe1-42ea-b61f-52323c9c6f24/distill_methodvanilla_dkd_alpha1.0_dkd_beta8.0_kl_methodkl_mse_normalizeFalse_temperature0.5_weight_ce0.5_weight_kl0.0_weight_mse5.0_zscoreFalse
box,splice_sites_all,raw,0.5,0.0,0.0,0.5,box,0.2488272380280577,0.97152185013181,6,carbon_distillation/original/splice_sites_all/20260628_084138/7b81dbe0-406c-4303-9155-d9e59485f052/distill_methodvanilla_dkd_alpha1.0_dkd_beta8.0_kl_methodkl_mse_normalizeFalse_temperature0.5_weight_ce0.5_weight_kl0.0_weight_mse0.0_zscoreFalse
box,splice_sites_donors,raw,0.5,0.25,2.0,2.0,box,0.9340686138478601,0.97733833292583,53,carbon_distillation/original/splice_sites_donors/20260701_015744/afc42115-1be0-42bc-bd3c-28b9f354abf0/distill_methodvanilla_dkd_alpha1.0_dkd_beta8.0_kl_methodkl_mse_normalizeFalse_temperature2.0_weight_ce0.5_weight_kl0.25_weight_mse2.0_zscoreFalse
box,splice_sites_donors,raw,0.5,0.25,2.0,0.5,box,0.9307137075301504,0.97733833292583,145,carbon_distillation/original/splice_sites_donors/20260630_233542/6925e969-75b1-42f6-ac0e-ba554229c243/distill_methodvanilla_dkd_alpha1.0_dkd_beta8.0_kl_methodkl_mse_normalizeFalse_temperature0.5_weight_ce0.5_weight_kl0.25_weight_mse2.0_zscoreFalse
box,splice_sites_donors,raw,0.5,0.25,2.0,1.5,box,0.9273502840394289,0.97733833292583,58,carbon_distillation/original/splice_sites_donors/20260701_015744/5d7b0476-af29-4c76-82a1-95dabf78e735/distill_methodvanilla_dkd_alpha1.0_dkd_beta8.0_kl_methodkl_mse_normalizeFalse_temperature1.5_weight_ce0.5_weight_kl0.25_weight_mse2.0_zscoreFalse
box,splice_sites_donors,raw,0.5,0.25,2.0,1.5,box,0.9260017243413738,0.97733833292583,49,carbon_distillation/original/splice_sites_donors/20260701_001832/6cda354d-8bb5-4ed5-b2c8-41f65be34b0f/distill_methodvanilla_dkd_alpha1.0_dkd_beta8.0_kl_methodkl_mse_normalizeFalse_temperature1.5_weight_ce0.5_weight_kl0.25_weight_mse2.0_zscoreFalse
box,splice_sites_donors,raw,0.5,0.25,2.0,4.0,box,0.9253422474021422,0.97733833292583,56,carbon_distillation/original/splice_sites_donors/20260701_015744/d4f085ce-7caf-4792-90b1-0367fda11e57/distill_methodvanilla_dkd_alpha1.0_dkd_beta8.0_kl_methodkl_mse_normalizeFalse_temperature4.0_weight_ce0.5_weight_kl0.25_weight_mse2.0_zscoreFalse
box,splice_sites_donors,raw,0.5,0.25,2.0,2.0,box,0.9235731383379312,0.97733833292583,42,carbon_distillation/original/splice_sites_donors/20260701_002106/816e25a6-6db9-45b8-9fd2-6bff18cbcb97/distill_methodvanilla_dkd_alpha1.0_dkd_beta8.0_kl_methodkl_mse_normalizeFalse_temperature2.0_weight_ce0.5_weight_kl0.25_weight_mse2.0_zscoreFalse
box,splice_sites_donors,raw,0.5,0.25,2.0,1.0,box,0.9227125695387287,0.97733833292583,57,carbon_distillation/original/splice_sites_donors/20260630_233542/12ddfd97-df77-4696-a3c6-c9332eaa1cfe/distill_methodvanilla_dkd_alpha1.0_dkd_beta8.0_kl_methodkl_mse_normalizeFalse_temperature1.0_weight_ce0.5_weight_kl0.25_weight_mse2.0_zscoreFalse
box,splice_sites_donors,raw,0.5,0.25,2.0,0.5,box,0.9166856889784669,0.97733833292583,72,carbon_distillation/original/splice_sites_donors/20260701_015744/323de622-01d9-4275-a17f-52b79d33fd50/distill_methodvanilla_dkd_alpha1.0_dkd_beta8.0_kl_methodkl_mse_normalizeFalse_temperature0.5_weight_ce0.5_weight_kl0.25_weight_mse2.0_zscoreFalse
box,splice_sites_donors,raw,0.5,0.0,2.0,0.5,box,0.9073440661243451,0.97733833292583,40,carbon_distillation/original/splice_sites_donors/20260630_233541/fbf3e4ef-c297-4a8e-8a8b-fc2c224a720a/distill_methodvanilla_dkd_alpha1.0_dkd_beta8.0_kl_methodkl_mse_normalizeFalse_temperature0.5_weight_ce0.5_weight_kl0.0_weight_mse2.0_zscoreFalse
box,splice_sites_donors,raw,0.5,0.0,5.0,0.5,box,0.9037583534604615,0.97733833292583,44,carbon_distillation/original/splice_sites_donors/20260630_233541/f33e424e-8c05-45c9-b118-784c12dcbda8/distill_methodvanilla_dkd_alpha1.0_dkd_beta8.0_kl_methodkl_mse_normalizeFalse_temperature0.5_weight_ce0.5_weight_kl0.0_weight_mse5.0_zscoreFalse
box,splice_sites_donors,raw,0.5,0.25,2.0,4.0,box,0.8416824364716212,0.97733833292583,32,carbon_distillation/original/splice_sites_donors/20260701_002833/f478c9f7-0407-4a23-8262-3828fdcee1d2/distill_methodvanilla_dkd_alpha1.0_dkd_beta8.0_kl_methodkl_mse_normalizeFalse_temperature4.0_weight_ce0.5_weight_kl0.25_weight_mse2.0_zscoreFalse
box,splice_sites_donors,raw,0.5,0.25,2.0,0.5,box,0.7252943933486913,0.97733833292583,19,carbon_distillation/original/splice_sites_donors/20260630_231900/5cc662a3-3ebd-44f6-a5f8-f178a3947668/distill_methodvanilla_dkd_alpha1.0_dkd_beta8.0_kl_methodkl_mse_normalizeFalse_temperature0.5_weight_ce0.5_weight_kl0.25_weight_mse2.0_zscoreFalse
box,splice_sites_donors,raw,0.5,0.25,2.0,1.0,box,0.7218037398290386,0.97733833292583,19,carbon_distillation/original/splice_sites_donors/20260630_231900/9b0a77da-70b2-4dfb-bb72-c4ab428776ef/distill_methodvanilla_dkd_alpha1.0_dkd_beta8.0_kl_methodkl_mse_normalizeFalse_temperature1.0_weight_ce0.5_weight_kl0.25_weight_mse2.0_zscoreFalse
box,splice_sites_donors,raw,0.5,0.0,2.0,0.5,box,0.7149225385597354,0.97733833292583,19,carbon_distillation/original/splice_sites_donors/20260630_231900/a9c833de-f493-43a3-b78d-0bca6635dfcb/distill_methodvanilla_dkd_alpha1.0_dkd_beta8.0_kl_methodkl_mse_normalizeFalse_temperature0.5_weight_ce0.5_weight_kl0.0_weight_mse2.0_zscoreFalse
box,splice_sites_donors,raw,0.5,0.25,2.0,1.5,box,0.7030110778263206,0.97733833292583,19,carbon_distillation/original/splice_sites_donors/20260630_231900/30079932-cbdc-48b7-9860-e81e027faa84/distill_methodvanilla_dkd_alpha1.0_dkd_beta8.0_kl_methodkl_mse_normalizeFalse_temperature1.5_weight_ce0.5_weight_kl0.25_weight_mse2.0_zscoreFalse
box,splice_sites_donors,raw,0.5,0.25,2.0,2.0,box,0.6800814301935496,0.97733833292583,19,carbon_distillation/original/splice_sites_donors/20260630_231900/376625da-5fc3-4d5a-adc2-84bccc2fc136/distill_methodvanilla_dkd_alpha1.0_dkd_beta8.0_kl_methodkl_mse_normalizeFalse_temperature2.0_weight_ce0.5_weight_kl0.25_weight_mse2.0_zscoreFalse
box,splice_sites_donors,raw,0.5,0.25,5.0,0.5,box,0.676592951226586,0.97733833292583,19,carbon_distillation/original/splice_sites_donors/20260630_231900/331ed6a1-c80f-44bb-8e38-d5776f9faa46/distill_methodvanilla_dkd_alpha1.0_dkd_beta8.0_kl_methodkl_mse_normalizeFalse_temperature0.5_weight_ce0.5_weight_kl0.25_weight_mse5.0_zscoreFalse
box,splice_sites_donors,raw,0.5,0.0,5.0,0.5,box,0.6595840401963916,0.97733833292583,19,carbon_distillation/original/splice_sites_donors/20260630_231900/9a0b3933-ee05-49ff-993f-e713b332fd4e/distill_methodvanilla_dkd_alpha1.0_dkd_beta8.0_kl_methodkl_mse_normalizeFalse_temperature0.5_weight_ce0.5_weight_kl0.0_weight_mse5.0_zscoreFalse
box,splice_sites_donors,raw,0.5,0.25,2.0,4.0,box,0.6086709767979753,0.97733833292583,17,carbon_distillation/original/splice_sites_donors/20260630_231900/5f486c0a-66a3-4dd9-b6f7-65d8a4df0e23/distill_methodvanilla_dkd_alpha1.0_dkd_beta8.0_kl_methodkl_mse_normalizeFalse_temperature4.0_weight_ce0.5_weight_kl0.25_weight_mse2.0_zscoreFalse
box,splice_sites_donors,raw,0.5,0.0,1.0,0.5,box,0.3614933512252017,0.97733833292583,4,carbon_distillation/original/splice_sites_donors/20260628_084148/79e9911e-1938-406f-8691-fda1206fc558/distill_methodvanilla_dkd_alpha1.0_dkd_beta8.0_kl_methodkl_mse_normalizeFalse_temperature0.5_weight_ce0.5_weight_kl0.0_weight_mse1.0_zscoreFalse
