variant,task,weight_ce,weight_kl,weight_mse,temperature,lr,batch_size,random_state,best_val_mcc,best_test_mcc,final_test_mcc,best_test_f1,best_epoch,total_epochs,early_stopped,path
raw,H3K4me3,0.5,0.5,0.2,2.0,0.0001,16,,0.5357585649945293,0.4721177114932235,0.4721177114932235,0.7336798613887778,2,2,,${OG_SCRATCH}/carbon_distillation/deploy_120k/H3K4me3/20260618_182709/31a60a5d-f369-48e5-b8d5-bae8157da231/distill_methodvanilla_dkd_alpha1.0_dkd_beta8.0_kl_methodkl_mse_normalizeFalse_temperature2.0_weight_ce0.5_weight_kl0.5_weight_mse0.2_zscoreFalse/final_summary.json
raw,H3K4me3,0.5,0.5,0.2,2.0,0.0001,16,,0.6655686620554094,0.6239776286957627,0.5435819593066946,0.810135367930134,32,200,,${OG_SCRATCH}/carbon_distillation/deploy_120k/H3K4me3/20260618_204737/c99857a6-0369-4b65-8ce2-4dd15a81ce35/distill_methodvanilla_dkd_alpha1.0_dkd_beta8.0_kl_methodkl_mse_normalizeFalse_temperature2.0_weight_ce0.5_weight_kl0.5_weight_mse0.2_zscoreFalse/final_summary.json
l2norm,H3K4me3,0.5,0.5,0.2,2.0,0.0001,16,,0.6703182062756567,0.6135324896823313,0.5517634804319486,0.8066804846938775,60,200,,${OG_SCRATCH}/carbon_distillation/deploy_120k/H3K4me3/20260619_103149/88023b6d-12a4-472f-ac52-f94897bd01a5/distill_methodvanilla_dkd_alpha1.0_dkd_beta8.0_kl_methodkl_mse_normalizeTrue_temperature2.0_weight_ce0.5_weight_kl0.5_weight_mse0.2_zscoreFalse/final_summary.json
raw,H3K4me3,0.5,0.5,0.2,2.0,0.0001,16,,0.5357585649945293,0.4721177114932235,0.4721177114932235,0.7336798613887778,2,2,False,${OG_SCRATCH}/carbon_distillation/deploy_120k/H3K4me3/20260620_040438/add7f31f-61e3-4e8a-bd4c-438f5845a41e/distill_methodvanilla_dkd_alpha1.0_dkd_beta8.0_kl_methodkl_mse_normalizeFalse_temperature2.0_weight_ce0.5_weight_kl0.5_weight_mse0.2_zscoreFalse/final_summary.json
raw,H3K4me3,0.5,0.0,0.0,0.5,0.0001,16,,0.6567672643200393,0.6069312844812591,0.5008056949846069,0.8026302009305943,26,126,True,${OG_SCRATCH}/carbon_distillation/deploy_120k/H3K4me3/20260621_100546/010c6b49-c14c-4e85-8e90-ccee2ea183da/distill_methodvanilla_dkd_alpha1.0_dkd_beta8.0_kl_methodkl_mse_normalizeFalse_temperature0.5_weight_ce0.5_weight_kl0.0_weight_mse0.0_zscoreFalse/final_summary.json
raw,H3K4me3,0.5,0.0,0.0,1.0,0.0001,16,,0.6555235035434744,0.6046693311223912,0.5547892946422975,0.8012876792508048,36,136,True,${OG_SCRATCH}/carbon_distillation/deploy_120k/H3K4me3/20260621_100916/a654b6f8-6ae3-4cd2-b90a-73c3545dd221/distill_methodvanilla_dkd_alpha1.0_dkd_beta8.0_kl_methodkl_mse_normalizeFalse_temperature1.0_weight_ce0.5_weight_kl0.0_weight_mse0.0_zscoreFalse/final_summary.json
raw,H3K4me3,0.5,0.0,0.0,1.5,0.0001,16,,0.6555235035434744,0.6046693311223912,0.5547892946422975,0.8012876792508048,36,136,True,${OG_SCRATCH}/carbon_distillation/deploy_120k/H3K4me3/20260621_101240/da662f39-381c-40b5-ba80-a65fa70d1fdc/distill_methodvanilla_dkd_alpha1.0_dkd_beta8.0_kl_methodkl_mse_normalizeFalse_temperature1.5_weight_ce0.5_weight_kl0.0_weight_mse0.0_zscoreFalse/final_summary.json
raw,H3K4me3,0.5,0.0,0.0,4.0,0.0001,16,,0.6567672643200393,0.6069312844812591,0.5008056949846069,0.8026302009305943,26,126,True,${OG_SCRATCH}/carbon_distillation/deploy_120k/H3K4me3/20260621_101411/11a7e5a3-13b3-4708-9383-bea9ced35961/distill_methodvanilla_dkd_alpha1.0_dkd_beta8.0_kl_methodkl_mse_normalizeFalse_temperature4.0_weight_ce0.5_weight_kl0.0_weight_mse0.0_zscoreFalse/final_summary.json
raw,H3K4me3,0.5,0.0,1.0,0.5,0.0001,16,,0.6636666689978731,0.6152438807045382,0.5084772655661964,0.8064116977893679,31,131,True,${OG_SCRATCH}/carbon_distillation/deploy_120k/H3K4me3/20260621_101411/b1885929-fd4c-4284-8bf1-8ec0b8d6520d/distill_methodvanilla_dkd_alpha1.0_dkd_beta8.0_kl_methodkl_mse_normalizeFalse_temperature0.5_weight_ce0.5_weight_kl0.0_weight_mse1.0_zscoreFalse/final_summary.json
raw,H3K4me3,0.5,0.0,1.0,1.0,0.0001,16,,0.6636666689978731,0.6152438807045382,0.5084772655661964,0.8064116977893679,31,131,True,${OG_SCRATCH}/carbon_distillation/deploy_120k/H3K4me3/20260621_101822/e7900e69-5463-4e9a-875f-40dd72b38e03/distill_methodvanilla_dkd_alpha1.0_dkd_beta8.0_kl_methodkl_mse_normalizeFalse_temperature1.0_weight_ce0.5_weight_kl0.0_weight_mse1.0_zscoreFalse/final_summary.json
raw,H3K4me3,0.5,0.0,0.0,2.0,0.0001,16,,0.6555235035434744,0.6046693311223912,0.5547892946422975,0.8012876792508048,36,136,True,${OG_SCRATCH}/carbon_distillation/deploy_120k/H3K4me3/20260621_102201/c1ba1124-300f-4615-89ae-2a406cff23cb/distill_methodvanilla_dkd_alpha1.0_dkd_beta8.0_kl_methodkl_mse_normalizeFalse_temperature2.0_weight_ce0.5_weight_kl0.0_weight_mse0.0_zscoreFalse/final_summary.json
raw,H3K4me3,0.5,0.0,1.0,1.5,0.0001,16,,0.6657125407272851,0.6031007958444313,0.5180567228856447,0.8015450735005946,43,143,True,${OG_SCRATCH}/carbon_distillation/deploy_120k/H3K4me3/20260621_102428/e1f39f34-c2d5-43ee-aeac-613552ec2856/distill_methodvanilla_dkd_alpha1.0_dkd_beta8.0_kl_methodkl_mse_normalizeFalse_temperature1.5_weight_ce0.5_weight_kl0.0_weight_mse1.0_zscoreFalse/final_summary.json
raw,H3K4me3,0.5,0.0,1.0,4.0,0.0001,16,,0.6636666689978731,0.6152438807045382,0.5084772655661964,0.8064116977893679,31,131,True,${OG_SCRATCH}/carbon_distillation/deploy_120k/H3K4me3/20260621_102639/ecbdd2fc-4a07-4595-90ca-88479bf74e14/distill_methodvanilla_dkd_alpha1.0_dkd_beta8.0_kl_methodkl_mse_normalizeFalse_temperature4.0_weight_ce0.5_weight_kl0.0_weight_mse1.0_zscoreFalse/final_summary.json
raw,H3K4me3,0.5,0.0,2.0,1.5,0.0001,16,,0.6634655161725175,0.6205490041123833,0.40076573117325404,0.807282733883697,41,141,True,${OG_SCRATCH}/carbon_distillation/deploy_120k/H3K4me3/20260621_103215/98af439b-dff7-48cb-8752-058f96f2d893/distill_methodvanilla_dkd_alpha1.0_dkd_beta8.0_kl_methodkl_mse_normalizeFalse_temperature1.5_weight_ce0.5_weight_kl0.0_weight_mse2.0_zscoreFalse/final_summary.json
raw,H3K4me3,0.5,0.0,2.0,1.0,0.0001,16,,0.6621974748390423,0.6045955033757247,0.48393169844684125,0.7995837714175266,33,133,True,${OG_SCRATCH}/carbon_distillation/deploy_120k/H3K4me3/20260621_103246/ceff3642-a819-47ff-b6bf-d9ba67429047/distill_methodvanilla_dkd_alpha1.0_dkd_beta8.0_kl_methodkl_mse_normalizeFalse_temperature1.0_weight_ce0.5_weight_kl0.0_weight_mse2.0_zscoreFalse/final_summary.json
raw,H3K4me3,0.5,0.0,2.0,0.5,0.0001,16,,0.6621974748390423,0.6045955033757247,0.48393169844684125,0.7995837714175266,33,133,True,${OG_SCRATCH}/carbon_distillation/deploy_120k/H3K4me3/20260621_103246/f88ad4f1-3026-4143-a562-8bb225861022/distill_methodvanilla_dkd_alpha1.0_dkd_beta8.0_kl_methodkl_mse_normalizeFalse_temperature0.5_weight_ce0.5_weight_kl0.0_weight_mse2.0_zscoreFalse/final_summary.json
raw,H3K4me3,0.5,0.0,2.0,4.0,0.0001,16,,0.6634655161725175,0.6205490041123833,0.40076573117325404,0.807282733883697,41,141,True,${OG_SCRATCH}/carbon_distillation/deploy_120k/H3K4me3/20260621_103413/63b30097-3060-4a11-8799-f37b4369d403/distill_methodvanilla_dkd_alpha1.0_dkd_beta8.0_kl_methodkl_mse_normalizeFalse_temperature4.0_weight_ce0.5_weight_kl0.0_weight_mse2.0_zscoreFalse/final_summary.json
raw,H3K4me3,0.5,0.0,2.0,2.0,0.0001,16,,0.6634655161725175,0.6205490041123833,0.40076573117325404,0.807282733883697,41,141,True,${OG_SCRATCH}/carbon_distillation/deploy_120k/H3K4me3/20260621_103521/8e8124f2-9da3-4742-8d87-a0fcc56e57ff/distill_methodvanilla_dkd_alpha1.0_dkd_beta8.0_kl_methodkl_mse_normalizeFalse_temperature2.0_weight_ce0.5_weight_kl0.0_weight_mse2.0_zscoreFalse/final_summary.json
raw,H3K4me3,0.5,0.0,1.0,2.0,0.0001,16,,0.6657125407272851,0.6031007958444313,0.5180567228856447,0.8015450735005946,43,143,True,${OG_SCRATCH}/carbon_distillation/deploy_120k/H3K4me3/20260621_103521/449ec70c-1985-4e9b-b4ac-993802655538/distill_methodvanilla_dkd_alpha1.0_dkd_beta8.0_kl_methodkl_mse_normalizeFalse_temperature2.0_weight_ce0.5_weight_kl0.0_weight_mse1.0_zscoreFalse/final_summary.json
raw,H3K4me3,0.5,0.0,5.0,0.5,0.0001,16,,0.6634250807016435,0.6108267710031133,0.46392368911110105,0.8054120479926932,43,143,True,${OG_SCRATCH}/carbon_distillation/deploy_120k/H3K4me3/20260621_103741/46a60d7b-8ae6-4495-a858-f646f8f56eba/distill_methodvanilla_dkd_alpha1.0_dkd_beta8.0_kl_methodkl_mse_normalizeFalse_temperature0.5_weight_ce0.5_weight_kl0.0_weight_mse5.0_zscoreFalse/final_summary.json
raw,H3K4me3,0.5,0.0,5.0,1.5,0.0001,16,,0.6634241984641038,0.6185649188148014,0.4844120696749971,0.809277083623948,43,143,True,${OG_SCRATCH}/carbon_distillation/deploy_120k/H3K4me3/20260621_104123/6172cfa8-99d0-4a80-9c24-a222013f7bf8/distill_methodvanilla_dkd_alpha1.0_dkd_beta8.0_kl_methodkl_mse_normalizeFalse_temperature1.5_weight_ce0.5_weight_kl0.0_weight_mse5.0_zscoreFalse/final_summary.json
raw,H3K4me3,0.5,0.0,5.0,4.0,0.0001,16,,0.6634250807016435,0.6108267710031133,0.46392368911110105,0.8054120479926932,43,143,True,${OG_SCRATCH}/carbon_distillation/deploy_120k/H3K4me3/20260621_104644/69d52cc9-aa67-4d93-b57f-83fb0258f5d9/distill_methodvanilla_dkd_alpha1.0_dkd_beta8.0_kl_methodkl_mse_normalizeFalse_temperature4.0_weight_ce0.5_weight_kl0.0_weight_mse5.0_zscoreFalse/final_summary.json
raw,H3K4me3,0.5,0.0,5.0,2.0,0.0001,16,,0.6634241984641038,0.6185649188148014,0.4844120696749971,0.809277083623948,43,143,True,${OG_SCRATCH}/carbon_distillation/deploy_120k/H3K4me3/20260621_104741/acbc34ce-71c1-488e-98d9-c2f18107ebe1/distill_methodvanilla_dkd_alpha1.0_dkd_beta8.0_kl_methodkl_mse_normalizeFalse_temperature2.0_weight_ce0.5_weight_kl0.0_weight_mse5.0_zscoreFalse/final_summary.json
raw,H3K4me3,0.5,0.0,5.0,1.0,0.0001,16,,0.6634250807016435,0.6108267710031133,0.46392368911110105,0.8054120479926932,43,143,True,${OG_SCRATCH}/carbon_distillation/deploy_120k/H3K4me3/20260621_104843/b4722cc7-5a05-4a52-a987-bc144af719f7/distill_methodvanilla_dkd_alpha1.0_dkd_beta8.0_kl_methodkl_mse_normalizeFalse_temperature1.0_weight_ce0.5_weight_kl0.0_weight_mse5.0_zscoreFalse/final_summary.json
raw,H3K4me3,0.5,0.25,0.0,1.0,0.0001,16,,0.6642565040755398,0.604451419169448,0.4938468042199453,0.8013233582709891,48,148,True,${OG_SCRATCH}/carbon_distillation/deploy_120k/H3K4me3/20260621_105148/13368b9c-6992-4434-b84b-14777f47bfb0/distill_methodvanilla_dkd_alpha1.0_dkd_beta8.0_kl_methodkl_mse_normalizeFalse_temperature1.0_weight_ce0.5_weight_kl0.25_weight_mse0.0_zscoreFalse/final_summary.json
raw,H3K4me3,0.5,0.25,0.0,0.5,0.0001,16,,0.6590119181245129,0.6084495398738103,0.5485017334568926,0.8040911778579449,48,148,True,${OG_SCRATCH}/carbon_distillation/deploy_120k/H3K4me3/20260621_105354/0b10e89f-4b63-4ed4-9175-f8f9985ed351/distill_methodvanilla_dkd_alpha1.0_dkd_beta8.0_kl_methodkl_mse_normalizeFalse_temperature0.5_weight_ce0.5_weight_kl0.25_weight_mse0.0_zscoreFalse/final_summary.json
raw,H3K4me3,0.5,0.25,0.0,1.5,0.0001,16,,0.6670726469417205,0.6073689841363241,0.5682876590481989,0.8025593055451621,42,142,True,${OG_SCRATCH}/carbon_distillation/deploy_120k/H3K4me3/20260621_105535/79307f55-c04b-4475-8290-01631fc3b3e4/distill_methodvanilla_dkd_alpha1.0_dkd_beta8.0_kl_methodkl_mse_normalizeFalse_temperature1.5_weight_ce0.5_weight_kl0.25_weight_mse0.0_zscoreFalse/final_summary.json
raw,H3K4me3,0.5,0.25,0.0,4.0,0.0001,16,,0.6783779545474098,0.6340543134850355,0.547820077769004,0.8170054470572605,63,163,True,${OG_SCRATCH}/carbon_distillation/deploy_120k/H3K4me3/20260621_105802/35de2668-4242-4dbd-bd1d-be123392a71d/distill_methodvanilla_dkd_alpha1.0_dkd_beta8.0_kl_methodkl_mse_normalizeFalse_temperature4.0_weight_ce0.5_weight_kl0.25_weight_mse0.0_zscoreFalse/final_summary.json
raw,H3K4me3,0.5,0.25,1.0,0.5,0.0001,16,,0.6659189693353509,0.6061232221807219,0.5361109642475096,0.8027613543295051,43,143,True,${OG_SCRATCH}/carbon_distillation/deploy_120k/H3K4me3/20260621_105912/5bf6433c-ecf6-4490-86fe-735388ceda80/distill_methodvanilla_dkd_alpha1.0_dkd_beta8.0_kl_methodkl_mse_normalizeFalse_temperature0.5_weight_ce0.5_weight_kl0.25_weight_mse1.0_zscoreFalse/final_summary.json
raw,H3K4me3,0.5,0.25,1.0,1.0,0.0001,16,,0.6657387099365152,0.6237196264715914,0.5554702586308969,0.8118544203317325,32,132,True,${OG_SCRATCH}/carbon_distillation/deploy_120k/H3K4me3/20260621_110118/915b82e0-c1fc-4f37-9955-d2959637e3ac/distill_methodvanilla_dkd_alpha1.0_dkd_beta8.0_kl_methodkl_mse_normalizeFalse_temperature1.0_weight_ce0.5_weight_kl0.25_weight_mse1.0_zscoreFalse/final_summary.json
raw,H3K4me3,0.5,0.25,0.0,2.0,0.0001,16,,0.6750541080722031,0.6147839220612334,0.5309348886493712,0.8064837905236908,42,142,True,${OG_SCRATCH}/carbon_distillation/deploy_120k/H3K4me3/20260621_110234/843be8a0-04db-423f-a77a-ee7e725f8735/distill_methodvanilla_dkd_alpha1.0_dkd_beta8.0_kl_methodkl_mse_normalizeFalse_temperature2.0_weight_ce0.5_weight_kl0.25_weight_mse0.0_zscoreFalse/final_summary.json
raw,H3K4me3,0.5,0.25,1.0,2.0,0.0001,16,,0.670096883922184,0.6061976141761888,0.5802226763189399,0.7993216176399435,52,152,True,${OG_SCRATCH}/carbon_distillation/deploy_120k/H3K4me3/20260621_110423/36def6fb-43ee-44fe-87aa-32b700445be7/distill_methodvanilla_dkd_alpha1.0_dkd_beta8.0_kl_methodkl_mse_normalizeFalse_temperature2.0_weight_ce0.5_weight_kl0.25_weight_mse1.0_zscoreFalse/final_summary.json
raw,H3K4me3,0.5,0.25,1.0,1.5,0.0001,16,,0.6666431490467191,0.6246311796774203,0.5711852999750112,0.8100367197062424,39,139,True,${OG_SCRATCH}/carbon_distillation/deploy_120k/H3K4me3/20260621_110652/158f7d9e-a702-4a29-a313-b649336f3b81/distill_methodvanilla_dkd_alpha1.0_dkd_beta8.0_kl_methodkl_mse_normalizeFalse_temperature1.5_weight_ce0.5_weight_kl0.25_weight_mse1.0_zscoreFalse/final_summary.json
raw,H3K4me3,0.5,0.25,1.0,4.0,0.0001,16,,0.6679858246813104,0.6145789161792802,0.5757547371189707,0.8065159574468085,43,143,True,${OG_SCRATCH}/carbon_distillation/deploy_120k/H3K4me3/20260621_111045/075193a1-872c-4f0d-b714-cfd62fdc6684/distill_methodvanilla_dkd_alpha1.0_dkd_beta8.0_kl_methodkl_mse_normalizeFalse_temperature4.0_weight_ce0.5_weight_kl0.25_weight_mse1.0_zscoreFalse/final_summary.json
raw,H3K4me3,0.5,0.25,2.0,1.0,0.0001,16,,0.6691472226123406,0.631445396184653,0.4990060640488511,0.8157213434632788,32,132,True,${OG_SCRATCH}/carbon_distillation/deploy_120k/H3K4me3/20260621_111242/a4f7e0c9-3644-4db8-98f8-f835a1f5cef8/distill_methodvanilla_dkd_alpha1.0_dkd_beta8.0_kl_methodkl_mse_normalizeFalse_temperature1.0_weight_ce0.5_weight_kl0.25_weight_mse2.0_zscoreFalse/final_summary.json
raw,H3K4me3,0.5,0.25,2.0,2.0,0.0001,16,,0.6743804452722568,0.6157708139751906,0.582848746935157,0.8063292402915044,48,148,True,${OG_SCRATCH}/carbon_distillation/deploy_120k/H3K4me3/20260621_111602/9f04c94e-0457-4a54-891d-a84fba2f998d/distill_methodvanilla_dkd_alpha1.0_dkd_beta8.0_kl_methodkl_mse_normalizeFalse_temperature2.0_weight_ce0.5_weight_kl0.25_weight_mse2.0_zscoreFalse/final_summary.json
raw,H3K4me3,0.5,0.25,2.0,1.5,0.0001,16,,0.6769867003052773,0.6245416051303463,0.5747441769354189,0.8117306107255856,43,143,True,${OG_SCRATCH}/carbon_distillation/deploy_120k/H3K4me3/20260621_111646/931df1da-1d2f-4361-b638-4a33259f6cc4/distill_methodvanilla_dkd_alpha1.0_dkd_beta8.0_kl_methodkl_mse_normalizeFalse_temperature1.5_weight_ce0.5_weight_kl0.25_weight_mse2.0_zscoreFalse/final_summary.json
raw,H3K4me3,0.5,0.25,2.0,0.5,0.0001,16,,0.6637678729086945,0.6275927750167913,0.5536762781121463,0.8129501904244195,35,135,True,${OG_SCRATCH}/carbon_distillation/deploy_120k/H3K4me3/20260621_112148/85a7f2c9-94db-464c-a64d-d932d8ec56eb/distill_methodvanilla_dkd_alpha1.0_dkd_beta8.0_kl_methodkl_mse_normalizeFalse_temperature0.5_weight_ce0.5_weight_kl0.25_weight_mse2.0_zscoreFalse/final_summary.json
raw,H3K4me3,0.5,0.25,5.0,0.5,0.0001,16,,0.661503402839289,0.6111856955075314,0.47682288089399727,0.8036528768236085,31,131,True,${OG_SCRATCH}/carbon_distillation/deploy_120k/H3K4me3/20260621_112339/e73e3f17-db55-4e7b-a270-11ac04f0f25a/distill_methodvanilla_dkd_alpha1.0_dkd_beta8.0_kl_methodkl_mse_normalizeFalse_temperature0.5_weight_ce0.5_weight_kl0.25_weight_mse5.0_zscoreFalse/final_summary.json
raw,H3K4me3,0.5,0.25,2.0,4.0,0.0001,16,,0.6705639638280169,0.6247163824034787,0.5651109559379682,0.8117043271308244,41,141,True,${OG_SCRATCH}/carbon_distillation/deploy_120k/H3K4me3/20260621_112408/2940d84e-2c22-432f-96f4-255a554d7963/distill_methodvanilla_dkd_alpha1.0_dkd_beta8.0_kl_methodkl_mse_normalizeFalse_temperature4.0_weight_ce0.5_weight_kl0.25_weight_mse2.0_zscoreFalse/final_summary.json
raw,H3K4me3,0.5,0.25,5.0,1.0,0.0001,16,,0.6644923095346741,0.6078726978744124,0.5371109855684465,0.8024778443054,31,131,True,${OG_SCRATCH}/carbon_distillation/deploy_120k/H3K4me3/20260621_112600/2fd8e83b-b86a-443f-b21f-f20e948076a7/distill_methodvanilla_dkd_alpha1.0_dkd_beta8.0_kl_methodkl_mse_normalizeFalse_temperature1.0_weight_ce0.5_weight_kl0.25_weight_mse5.0_zscoreFalse/final_summary.json
raw,H3K4me3,0.5,0.25,5.0,4.0,0.0001,16,,0.672728168119462,0.6316132411657703,0.5533998484241572,0.8156968584691785,31,131,True,${OG_SCRATCH}/carbon_distillation/deploy_120k/H3K4me3/20260621_112823/5a15bf97-d270-40d2-9690-cb506fa13e62/distill_methodvanilla_dkd_alpha1.0_dkd_beta8.0_kl_methodkl_mse_normalizeFalse_temperature4.0_weight_ce0.5_weight_kl0.25_weight_mse5.0_zscoreFalse/final_summary.json
raw,H3K4me3,0.5,0.25,5.0,2.0,0.0001,16,,0.6704008412054964,0.623785928486339,0.5460405795309279,0.8118444215630917,38,138,True,${OG_SCRATCH}/carbon_distillation/deploy_120k/H3K4me3/20260621_112826/0923caac-f1e5-4b9e-9f1b-bdd38bd5931b/distill_methodvanilla_dkd_alpha1.0_dkd_beta8.0_kl_methodkl_mse_normalizeFalse_temperature2.0_weight_ce0.5_weight_kl0.25_weight_mse5.0_zscoreFalse/final_summary.json
raw,H3K4me3,0.5,0.25,5.0,1.5,0.0001,16,,0.6709871080317259,0.6368539258136846,0.5440107386848317,0.8182624511049654,32,132,True,${OG_SCRATCH}/carbon_distillation/deploy_120k/H3K4me3/20260621_112958/9551a8a0-e4eb-498f-9c5d-25fb9abb183a/distill_methodvanilla_dkd_alpha1.0_dkd_beta8.0_kl_methodkl_mse_normalizeFalse_temperature1.5_weight_ce0.5_weight_kl0.25_weight_mse5.0_zscoreFalse/final_summary.json
raw,H3K4me3,0.5,0.5,0.0,1.0,0.0001,16,,0.6634888828704618,0.6154989450119808,0.5155255607325115,0.806371766208879,42,142,True,${OG_SCRATCH}/carbon_distillation/deploy_120k/H3K4me3/20260621_113337/00c029f9-d106-47b7-9259-e34ce9711530/distill_methodvanilla_dkd_alpha1.0_dkd_beta8.0_kl_methodkl_mse_normalizeFalse_temperature1.0_weight_ce0.5_weight_kl0.5_weight_mse0.0_zscoreFalse/final_summary.json
raw,H3K4me3,0.5,0.5,0.0,1.5,0.0001,16,,0.6668772465937601,0.623918595972297,0.5801805491900863,0.8118244208372365,63,163,True,${OG_SCRATCH}/carbon_distillation/deploy_120k/H3K4me3/20260621_113540/365e2f5c-d3a3-42ee-bf11-77d9b1111513/distill_methodvanilla_dkd_alpha1.0_dkd_beta8.0_kl_methodkl_mse_normalizeFalse_temperature1.5_weight_ce0.5_weight_kl0.5_weight_mse0.0_zscoreFalse/final_summary.json
raw,H3K4me3,0.5,0.5,0.0,2.0,0.0001,16,,0.6751647274232925,0.6163254206232295,0.5443371672491817,0.807935788122065,54,154,True,${OG_SCRATCH}/carbon_distillation/deploy_120k/H3K4me3/20260621_113947/19a1e2c5-3afc-45f2-b292-4495b6ab090f/distill_methodvanilla_dkd_alpha1.0_dkd_beta8.0_kl_methodkl_mse_normalizeFalse_temperature2.0_weight_ce0.5_weight_kl0.5_weight_mse0.0_zscoreFalse/final_summary.json
raw,H3K4me3,0.5,0.5,0.0,0.5,0.0001,16,,0.6647931671367714,0.616145161790282,0.511458893143379,0.8079638595238293,43,143,True,${OG_SCRATCH}/carbon_distillation/deploy_120k/H3K4me3/20260621_114206/1b33cfe4-df93-4b92-ae6a-120861312e45/distill_methodvanilla_dkd_alpha1.0_dkd_beta8.0_kl_methodkl_mse_normalizeFalse_temperature0.5_weight_ce0.5_weight_kl0.5_weight_mse0.0_zscoreFalse/final_summary.json
raw,H3K4me3,0.5,0.5,0.0,4.0,0.0001,16,,0.6844825202354051,0.6241177560111969,0.573660647475089,0.8117944117744775,60,160,True,${OG_SCRATCH}/carbon_distillation/deploy_120k/H3K4me3/20260621_114651/9c19fc97-b143-4972-92c3-c08fdb6462e7/distill_methodvanilla_dkd_alpha1.0_dkd_beta8.0_kl_methodkl_mse_normalizeFalse_temperature4.0_weight_ce0.5_weight_kl0.5_weight_mse0.0_zscoreFalse/final_summary.json
raw,H3K4me3,0.5,0.5,1.0,1.0,0.0001,16,,0.6713164651550406,0.6092275464761197,0.5788287614163061,0.8039661487937351,31,131,True,${OG_SCRATCH}/carbon_distillation/deploy_120k/H3K4me3/20260621_114709/676db8c2-48c6-4e3d-90cb-bb8f60797931/distill_methodvanilla_dkd_alpha1.0_dkd_beta8.0_kl_methodkl_mse_normalizeFalse_temperature1.0_weight_ce0.5_weight_kl0.5_weight_mse1.0_zscoreFalse/final_summary.json
raw,H3K4me3,0.5,0.5,1.0,1.5,0.0001,16,,0.6690558882566475,0.6045955033757247,0.5758352823911115,0.7995837714175266,48,148,True,${OG_SCRATCH}/carbon_distillation/deploy_120k/H3K4me3/20260621_115211/2aa4bf8e-a36d-432d-b045-b2b3d888838f/distill_methodvanilla_dkd_alpha1.0_dkd_beta8.0_kl_methodkl_mse_normalizeFalse_temperature1.5_weight_ce0.5_weight_kl0.5_weight_mse1.0_zscoreFalse/final_summary.json
raw,H3K4me3,0.5,0.5,1.0,2.0,0.0001,16,,0.6674259917847276,0.6097851643489068,0.5859103516930284,0.8021697872702036,48,148,True,${OG_SCRATCH}/carbon_distillation/deploy_120k/H3K4me3/20260621_115416/7fbbd269-97cc-4001-b369-19ebe17ade0e/distill_methodvanilla_dkd_alpha1.0_dkd_beta8.0_kl_methodkl_mse_normalizeFalse_temperature2.0_weight_ce0.5_weight_kl0.5_weight_mse1.0_zscoreFalse/final_summary.json
raw,H3K4me3,0.5,0.5,2.0,2.0,0.0001,16,,0.669384067480866,0.618852747755276,0.5697737231956452,0.8092327318149202,31,131,True,${OG_SCRATCH}/carbon_distillation/deploy_120k/H3K4me3/20260621_115623/14accb45-0230-43eb-9f2c-8615095cf178/distill_methodvanilla_dkd_alpha1.0_dkd_beta8.0_kl_methodkl_mse_normalizeFalse_temperature2.0_weight_ce0.5_weight_kl0.5_weight_mse2.0_zscoreFalse/final_summary.json
raw,H3K4me3,0.5,0.5,1.0,0.5,0.0001,16,,0.6647931671367714,0.6263906088511959,0.5183322575115863,0.8131291239223619,38,138,True,${OG_SCRATCH}/carbon_distillation/deploy_120k/H3K4me3/20260621_115640/129368a6-2793-440e-98c0-4c346e660ee6/distill_methodvanilla_dkd_alpha1.0_dkd_beta8.0_kl_methodkl_mse_normalizeFalse_temperature0.5_weight_ce0.5_weight_kl0.5_weight_mse1.0_zscoreFalse/final_summary.json
raw,H3K4me3,0.5,0.5,2.0,0.5,0.0001,16,,0.667270956090349,0.6189597580276333,0.5312737923070519,0.8092162530316622,43,143,True,${OG_SCRATCH}/carbon_distillation/deploy_120k/H3K4me3/20260621_115721/c625fe2b-baeb-42d8-aaa8-547ba7b475f9/distill_methodvanilla_dkd_alpha1.0_dkd_beta8.0_kl_methodkl_mse_normalizeFalse_temperature0.5_weight_ce0.5_weight_kl0.5_weight_mse2.0_zscoreFalse/final_summary.json
raw,H3K4me3,0.5,0.5,1.0,4.0,0.0001,16,,0.6712297444125785,0.6181505413272071,0.5839968753575231,0.8059586045022937,39,139,True,${OG_SCRATCH}/carbon_distillation/deploy_120k/H3K4me3/20260621_115721/88c9367d-63d2-40e1-9abe-4bb009cb1265/distill_methodvanilla_dkd_alpha1.0_dkd_beta8.0_kl_methodkl_mse_normalizeFalse_temperature4.0_weight_ce0.5_weight_kl0.5_weight_mse1.0_zscoreFalse/final_summary.json
raw,H3K4me3,0.5,0.5,2.0,1.0,0.0001,16,,0.6780436932591606,0.5892900070318431,0.5499361390418869,0.7882744825623729,47,147,True,${OG_SCRATCH}/carbon_distillation/deploy_120k/H3K4me3/20260621_115723/bce771a3-445e-4713-b330-ffedd0361cc4/distill_methodvanilla_dkd_alpha1.0_dkd_beta8.0_kl_methodkl_mse_normalizeFalse_temperature1.0_weight_ce0.5_weight_kl0.5_weight_mse2.0_zscoreFalse/final_summary.json
raw,H3K4me3,0.5,0.5,2.0,4.0,0.0001,16,,0.6691476562315695,0.6160305339395169,0.5987341007861171,0.8079817188711802,31,131,True,${OG_SCRATCH}/carbon_distillation/deploy_120k/H3K4me3/20260621_115758/39c7bb08-3edb-4d2e-8679-3ed7e5200b0f/distill_methodvanilla_dkd_alpha1.0_dkd_beta8.0_kl_methodkl_mse_normalizeFalse_temperature4.0_weight_ce0.5_weight_kl0.5_weight_mse2.0_zscoreFalse/final_summary.json
raw,H3K4me3,0.5,0.5,2.0,1.5,0.0001,16,,0.672960917051791,0.6251164249530188,0.5969939338727607,0.8116442227763924,41,141,True,${OG_SCRATCH}/carbon_distillation/deploy_120k/H3K4me3/20260621_115925/34f7ff11-dd04-4889-b39e-6022b46bdf61/distill_methodvanilla_dkd_alpha1.0_dkd_beta8.0_kl_methodkl_mse_normalizeFalse_temperature1.5_weight_ce0.5_weight_kl0.5_weight_mse2.0_zscoreFalse/final_summary.json
raw,H3K4me3,0.5,0.5,5.0,1.0,0.0001,16,,0.6692939131586901,0.6329490198041019,0.5619751376081858,0.8138344662135146,42,142,True,${OG_SCRATCH}/carbon_distillation/deploy_120k/H3K4me3/20260621_121321/2ba647a6-4273-4e35-90b4-a6ffd077e720/distill_methodvanilla_dkd_alpha1.0_dkd_beta8.0_kl_methodkl_mse_normalizeFalse_temperature1.0_weight_ce0.5_weight_kl0.5_weight_mse5.0_zscoreFalse/final_summary.json
raw,H3K4me3,0.5,0.5,5.0,0.5,0.0001,16,,0.664590599493389,0.6185895741317419,0.5630782155902672,0.8092732828484124,32,132,True,${OG_SCRATCH}/carbon_distillation/deploy_120k/H3K4me3/20260621_121405/a9fadf94-48ff-483a-bf5d-7b76c17829e8/distill_methodvanilla_dkd_alpha1.0_dkd_beta8.0_kl_methodkl_mse_normalizeFalse_temperature0.5_weight_ce0.5_weight_kl0.5_weight_mse5.0_zscoreFalse/final_summary.json
raw,H3K4me3,0.5,1.0,0.0,0.5,0.0001,16,,0.6706659468947874,0.6078726978744124,0.5390627805777484,0.8024778443054,42,142,True,${OG_SCRATCH}/carbon_distillation/deploy_120k/H3K4me3/20260621_121447/94eb8def-b8e3-4d53-966e-58a6805a732c/distill_methodvanilla_dkd_alpha1.0_dkd_beta8.0_kl_methodkl_mse_normalizeFalse_temperature0.5_weight_ce0.5_weight_kl1.0_weight_mse0.0_zscoreFalse/final_summary.json
raw,H3K4me3,0.5,0.5,5.0,4.0,0.0001,16,,0.6731456940651969,0.6322017543598274,0.570423734467662,0.8156111097264109,43,143,True,${OG_SCRATCH}/carbon_distillation/deploy_120k/H3K4me3/20260621_121521/78f4ec18-67fe-48d9-a578-7648a08fb4f9/distill_methodvanilla_dkd_alpha1.0_dkd_beta8.0_kl_methodkl_mse_normalizeFalse_temperature4.0_weight_ce0.5_weight_kl0.5_weight_mse5.0_zscoreFalse/final_summary.json
raw,H3K4me3,0.5,0.5,5.0,2.0,0.0001,16,,0.6724850741947017,0.6329777365793943,0.5611014785190314,0.8154982899573862,50,150,True,${OG_SCRATCH}/carbon_distillation/deploy_120k/H3K4me3/20260621_121521/9094918f-dedd-41fb-b3dd-230a12be1c0b/distill_methodvanilla_dkd_alpha1.0_dkd_beta8.0_kl_methodkl_mse_normalizeFalse_temperature2.0_weight_ce0.5_weight_kl0.5_weight_mse5.0_zscoreFalse/final_summary.json
raw,H3K4me3,0.5,0.5,5.0,1.5,0.0001,16,,0.6712958199335133,0.6211856011691362,0.563776344590806,0.8105591454635133,23,123,True,${OG_SCRATCH}/carbon_distillation/deploy_120k/H3K4me3/20260621_122251/37748f67-4f63-489e-9a26-57889fa03bee/distill_methodvanilla_dkd_alpha1.0_dkd_beta8.0_kl_methodkl_mse_normalizeFalse_temperature1.5_weight_ce0.5_weight_kl0.5_weight_mse5.0_zscoreFalse/final_summary.json
raw,H3K4me3,0.5,1.0,0.0,1.5,0.0001,16,,0.6704997687755437,0.6347039897253621,0.5905377461201654,0.8169117989140187,45,145,True,${OG_SCRATCH}/carbon_distillation/deploy_120k/H3K4me3/20260621_122439/89b27b08-a4c1-42f4-a8e2-5944e2d2fa53/distill_methodvanilla_dkd_alpha1.0_dkd_beta8.0_kl_methodkl_mse_normalizeFalse_temperature1.5_weight_ce0.5_weight_kl1.0_weight_mse0.0_zscoreFalse/final_summary.json
raw,H3K4me3,0.5,1.0,0.0,2.0,0.0001,16,,0.6777289766772788,0.6352370310088358,0.5341458501818002,0.8168351063829787,60,160,True,${OG_SCRATCH}/carbon_distillation/deploy_120k/H3K4me3/20260621_122442/9913e1ae-44d4-4f12-aa82-eea87df2223e/distill_methodvanilla_dkd_alpha1.0_dkd_beta8.0_kl_methodkl_mse_normalizeFalse_temperature2.0_weight_ce0.5_weight_kl1.0_weight_mse0.0_zscoreFalse/final_summary.json
raw,H3K4me3,0.5,1.0,0.0,1.0,0.0001,16,,0.6633748822098572,0.6103266849698633,0.5362606114142058,0.8037900564249973,26,126,True,${OG_SCRATCH}/carbon_distillation/deploy_120k/H3K4me3/20260621_122856/6990ed0f-6cdd-4af3-a5be-05873791d10d/distill_methodvanilla_dkd_alpha1.0_dkd_beta8.0_kl_methodkl_mse_normalizeFalse_temperature1.0_weight_ce0.5_weight_kl1.0_weight_mse0.0_zscoreFalse/final_summary.json
raw,H3K4me3,0.5,1.0,0.0,4.0,0.0001,16,,0.678402434980365,0.63456038293545,0.5499361390418869,0.8169324827219564,63,163,True,${OG_SCRATCH}/carbon_distillation/deploy_120k/H3K4me3/20260621_123024/d725d24c-50c4-41ea-9a7e-29d175b5fd4e/distill_methodvanilla_dkd_alpha1.0_dkd_beta8.0_kl_methodkl_mse_normalizeFalse_temperature4.0_weight_ce0.5_weight_kl1.0_weight_mse0.0_zscoreFalse/final_summary.json
raw,H3K4me3,0.5,1.0,1.0,0.5,0.0001,16,,0.666286502440277,0.6163254206232295,0.5309913275544869,0.807935788122065,42,142,True,${OG_SCRATCH}/carbon_distillation/deploy_120k/H3K4me3/20260621_123233/9034aa48-64a8-41aa-808b-8a464dbfe446/distill_methodvanilla_dkd_alpha1.0_dkd_beta8.0_kl_methodkl_mse_normalizeFalse_temperature0.5_weight_ce0.5_weight_kl1.0_weight_mse1.0_zscoreFalse/final_summary.json
raw,H3K4me3,0.5,1.0,1.0,1.0,0.0001,16,,0.6658817003542787,0.6142638571931478,0.5369463121484445,0.8048676508547115,35,135,True,${OG_SCRATCH}/carbon_distillation/deploy_120k/H3K4me3/20260621_123233/33cd8128-6177-46b5-9c3d-d693de1a598b/distill_methodvanilla_dkd_alpha1.0_dkd_beta8.0_kl_methodkl_mse_normalizeFalse_temperature1.0_weight_ce0.5_weight_kl1.0_weight_mse1.0_zscoreFalse/final_summary.json
raw,H3K4me3,0.5,1.0,1.0,2.0,0.0001,16,,0.6689440985308337,0.6182194671999344,0.580111202169885,0.8076418222320563,35,135,True,${OG_SCRATCH}/carbon_distillation/deploy_120k/H3K4me3/20260621_123243/ebecb724-89f7-45ae-a61a-3a68e7939f93/distill_methodvanilla_dkd_alpha1.0_dkd_beta8.0_kl_methodkl_mse_normalizeFalse_temperature2.0_weight_ce0.5_weight_kl1.0_weight_mse1.0_zscoreFalse/final_summary.json
raw,H3K4me3,0.5,1.0,1.0,4.0,0.0001,16,,0.6736585119909316,0.6189862190662562,0.5901746986758399,0.805829129634078,39,139,True,${OG_SCRATCH}/carbon_distillation/deploy_120k/H3K4me3/20260621_123414/54cc378e-d8b3-4692-8e4f-846264638290/distill_methodvanilla_dkd_alpha1.0_dkd_beta8.0_kl_methodkl_mse_normalizeFalse_temperature4.0_weight_ce0.5_weight_kl1.0_weight_mse1.0_zscoreFalse/final_summary.json
raw,H3K4me3,0.5,1.0,2.0,0.5,0.0001,16,,0.6702931458677577,0.623785928486339,0.5450257685214718,0.8118444215630917,16,116,True,${OG_SCRATCH}/carbon_distillation/deploy_120k/H3K4me3/20260621_123821/7e0cee6a-c2d6-4e02-b3ad-3ffc3d270bfe/distill_methodvanilla_dkd_alpha1.0_dkd_beta8.0_kl_methodkl_mse_normalizeFalse_temperature0.5_weight_ce0.5_weight_kl1.0_weight_mse2.0_zscoreFalse/final_summary.json
raw,H3K4me3,0.5,1.0,2.0,1.0,0.0001,16,,0.6704594497581379,0.6129559989631129,0.5449468128746624,0.8033713858956577,39,139,True,${OG_SCRATCH}/carbon_distillation/deploy_120k/H3K4me3/20260621_124330/c533acb7-759b-4951-884c-d364ce68d68a/distill_methodvanilla_dkd_alpha1.0_dkd_beta8.0_kl_methodkl_mse_normalizeFalse_temperature1.0_weight_ce0.5_weight_kl1.0_weight_mse2.0_zscoreFalse/final_summary.json
raw,H3K4me3,0.5,1.0,1.0,1.5,0.0001,16,,0.6684770037789006,0.6080774162555085,0.5459040731077643,0.799015799015799,51,151,True,${OG_SCRATCH}/carbon_distillation/deploy_120k/H3K4me3/20260621_124625/fd9e5587-aedf-44c7-802a-e04f938a931b/distill_methodvanilla_dkd_alpha1.0_dkd_beta8.0_kl_methodkl_mse_normalizeFalse_temperature1.5_weight_ce0.5_weight_kl1.0_weight_mse1.0_zscoreFalse/final_summary.json
raw,H3K4me3,0.5,1.0,2.0,2.0,0.0001,16,,0.6658972444440069,0.6028340884000458,0.5419985235613544,0.7929572856100078,47,147,True,${OG_SCRATCH}/carbon_distillation/deploy_120k/H3K4me3/20260621_125036/482ead6f-0f69-4762-bec9-53d3e8c498eb/distill_methodvanilla_dkd_alpha1.0_dkd_beta8.0_kl_methodkl_mse_normalizeFalse_temperature2.0_weight_ce0.5_weight_kl1.0_weight_mse2.0_zscoreFalse/final_summary.json
raw,H3K4me3,0.5,1.0,2.0,4.0,0.0001,16,,0.673144407852619,0.6225728063646904,0.5938644109834935,0.8086632013861121,52,152,True,${OG_SCRATCH}/carbon_distillation/deploy_120k/H3K4me3/20260621_125240/d5b671b6-b6b0-41ec-9b65-9abfb8a4c239/distill_methodvanilla_dkd_alpha1.0_dkd_beta8.0_kl_methodkl_mse_normalizeFalse_temperature4.0_weight_ce0.5_weight_kl1.0_weight_mse2.0_zscoreFalse/final_summary.json
raw,H3K4me3,0.5,1.0,5.0,1.0,0.0001,16,,0.6726943491855591,0.6251164249530188,0.5807481459512397,0.8116442227763924,41,141,True,${OG_SCRATCH}/carbon_distillation/deploy_120k/H3K4me3/20260621_125359/9028f2aa-e2f8-401e-9e8e-b49fb868a294/distill_methodvanilla_dkd_alpha1.0_dkd_beta8.0_kl_methodkl_mse_normalizeFalse_temperature1.0_weight_ce0.5_weight_kl1.0_weight_mse5.0_zscoreFalse/final_summary.json
raw,H3K4me3,0.5,1.0,2.0,1.5,0.0001,16,,0.6686476640098574,0.6242957689394348,0.574120864675041,0.8100873213408696,35,135,True,${OG_SCRATCH}/carbon_distillation/deploy_120k/H3K4me3/20260621_125432/07d5a1b3-706e-4e9c-b759-f599cb1313d1/distill_methodvanilla_dkd_alpha1.0_dkd_beta8.0_kl_methodkl_mse_normalizeFalse_temperature1.5_weight_ce0.5_weight_kl1.0_weight_mse2.0_zscoreFalse/final_summary.json
raw,H3K4me3,0.5,1.0,5.0,0.5,0.0001,16,,0.6749548168062689,0.6315460871133457,0.5199251586074761,0.8157066532475707,32,132,True,${OG_SCRATCH}/carbon_distillation/deploy_120k/H3K4me3/20260621_125523/9218d259-7780-4d91-a997-5a242c02797c/distill_methodvanilla_dkd_alpha1.0_dkd_beta8.0_kl_methodkl_mse_normalizeFalse_temperature0.5_weight_ce0.5_weight_kl1.0_weight_mse5.0_zscoreFalse/final_summary.json
raw,H3K4me3,0.5,1.0,5.0,4.0,0.0001,16,,0.6726708667862245,0.6366169679241505,0.5734535974258056,0.8182962533649303,54,154,True,${OG_SCRATCH}/carbon_distillation/deploy_120k/H3K4me3/20260621_125611/70206fc8-2150-480f-a48e-f3f3c2257154/distill_methodvanilla_dkd_alpha1.0_dkd_beta8.0_kl_methodkl_mse_normalizeFalse_temperature4.0_weight_ce0.5_weight_kl1.0_weight_mse5.0_zscoreFalse/final_summary.json
raw,H3K4me3,0.5,1.0,5.0,2.0,0.0001,16,,0.6738816588434511,0.631915699720327,0.6014724058346386,0.8156527690792108,43,143,True,${OG_SCRATCH}/carbon_distillation/deploy_120k/H3K4me3/20260621_125704/0676907e-4bc0-4929-b5cd-b00737fca9f2/distill_methodvanilla_dkd_alpha1.0_dkd_beta8.0_kl_methodkl_mse_normalizeFalse_temperature2.0_weight_ce0.5_weight_kl1.0_weight_mse5.0_zscoreFalse/final_summary.json
raw,H3K4me3,0.5,1.0,5.0,1.5,0.0001,16,,0.6763333744523747,0.6317980253250679,0.5909151091771448,0.8156699174594315,43,143,True,${OG_SCRATCH}/carbon_distillation/deploy_120k/H3K4me3/20260621_130132/8a307e67-2eda-4734-bdff-753a0a479bbd/distill_methodvanilla_dkd_alpha1.0_dkd_beta8.0_kl_methodkl_mse_normalizeFalse_temperature1.5_weight_ce0.5_weight_kl1.0_weight_mse5.0_zscoreFalse/final_summary.json
raw,H3K4me3,0.5,0.5,0.0,4.0,0.0001,16,1,0.6657583597548882,0.631915699720327,0.5285629748656087,0.8156527690792108,37,137,True,${OG_SCRATCH}/carbon_distillation/deploy_120k/H3K4me3/20260624_001027/5a30a231-8416-42be-97a5-138edcd8ffce/distill_methodvanilla_dkd_alpha1.0_dkd_beta8.0_kl_methodkl_mse_normalizeFalse_temperature4.0_weight_ce0.5_weight_kl0.5_weight_mse0.0_zscoreFalse/final_summary.json
raw,H3K4me3,0.5,0.5,0.0,4.0,0.0001,16,2,0.6811349017323916,0.616440213196564,0.5461643109408143,0.8079179202293874,41,141,True,${OG_SCRATCH}/carbon_distillation/deploy_120k/H3K4me3/20260624_001708/b82203de-bf1b-402d-ba9c-26ee9eeae30e/distill_methodvanilla_dkd_alpha1.0_dkd_beta8.0_kl_methodkl_mse_normalizeFalse_temperature4.0_weight_ce0.5_weight_kl0.5_weight_mse0.0_zscoreFalse/final_summary.json
raw,H3K4me3,0.5,0.5,0.0,4.0,0.0001,16,0,0.6795610346222253,0.6031248347784484,0.553431824506571,0.8015411186395642,24,124,True,${OG_SCRATCH}/carbon_distillation/deploy_120k/H3K4me3/20260624_002606/d3330c64-004f-466c-aa26-33de4c44c7e0/distill_methodvanilla_dkd_alpha1.0_dkd_beta8.0_kl_methodkl_mse_normalizeFalse_temperature4.0_weight_ce0.5_weight_kl0.5_weight_mse0.0_zscoreFalse/final_summary.json
raw,H3K9me3,0.5,0.5,0.2,2.0,0.0001,16,,0.09798306469027833,0.13586803297931513,0.13586803297931513,0.5642701525054467,2,2,,${OG_SCRATCH}/carbon_distillation/deploy_120k/H3K9me3/20260618_184957/acce6662-01f9-4024-bfaf-b2f71777e602/distill_methodvanilla_dkd_alpha1.0_dkd_beta8.0_kl_methodkl_mse_normalizeFalse_temperature2.0_weight_ce0.5_weight_kl0.5_weight_mse0.2_zscoreFalse/final_summary.json
raw,H3K9me3,0.5,0.5,0.2,2.0,0.0001,16,,0.4033682207366685,0.4094971062826278,0.3131111043152793,0.6965216551225885,23,200,,${OG_SCRATCH}/carbon_distillation/deploy_120k/H3K9me3/20260618_211147/1bec3fd6-a065-449e-895d-070f1827a011/distill_methodvanilla_dkd_alpha1.0_dkd_beta8.0_kl_methodkl_mse_normalizeFalse_temperature2.0_weight_ce0.5_weight_kl0.5_weight_mse0.2_zscoreFalse/final_summary.json
l2norm,H3K9me3,0.5,0.5,0.2,2.0,0.0001,16,,0.40566310896818875,0.39153442203783384,0.3609002514751331,0.669312454150929,34,200,,${OG_SCRATCH}/carbon_distillation/deploy_120k/H3K9me3/20260618_225740/f098f9e5-a6dd-4184-83d6-723f296ee202/distill_methodvanilla_dkd_alpha1.0_dkd_beta8.0_kl_methodkl_mse_normalizeTrue_temperature2.0_weight_ce0.5_weight_kl0.5_weight_mse0.2_zscoreFalse/final_summary.json
raw,H3K9me3,0.5,0.0,0.0,1.5,0.0001,16,42,0.4064784545431487,0.404771477802544,0.18892764664973066,0.6920359052711993,24,124,True,${OG_SCRATCH}/carbon_distillation/deploy_120k/H3K9me3/20260621_174424/d9e3f897-e6ae-4582-9d23-2dc8cf342c55/distill_methodvanilla_dkd_alpha1.0_dkd_beta8.0_kl_methodkl_mse_normalizeFalse_temperature1.5_weight_ce0.5_weight_kl0.0_weight_mse0.0_zscoreFalse/final_summary.json
raw,H3K9me3,0.5,0.0,0.0,1.0,0.0001,16,42,0.4058964650402378,0.4038236504667492,0.2508217178685595,0.692381497441422,24,124,True,${OG_SCRATCH}/carbon_distillation/deploy_120k/H3K9me3/20260621_174513/ffa3a102-3a27-442c-b7c9-7ca2b5a22022/distill_methodvanilla_dkd_alpha1.0_dkd_beta8.0_kl_methodkl_mse_normalizeFalse_temperature1.0_weight_ce0.5_weight_kl0.0_weight_mse0.0_zscoreFalse/final_summary.json
raw,H3K9me3,0.5,0.0,0.0,2.0,0.0001,16,42,0.4058964650402378,0.4038236504667492,0.2508217178685595,0.692381497441422,24,124,True,${OG_SCRATCH}/carbon_distillation/deploy_120k/H3K9me3/20260621_174924/950b6acc-41c9-4912-bd41-d8d7f86a0453/distill_methodvanilla_dkd_alpha1.0_dkd_beta8.0_kl_methodkl_mse_normalizeFalse_temperature2.0_weight_ce0.5_weight_kl0.0_weight_mse0.0_zscoreFalse/final_summary.json
raw,H3K9me3,0.5,0.0,0.0,0.5,0.0001,16,42,0.4064784545431487,0.404771477802544,0.18892764664973066,0.6920359052711993,24,124,True,${OG_SCRATCH}/carbon_distillation/deploy_120k/H3K9me3/20260621_175511/82c39670-2b43-46f9-a6a3-c57a91e2ad5a/distill_methodvanilla_dkd_alpha1.0_dkd_beta8.0_kl_methodkl_mse_normalizeFalse_temperature0.5_weight_ce0.5_weight_kl0.0_weight_mse0.0_zscoreFalse/final_summary.json
raw,H3K9me3,0.5,0.0,1.0,0.5,0.0001,16,42,0.4049551805405185,0.3945213341722746,0.24237709622221865,0.6958627346558381,20,120,True,${OG_SCRATCH}/carbon_distillation/deploy_120k/H3K9me3/20260621_175559/44d497c8-916f-4667-81c7-2eb4e7771257/distill_methodvanilla_dkd_alpha1.0_dkd_beta8.0_kl_methodkl_mse_normalizeFalse_temperature0.5_weight_ce0.5_weight_kl0.0_weight_mse1.0_zscoreFalse/final_summary.json
raw,H3K9me3,0.5,0.0,1.0,1.0,0.0001,16,42,0.4049551805405185,0.3945213341722746,0.24237709622221865,0.6958627346558381,20,120,True,${OG_SCRATCH}/carbon_distillation/deploy_120k/H3K9me3/20260621_180619/626ed57b-a39a-4a58-b7db-d0d4f0b761dc/distill_methodvanilla_dkd_alpha1.0_dkd_beta8.0_kl_methodkl_mse_normalizeFalse_temperature1.0_weight_ce0.5_weight_kl0.0_weight_mse1.0_zscoreFalse/final_summary.json
raw,H3K9me3,0.5,0.0,1.0,1.5,0.0001,16,42,0.4049551805405185,0.3945213341722746,0.24237709622221865,0.6958627346558381,20,120,True,${OG_SCRATCH}/carbon_distillation/deploy_120k/H3K9me3/20260621_180929/d731325d-f2bf-4b06-85cb-eeeeae1d1849/distill_methodvanilla_dkd_alpha1.0_dkd_beta8.0_kl_methodkl_mse_normalizeFalse_temperature1.5_weight_ce0.5_weight_kl0.0_weight_mse1.0_zscoreFalse/final_summary.json
raw,H3K9me3,0.5,0.0,0.0,4.0,0.0001,16,42,0.4064784545431487,0.404771477802544,0.18892764664973066,0.6920359052711993,24,124,True,${OG_SCRATCH}/carbon_distillation/deploy_120k/H3K9me3/20260621_181205/be84123e-778e-4f93-835d-8fa1862f9426/distill_methodvanilla_dkd_alpha1.0_dkd_beta8.0_kl_methodkl_mse_normalizeFalse_temperature4.0_weight_ce0.5_weight_kl0.0_weight_mse0.0_zscoreFalse/final_summary.json
raw,H3K9me3,0.5,0.0,1.0,4.0,0.0001,16,42,0.40411464842198785,0.3945213341722746,0.24471197905950745,0.6958627346558381,20,120,True,${OG_SCRATCH}/carbon_distillation/deploy_120k/H3K9me3/20260621_181305/85851f45-5215-45c8-9d5a-ffe392f3d99e/distill_methodvanilla_dkd_alpha1.0_dkd_beta8.0_kl_methodkl_mse_normalizeFalse_temperature4.0_weight_ce0.5_weight_kl0.0_weight_mse1.0_zscoreFalse/final_summary.json
raw,H3K9me3,0.5,0.0,2.0,0.5,0.0001,16,42,0.39957413867235186,0.386243639668214,0.3300785343523853,0.6842916710466379,14,114,True,${OG_SCRATCH}/carbon_distillation/deploy_120k/H3K9me3/20260621_181912/7a91d5a4-b7a6-4d12-a9c3-ceb23587257f/distill_methodvanilla_dkd_alpha1.0_dkd_beta8.0_kl_methodkl_mse_normalizeFalse_temperature0.5_weight_ce0.5_weight_kl0.0_weight_mse2.0_zscoreFalse/final_summary.json
raw,H3K9me3,0.5,0.0,2.0,1.0,0.0001,16,42,0.3980747985647633,0.38844380555326846,0.3068086359255774,0.6855663169222491,14,114,True,${OG_SCRATCH}/carbon_distillation/deploy_120k/H3K9me3/20260621_182012/6db555c3-eaac-480f-bd4b-2ea754b6722e/distill_methodvanilla_dkd_alpha1.0_dkd_beta8.0_kl_methodkl_mse_normalizeFalse_temperature1.0_weight_ce0.5_weight_kl0.0_weight_mse2.0_zscoreFalse/final_summary.json
raw,H3K9me3,0.5,0.0,1.0,2.0,0.0001,16,42,0.40411464842198785,0.3945213341722746,0.24471197905950745,0.6958627346558381,20,120,True,${OG_SCRATCH}/carbon_distillation/deploy_120k/H3K9me3/20260621_182303/b3a99952-f90d-435f-9daa-543e9c0aa93c/distill_methodvanilla_dkd_alpha1.0_dkd_beta8.0_kl_methodkl_mse_normalizeFalse_temperature2.0_weight_ce0.5_weight_kl0.0_weight_mse1.0_zscoreFalse/final_summary.json
raw,H3K9me3,0.5,0.0,2.0,2.0,0.0001,16,42,0.3980747985647633,0.38844380555326846,0.3068086359255774,0.6855663169222491,14,114,True,${OG_SCRATCH}/carbon_distillation/deploy_120k/H3K9me3/20260621_182642/e41c960e-6176-4b62-bcb6-6371754e97a8/distill_methodvanilla_dkd_alpha1.0_dkd_beta8.0_kl_methodkl_mse_normalizeFalse_temperature2.0_weight_ce0.5_weight_kl0.0_weight_mse2.0_zscoreFalse/final_summary.json
raw,H3K9me3,0.5,0.0,2.0,1.5,0.0001,16,42,0.39957413867235186,0.386243639668214,0.3300785343523853,0.6842916710466379,14,114,True,${OG_SCRATCH}/carbon_distillation/deploy_120k/H3K9me3/20260621_182729/cf9c52f1-c5ee-41fb-b0e2-aa8c4e35a064/distill_methodvanilla_dkd_alpha1.0_dkd_beta8.0_kl_methodkl_mse_normalizeFalse_temperature1.5_weight_ce0.5_weight_kl0.0_weight_mse2.0_zscoreFalse/final_summary.json
raw,H3K9me3,0.5,0.0,5.0,1.5,0.0001,16,42,0.39725358058116966,0.38099502101388594,0.2711773959322802,0.6799141191877294,14,114,True,${OG_SCRATCH}/carbon_distillation/deploy_120k/H3K9me3/20260621_182753/f72413cc-3950-4b2f-9ddb-c463b4b92450/distill_methodvanilla_dkd_alpha1.0_dkd_beta8.0_kl_methodkl_mse_normalizeFalse_temperature1.5_weight_ce0.5_weight_kl0.0_weight_mse5.0_zscoreFalse/final_summary.json
raw,H3K9me3,0.5,0.0,2.0,4.0,0.0001,16,42,0.39957413867235186,0.386243639668214,0.3300785343523853,0.6842916710466379,14,114,True,${OG_SCRATCH}/carbon_distillation/deploy_120k/H3K9me3/20260621_182851/39974d43-5e80-4507-bd2c-b338aac4e46c/distill_methodvanilla_dkd_alpha1.0_dkd_beta8.0_kl_methodkl_mse_normalizeFalse_temperature4.0_weight_ce0.5_weight_kl0.0_weight_mse2.0_zscoreFalse/final_summary.json
raw,H3K9me3,0.5,0.0,5.0,0.5,0.0001,16,42,0.39725358058116966,0.38099502101388594,0.2711773959322802,0.6799141191877294,14,114,True,${OG_SCRATCH}/carbon_distillation/deploy_120k/H3K9me3/20260621_182851/7b331b39-51f3-43f3-bb0a-9a1d2b87c03f/distill_methodvanilla_dkd_alpha1.0_dkd_beta8.0_kl_methodkl_mse_normalizeFalse_temperature0.5_weight_ce0.5_weight_kl0.0_weight_mse5.0_zscoreFalse/final_summary.json
raw,H3K9me3,0.5,0.0,5.0,2.0,0.0001,16,42,0.3982910929752626,0.41231749628571823,0.27315979178514865,0.7056851925719098,20,120,True,${OG_SCRATCH}/carbon_distillation/deploy_120k/H3K9me3/20260621_183051/0cfc9104-77b9-4d83-ae0c-4b46c4566959/distill_methodvanilla_dkd_alpha1.0_dkd_beta8.0_kl_methodkl_mse_normalizeFalse_temperature2.0_weight_ce0.5_weight_kl0.0_weight_mse5.0_zscoreFalse/final_summary.json
raw,H3K9me3,0.5,0.0,5.0,1.0,0.0001,16,42,0.39725358058116966,0.38099502101388594,0.2711773959322802,0.6799141191877294,14,114,True,${OG_SCRATCH}/carbon_distillation/deploy_120k/H3K9me3/20260621_183238/2e4e88e2-205b-4b80-b7a9-5d574f1d0080/distill_methodvanilla_dkd_alpha1.0_dkd_beta8.0_kl_methodkl_mse_normalizeFalse_temperature1.0_weight_ce0.5_weight_kl0.0_weight_mse5.0_zscoreFalse/final_summary.json
raw,H3K9me3,0.5,0.25,0.0,0.5,0.0001,16,42,0.4049004566714549,0.41567726657211473,0.263652782692202,0.6984255866362077,24,124,True,${OG_SCRATCH}/carbon_distillation/deploy_120k/H3K9me3/20260621_184505/2a7c760a-9fc0-4e92-966e-6738bb833783/distill_methodvanilla_dkd_alpha1.0_dkd_beta8.0_kl_methodkl_mse_normalizeFalse_temperature0.5_weight_ce0.5_weight_kl0.25_weight_mse0.0_zscoreFalse/final_summary.json
raw,H3K9me3,0.5,0.25,0.0,1.0,0.0001,16,42,0.41357921645434903,0.42366690138286206,0.31536483713846036,0.7057575486867964,26,126,True,${OG_SCRATCH}/carbon_distillation/deploy_120k/H3K9me3/20260621_184707/e1850d53-1db8-445c-9f40-9bf2aa3812e7/distill_methodvanilla_dkd_alpha1.0_dkd_beta8.0_kl_methodkl_mse_normalizeFalse_temperature1.0_weight_ce0.5_weight_kl0.25_weight_mse0.0_zscoreFalse/final_summary.json
raw,H3K9me3,0.5,0.0,5.0,4.0,0.0001,16,42,0.39725358058116966,0.38099502101388594,0.2711773959322802,0.6799141191877294,14,114,True,${OG_SCRATCH}/carbon_distillation/deploy_120k/H3K9me3/20260621_184901/e2e52f89-2f6c-4434-b5ad-b6dc2dbf5971/distill_methodvanilla_dkd_alpha1.0_dkd_beta8.0_kl_methodkl_mse_normalizeFalse_temperature4.0_weight_ce0.5_weight_kl0.0_weight_mse5.0_zscoreFalse/final_summary.json
raw,H3K9me3,0.5,0.25,0.0,4.0,0.0001,16,42,0.4085591648009212,0.4322628957852667,0.3176787183495099,0.708853238265003,26,126,True,${OG_SCRATCH}/carbon_distillation/deploy_120k/H3K9me3/20260621_185035/f26933db-fdc2-46cc-9488-ce50f6bb9437/distill_methodvanilla_dkd_alpha1.0_dkd_beta8.0_kl_methodkl_mse_normalizeFalse_temperature4.0_weight_ce0.5_weight_kl0.25_weight_mse0.0_zscoreFalse/final_summary.json
raw,H3K9me3,0.5,0.25,0.0,2.0,0.0001,16,42,0.418471945545947,0.436231385265831,0.3202563076101743,0.7114977672678817,26,126,True,${OG_SCRATCH}/carbon_distillation/deploy_120k/H3K9me3/20260621_185118/ad644edc-9e2a-4f33-9f74-d54dbb19bbc2/distill_methodvanilla_dkd_alpha1.0_dkd_beta8.0_kl_methodkl_mse_normalizeFalse_temperature2.0_weight_ce0.5_weight_kl0.25_weight_mse0.0_zscoreFalse/final_summary.json
raw,H3K9me3,0.5,0.25,1.0,0.5,0.0001,16,42,0.400570732940951,0.40639981524461916,0.30121733051994937,0.674650043744532,24,124,True,${OG_SCRATCH}/carbon_distillation/deploy_120k/H3K9me3/20260621_185836/97441b44-4c90-4bdd-a8f7-fd6e85f8b85a/distill_methodvanilla_dkd_alpha1.0_dkd_beta8.0_kl_methodkl_mse_normalizeFalse_temperature0.5_weight_ce0.5_weight_kl0.25_weight_mse1.0_zscoreFalse/final_summary.json
raw,H3K9me3,0.5,0.25,1.0,1.5,0.0001,16,42,0.404281891633539,0.4131404291879942,0.2665472445535297,0.6807333241581797,24,124,True,${OG_SCRATCH}/carbon_distillation/deploy_120k/H3K9me3/20260621_190247/b53ce1ba-1285-473a-9b12-c6283f3898b7/distill_methodvanilla_dkd_alpha1.0_dkd_beta8.0_kl_methodkl_mse_normalizeFalse_temperature1.5_weight_ce0.5_weight_kl0.25_weight_mse1.0_zscoreFalse/final_summary.json
raw,H3K9me3,0.5,0.25,0.0,1.5,0.0001,16,42,0.4119388311408391,0.38571428571428573,0.34583565205374517,0.6887682294385855,14,114,True,${OG_SCRATCH}/carbon_distillation/deploy_120k/H3K9me3/20260621_190320/27519e40-b838-4aa8-b809-80b405167da3/distill_methodvanilla_dkd_alpha1.0_dkd_beta8.0_kl_methodkl_mse_normalizeFalse_temperature1.5_weight_ce0.5_weight_kl0.25_weight_mse0.0_zscoreFalse/final_summary.json
raw,H3K9me3,0.5,0.25,1.0,1.0,0.0001,16,42,0.4062014448238748,0.4056325400520313,0.28715502167082285,0.6854703908333439,26,126,True,${OG_SCRATCH}/carbon_distillation/deploy_120k/H3K9me3/20260621_190624/3a015eb5-e60d-4728-be73-84dfbeba6a2c/distill_methodvanilla_dkd_alpha1.0_dkd_beta8.0_kl_methodkl_mse_normalizeFalse_temperature1.0_weight_ce0.5_weight_kl0.25_weight_mse1.0_zscoreFalse/final_summary.json
raw,H3K9me3,0.5,0.25,2.0,0.5,0.0001,16,42,0.401895823384177,0.3939294023411756,0.331797772498377,0.6919070535161631,20,120,True,${OG_SCRATCH}/carbon_distillation/deploy_120k/H3K9me3/20260621_190847/349d9d79-064d-47be-9620-727bc844d92c/distill_methodvanilla_dkd_alpha1.0_dkd_beta8.0_kl_methodkl_mse_normalizeFalse_temperature0.5_weight_ce0.5_weight_kl0.25_weight_mse2.0_zscoreFalse/final_summary.json
raw,H3K9me3,0.5,0.25,1.0,4.0,0.0001,16,42,0.4043697907814974,0.4241270166018239,0.3142857142857143,0.707595008990113,29,129,True,${OG_SCRATCH}/carbon_distillation/deploy_120k/H3K9me3/20260621_191015/2288913e-50b9-43c0-a920-49abee8435c5/distill_methodvanilla_dkd_alpha1.0_dkd_beta8.0_kl_methodkl_mse_normalizeFalse_temperature4.0_weight_ce0.5_weight_kl0.25_weight_mse1.0_zscoreFalse/final_summary.json
raw,H3K9me3,0.5,0.25,1.0,2.0,0.0001,16,42,0.4076372439223323,0.4130290097274144,0.3342296153873512,0.7013868364848965,29,129,True,${OG_SCRATCH}/carbon_distillation/deploy_120k/H3K9me3/20260621_191015/9ccb3c3b-20db-4b9b-964a-3b598a021009/distill_methodvanilla_dkd_alpha1.0_dkd_beta8.0_kl_methodkl_mse_normalizeFalse_temperature2.0_weight_ce0.5_weight_kl0.25_weight_mse1.0_zscoreFalse/final_summary.json
raw,H3K9me3,0.5,0.25,2.0,1.0,0.0001,16,42,0.39707779171891716,0.3802571417715102,0.28980029738939056,0.6780389169491072,11,111,True,${OG_SCRATCH}/carbon_distillation/deploy_120k/H3K9me3/20260621_191101/27fd82bf-48f7-44ec-a38a-4662f43468ea/distill_methodvanilla_dkd_alpha1.0_dkd_beta8.0_kl_methodkl_mse_normalizeFalse_temperature1.0_weight_ce0.5_weight_kl0.25_weight_mse2.0_zscoreFalse/final_summary.json
raw,H3K9me3,0.5,0.25,2.0,2.0,0.0001,16,42,0.40499120609229416,0.39726937371424664,0.3318565820142395,0.6822051900820829,26,126,True,${OG_SCRATCH}/carbon_distillation/deploy_120k/H3K9me3/20260621_191106/30375fad-9965-4f0f-99cb-69eafe8f4b9f/distill_methodvanilla_dkd_alpha1.0_dkd_beta8.0_kl_methodkl_mse_normalizeFalse_temperature2.0_weight_ce0.5_weight_kl0.25_weight_mse2.0_zscoreFalse/final_summary.json
raw,H3K9me3,0.5,0.25,2.0,4.0,0.0001,16,42,0.407849573677468,0.3871075002486628,0.2917655135388716,0.6753398885378581,26,126,True,${OG_SCRATCH}/carbon_distillation/deploy_120k/H3K9me3/20260621_191224/f9215b7a-e003-41db-9671-b717e3f29c35/distill_methodvanilla_dkd_alpha1.0_dkd_beta8.0_kl_methodkl_mse_normalizeFalse_temperature4.0_weight_ce0.5_weight_kl0.25_weight_mse2.0_zscoreFalse/final_summary.json
raw,H3K9me3,0.5,0.25,2.0,1.5,0.0001,16,42,0.4083775660162817,0.3791195693149529,0.3116468286689245,0.6697356604361682,26,126,True,${OG_SCRATCH}/carbon_distillation/deploy_120k/H3K9me3/20260621_192914/644f2860-c3b6-4b93-8643-0b5d622fc087/distill_methodvanilla_dkd_alpha1.0_dkd_beta8.0_kl_methodkl_mse_normalizeFalse_temperature1.5_weight_ce0.5_weight_kl0.25_weight_mse2.0_zscoreFalse/final_summary.json
raw,H3K9me3,0.5,0.25,5.0,1.0,0.0001,16,42,0.40132775751006233,0.4049888906638402,0.3302915806904594,0.6857021019778737,26,126,True,${OG_SCRATCH}/carbon_distillation/deploy_120k/H3K9me3/20260621_192941/1ae10965-b8e5-4bfa-9604-a8463633048a/distill_methodvanilla_dkd_alpha1.0_dkd_beta8.0_kl_methodkl_mse_normalizeFalse_temperature1.0_weight_ce0.5_weight_kl0.25_weight_mse5.0_zscoreFalse/final_summary.json
raw,H3K9me3,0.5,0.25,5.0,1.5,0.0001,16,42,0.40354200299458404,0.3862647210335243,0.29846090519706775,0.673495518565941,26,126,True,${OG_SCRATCH}/carbon_distillation/deploy_120k/H3K9me3/20260621_193236/856dab65-c81f-4aa8-a00e-cf891072bed6/distill_methodvanilla_dkd_alpha1.0_dkd_beta8.0_kl_methodkl_mse_normalizeFalse_temperature1.5_weight_ce0.5_weight_kl0.25_weight_mse5.0_zscoreFalse/final_summary.json
raw,H3K9me3,0.5,0.25,5.0,2.0,0.0001,16,42,0.40450958827691763,0.389096400086399,0.29178489930770724,0.6745746983784953,26,126,True,${OG_SCRATCH}/carbon_distillation/deploy_120k/H3K9me3/20260621_193643/816294e1-779b-42bf-8212-1422128c1ea0/distill_methodvanilla_dkd_alpha1.0_dkd_beta8.0_kl_methodkl_mse_normalizeFalse_temperature2.0_weight_ce0.5_weight_kl0.25_weight_mse5.0_zscoreFalse/final_summary.json
raw,H3K9me3,0.5,0.5,0.0,0.5,0.0001,16,42,0.41610703546314903,0.4195805293696716,0.3837354495390871,0.7011281065656558,26,126,True,${OG_SCRATCH}/carbon_distillation/deploy_120k/H3K9me3/20260621_193759/62db300f-9fc8-48d1-bf7a-0fe252d05fe9/distill_methodvanilla_dkd_alpha1.0_dkd_beta8.0_kl_methodkl_mse_normalizeFalse_temperature0.5_weight_ce0.5_weight_kl0.5_weight_mse0.0_zscoreFalse/final_summary.json
raw,H3K9me3,0.5,0.25,5.0,0.5,0.0001,16,42,0.40568412150350613,0.4019471109776828,0.317703348971013,0.6972125745836673,20,120,True,${OG_SCRATCH}/carbon_distillation/deploy_120k/H3K9me3/20260621_193830/6c4a70bd-66dc-4f4c-a443-018d842348b7/distill_methodvanilla_dkd_alpha1.0_dkd_beta8.0_kl_methodkl_mse_normalizeFalse_temperature0.5_weight_ce0.5_weight_kl0.25_weight_mse5.0_zscoreFalse/final_summary.json
raw,H3K9me3,0.5,0.5,0.0,1.0,0.0001,16,42,0.41067882732057476,0.4222215277752918,0.360575383428659,0.7022408304187966,26,126,True,${OG_SCRATCH}/carbon_distillation/deploy_120k/H3K9me3/20260621_194102/a184e389-1980-4919-96e7-68721b9f6c8c/distill_methodvanilla_dkd_alpha1.0_dkd_beta8.0_kl_methodkl_mse_normalizeFalse_temperature1.0_weight_ce0.5_weight_kl0.5_weight_mse0.0_zscoreFalse/final_summary.json
raw,H3K9me3,0.5,0.5,0.0,1.5,0.0001,16,42,0.40528096870800767,0.40961904041095776,0.3698214825799967,0.6944232238349886,26,126,True,${OG_SCRATCH}/carbon_distillation/deploy_120k/H3K9me3/20260621_194207/562b73a1-66d0-4065-aff2-8f934fd77a5e/distill_methodvanilla_dkd_alpha1.0_dkd_beta8.0_kl_methodkl_mse_normalizeFalse_temperature1.5_weight_ce0.5_weight_kl0.5_weight_mse0.0_zscoreFalse/final_summary.json
raw,H3K9me3,0.5,0.25,5.0,4.0,0.0001,16,42,0.40603316488059715,0.3914250013647897,0.27838861801053005,0.6779987826523706,26,126,True,${OG_SCRATCH}/carbon_distillation/deploy_120k/H3K9me3/20260621_195435/bb82343c-e4ed-4d1c-9d93-38ab820a9e01/distill_methodvanilla_dkd_alpha1.0_dkd_beta8.0_kl_methodkl_mse_normalizeFalse_temperature4.0_weight_ce0.5_weight_kl0.25_weight_mse5.0_zscoreFalse/final_summary.json
raw,H3K9me3,0.5,0.5,1.0,0.5,0.0001,16,42,0.4057443424702965,0.39408481547212204,0.3628847246483166,0.6769942173496589,26,126,True,${OG_SCRATCH}/carbon_distillation/deploy_120k/H3K9me3/20260621_195610/e10de9b7-b331-40de-8322-b43eae2df781/distill_methodvanilla_dkd_alpha1.0_dkd_beta8.0_kl_methodkl_mse_normalizeFalse_temperature0.5_weight_ce0.5_weight_kl0.5_weight_mse1.0_zscoreFalse/final_summary.json
raw,H3K9me3,0.5,0.5,0.0,2.0,0.0001,16,42,0.40675188467382345,0.4148496036838929,0.3650334226000245,0.6801463829396084,34,134,True,${OG_SCRATCH}/carbon_distillation/deploy_120k/H3K9me3/20260621_195630/984eb044-6771-4779-b84b-644751f9f53c/distill_methodvanilla_dkd_alpha1.0_dkd_beta8.0_kl_methodkl_mse_normalizeFalse_temperature2.0_weight_ce0.5_weight_kl0.5_weight_mse0.0_zscoreFalse/final_summary.json
raw,H3K9me3,0.5,0.5,0.0,4.0,0.0001,16,42,0.40821469392918375,0.4178834491546556,0.3020885030651839,0.6935837064284512,24,124,True,${OG_SCRATCH}/carbon_distillation/deploy_120k/H3K9me3/20260621_195747/e25df5e2-a640-4215-b42c-7fd0632df6e3/distill_methodvanilla_dkd_alpha1.0_dkd_beta8.0_kl_methodkl_mse_normalizeFalse_temperature4.0_weight_ce0.5_weight_kl0.5_weight_mse0.0_zscoreFalse/final_summary.json
raw,H3K9me3,0.5,0.5,1.0,1.5,0.0001,16,42,0.39723842933553777,0.3744133665924403,0.35769557999243984,0.6760429280037579,10,110,True,${OG_SCRATCH}/carbon_distillation/deploy_120k/H3K9me3/20260621_195936/9d0c3200-1884-4492-a245-35fb9b7edbe9/distill_methodvanilla_dkd_alpha1.0_dkd_beta8.0_kl_methodkl_mse_normalizeFalse_temperature1.5_weight_ce0.5_weight_kl0.5_weight_mse1.0_zscoreFalse/final_summary.json
raw,H3K9me3,0.5,0.5,1.0,1.0,0.0001,16,42,0.40584896571691137,0.39407824181883083,0.33445203480065944,0.6748482720426607,26,126,True,${OG_SCRATCH}/carbon_distillation/deploy_120k/H3K9me3/20260621_200215/fe59fb64-1531-4b10-92d0-f2573dd411a7/distill_methodvanilla_dkd_alpha1.0_dkd_beta8.0_kl_methodkl_mse_normalizeFalse_temperature1.0_weight_ce0.5_weight_kl0.5_weight_mse1.0_zscoreFalse/final_summary.json
raw,H3K9me3,0.5,0.5,1.0,4.0,0.0001,16,42,0.3990201342763019,0.39337077425469197,0.3219748941787105,0.685793597807372,34,134,True,${OG_SCRATCH}/carbon_distillation/deploy_120k/H3K9me3/20260621_200550/942d8dba-56ee-4b3b-ae30-598fcac44a1b/distill_methodvanilla_dkd_alpha1.0_dkd_beta8.0_kl_methodkl_mse_normalizeFalse_temperature4.0_weight_ce0.5_weight_kl0.5_weight_mse1.0_zscoreFalse/final_summary.json
raw,H3K9me3,0.5,0.5,2.0,0.5,0.0001,16,42,0.41052070294945314,0.3862647210335243,0.3842336851424593,0.673495518565941,26,126,True,${OG_SCRATCH}/carbon_distillation/deploy_120k/H3K9me3/20260621_201055/fdc8d354-0e04-429a-ac45-d7038bba949e/distill_methodvanilla_dkd_alpha1.0_dkd_beta8.0_kl_methodkl_mse_normalizeFalse_temperature0.5_weight_ce0.5_weight_kl0.5_weight_mse2.0_zscoreFalse/final_summary.json
raw,H3K9me3,0.5,0.5,2.0,1.0,0.0001,16,42,0.4087151898784727,0.4006156345710071,0.3492898316691189,0.6767210564544264,26,126,True,${OG_SCRATCH}/carbon_distillation/deploy_120k/H3K9me3/20260621_201504/33ade918-03d8-4e8c-b85c-236fca1c0b0b/distill_methodvanilla_dkd_alpha1.0_dkd_beta8.0_kl_methodkl_mse_normalizeFalse_temperature1.0_weight_ce0.5_weight_kl0.5_weight_mse2.0_zscoreFalse/final_summary.json
raw,H3K9me3,0.5,0.5,5.0,1.0,0.0001,16,42,0.40841322663603324,0.39763795459615203,0.31539977790073986,0.6778119139767785,26,126,True,${OG_SCRATCH}/carbon_distillation/deploy_120k/H3K9me3/20260621_201959/576abb62-fc8c-477d-a376-423561005f09/distill_methodvanilla_dkd_alpha1.0_dkd_beta8.0_kl_methodkl_mse_normalizeFalse_temperature1.0_weight_ce0.5_weight_kl0.5_weight_mse5.0_zscoreFalse/final_summary.json
raw,H3K9me3,0.5,0.5,1.0,2.0,0.0001,16,42,0.3985845040191475,0.4074228229674258,0.31833868218137235,0.7013605073746805,32,132,True,${OG_SCRATCH}/carbon_distillation/deploy_120k/H3K9me3/20260621_202002/91e7f844-ba9e-4646-aeb5-27b980b6afc4/distill_methodvanilla_dkd_alpha1.0_dkd_beta8.0_kl_methodkl_mse_normalizeFalse_temperature2.0_weight_ce0.5_weight_kl0.5_weight_mse1.0_zscoreFalse/final_summary.json
raw,H3K9me3,0.5,0.5,2.0,1.5,0.0001,16,42,0.40276851815928777,0.39072705047647355,0.3011973154144075,0.669616003006229,26,126,True,${OG_SCRATCH}/carbon_distillation/deploy_120k/H3K9me3/20260621_202102/6020e4ae-35b0-45ba-926a-44843dd8ace0/distill_methodvanilla_dkd_alpha1.0_dkd_beta8.0_kl_methodkl_mse_normalizeFalse_temperature1.5_weight_ce0.5_weight_kl0.5_weight_mse2.0_zscoreFalse/final_summary.json
raw,H3K9me3,0.5,0.5,5.0,0.5,0.0001,16,42,0.40314217709811284,0.38461538461538464,0.29177197503248964,0.6849346300552082,20,120,True,${OG_SCRATCH}/carbon_distillation/deploy_120k/H3K9me3/20260621_202103/94a1ce52-c550-4bc4-9f14-8fb44fd3a6e5/distill_methodvanilla_dkd_alpha1.0_dkd_beta8.0_kl_methodkl_mse_normalizeFalse_temperature0.5_weight_ce0.5_weight_kl0.5_weight_mse5.0_zscoreFalse/final_summary.json
raw,H3K9me3,0.5,0.5,2.0,4.0,0.0001,16,42,0.41062472668639555,0.4423771611772942,0.36496460641568124,0.7192477004124547,33,133,True,${OG_SCRATCH}/carbon_distillation/deploy_120k/H3K9me3/20260621_202103/d61c3355-b45f-4a47-96c1-f262dc3147f9/distill_methodvanilla_dkd_alpha1.0_dkd_beta8.0_kl_methodkl_mse_normalizeFalse_temperature4.0_weight_ce0.5_weight_kl0.5_weight_mse2.0_zscoreFalse/final_summary.json
raw,H3K9me3,0.5,0.5,5.0,1.5,0.0001,16,42,0.41123860990472977,0.38691024860252227,0.35231281555271826,0.6710690719249921,26,126,True,${OG_SCRATCH}/carbon_distillation/deploy_120k/H3K9me3/20260621_203635/359f4348-5829-4dc9-83b1-abb156a914bd/distill_methodvanilla_dkd_alpha1.0_dkd_beta8.0_kl_methodkl_mse_normalizeFalse_temperature1.5_weight_ce0.5_weight_kl0.5_weight_mse5.0_zscoreFalse/final_summary.json
raw,H3K9me3,0.5,0.5,2.0,2.0,0.0001,16,42,0.4036254474192207,0.404669245311282,0.3518527948286556,0.6752631216104421,26,126,True,${OG_SCRATCH}/carbon_distillation/deploy_120k/H3K9me3/20260621_203821/4345d27c-826e-477a-8e5b-01c41bcc06e8/distill_methodvanilla_dkd_alpha1.0_dkd_beta8.0_kl_methodkl_mse_normalizeFalse_temperature2.0_weight_ce0.5_weight_kl0.5_weight_mse2.0_zscoreFalse/final_summary.json
raw,H3K9me3,0.5,0.5,5.0,2.0,0.0001,16,42,0.40521501204946836,0.39482021725409294,0.29846090519706775,0.6745714285714286,26,126,True,${OG_SCRATCH}/carbon_distillation/deploy_120k/H3K9me3/20260621_204312/c9dff0c0-1fcb-4b48-a992-813b1acd944a/distill_methodvanilla_dkd_alpha1.0_dkd_beta8.0_kl_methodkl_mse_normalizeFalse_temperature2.0_weight_ce0.5_weight_kl0.5_weight_mse5.0_zscoreFalse/final_summary.json
raw,H3K9me3,0.5,1.0,0.0,0.5,0.0001,16,42,0.4038187023461251,0.41346153846153844,0.369184728406327,0.6992017411470477,29,129,True,${OG_SCRATCH}/carbon_distillation/deploy_120k/H3K9me3/20260621_204325/acabbbc1-6618-42bf-947f-c97feb1a3c37/distill_methodvanilla_dkd_alpha1.0_dkd_beta8.0_kl_methodkl_mse_normalizeFalse_temperature0.5_weight_ce0.5_weight_kl1.0_weight_mse0.0_zscoreFalse/final_summary.json
raw,H3K9me3,0.5,1.0,0.0,1.0,0.0001,16,42,0.40168299834916776,0.3768606317557035,0.3679137143599838,0.6662140028759145,34,134,True,${OG_SCRATCH}/carbon_distillation/deploy_120k/H3K9me3/20260621_204512/8ebd22f1-ee5d-4801-a592-2c33c0fffed6/distill_methodvanilla_dkd_alpha1.0_dkd_beta8.0_kl_methodkl_mse_normalizeFalse_temperature1.0_weight_ce0.5_weight_kl1.0_weight_mse0.0_zscoreFalse/final_summary.json
raw,H3K9me3,0.5,0.5,5.0,4.0,0.0001,16,42,0.4029620732702759,0.40431895657541517,0.3689521031926255,0.677511721965711,26,126,True,${OG_SCRATCH}/carbon_distillation/deploy_120k/H3K9me3/20260621_204610/82206ad7-0170-4700-b1a2-fe88d0b98ad4/distill_methodvanilla_dkd_alpha1.0_dkd_beta8.0_kl_methodkl_mse_normalizeFalse_temperature4.0_weight_ce0.5_weight_kl0.5_weight_mse5.0_zscoreFalse/final_summary.json
raw,H3K9me3,0.5,1.0,0.0,4.0,0.0001,16,42,0.40154777708038025,0.3954946777141895,0.36686107947457575,0.6764674436009837,34,134,True,${OG_SCRATCH}/carbon_distillation/deploy_120k/H3K9me3/20260621_205223/c0e039b7-519f-42f0-992d-54a9317df8eb/distill_methodvanilla_dkd_alpha1.0_dkd_beta8.0_kl_methodkl_mse_normalizeFalse_temperature4.0_weight_ce0.5_weight_kl1.0_weight_mse0.0_zscoreFalse/final_summary.json
raw,H3K9me3,0.5,1.0,0.0,1.5,0.0001,16,42,0.39902753608464886,0.3957390634653964,0.34213638992028,0.6806500136813646,26,126,True,${OG_SCRATCH}/carbon_distillation/deploy_120k/H3K9me3/20260621_205235/0c720b52-506c-4c9a-9a16-ae4bc880752c/distill_methodvanilla_dkd_alpha1.0_dkd_beta8.0_kl_methodkl_mse_normalizeFalse_temperature1.5_weight_ce0.5_weight_kl1.0_weight_mse0.0_zscoreFalse/final_summary.json
raw,H3K9me3,0.5,1.0,0.0,2.0,0.0001,16,42,0.4019461594299461,0.40695916692808143,0.3726332184702511,0.6849952078378474,26,126,True,${OG_SCRATCH}/carbon_distillation/deploy_120k/H3K9me3/20260621_210430/9f37fd3f-bca7-457d-be41-9b5c1d1c9b24/distill_methodvanilla_dkd_alpha1.0_dkd_beta8.0_kl_methodkl_mse_normalizeFalse_temperature2.0_weight_ce0.5_weight_kl1.0_weight_mse0.0_zscoreFalse/final_summary.json
raw,H3K9me3,0.5,1.0,1.0,1.0,0.0001,16,42,0.3954560588025037,0.3653413019672706,0.3886910767651834,0.6597063752151857,26,126,True,${OG_SCRATCH}/carbon_distillation/deploy_120k/H3K9me3/20260621_210442/33323484-fa54-4628-95ae-12a945b77244/distill_methodvanilla_dkd_alpha1.0_dkd_beta8.0_kl_methodkl_mse_normalizeFalse_temperature1.0_weight_ce0.5_weight_kl1.0_weight_mse1.0_zscoreFalse/final_summary.json
raw,H3K9me3,0.5,1.0,1.0,0.5,0.0001,16,42,0.39881687631489826,0.3650791096785301,0.3884729242247548,0.6643484980198977,34,134,True,${OG_SCRATCH}/carbon_distillation/deploy_120k/H3K9me3/20260621_210443/193362e7-6536-40fe-9551-495f331fdf9b/distill_methodvanilla_dkd_alpha1.0_dkd_beta8.0_kl_methodkl_mse_normalizeFalse_temperature0.5_weight_ce0.5_weight_kl1.0_weight_mse1.0_zscoreFalse/final_summary.json
raw,H3K9me3,0.5,1.0,1.0,2.0,0.0001,16,42,0.39588742862754256,0.4078533296868254,0.3426976773876056,0.6971119784352113,32,132,True,${OG_SCRATCH}/carbon_distillation/deploy_120k/H3K9me3/20260621_210546/32f753fd-fc83-4711-b9a9-1e24af4af17a/distill_methodvanilla_dkd_alpha1.0_dkd_beta8.0_kl_methodkl_mse_normalizeFalse_temperature2.0_weight_ce0.5_weight_kl1.0_weight_mse1.0_zscoreFalse/final_summary.json
raw,H3K9me3,0.5,1.0,1.0,4.0,0.0001,16,42,0.39780045154539984,0.4056325400520313,0.4011446304957243,0.6854703908333439,34,134,True,${OG_SCRATCH}/carbon_distillation/deploy_120k/H3K9me3/20260621_210546/86a97ecf-0c0d-4778-ad95-b88c61852afb/distill_methodvanilla_dkd_alpha1.0_dkd_beta8.0_kl_methodkl_mse_normalizeFalse_temperature4.0_weight_ce0.5_weight_kl1.0_weight_mse1.0_zscoreFalse/final_summary.json
raw,H3K9me3,0.5,1.0,1.0,1.5,0.0001,16,42,0.39804862885195896,0.39207041691851746,0.3498671319434081,0.6777537183628555,24,124,True,${OG_SCRATCH}/carbon_distillation/deploy_120k/H3K9me3/20260621_211259/beeb6401-bc30-4491-ab44-9b4da551ecfd/distill_methodvanilla_dkd_alpha1.0_dkd_beta8.0_kl_methodkl_mse_normalizeFalse_temperature1.5_weight_ce0.5_weight_kl1.0_weight_mse1.0_zscoreFalse/final_summary.json
raw,H3K9me3,0.5,1.0,2.0,1.0,0.0001,16,42,0.3937792206993253,0.39986188025244834,0.369184728406327,0.6917612104970604,11,111,True,${OG_SCRATCH}/carbon_distillation/deploy_120k/H3K9me3/20260621_212101/57941430-ad56-4c71-89cd-c251b589fa0e/distill_methodvanilla_dkd_alpha1.0_dkd_beta8.0_kl_methodkl_mse_normalizeFalse_temperature1.0_weight_ce0.5_weight_kl1.0_weight_mse2.0_zscoreFalse/final_summary.json
raw,H3K9me3,0.5,1.0,5.0,0.5,0.0001,16,42,0.3977842342566679,0.39978018133378496,0.33107533708696424,0.6791543634294375,26,126,True,${OG_SCRATCH}/carbon_distillation/deploy_120k/H3K9me3/20260621_213340/94bf68c3-e5ec-4fe0-a178-dfcef7959cfd/distill_methodvanilla_dkd_alpha1.0_dkd_beta8.0_kl_methodkl_mse_normalizeFalse_temperature0.5_weight_ce0.5_weight_kl1.0_weight_mse5.0_zscoreFalse/final_summary.json
raw,H3K9me3,0.5,1.0,2.0,1.5,0.0001,16,42,0.3991618500017988,0.3824643038863865,0.3493102867376708,0.6749825807657666,34,134,True,${OG_SCRATCH}/carbon_distillation/deploy_120k/H3K9me3/20260621_213435/797a0de0-0a88-433a-a55c-cae3e8a9cc83/distill_methodvanilla_dkd_alpha1.0_dkd_beta8.0_kl_methodkl_mse_normalizeFalse_temperature1.5_weight_ce0.5_weight_kl1.0_weight_mse2.0_zscoreFalse/final_summary.json
raw,H3K9me3,0.5,1.0,2.0,0.5,0.0001,16,42,0.4043417689181067,0.38993465245421893,0.30094320511579414,0.6699152111267305,26,126,True,${OG_SCRATCH}/carbon_distillation/deploy_120k/H3K9me3/20260621_213529/42fce3eb-8d34-4ba6-81e6-e43b485f5429/distill_methodvanilla_dkd_alpha1.0_dkd_beta8.0_kl_methodkl_mse_normalizeFalse_temperature0.5_weight_ce0.5_weight_kl1.0_weight_mse2.0_zscoreFalse/final_summary.json
raw,H3K9me3,0.5,1.0,2.0,4.0,0.0001,16,42,0.39276719459926435,0.39986188025244834,0.3824012282462157,0.6917612104970604,29,129,True,${OG_SCRATCH}/carbon_distillation/deploy_120k/H3K9me3/20260621_213811/9d16a291-1920-4b97-b51f-a5d112e8d846/distill_methodvanilla_dkd_alpha1.0_dkd_beta8.0_kl_methodkl_mse_normalizeFalse_temperature4.0_weight_ce0.5_weight_kl1.0_weight_mse2.0_zscoreFalse/final_summary.json
raw,H3K9me3,0.5,1.0,2.0,2.0,0.0001,16,42,0.3940074818317566,0.3948914268293321,0.3724100555712194,0.6830956079649767,34,134,True,${OG_SCRATCH}/carbon_distillation/deploy_120k/H3K9me3/20260621_213911/e11dc122-0fc4-4ff9-a920-b6c66800e199/distill_methodvanilla_dkd_alpha1.0_dkd_beta8.0_kl_methodkl_mse_normalizeFalse_temperature2.0_weight_ce0.5_weight_kl1.0_weight_mse2.0_zscoreFalse/final_summary.json
raw,H3K9me3,0.5,1.0,5.0,1.5,0.0001,16,42,0.39394326882250746,0.37689646334816745,0.32490831045012764,0.66397579938238,26,126,True,${OG_SCRATCH}/carbon_distillation/deploy_120k/H3K9me3/20260621_213926/e4c91267-14ff-4ced-9052-632d7ea4f431/distill_methodvanilla_dkd_alpha1.0_dkd_beta8.0_kl_methodkl_mse_normalizeFalse_temperature1.5_weight_ce0.5_weight_kl1.0_weight_mse5.0_zscoreFalse/final_summary.json
raw,H3K9me3,0.5,1.0,5.0,2.0,0.0001,16,42,0.3934227092136824,0.3939294023411756,0.3453663588317253,0.6919070535161631,9,109,True,${OG_SCRATCH}/carbon_distillation/deploy_120k/H3K9me3/20260621_214348/5bfd3d5c-9eb6-4679-857b-ebe82736a71a/distill_methodvanilla_dkd_alpha1.0_dkd_beta8.0_kl_methodkl_mse_normalizeFalse_temperature2.0_weight_ce0.5_weight_kl1.0_weight_mse5.0_zscoreFalse/final_summary.json
raw,H3K9me3,0.5,1.0,5.0,1.0,0.0001,16,42,0.389370875794404,0.37470198962331114,0.339320781489335,0.6648571428571428,26,126,True,${OG_SCRATCH}/carbon_distillation/deploy_120k/H3K9me3/20260621_215055/51460581-8e7b-478a-9d85-afd9a114881d/distill_methodvanilla_dkd_alpha1.0_dkd_beta8.0_kl_methodkl_mse_normalizeFalse_temperature1.0_weight_ce0.5_weight_kl1.0_weight_mse5.0_zscoreFalse/final_summary.json
raw,H3K9me3,0.5,1.0,5.0,4.0,0.0001,16,42,0.39168807182512216,0.3882394240660084,0.3735068030206654,0.6898950628286249,9,109,True,${OG_SCRATCH}/carbon_distillation/deploy_120k/H3K9me3/20260621_220231/d5774ddd-e74d-4b27-b3a4-b45abb471940/distill_methodvanilla_dkd_alpha1.0_dkd_beta8.0_kl_methodkl_mse_normalizeFalse_temperature4.0_weight_ce0.5_weight_kl1.0_weight_mse5.0_zscoreFalse/final_summary.json
raw,H3K9me3,0.5,0.25,0.0,2.0,0.0001,16,0,0.4041840109046818,0.3897906603463975,0.341312550330637,0.6721428571428572,34,134,True,${OG_SCRATCH}/carbon_distillation/deploy_120k/H3K9me3/20260624_002144/30819db9-95cd-48e0-9647-bf4e168b7c46/distill_methodvanilla_dkd_alpha1.0_dkd_beta8.0_kl_methodkl_mse_normalizeFalse_temperature2.0_weight_ce0.5_weight_kl0.25_weight_mse0.0_zscoreFalse/final_summary.json
raw,H3K9me3,0.5,0.25,0.0,2.0,0.0001,16,1,0.3972301403402023,0.4255755637383306,0.3204696269621497,0.6970828312997438,24,124,True,${OG_SCRATCH}/carbon_distillation/deploy_120k/H3K9me3/20260624_002144/d2036156-f18f-45bc-a667-bf6a5c8b539c/distill_methodvanilla_dkd_alpha1.0_dkd_beta8.0_kl_methodkl_mse_normalizeFalse_temperature2.0_weight_ce0.5_weight_kl0.25_weight_mse0.0_zscoreFalse/final_summary.json
raw,H3K9me3,0.5,0.25,0.0,2.0,0.0001,16,2,0.4053312234234797,0.4257309636982558,0.29412090377890265,0.7090402083889928,25,125,True,${OG_SCRATCH}/carbon_distillation/deploy_120k/H3K9me3/20260624_002146/3f66de89-5596-4dc4-b7dc-00a2b3bceaa9/distill_methodvanilla_dkd_alpha1.0_dkd_beta8.0_kl_methodkl_mse_normalizeFalse_temperature2.0_weight_ce0.5_weight_kl0.25_weight_mse0.0_zscoreFalse/final_summary.json
raw,H3K27me3,0.5,0.5,0.2,2.0,0.0001,16,,0.579911143368364,0.5785701281001784,0.5045218349021787,0.781374056208618,38,200,,${OG_SCRATCH}/carbon_distillation/deploy_120k/H3K27me3/20260618_194828/b9f88a94-4117-49c8-a189-e9504c9e51dd/distill_methodvanilla_dkd_alpha1.0_dkd_beta8.0_kl_methodkl_mse_normalizeFalse_temperature2.0_weight_ce0.5_weight_kl0.5_weight_mse0.2_zscoreFalse/final_summary.json
l2norm,H3K27me3,0.5,0.5,0.2,2.0,0.0001,16,,0.5834800197808395,0.5763473943707123,0.5155983349349416,0.772139458801218,55,200,,${OG_SCRATCH}/carbon_distillation/deploy_120k/H3K27me3/20260618_214635/7dc9f733-efed-4bd5-9e34-629e87130f6c/distill_methodvanilla_dkd_alpha1.0_dkd_beta8.0_kl_methodkl_mse_normalizeTrue_temperature2.0_weight_ce0.5_weight_kl0.5_weight_mse0.2_zscoreFalse/final_summary.json
raw,H3K27me3,0.5,0.5,0.2,2.0,0.0001,16,,0.5935352935597704,0.5697715984205283,0.4790182315279598,0.7760791721192417,42,200,,${OG_SCRATCH}/carbon_distillation/deploy_120k/H3K27me3/20260619_002245/25d9fc85-9e5e-488e-865b-509b0ac03b91/distill_methodvanilla_dkd_alpha1.0_dkd_beta8.0_kl_methodkl_mse_normalizeFalse_temperature2.0_weight_ce0.5_weight_kl0.5_weight_mse0.2_zscoreFalse/final_summary.json
raw,H3K27me3,0.5,0.0,0.0,1.0,0.0001,16,,0.5679048444939359,0.5550409020253217,0.4241747612259053,0.7549009539693037,33,200,,${OG_SCRATCH}/carbon_distillation/deploy_120k/H3K27me3/20260619_121404/d28ed137-554e-481d-ac8f-7a1e243cb78b/distill_methodvanilla_dkd_alpha1.0_dkd_beta8.0_kl_methodkl_mse_normalizeFalse_temperature1.0_weight_ce0.5_weight_kl0.0_weight_mse0.0_zscoreFalse/final_summary.json
raw,H3K27me3,0.5,0.0,0.0,2.0,0.0001,16,,0.5679048444939359,0.5550409020253217,0.4241747612259053,0.7549009539693037,33,200,,${OG_SCRATCH}/carbon_distillation/deploy_120k/H3K27me3/20260619_121404/f3b055c3-2a01-435e-a8fb-87694b2d8872/distill_methodvanilla_dkd_alpha1.0_dkd_beta8.0_kl_methodkl_mse_normalizeFalse_temperature2.0_weight_ce0.5_weight_kl0.0_weight_mse0.0_zscoreFalse/final_summary.json
raw,H3K27me3,0.5,0.0,0.0,0.5,0.0001,16,,0.5679048444939359,0.5550409020253217,0.4241747612259053,0.7549009539693037,33,200,,${OG_SCRATCH}/carbon_distillation/deploy_120k/H3K27me3/20260619_121404/ca02c052-afa3-4df9-a11d-500ddeff8f77/distill_methodvanilla_dkd_alpha1.0_dkd_beta8.0_kl_methodkl_mse_normalizeFalse_temperature0.5_weight_ce0.5_weight_kl0.0_weight_mse0.0_zscoreFalse/final_summary.json
raw,H3K27me3,0.5,0.0,0.0,1.5,0.0001,16,,0.5679048444939359,0.5550409020253217,0.4241747612259053,0.7549009539693037,33,200,,${OG_SCRATCH}/carbon_distillation/deploy_120k/H3K27me3/20260619_121404/e1370221-2e65-48c0-ad8e-d13b61d18ec8/distill_methodvanilla_dkd_alpha1.0_dkd_beta8.0_kl_methodkl_mse_normalizeFalse_temperature1.5_weight_ce0.5_weight_kl0.0_weight_mse0.0_zscoreFalse/final_summary.json
raw,H3K27me3,0.5,0.0,0.0,0.5,0.0001,16,,0.5679048444939359,0.5550409020253217,0.4241747612259053,0.7549009539693037,33,200,,${OG_SCRATCH}/carbon_distillation/deploy_120k/H3K27me3/20260619_121542/c4c92894-ce92-4a38-90dd-d5c224c795f7/distill_methodvanilla_dkd_alpha1.0_dkd_beta8.0_kl_methodkl_mse_normalizeFalse_temperature0.5_weight_ce0.5_weight_kl0.0_weight_mse0.0_zscoreFalse/final_summary.json
raw,H3K27me3,0.5,0.0,0.0,1.0,0.0001,16,,0.5679048444939359,0.5550409020253217,0.4241747612259053,0.7549009539693037,33,200,,${OG_SCRATCH}/carbon_distillation/deploy_120k/H3K27me3/20260619_123015/7e5cf28c-bf5f-474c-83de-68e2033569f5/distill_methodvanilla_dkd_alpha1.0_dkd_beta8.0_kl_methodkl_mse_normalizeFalse_temperature1.0_weight_ce0.5_weight_kl0.0_weight_mse0.0_zscoreFalse/final_summary.json
raw,H3K27me3,0.5,0.0,0.0,1.5,0.0001,16,,0.5679048444939359,0.5550409020253217,0.4241747612259053,0.7549009539693037,33,200,,${OG_SCRATCH}/carbon_distillation/deploy_120k/H3K27me3/20260619_123628/8ad30d98-5158-4be8-bbc9-1bbdcd820d8f/distill_methodvanilla_dkd_alpha1.0_dkd_beta8.0_kl_methodkl_mse_normalizeFalse_temperature1.5_weight_ce0.5_weight_kl0.0_weight_mse0.0_zscoreFalse/final_summary.json
raw,H3K27me3,0.5,0.0,0.0,2.0,0.0001,16,,0.5679048444939359,0.5550409020253217,0.4241747612259053,0.7549009539693037,33,200,,${OG_SCRATCH}/carbon_distillation/deploy_120k/H3K27me3/20260619_131545/38441a8b-bdef-46e8-97f4-6b0a472efc80/distill_methodvanilla_dkd_alpha1.0_dkd_beta8.0_kl_methodkl_mse_normalizeFalse_temperature2.0_weight_ce0.5_weight_kl0.0_weight_mse0.0_zscoreFalse/final_summary.json
raw,H3K27me3,0.5,0.0,0.0,4.0,0.0001,16,,0.5679048444939359,0.5550409020253217,0.4241747612259053,0.7549009539693037,33,200,,${OG_SCRATCH}/carbon_distillation/deploy_120k/H3K27me3/20260619_131755/51d9e26b-a064-4976-b090-be91e6ffa375/distill_methodvanilla_dkd_alpha1.0_dkd_beta8.0_kl_methodkl_mse_normalizeFalse_temperature4.0_weight_ce0.5_weight_kl0.0_weight_mse0.0_zscoreFalse/final_summary.json
raw,H3K27me3,0.5,0.0,1.0,0.5,0.0001,16,,0.5629678424723452,0.5655605329931717,0.39242477365568307,0.771308893449199,19,200,,${OG_SCRATCH}/carbon_distillation/deploy_120k/H3K27me3/20260619_132200/41408fbc-ec0a-48e1-9ad9-d9e60357c380/distill_methodvanilla_dkd_alpha1.0_dkd_beta8.0_kl_methodkl_mse_normalizeFalse_temperature0.5_weight_ce0.5_weight_kl0.0_weight_mse1.0_zscoreFalse/final_summary.json
raw,H3K27me3,0.5,0.0,1.0,1.0,0.0001,16,,0.5629678424723452,0.5655605329931717,0.39242477365568307,0.771308893449199,19,200,,${OG_SCRATCH}/carbon_distillation/deploy_120k/H3K27me3/20260619_132401/3e92735c-326d-41fb-9142-319cfc7b911c/distill_methodvanilla_dkd_alpha1.0_dkd_beta8.0_kl_methodkl_mse_normalizeFalse_temperature1.0_weight_ce0.5_weight_kl0.0_weight_mse1.0_zscoreFalse/final_summary.json
raw,H3K27me3,0.5,0.0,1.0,1.5,0.0001,16,,0.5629678424723452,0.5655605329931717,0.39242477365568307,0.771308893449199,19,200,,${OG_SCRATCH}/carbon_distillation/deploy_120k/H3K27me3/20260619_132609/0bfb3aeb-ea6e-422a-82a5-1bb0f416af35/distill_methodvanilla_dkd_alpha1.0_dkd_beta8.0_kl_methodkl_mse_normalizeFalse_temperature1.5_weight_ce0.5_weight_kl0.0_weight_mse1.0_zscoreFalse/final_summary.json
raw,H3K27me3,0.5,0.0,1.0,2.0,0.0001,16,,0.5629678424723452,0.5655605329931717,0.39242477365568307,0.771308893449199,19,200,,${OG_SCRATCH}/carbon_distillation/deploy_120k/H3K27me3/20260619_133624/2e96beb6-0828-489d-bf11-6c40d0c33ccd/distill_methodvanilla_dkd_alpha1.0_dkd_beta8.0_kl_methodkl_mse_normalizeFalse_temperature2.0_weight_ce0.5_weight_kl0.0_weight_mse1.0_zscoreFalse/final_summary.json
raw,H3K27me3,0.5,0.0,1.0,4.0,0.0001,16,,0.5629678424723452,0.5655605329931717,0.39242477365568307,0.771308893449199,19,200,,${OG_SCRATCH}/carbon_distillation/deploy_120k/H3K27me3/20260619_134232/8a962bfb-129c-4b2c-bb80-5190be24b0ab/distill_methodvanilla_dkd_alpha1.0_dkd_beta8.0_kl_methodkl_mse_normalizeFalse_temperature4.0_weight_ce0.5_weight_kl0.0_weight_mse1.0_zscoreFalse/final_summary.json
raw,H3K27me3,0.5,0.0,2.0,0.5,0.0001,16,,0.5650979011036519,0.5715245110159292,0.3664060093990502,0.7725400819126491,19,200,,${OG_SCRATCH}/carbon_distillation/deploy_120k/H3K27me3/20260619_142435/7b9daa96-83d0-4033-aa5e-c746cd6de791/distill_methodvanilla_dkd_alpha1.0_dkd_beta8.0_kl_methodkl_mse_normalizeFalse_temperature0.5_weight_ce0.5_weight_kl0.0_weight_mse2.0_zscoreFalse/final_summary.json
raw,H3K27me3,0.5,0.0,2.0,1.0,0.0001,16,,0.5650979011036519,0.5715245110159292,0.3664060093990502,0.7725400819126491,19,200,,${OG_SCRATCH}/carbon_distillation/deploy_120k/H3K27me3/20260619_144036/16267eb3-6f1d-4638-bcaa-eb36ec57dee8/distill_methodvanilla_dkd_alpha1.0_dkd_beta8.0_kl_methodkl_mse_normalizeFalse_temperature1.0_weight_ce0.5_weight_kl0.0_weight_mse2.0_zscoreFalse/final_summary.json
raw,H3K27me3,0.5,0.0,2.0,1.5,0.0001,16,,0.5650979011036519,0.5715245110159292,0.3664060093990502,0.7725400819126491,19,200,,${OG_SCRATCH}/carbon_distillation/deploy_120k/H3K27me3/20260619_144859/b1b75e8a-7430-4bb9-b634-7f173ed9ea05/distill_methodvanilla_dkd_alpha1.0_dkd_beta8.0_kl_methodkl_mse_normalizeFalse_temperature1.5_weight_ce0.5_weight_kl0.0_weight_mse2.0_zscoreFalse/final_summary.json
raw,H3K27me3,0.5,0.0,2.0,2.0,0.0001,16,,0.5650979011036519,0.5715245110159292,0.3664060093990502,0.7725400819126491,19,200,,${OG_SCRATCH}/carbon_distillation/deploy_120k/H3K27me3/20260619_145059/761fffa7-a82b-44d8-9d46-92e756dff03d/distill_methodvanilla_dkd_alpha1.0_dkd_beta8.0_kl_methodkl_mse_normalizeFalse_temperature2.0_weight_ce0.5_weight_kl0.0_weight_mse2.0_zscoreFalse/final_summary.json
raw,H3K27me3,0.5,0.0,2.0,4.0,0.0001,16,,0.5650979011036519,0.5715245110159292,0.3664060093990502,0.7725400819126491,19,200,,${OG_SCRATCH}/carbon_distillation/deploy_120k/H3K27me3/20260619_145307/f1ba636c-e7a0-41f0-a6c3-35a1bd35d40f/distill_methodvanilla_dkd_alpha1.0_dkd_beta8.0_kl_methodkl_mse_normalizeFalse_temperature4.0_weight_ce0.5_weight_kl0.0_weight_mse2.0_zscoreFalse/final_summary.json
raw,H3K27me3,0.5,0.0,5.0,0.5,0.0001,16,,0.561647973544053,0.5642199807774737,0.3714326174067254,0.7743251025710907,18,200,,${OG_SCRATCH}/carbon_distillation/deploy_120k/H3K27me3/20260619_150116/925b9d2c-2297-4574-851c-54be5b1f7ecb/distill_methodvanilla_dkd_alpha1.0_dkd_beta8.0_kl_methodkl_mse_normalizeFalse_temperature0.5_weight_ce0.5_weight_kl0.0_weight_mse5.0_zscoreFalse/final_summary.json
raw,H3K27me3,0.5,0.0,5.0,1.0,0.0001,16,,0.561647973544053,0.5642199807774737,0.3714326174067254,0.7743251025710907,18,200,,${OG_SCRATCH}/carbon_distillation/deploy_120k/H3K27me3/20260619_154143/a50e4e91-c670-45b8-8ef3-8bc9d9e4d078/distill_methodvanilla_dkd_alpha1.0_dkd_beta8.0_kl_methodkl_mse_normalizeFalse_temperature1.0_weight_ce0.5_weight_kl0.0_weight_mse5.0_zscoreFalse/final_summary.json
raw,H3K27me3,0.5,0.0,5.0,1.5,0.0001,16,,0.561647973544053,0.5642199807774737,0.3714326174067254,0.7743251025710907,18,200,,${OG_SCRATCH}/carbon_distillation/deploy_120k/H3K27me3/20260619_155814/4e69a0df-2e92-4d73-bf0d-1525830916e7/distill_methodvanilla_dkd_alpha1.0_dkd_beta8.0_kl_methodkl_mse_normalizeFalse_temperature1.5_weight_ce0.5_weight_kl0.0_weight_mse5.0_zscoreFalse/final_summary.json
raw,H3K27me3,0.5,0.0,5.0,2.0,0.0001,16,,0.561647973544053,0.5642199807774737,0.3714326174067254,0.7743251025710907,18,200,,${OG_SCRATCH}/carbon_distillation/deploy_120k/H3K27me3/20260619_160850/000637fc-ea20-428f-8eb3-92776f99b686/distill_methodvanilla_dkd_alpha1.0_dkd_beta8.0_kl_methodkl_mse_normalizeFalse_temperature2.0_weight_ce0.5_weight_kl0.0_weight_mse5.0_zscoreFalse/final_summary.json
raw,H3K27me3,0.5,0.25,0.0,1.0,0.0001,16,,0.5806325364789587,0.5594375558271775,0.4713854507038946,0.7654503376114168,38,200,,${OG_SCRATCH}/carbon_distillation/deploy_120k/H3K27me3/20260619_161511/95573cc3-b1cb-4d95-ad93-d38047a0b21f/distill_methodvanilla_dkd_alpha1.0_dkd_beta8.0_kl_methodkl_mse_normalizeFalse_temperature1.0_weight_ce0.5_weight_kl0.25_weight_mse0.0_zscoreFalse/final_summary.json
raw,H3K27me3,0.5,0.25,0.0,0.5,0.0001,16,,0.5765912399768194,0.5477969547816272,0.4911355332752842,0.7582387831170989,38,200,,${OG_SCRATCH}/carbon_distillation/deploy_120k/H3K27me3/20260619_161511/8aa33736-c4f6-4b89-88d6-dae2f0d0c5e6/distill_methodvanilla_dkd_alpha1.0_dkd_beta8.0_kl_methodkl_mse_normalizeFalse_temperature0.5_weight_ce0.5_weight_kl0.25_weight_mse0.0_zscoreFalse/final_summary.json
raw,H3K27me3,0.5,0.0,5.0,4.0,0.0001,16,,0.561647973544053,0.5642199807774737,0.3714326174067254,0.7743251025710907,18,200,,${OG_SCRATCH}/carbon_distillation/deploy_120k/H3K27me3/20260619_161512/dd8db13e-1447-4d22-8fab-17cc915ca908/distill_methodvanilla_dkd_alpha1.0_dkd_beta8.0_kl_methodkl_mse_normalizeFalse_temperature4.0_weight_ce0.5_weight_kl0.0_weight_mse5.0_zscoreFalse/final_summary.json
raw,H3K27me3,0.5,0.25,0.0,1.5,0.0001,16,,0.5805023400627188,0.5857789293640537,0.48752948993870093,0.7828627944614278,41,200,,${OG_SCRATCH}/carbon_distillation/deploy_120k/H3K27me3/20260619_172631/e2f0d6c8-a148-414d-8fd4-7a9dc09b6beb/distill_methodvanilla_dkd_alpha1.0_dkd_beta8.0_kl_methodkl_mse_normalizeFalse_temperature1.5_weight_ce0.5_weight_kl0.25_weight_mse0.0_zscoreFalse/final_summary.json
raw,H3K27me3,0.5,0.25,0.0,2.0,0.0001,16,,0.586662777111015,0.5744139602061279,0.4302209944207309,0.7729466241568526,43,200,,${OG_SCRATCH}/carbon_distillation/deploy_120k/H3K27me3/20260619_173026/b68a3e55-bb42-47f4-8fef-ae4bf4b875ba/distill_methodvanilla_dkd_alpha1.0_dkd_beta8.0_kl_methodkl_mse_normalizeFalse_temperature2.0_weight_ce0.5_weight_kl0.25_weight_mse0.0_zscoreFalse/final_summary.json
raw,H3K27me3,0.5,0.25,0.0,4.0,0.0001,16,,0.5792698490350408,0.5728742707675313,0.4734217821316639,0.7709068434820847,54,200,,${OG_SCRATCH}/carbon_distillation/deploy_120k/H3K27me3/20260619_173911/335c494f-ca73-4ce9-bb4d-57725fa6a36f/distill_methodvanilla_dkd_alpha1.0_dkd_beta8.0_kl_methodkl_mse_normalizeFalse_temperature4.0_weight_ce0.5_weight_kl0.25_weight_mse0.0_zscoreFalse/final_summary.json
raw,H3K27me3,0.5,0.25,1.0,0.5,0.0001,16,,0.5679276815839976,0.5604282949616567,0.46748167952134856,0.7629083693572389,18,200,,${OG_SCRATCH}/carbon_distillation/deploy_120k/H3K27me3/20260619_174027/7f032323-b474-4e53-8311-1cf1e5317122/distill_methodvanilla_dkd_alpha1.0_dkd_beta8.0_kl_methodkl_mse_normalizeFalse_temperature0.5_weight_ce0.5_weight_kl0.25_weight_mse1.0_zscoreFalse/final_summary.json
raw,H3K27me3,0.5,0.25,1.0,1.0,0.0001,16,,0.5748880841876827,0.5679158416026958,0.44668956779035673,0.7676171562862957,19,200,,${OG_SCRATCH}/carbon_distillation/deploy_120k/H3K27me3/20260619_184257/04b71499-b851-44ae-8408-2b9057c6b2f1/distill_methodvanilla_dkd_alpha1.0_dkd_beta8.0_kl_methodkl_mse_normalizeFalse_temperature1.0_weight_ce0.5_weight_kl0.25_weight_mse1.0_zscoreFalse/final_summary.json
raw,H3K27me3,0.5,0.25,1.0,1.5,0.0001,16,,0.5761276641932007,0.5606243610051519,0.4718616007101189,0.7609792417916033,18,200,,${OG_SCRATCH}/carbon_distillation/deploy_120k/H3K27me3/20260619_184730/6dc8c819-68dc-4d8c-8600-fbb7a279a79c/distill_methodvanilla_dkd_alpha1.0_dkd_beta8.0_kl_methodkl_mse_normalizeFalse_temperature1.5_weight_ce0.5_weight_kl0.25_weight_mse1.0_zscoreFalse/final_summary.json
raw,H3K27me3,0.5,0.25,1.0,2.0,0.0001,16,,0.5727510898413529,0.5645778245742469,0.47795627668913615,0.7705615744814911,27,200,,${OG_SCRATCH}/carbon_distillation/deploy_120k/H3K27me3/20260619_185505/8c740b95-2c20-46da-8500-b86d4ccde8c8/distill_methodvanilla_dkd_alpha1.0_dkd_beta8.0_kl_methodkl_mse_normalizeFalse_temperature2.0_weight_ce0.5_weight_kl0.25_weight_mse1.0_zscoreFalse/final_summary.json
raw,H3K27me3,0.5,0.25,1.0,4.0,0.0001,16,,0.5813745452064553,0.5634560065047014,0.4672947660590341,0.764223455377276,30,200,,${OG_SCRATCH}/carbon_distillation/deploy_120k/H3K27me3/20260619_191347/35991277-71b6-42c9-9662-880905c2cdbe/distill_methodvanilla_dkd_alpha1.0_dkd_beta8.0_kl_methodkl_mse_normalizeFalse_temperature4.0_weight_ce0.5_weight_kl0.25_weight_mse1.0_zscoreFalse/final_summary.json
raw,H3K27me3,0.5,0.25,2.0,0.5,0.0001,16,,0.5693449945601955,0.569987564706757,0.44852444602814606,0.7714285714285715,16,200,,${OG_SCRATCH}/carbon_distillation/deploy_120k/H3K27me3/20260619_200650/2f99eb44-6115-494a-85b0-20ae48963bfb/distill_methodvanilla_dkd_alpha1.0_dkd_beta8.0_kl_methodkl_mse_normalizeFalse_temperature0.5_weight_ce0.5_weight_kl0.25_weight_mse2.0_zscoreFalse/final_summary.json
raw,H3K27me3,0.5,0.25,2.0,1.0,0.0001,16,,0.5710021741848444,0.5638692163748361,0.4704009945550932,0.7636750638826484,18,200,,${OG_SCRATCH}/carbon_distillation/deploy_120k/H3K27me3/20260619_201053/5a0da973-d18e-4724-b952-8574cb6ca413/distill_methodvanilla_dkd_alpha1.0_dkd_beta8.0_kl_methodkl_mse_normalizeFalse_temperature1.0_weight_ce0.5_weight_kl0.25_weight_mse2.0_zscoreFalse/final_summary.json
raw,H3K27me3,0.5,0.25,2.0,1.5,0.0001,16,,0.5689212665183798,0.5649437223424224,0.47047244148111633,0.7639452548284209,30,200,,${OG_SCRATCH}/carbon_distillation/deploy_120k/H3K27me3/20260619_201813/34e18b84-35e4-49b2-bedb-646f8b5aee40/distill_methodvanilla_dkd_alpha1.0_dkd_beta8.0_kl_methodkl_mse_normalizeFalse_temperature1.5_weight_ce0.5_weight_kl0.25_weight_mse2.0_zscoreFalse/final_summary.json
raw,H3K27me3,0.5,0.25,2.0,2.0,0.0001,16,,0.5769820642082892,0.5737904326457703,0.4766893914784995,0.7753625024279429,27,200,,${OG_SCRATCH}/carbon_distillation/deploy_120k/H3K27me3/20260619_204621/941083bb-0d44-4ad7-b17b-b86d1322065b/distill_methodvanilla_dkd_alpha1.0_dkd_beta8.0_kl_methodkl_mse_normalizeFalse_temperature2.0_weight_ce0.5_weight_kl0.25_weight_mse2.0_zscoreFalse/final_summary.json
raw,H3K27me3,0.5,0.25,2.0,4.0,0.0001,16,,0.577308694291944,0.5627310922579292,0.4922619863076471,0.7643594254359662,18,200,,${OG_SCRATCH}/carbon_distillation/deploy_120k/H3K27me3/20260619_213115/5372852b-e565-46db-a77c-16460fa681d9/distill_methodvanilla_dkd_alpha1.0_dkd_beta8.0_kl_methodkl_mse_normalizeFalse_temperature4.0_weight_ce0.5_weight_kl0.25_weight_mse2.0_zscoreFalse/final_summary.json
raw,H3K27me3,0.5,0.25,5.0,0.5,0.0001,16,,0.5688416579923582,0.5650446411252138,0.4634614844846163,0.767679820058694,18,200,,${OG_SCRATCH}/carbon_distillation/deploy_120k/H3K27me3/20260619_213337/1f1ca130-6aec-4b3c-8dc4-14b1d20b17d6/distill_methodvanilla_dkd_alpha1.0_dkd_beta8.0_kl_methodkl_mse_normalizeFalse_temperature0.5_weight_ce0.5_weight_kl0.25_weight_mse5.0_zscoreFalse/final_summary.json
raw,H3K27me3,0.5,0.25,5.0,1.0,0.0001,16,,0.5718866826057083,0.557637822730566,0.47584693770058606,0.7601263697897336,18,200,,${OG_SCRATCH}/carbon_distillation/deploy_120k/H3K27me3/20260619_214150/0bdd30af-0b69-4eee-b9a8-9955a081c5ea/distill_methodvanilla_dkd_alpha1.0_dkd_beta8.0_kl_methodkl_mse_normalizeFalse_temperature1.0_weight_ce0.5_weight_kl0.25_weight_mse5.0_zscoreFalse/final_summary.json
raw,H3K27me3,0.5,0.25,5.0,1.5,0.0001,16,,0.5704316158772286,0.5692533684528865,0.46115222363136793,0.7706338873016212,27,200,,${OG_SCRATCH}/carbon_distillation/deploy_120k/H3K27me3/20260619_221858/1d354bf1-d4d3-4467-9b51-a7971812d8ec/distill_methodvanilla_dkd_alpha1.0_dkd_beta8.0_kl_methodkl_mse_normalizeFalse_temperature1.5_weight_ce0.5_weight_kl0.25_weight_mse5.0_zscoreFalse/final_summary.json
raw,H3K27me3,0.5,0.25,5.0,2.0,0.0001,16,,0.5732636314627143,0.5704657636760568,0.45058311344135654,0.7731930908734048,27,200,,${OG_SCRATCH}/carbon_distillation/deploy_120k/H3K27me3/20260619_225125/3e34ea59-d0f0-433c-ab93-dde1933aedf7/distill_methodvanilla_dkd_alpha1.0_dkd_beta8.0_kl_methodkl_mse_normalizeFalse_temperature2.0_weight_ce0.5_weight_kl0.25_weight_mse5.0_zscoreFalse/final_summary.json
raw,H3K27me3,0.5,0.25,5.0,4.0,0.0001,16,,0.5832755709117132,0.5740156878291924,0.46948162803976096,0.7794393545642381,34,200,,${OG_SCRATCH}/carbon_distillation/deploy_120k/H3K27me3/20260619_225437/2cd6598a-fae3-49de-8a1a-528c2ab256d8/distill_methodvanilla_dkd_alpha1.0_dkd_beta8.0_kl_methodkl_mse_normalizeFalse_temperature4.0_weight_ce0.5_weight_kl0.25_weight_mse5.0_zscoreFalse/final_summary.json
raw,H3K27me3,0.5,0.5,0.0,0.5,0.0001,16,,0.5757746349083277,0.5750812150440985,0.47974482254430223,0.7778845100567086,41,200,,${OG_SCRATCH}/carbon_distillation/deploy_120k/H3K27me3/20260619_230302/ee4c8bad-e582-4a44-abcf-ece858980216/distill_methodvanilla_dkd_alpha1.0_dkd_beta8.0_kl_methodkl_mse_normalizeFalse_temperature0.5_weight_ce0.5_weight_kl0.5_weight_mse0.0_zscoreFalse/final_summary.json
raw,H3K27me3,0.5,0.5,0.0,1.0,0.0001,16,,0.5842144507020417,0.580062238362198,0.5024800529331157,0.7783854660504101,43,200,,${OG_SCRATCH}/carbon_distillation/deploy_120k/H3K27me3/20260619_234903/dd592354-0bb0-4af2-9dab-dad2b80bb2ad/distill_methodvanilla_dkd_alpha1.0_dkd_beta8.0_kl_methodkl_mse_normalizeFalse_temperature1.0_weight_ce0.5_weight_kl0.5_weight_mse0.0_zscoreFalse/final_summary.json
raw,H3K27me3,0.5,0.5,0.0,1.5,0.0001,16,,0.5867986776385674,0.5783708016311626,0.47916520570976884,0.7805008441066721,43,200,,${OG_SCRATCH}/carbon_distillation/deploy_120k/H3K27me3/20260620_003257/d2f05670-6be7-46cd-8209-9154558e6290/distill_methodvanilla_dkd_alpha1.0_dkd_beta8.0_kl_methodkl_mse_normalizeFalse_temperature1.5_weight_ce0.5_weight_kl0.5_weight_mse0.0_zscoreFalse/final_summary.json
raw,H3K27me3,0.5,0.5,0.0,2.0,0.0001,16,,0.5859153070770178,0.5633652095119135,0.4862155023561755,0.7675244539874639,55,200,,${OG_SCRATCH}/carbon_distillation/deploy_120k/H3K27me3/20260620_003418/4851430d-f308-4316-9bce-6857a6fdf119/distill_methodvanilla_dkd_alpha1.0_dkd_beta8.0_kl_methodkl_mse_normalizeFalse_temperature2.0_weight_ce0.5_weight_kl0.5_weight_mse0.0_zscoreFalse/final_summary.json
raw,H3K27me3,0.5,0.5,0.0,4.0,0.0001,16,,0.583640405774785,0.5558826349543906,0.486908451505813,0.7614123302470255,81,200,,${OG_SCRATCH}/carbon_distillation/deploy_120k/H3K27me3/20260620_003629/ef28e2d5-28fe-412e-8635-7474a5009df5/distill_methodvanilla_dkd_alpha1.0_dkd_beta8.0_kl_methodkl_mse_normalizeFalse_temperature4.0_weight_ce0.5_weight_kl0.5_weight_mse0.0_zscoreFalse/final_summary.json
raw,H3K27me3,0.5,0.5,1.0,2.0,0.0001,16,,0.5919039660229991,0.5667534853813857,0.48040697486159034,0.7678311766071582,30,200,,${OG_SCRATCH}/carbon_distillation/deploy_120k/H3K27me3/20260620_014844/7724bff0-60f1-4cec-841c-a00f23b3b53f/distill_methodvanilla_dkd_alpha1.0_dkd_beta8.0_kl_methodkl_mse_normalizeFalse_temperature2.0_weight_ce0.5_weight_kl0.5_weight_mse1.0_zscoreFalse/final_summary.json
raw,H3K27me3,0.5,0.5,2.0,1.0,0.0001,16,,0.5738628273799375,0.5654927984805396,0.4934394261389411,0.7675967959344933,30,200,,${OG_SCRATCH}/carbon_distillation/deploy_120k/H3K27me3/20260620_021941/6d91cf70-72b6-4024-b1fc-f0d8ab8c65b1/distill_methodvanilla_dkd_alpha1.0_dkd_beta8.0_kl_methodkl_mse_normalizeFalse_temperature1.0_weight_ce0.5_weight_kl0.5_weight_mse2.0_zscoreFalse/final_summary.json
raw,H3K27me3,0.5,0.5,5.0,1.0,0.0001,16,,0.5767873001672402,0.5733530096925386,0.46846241783647063,0.77818853974122,30,200,,${OG_SCRATCH}/carbon_distillation/deploy_120k/H3K27me3/20260620_024051/b3d4e17e-5384-4f6d-8d99-4f7a39dacbcb/distill_methodvanilla_dkd_alpha1.0_dkd_beta8.0_kl_methodkl_mse_normalizeFalse_temperature1.0_weight_ce0.5_weight_kl0.5_weight_mse5.0_zscoreFalse/final_summary.json
raw,H3K27me3,0.5,0.5,5.0,0.5,0.0001,16,,0.574451220268937,0.556272347005752,0.45762762304347626,0.7575330938868288,18,200,,${OG_SCRATCH}/carbon_distillation/deploy_120k/H3K27me3/20260620_024051/1396e1d9-032a-44ed-b977-75b7b6ad3b36/distill_methodvanilla_dkd_alpha1.0_dkd_beta8.0_kl_methodkl_mse_normalizeFalse_temperature0.5_weight_ce0.5_weight_kl0.5_weight_mse5.0_zscoreFalse/final_summary.json
raw,H3K27me3,0.5,0.5,2.0,4.0,0.0001,16,,0.5889237085312448,0.5829749369345871,0.5137027746828889,0.7824325877813783,34,200,,${OG_SCRATCH}/carbon_distillation/deploy_120k/H3K27me3/20260620_024051/c9543576-9d99-4200-96e7-9692b3508405/distill_methodvanilla_dkd_alpha1.0_dkd_beta8.0_kl_methodkl_mse_normalizeFalse_temperature4.0_weight_ce0.5_weight_kl0.5_weight_mse2.0_zscoreFalse/final_summary.json
raw,H3K27me3,0.5,0.5,5.0,1.5,0.0001,16,,0.5796922349293017,0.5706556242811713,0.49599957312286824,0.7736205041707889,30,200,,${OG_SCRATCH}/carbon_distillation/deploy_120k/H3K27me3/20260620_031659/a27d1d37-adab-46e0-ab7f-ecb8149380e2/distill_methodvanilla_dkd_alpha1.0_dkd_beta8.0_kl_methodkl_mse_normalizeFalse_temperature1.5_weight_ce0.5_weight_kl0.5_weight_mse5.0_zscoreFalse/final_summary.json
raw,H3K27me3,0.5,0.5,1.0,0.5,0.0001,16,,0.5737462032446194,0.5665721085470278,0.4884160504197089,0.7659923376095664,19,200,,${OG_SCRATCH}/carbon_distillation/deploy_120k/H3K27me3/20260620_033557/de7f9168-87b5-49f9-95b6-6f24cd390835/distill_methodvanilla_dkd_alpha1.0_dkd_beta8.0_kl_methodkl_mse_normalizeFalse_temperature0.5_weight_ce0.5_weight_kl0.5_weight_mse1.0_zscoreFalse/final_summary.json
raw,H3K27me3,0.5,0.5,1.0,1.0,0.0001,16,,0.5770917910802038,0.5681515399238072,0.4877986541183091,0.7777400754116957,34,134,True,${OG_SCRATCH}/carbon_distillation/deploy_120k/H3K27me3/20260620_034625/5cbd604c-50da-4efc-bda2-a3fb5aeb68a2/distill_methodvanilla_dkd_alpha1.0_dkd_beta8.0_kl_methodkl_mse_normalizeFalse_temperature1.0_weight_ce0.5_weight_kl0.5_weight_mse1.0_zscoreFalse/final_summary.json
raw,H3K27me3,0.5,0.5,1.0,0.5,0.0001,16,,0.5752911693233331,0.5679641582282697,0.4747477165833444,0.7666725924420967,19,119,True,${OG_SCRATCH}/carbon_distillation/deploy_120k/H3K27me3/20260620_034625/b566273d-448f-43f2-9b5f-2fe20cb00068/distill_methodvanilla_dkd_alpha1.0_dkd_beta8.0_kl_methodkl_mse_normalizeFalse_temperature0.5_weight_ce0.5_weight_kl0.5_weight_mse1.0_zscoreFalse/final_summary.json
raw,H3K27me3,0.5,0.5,2.0,0.5,0.0001,16,,0.5693050016500156,0.559049543275551,0.4800042486509502,0.7697297184308041,24,124,True,${OG_SCRATCH}/carbon_distillation/deploy_120k/H3K27me3/20260620_035326/0f5610d5-9749-4f3a-9106-40f116b04b0a/distill_methodvanilla_dkd_alpha1.0_dkd_beta8.0_kl_methodkl_mse_normalizeFalse_temperature0.5_weight_ce0.5_weight_kl0.5_weight_mse2.0_zscoreFalse/final_summary.json
raw,H3K27me3,0.5,0.5,1.0,4.0,0.0001,16,,0.5842653467240213,0.563026790397211,0.4753332815925727,0.7609985072649625,30,130,True,${OG_SCRATCH}/carbon_distillation/deploy_120k/H3K27me3/20260620_035326/8a07972e-91a8-4c3e-b7d5-61d262053851/distill_methodvanilla_dkd_alpha1.0_dkd_beta8.0_kl_methodkl_mse_normalizeFalse_temperature4.0_weight_ce0.5_weight_kl0.5_weight_mse1.0_zscoreFalse/final_summary.json
raw,H3K27me3,0.5,0.5,1.0,1.5,0.0001,16,,0.5832602614176406,0.5679158416026958,0.4987924560188808,0.7676171562862957,30,130,True,${OG_SCRATCH}/carbon_distillation/deploy_120k/H3K27me3/20260620_035330/cc5d084f-f146-4b94-b3ad-e73cf50cd610/distill_methodvanilla_dkd_alpha1.0_dkd_beta8.0_kl_methodkl_mse_normalizeFalse_temperature1.5_weight_ce0.5_weight_kl0.5_weight_mse1.0_zscoreFalse/final_summary.json
raw,H3K27me3,0.5,0.5,1.0,1.0,0.0001,16,,0.5770917910802038,0.5681515399238072,0.4877986541183091,0.7777400754116957,34,134,True,${OG_SCRATCH}/carbon_distillation/deploy_120k/H3K27me3/20260620_035352/34cf1ebe-bfac-4b00-9eb7-ffab475f0966/distill_methodvanilla_dkd_alpha1.0_dkd_beta8.0_kl_methodkl_mse_normalizeFalse_temperature1.0_weight_ce0.5_weight_kl0.5_weight_mse1.0_zscoreFalse/final_summary.json
raw,H3K27me3,0.5,0.5,2.0,2.0,0.0001,16,,0.5855242198550683,0.581018646941758,0.48677012911518286,0.782313175413748,33,133,True,${OG_SCRATCH}/carbon_distillation/deploy_120k/H3K27me3/20260620_035938/d0c8f0fb-6d79-4d40-8d94-3b33270630f4/distill_methodvanilla_dkd_alpha1.0_dkd_beta8.0_kl_methodkl_mse_normalizeFalse_temperature2.0_weight_ce0.5_weight_kl0.5_weight_mse2.0_zscoreFalse/final_summary.json
raw,H3K27me3,0.5,0.5,2.0,4.0,0.0001,16,,0.5889237085312448,0.5829749369345871,0.514673390815952,0.7824325877813783,34,134,True,${OG_SCRATCH}/carbon_distillation/deploy_120k/H3K27me3/20260620_040344/d0d65f32-fc77-4c95-b107-349b05f2548d/distill_methodvanilla_dkd_alpha1.0_dkd_beta8.0_kl_methodkl_mse_normalizeFalse_temperature4.0_weight_ce0.5_weight_kl0.5_weight_mse2.0_zscoreFalse/final_summary.json
raw,H3K27me3,0.5,0.5,2.0,1.5,0.0001,16,,0.5864854802973415,0.5734852224666875,0.49172658605294944,0.7735744072066291,34,134,True,${OG_SCRATCH}/carbon_distillation/deploy_120k/H3K27me3/20260620_040439/fd09e7f7-dbd6-41b2-8b11-b123522f7ab7/distill_methodvanilla_dkd_alpha1.0_dkd_beta8.0_kl_methodkl_mse_normalizeFalse_temperature1.5_weight_ce0.5_weight_kl0.5_weight_mse2.0_zscoreFalse/final_summary.json
raw,H3K27me3,0.5,0.5,5.0,0.5,0.0001,16,,0.574451220268937,0.556272347005752,0.45662258296835534,0.7575330938868288,18,118,True,${OG_SCRATCH}/carbon_distillation/deploy_120k/H3K27me3/20260620_041153/2e361cdf-108d-492f-8355-3a45b67f7cfb/distill_methodvanilla_dkd_alpha1.0_dkd_beta8.0_kl_methodkl_mse_normalizeFalse_temperature0.5_weight_ce0.5_weight_kl0.5_weight_mse5.0_zscoreFalse/final_summary.json
raw,H3K27me3,0.5,0.5,5.0,1.5,0.0001,16,,0.5799558822709614,0.5701578759864289,0.49435431200842644,0.775091691441986,33,133,True,${OG_SCRATCH}/carbon_distillation/deploy_120k/H3K27me3/20260620_041957/e5005c6a-de57-4c96-85b8-51ce33168b2e/distill_methodvanilla_dkd_alpha1.0_dkd_beta8.0_kl_methodkl_mse_normalizeFalse_temperature1.5_weight_ce0.5_weight_kl0.5_weight_mse5.0_zscoreFalse/final_summary.json
raw,H3K27me3,0.5,0.5,5.0,2.0,0.0001,16,,0.5782146255396853,0.5726669504076446,0.506008200083299,0.7773958820595561,34,134,True,${OG_SCRATCH}/carbon_distillation/deploy_120k/H3K27me3/20260620_043611/75480a17-6910-49a3-bb79-0cdf9a85b7ba/distill_methodvanilla_dkd_alpha1.0_dkd_beta8.0_kl_methodkl_mse_normalizeFalse_temperature2.0_weight_ce0.5_weight_kl0.5_weight_mse5.0_zscoreFalse/final_summary.json
raw,H3K27me3,0.5,1.0,0.0,0.5,0.0001,16,,0.5796317769949035,0.5789123950730295,0.5023237178007608,0.7790414582319201,44,144,True,${OG_SCRATCH}/carbon_distillation/deploy_120k/H3K27me3/20260620_044215/36f6ec70-cba5-465a-a639-c4aa9be90ac6/distill_methodvanilla_dkd_alpha1.0_dkd_beta8.0_kl_methodkl_mse_normalizeFalse_temperature0.5_weight_ce0.5_weight_kl1.0_weight_mse0.0_zscoreFalse/final_summary.json
raw,H3K27me3,0.5,0.5,5.0,4.0,0.0001,16,,0.5808918962875752,0.5807764590300079,0.49674769578926276,0.7809948449555812,34,134,True,${OG_SCRATCH}/carbon_distillation/deploy_120k/H3K27me3/20260620_044215/c0aa7be2-48d4-412f-ab00-1462c2ee3175/distill_methodvanilla_dkd_alpha1.0_dkd_beta8.0_kl_methodkl_mse_normalizeFalse_temperature4.0_weight_ce0.5_weight_kl0.5_weight_mse5.0_zscoreFalse/final_summary.json
raw,H3K27me3,0.5,1.0,0.0,1.5,0.0001,16,,0.5913648505063527,0.5606738184726966,0.5058106039777462,0.7656864341940015,55,155,True,${OG_SCRATCH}/carbon_distillation/deploy_120k/H3K27me3/20260620_045132/3e943459-a1f0-47c7-b322-76d86f3bfb14/distill_methodvanilla_dkd_alpha1.0_dkd_beta8.0_kl_methodkl_mse_normalizeFalse_temperature1.5_weight_ce0.5_weight_kl1.0_weight_mse0.0_zscoreFalse/final_summary.json
raw,H3K27me3,0.5,1.0,0.0,1.0,0.0001,16,,0.5841218798997767,0.5854111717385865,0.515650675870246,0.7829248605415822,44,144,True,${OG_SCRATCH}/carbon_distillation/deploy_120k/H3K27me3/20260620_045327/237c37e7-90d4-40f2-8c25-ae3dbcf81eb1/distill_methodvanilla_dkd_alpha1.0_dkd_beta8.0_kl_methodkl_mse_normalizeFalse_temperature1.0_weight_ce0.5_weight_kl1.0_weight_mse0.0_zscoreFalse/final_summary.json
raw,H3K27me3,0.5,1.0,0.0,2.0,0.0001,16,,0.5828052047184986,0.5650560733445774,0.5208808242758348,0.7690777239686488,55,155,True,${OG_SCRATCH}/carbon_distillation/deploy_120k/H3K27me3/20260620_045446/4d2001ed-23ec-4368-802c-baf4aac86c97/distill_methodvanilla_dkd_alpha1.0_dkd_beta8.0_kl_methodkl_mse_normalizeFalse_temperature2.0_weight_ce0.5_weight_kl1.0_weight_mse0.0_zscoreFalse/final_summary.json
raw,H3K27me3,0.5,1.0,0.0,4.0,0.0001,16,,0.5899512055915475,0.5681257505738546,0.514903375788763,0.7731544494134422,68,168,True,${OG_SCRATCH}/carbon_distillation/deploy_120k/H3K27me3/20260620_050044/c8ee2dc3-6127-4690-89e0-dbd84548bd0e/distill_methodvanilla_dkd_alpha1.0_dkd_beta8.0_kl_methodkl_mse_normalizeFalse_temperature4.0_weight_ce0.5_weight_kl1.0_weight_mse0.0_zscoreFalse/final_summary.json
raw,H3K27me3,0.5,1.0,1.0,0.5,0.0001,16,,0.5746432054367737,0.5654927984805396,0.5044175852453971,0.7675967959344933,19,119,True,${OG_SCRATCH}/carbon_distillation/deploy_120k/H3K27me3/20260620_050252/c438682e-6434-412f-9646-47eea4c2920c/distill_methodvanilla_dkd_alpha1.0_dkd_beta8.0_kl_methodkl_mse_normalizeFalse_temperature0.5_weight_ce0.5_weight_kl1.0_weight_mse1.0_zscoreFalse/final_summary.json
raw,H3K27me3,0.5,1.0,1.0,1.0,0.0001,16,,0.5840042134947502,0.5696452206038115,0.4899196964465475,0.7687008949339382,45,145,True,${OG_SCRATCH}/carbon_distillation/deploy_120k/H3K27me3/20260620_050655/19f19f65-81e5-4148-9be5-203518cdd7c3/distill_methodvanilla_dkd_alpha1.0_dkd_beta8.0_kl_methodkl_mse_normalizeFalse_temperature1.0_weight_ce0.5_weight_kl1.0_weight_mse1.0_zscoreFalse/final_summary.json
raw,H3K27me3,0.5,1.0,1.0,1.5,0.0001,16,,0.5896890049722823,0.5728117815107522,0.48888280508898296,0.7750768993843996,34,134,True,${OG_SCRATCH}/carbon_distillation/deploy_120k/H3K27me3/20260620_051849/1031cc38-da88-4088-9d31-a4b1bcc090d9/distill_methodvanilla_dkd_alpha1.0_dkd_beta8.0_kl_methodkl_mse_normalizeFalse_temperature1.5_weight_ce0.5_weight_kl1.0_weight_mse1.0_zscoreFalse/final_summary.json
raw,H3K27me3,0.5,1.0,1.0,2.0,0.0001,16,,0.588760928089635,0.5822118144013444,0.5199619801142358,0.7798388186033947,34,134,True,${OG_SCRATCH}/carbon_distillation/deploy_120k/H3K27me3/20260620_053111/6afe67b3-36a7-41ca-9dbe-cf9ee2bcc19a/distill_methodvanilla_dkd_alpha1.0_dkd_beta8.0_kl_methodkl_mse_normalizeFalse_temperature2.0_weight_ce0.5_weight_kl1.0_weight_mse1.0_zscoreFalse/final_summary.json
raw,H3K27me3,0.5,1.0,1.0,4.0,0.0001,16,,0.5878943030662088,0.5790828439977369,0.507609676763075,0.7785555339512173,45,145,True,${OG_SCRATCH}/carbon_distillation/deploy_120k/H3K27me3/20260620_053716/42f6585a-682f-4559-9e56-91190f807c36/distill_methodvanilla_dkd_alpha1.0_dkd_beta8.0_kl_methodkl_mse_normalizeFalse_temperature4.0_weight_ce0.5_weight_kl1.0_weight_mse1.0_zscoreFalse/final_summary.json
raw,H3K27me3,0.5,1.0,2.0,1.0,0.0001,16,,0.5877424599991053,0.5822426406807935,0.498558708908509,0.7789217058320048,30,130,True,${OG_SCRATCH}/carbon_distillation/deploy_120k/H3K27me3/20260620_054218/fb13ed46-1549-41a7-bd87-d08dda9696f4/distill_methodvanilla_dkd_alpha1.0_dkd_beta8.0_kl_methodkl_mse_normalizeFalse_temperature1.0_weight_ce0.5_weight_kl1.0_weight_mse2.0_zscoreFalse/final_summary.json
raw,H3K27me3,0.5,1.0,2.0,0.5,0.0001,16,,0.5695770365418393,0.5705222516264654,0.5117063097642729,0.7750263509240392,24,124,True,${OG_SCRATCH}/carbon_distillation/deploy_120k/H3K27me3/20260620_054323/01ebc088-2e26-4167-93b5-4bad51fc5858/distill_methodvanilla_dkd_alpha1.0_dkd_beta8.0_kl_methodkl_mse_normalizeFalse_temperature0.5_weight_ce0.5_weight_kl1.0_weight_mse2.0_zscoreFalse/final_summary.json
raw,H3K27me3,0.5,1.0,2.0,1.5,0.0001,16,,0.5890522190787945,0.5863063449114655,0.4954111446867242,0.7877195004399316,33,133,True,${OG_SCRATCH}/carbon_distillation/deploy_120k/H3K27me3/20260620_054519/e01f2ad3-5f9e-4159-a101-b097c553912b/distill_methodvanilla_dkd_alpha1.0_dkd_beta8.0_kl_methodkl_mse_normalizeFalse_temperature1.5_weight_ce0.5_weight_kl1.0_weight_mse2.0_zscoreFalse/final_summary.json
raw,H3K27me3,0.5,1.0,2.0,2.0,0.0001,16,,0.5866150244804704,0.5489338761828007,0.508455317014296,0.7580136454927096,41,141,True,${OG_SCRATCH}/carbon_distillation/deploy_120k/H3K27me3/20260620_055939/414f0d27-3f00-4791-b26b-1a6e0a085cc3/distill_methodvanilla_dkd_alpha1.0_dkd_beta8.0_kl_methodkl_mse_normalizeFalse_temperature2.0_weight_ce0.5_weight_kl1.0_weight_mse2.0_zscoreFalse/final_summary.json
raw,H3K27me3,0.5,1.0,2.0,4.0,0.0001,16,,0.5929684627749588,0.574068449206113,0.4935824758849846,0.7739316578706077,45,145,True,${OG_SCRATCH}/carbon_distillation/deploy_120k/H3K27me3/20260620_055939/a76e5bcf-f6e5-4061-9924-3f13f5fe96dd/distill_methodvanilla_dkd_alpha1.0_dkd_beta8.0_kl_methodkl_mse_normalizeFalse_temperature4.0_weight_ce0.5_weight_kl1.0_weight_mse2.0_zscoreFalse/final_summary.json
raw,H3K27me3,0.5,1.0,5.0,0.5,0.0001,16,,0.571107859611871,0.5690297728052288,0.4788662958266997,0.7771272498074095,24,124,True,${OG_SCRATCH}/carbon_distillation/deploy_120k/H3K27me3/20260620_060351/6aa709bb-3ba8-49fe-a064-638fe306a78e/distill_methodvanilla_dkd_alpha1.0_dkd_beta8.0_kl_methodkl_mse_normalizeFalse_temperature0.5_weight_ce0.5_weight_kl1.0_weight_mse5.0_zscoreFalse/final_summary.json
raw,H3K27me3,0.5,1.0,5.0,1.5,0.0001,16,,0.5807049444140204,0.5641415352534748,0.5225250984783631,0.7761738707323007,43,143,True,${OG_SCRATCH}/carbon_distillation/deploy_120k/H3K27me3/20260620_061224/1a16a3f6-9720-4678-b675-0c65c53c2247/distill_methodvanilla_dkd_alpha1.0_dkd_beta8.0_kl_methodkl_mse_normalizeFalse_temperature1.5_weight_ce0.5_weight_kl1.0_weight_mse5.0_zscoreFalse/final_summary.json
raw,H3K27me3,0.5,1.0,5.0,1.0,0.0001,16,,0.5819826567227144,0.569774859415664,0.5091903812869454,0.7819829652456771,39,139,True,${OG_SCRATCH}/carbon_distillation/deploy_120k/H3K27me3/20260620_061236/77933b74-6b25-4932-915a-719933a8aac9/distill_methodvanilla_dkd_alpha1.0_dkd_beta8.0_kl_methodkl_mse_normalizeFalse_temperature1.0_weight_ce0.5_weight_kl1.0_weight_mse5.0_zscoreFalse/final_summary.json
raw,H3K27me3,0.5,1.0,5.0,2.0,0.0001,16,,0.5922192264290921,0.5616969056735834,0.5054868259461657,0.7659632297707435,51,151,True,${OG_SCRATCH}/carbon_distillation/deploy_120k/H3K27me3/20260620_062609/a8cd2cd5-b244-41d2-ad7a-893bf14f5339/distill_methodvanilla_dkd_alpha1.0_dkd_beta8.0_kl_methodkl_mse_normalizeFalse_temperature2.0_weight_ce0.5_weight_kl1.0_weight_mse5.0_zscoreFalse/final_summary.json
raw,H3K27me3,0.5,1.0,5.0,4.0,0.0001,16,,0.5911373789136556,0.5781214668747106,0.48131923812349353,0.7768934646011059,34,134,True,${OG_SCRATCH}/carbon_distillation/deploy_120k/H3K27me3/20260620_062708/c5008a83-fa64-413e-8675-cc4b87f6fed1/distill_methodvanilla_dkd_alpha1.0_dkd_beta8.0_kl_methodkl_mse_normalizeFalse_temperature4.0_weight_ce0.5_weight_kl1.0_weight_mse5.0_zscoreFalse/final_summary.json
raw,H3K27me3,0.5,0.5,0.2,2.0,0.0001,16,1,0.5935352935597704,0.5697715984205283,0.45899407468029774,0.7760791721192417,42,142,True,${OG_SCRATCH}/carbon_distillation/deploy_120k/H3K27me3/20260623_232014/f8bb1de2-3c43-4b77-95ab-fb185571ceb7/distill_methodvanilla_dkd_alpha1.0_dkd_beta8.0_kl_methodkl_mse_normalizeFalse_temperature2.0_weight_ce0.5_weight_kl0.5_weight_mse0.2_zscoreFalse/final_summary.json
raw,H3K27me3,0.5,0.5,0.2,2.0,0.0001,16,2,0.5757738620091247,0.571134621222826,0.4820128139178104,0.7785794612458619,39,139,True,${OG_SCRATCH}/carbon_distillation/deploy_120k/H3K27me3/20260623_233126/36e1db3a-15ce-4cde-bdc7-79fcd7a62ad4/distill_methodvanilla_dkd_alpha1.0_dkd_beta8.0_kl_methodkl_mse_normalizeFalse_temperature2.0_weight_ce0.5_weight_kl0.5_weight_mse0.2_zscoreFalse/final_summary.json
raw,H3K27me3,0.5,0.5,0.2,2.0,0.0001,16,0,0.5925866623996655,0.5808479941481489,0.49393530245351486,0.7787060237346517,33,133,True,${OG_SCRATCH}/carbon_distillation/deploy_120k/H3K27me3/20260624_001709/cab44106-7fc9-4425-8d0a-3e8e44e829af/distill_methodvanilla_dkd_alpha1.0_dkd_beta8.0_kl_methodkl_mse_normalizeFalse_temperature2.0_weight_ce0.5_weight_kl0.5_weight_mse0.2_zscoreFalse/final_summary.json
raw,H3K36me3,0.5,0.5,0.2,2.0,0.0001,16,,0.6242977952710916,0.5633326552469663,0.5063750083196012,0.7634133748712231,35,200,,${OG_SCRATCH}/carbon_distillation/deploy_120k/H3K36me3/20260618_200247/de664917-a361-43db-83f0-43e181aedb9d/distill_methodvanilla_dkd_alpha1.0_dkd_beta8.0_kl_methodkl_mse_normalizeFalse_temperature2.0_weight_ce0.5_weight_kl0.5_weight_mse0.2_zscoreFalse/final_summary.json
l2norm,H3K36me3,0.5,0.5,0.2,2.0,0.0001,16,,0.6193306421630301,0.5745339729720724,0.4998787718578552,0.7778803983839955,43,200,,${OG_SCRATCH}/carbon_distillation/deploy_120k/H3K36me3/20260618_214635/5b799039-8fbe-44ab-811f-94aebc5eee43/distill_methodvanilla_dkd_alpha1.0_dkd_beta8.0_kl_methodkl_mse_normalizeTrue_temperature2.0_weight_ce0.5_weight_kl0.5_weight_mse0.2_zscoreFalse/final_summary.json
raw,H3K36me3,0.5,0.5,0.2,2.0,0.0001,16,,0.6102779232256752,0.571266710368977,0.5154676922447248,0.7714180650375043,26,200,,${OG_SCRATCH}/carbon_distillation/deploy_120k/H3K36me3/20260619_002445/bc90354d-9176-4a88-93b7-51ccb0575e1e/distill_methodvanilla_dkd_alpha1.0_dkd_beta8.0_kl_methodkl_mse_normalizeFalse_temperature2.0_weight_ce0.5_weight_kl0.5_weight_mse0.2_zscoreFalse/final_summary.json
raw,H3K36me3,0.5,0.0,0.0,1.0,0.0001,16,,0.609060793468327,0.5579588580674716,0.44777424178580405,0.7659632297707435,35,135,True,${OG_SCRATCH}/carbon_distillation/deploy_120k/H3K36me3/20260620_063210/43b6a497-76dd-49d4-aec0-1ac290f2d387/distill_methodvanilla_dkd_alpha1.0_dkd_beta8.0_kl_methodkl_mse_normalizeFalse_temperature1.0_weight_ce0.5_weight_kl0.0_weight_mse0.0_zscoreFalse/final_summary.json
raw,H3K36me3,0.5,0.0,0.0,0.5,0.0001,16,,0.609060793468327,0.5579588580674716,0.44777424178580405,0.7659632297707435,35,135,True,${OG_SCRATCH}/carbon_distillation/deploy_120k/H3K36me3/20260620_063210/7a727843-be00-46c9-a06b-33ea488d8819/distill_methodvanilla_dkd_alpha1.0_dkd_beta8.0_kl_methodkl_mse_normalizeFalse_temperature0.5_weight_ce0.5_weight_kl0.0_weight_mse0.0_zscoreFalse/final_summary.json
raw,H3K36me3,0.5,0.0,0.0,1.5,0.0001,16,,0.6118309022060024,0.5560072715667393,0.42537192092712905,0.7644368955634031,35,135,True,${OG_SCRATCH}/carbon_distillation/deploy_120k/H3K36me3/20260620_063635/9e1f9afe-2fb7-4f7e-aac8-02b472fe328a/distill_methodvanilla_dkd_alpha1.0_dkd_beta8.0_kl_methodkl_mse_normalizeFalse_temperature1.5_weight_ce0.5_weight_kl0.0_weight_mse0.0_zscoreFalse/final_summary.json
raw,H3K36me3,0.5,0.0,0.0,4.0,0.0001,16,,0.609060793468327,0.5579588580674716,0.44777424178580405,0.7659632297707435,35,135,True,${OG_SCRATCH}/carbon_distillation/deploy_120k/H3K36me3/20260620_064106/8003b5f4-a35b-4072-9474-2ce5afae1539/distill_methodvanilla_dkd_alpha1.0_dkd_beta8.0_kl_methodkl_mse_normalizeFalse_temperature4.0_weight_ce0.5_weight_kl0.0_weight_mse0.0_zscoreFalse/final_summary.json
raw,H3K36me3,0.5,0.0,0.0,2.0,0.0001,16,,0.6118309022060024,0.5560072715667393,0.42537192092712905,0.7644368955634031,35,135,True,${OG_SCRATCH}/carbon_distillation/deploy_120k/H3K36me3/20260620_064117/302fa197-f13a-4534-9409-2040a7fba44f/distill_methodvanilla_dkd_alpha1.0_dkd_beta8.0_kl_methodkl_mse_normalizeFalse_temperature2.0_weight_ce0.5_weight_kl0.0_weight_mse0.0_zscoreFalse/final_summary.json
raw,H3K36me3,0.5,0.0,1.0,0.5,0.0001,16,,0.6097583268208615,0.5611166624529751,0.4309938600060274,0.7653120827770361,19,119,True,${OG_SCRATCH}/carbon_distillation/deploy_120k/H3K36me3/20260620_065239/518d06d9-80af-48a8-b6ef-fc57a3160e75/distill_methodvanilla_dkd_alpha1.0_dkd_beta8.0_kl_methodkl_mse_normalizeFalse_temperature0.5_weight_ce0.5_weight_kl0.0_weight_mse1.0_zscoreFalse/final_summary.json
raw,H3K36me3,0.5,0.0,1.0,1.0,0.0001,16,,0.6097583268208615,0.5611166624529751,0.4309938600060274,0.7653120827770361,19,119,True,${OG_SCRATCH}/carbon_distillation/deploy_120k/H3K36me3/20260620_065239/0c5051ea-be74-482a-b6e8-b6f74d64b48c/distill_methodvanilla_dkd_alpha1.0_dkd_beta8.0_kl_methodkl_mse_normalizeFalse_temperature1.0_weight_ce0.5_weight_kl0.0_weight_mse1.0_zscoreFalse/final_summary.json
raw,H3K36me3,0.5,0.0,1.0,1.5,0.0001,16,,0.6066953490320721,0.5644038602902269,0.4241057374240625,0.767529962804794,19,119,True,${OG_SCRATCH}/carbon_distillation/deploy_120k/H3K36me3/20260620_065702/f4899a55-5d65-4006-b318-4251797e9fe5/distill_methodvanilla_dkd_alpha1.0_dkd_beta8.0_kl_methodkl_mse_normalizeFalse_temperature1.5_weight_ce0.5_weight_kl0.0_weight_mse1.0_zscoreFalse/final_summary.json
raw,H3K36me3,0.5,0.0,1.0,2.0,0.0001,16,,0.6097583268208615,0.5611166624529751,0.4309938600060274,0.7653120827770361,19,119,True,${OG_SCRATCH}/carbon_distillation/deploy_120k/H3K36me3/20260620_070055/14213107-2de7-4249-96c6-7d7d634997e6/distill_methodvanilla_dkd_alpha1.0_dkd_beta8.0_kl_methodkl_mse_normalizeFalse_temperature2.0_weight_ce0.5_weight_kl0.0_weight_mse1.0_zscoreFalse/final_summary.json
raw,H3K36me3,0.5,0.0,2.0,0.5,0.0001,16,,0.6137966337842108,0.5720666434667157,0.3990439725966461,0.7717365459300943,19,119,True,${OG_SCRATCH}/carbon_distillation/deploy_120k/H3K36me3/20260620_070514/00396030-92a8-4207-bef4-ba27d0a63ca6/distill_methodvanilla_dkd_alpha1.0_dkd_beta8.0_kl_methodkl_mse_normalizeFalse_temperature0.5_weight_ce0.5_weight_kl0.0_weight_mse2.0_zscoreFalse/final_summary.json
raw,H3K36me3,0.5,0.0,1.0,4.0,0.0001,16,,0.6066953490320721,0.5644038602902269,0.4241057374240625,0.767529962804794,19,119,True,${OG_SCRATCH}/carbon_distillation/deploy_120k/H3K36me3/20260620_070514/3078fc04-c8da-4ef9-850b-751db1813217/distill_methodvanilla_dkd_alpha1.0_dkd_beta8.0_kl_methodkl_mse_normalizeFalse_temperature4.0_weight_ce0.5_weight_kl0.0_weight_mse1.0_zscoreFalse/final_summary.json
raw,H3K36me3,0.5,0.0,2.0,4.0,0.0001,16,,0.6137966337842108,0.5720666434667157,0.3990439725966461,0.7717365459300943,19,119,True,${OG_SCRATCH}/carbon_distillation/deploy_120k/H3K36me3/20260620_071505/2e4a7139-117a-4b39-88a3-108d82d32fa0/distill_methodvanilla_dkd_alpha1.0_dkd_beta8.0_kl_methodkl_mse_normalizeFalse_temperature4.0_weight_ce0.5_weight_kl0.0_weight_mse2.0_zscoreFalse/final_summary.json
raw,H3K36me3,0.5,0.0,2.0,2.0,0.0001,16,,0.6070983952809609,0.5689819435050611,0.3911892060818872,0.7718703613498903,19,119,True,${OG_SCRATCH}/carbon_distillation/deploy_120k/H3K36me3/20260620_071555/942b67cd-a3f1-453a-be5f-5861122927c1/distill_methodvanilla_dkd_alpha1.0_dkd_beta8.0_kl_methodkl_mse_normalizeFalse_temperature2.0_weight_ce0.5_weight_kl0.0_weight_mse2.0_zscoreFalse/final_summary.json
raw,H3K36me3,0.5,0.0,2.0,1.5,0.0001,16,,0.6070983952809609,0.5689819435050611,0.3911892060818872,0.7718703613498903,19,119,True,${OG_SCRATCH}/carbon_distillation/deploy_120k/H3K36me3/20260620_071555/1609dc1a-8113-4dec-845c-72ff6d6487b9/distill_methodvanilla_dkd_alpha1.0_dkd_beta8.0_kl_methodkl_mse_normalizeFalse_temperature1.5_weight_ce0.5_weight_kl0.0_weight_mse2.0_zscoreFalse/final_summary.json
raw,H3K36me3,0.5,0.0,2.0,1.0,0.0001,16,,0.6137966337842108,0.5720666434667157,0.3990439725966461,0.7717365459300943,19,119,True,${OG_SCRATCH}/carbon_distillation/deploy_120k/H3K36me3/20260620_071606/60199da7-a289-46a5-81f2-89eea3276f52/distill_methodvanilla_dkd_alpha1.0_dkd_beta8.0_kl_methodkl_mse_normalizeFalse_temperature1.0_weight_ce0.5_weight_kl0.0_weight_mse2.0_zscoreFalse/final_summary.json
raw,H3K36me3,0.5,0.0,5.0,0.5,0.0001,16,,0.6119206651500559,0.5607346156884668,0.3968061284146243,0.7687586242932551,19,119,True,${OG_SCRATCH}/carbon_distillation/deploy_120k/H3K36me3/20260620_071751/ac047af7-c9cd-49b4-a3bb-c69c450d45a6/distill_methodvanilla_dkd_alpha1.0_dkd_beta8.0_kl_methodkl_mse_normalizeFalse_temperature0.5_weight_ce0.5_weight_kl0.0_weight_mse5.0_zscoreFalse/final_summary.json
raw,H3K36me3,0.5,0.0,5.0,1.0,0.0001,16,,0.6079982012857246,0.5570163587925044,0.3867141353434585,0.767124369577236,19,119,True,${OG_SCRATCH}/carbon_distillation/deploy_120k/H3K36me3/20260620_072339/cfceec18-8519-4d1d-a991-d1b430cdde52/distill_methodvanilla_dkd_alpha1.0_dkd_beta8.0_kl_methodkl_mse_normalizeFalse_temperature1.0_weight_ce0.5_weight_kl0.0_weight_mse5.0_zscoreFalse/final_summary.json
raw,H3K36me3,0.5,0.0,5.0,1.5,0.0001,16,,0.6119206651500559,0.5607346156884668,0.3968061284146243,0.7687586242932551,19,119,True,${OG_SCRATCH}/carbon_distillation/deploy_120k/H3K36me3/20260620_072759/ea3df27f-4f29-47a3-a415-799121d9c4de/distill_methodvanilla_dkd_alpha1.0_dkd_beta8.0_kl_methodkl_mse_normalizeFalse_temperature1.5_weight_ce0.5_weight_kl0.0_weight_mse5.0_zscoreFalse/final_summary.json
raw,H3K36me3,0.5,0.0,5.0,2.0,0.0001,16,,0.6119206651500559,0.5607346156884668,0.3968061284146243,0.7687586242932551,19,119,True,${OG_SCRATCH}/carbon_distillation/deploy_120k/H3K36me3/20260620_073006/07c31156-66b8-4b4f-a01d-ff652d3af197/distill_methodvanilla_dkd_alpha1.0_dkd_beta8.0_kl_methodkl_mse_normalizeFalse_temperature2.0_weight_ce0.5_weight_kl0.0_weight_mse5.0_zscoreFalse/final_summary.json
raw,H3K36me3,0.5,0.25,0.0,0.5,0.0001,16,,0.6084122244997451,0.5654813831175645,0.5058812558931494,0.7716193317186915,36,136,True,${OG_SCRATCH}/carbon_distillation/deploy_120k/H3K36me3/20260620_073758/45460139-9e1f-450d-8912-699b76c93f80/distill_methodvanilla_dkd_alpha1.0_dkd_beta8.0_kl_methodkl_mse_normalizeFalse_temperature0.5_weight_ce0.5_weight_kl0.25_weight_mse0.0_zscoreFalse/final_summary.json
raw,H3K36me3,0.5,0.0,5.0,4.0,0.0001,16,,0.6079982012857246,0.5570163587925044,0.3867141353434585,0.767124369577236,19,119,True,${OG_SCRATCH}/carbon_distillation/deploy_120k/H3K36me3/20260620_073758/ef1cf8eb-509a-48e5-a4e8-08c9d1a88974/distill_methodvanilla_dkd_alpha1.0_dkd_beta8.0_kl_methodkl_mse_normalizeFalse_temperature4.0_weight_ce0.5_weight_kl0.0_weight_mse5.0_zscoreFalse/final_summary.json
raw,H3K36me3,0.5,0.25,0.0,1.0,0.0001,16,,0.6159989369582951,0.5736967640092704,0.49524756517873514,0.7747381288405315,39,139,True,${OG_SCRATCH}/carbon_distillation/deploy_120k/H3K36me3/20260620_074222/ffcf6877-9920-429b-b9f5-b2e3301bb5c5/distill_methodvanilla_dkd_alpha1.0_dkd_beta8.0_kl_methodkl_mse_normalizeFalse_temperature1.0_weight_ce0.5_weight_kl0.25_weight_mse0.0_zscoreFalse/final_summary.json
raw,H3K36me3,0.5,0.25,0.0,1.5,0.0001,16,,0.6178379024324981,0.5789380098646058,0.5229214370274304,0.7741987114817235,39,139,True,${OG_SCRATCH}/carbon_distillation/deploy_120k/H3K36me3/20260620_074614/d72be97c-74d1-47ef-9a60-ae0332429aa2/distill_methodvanilla_dkd_alpha1.0_dkd_beta8.0_kl_methodkl_mse_normalizeFalse_temperature1.5_weight_ce0.5_weight_kl0.25_weight_mse0.0_zscoreFalse/final_summary.json
raw,H3K36me3,0.5,0.25,0.0,2.0,0.0001,16,,0.613375650920778,0.5608310089520127,0.5140559674785616,0.7658526638932234,41,141,True,${OG_SCRATCH}/carbon_distillation/deploy_120k/H3K36me3/20260620_075329/9d45906e-4d53-4ea1-94db-f12aaae5ab99/distill_methodvanilla_dkd_alpha1.0_dkd_beta8.0_kl_methodkl_mse_normalizeFalse_temperature2.0_weight_ce0.5_weight_kl0.25_weight_mse0.0_zscoreFalse/final_summary.json
raw,H3K36me3,0.5,0.25,0.0,4.0,0.0001,16,,0.6137529401738248,0.573200110103349,0.5097262735672471,0.7781424204279805,43,143,True,${OG_SCRATCH}/carbon_distillation/deploy_120k/H3K36me3/20260620_075639/4300c97c-f39e-40dd-ac0b-29ea24ff4277/distill_methodvanilla_dkd_alpha1.0_dkd_beta8.0_kl_methodkl_mse_normalizeFalse_temperature4.0_weight_ce0.5_weight_kl0.25_weight_mse0.0_zscoreFalse/final_summary.json
raw,H3K36me3,0.5,0.25,1.0,0.5,0.0001,16,,0.6124774332385067,0.5725959203723345,0.4690563380794576,0.7725831700684151,19,119,True,${OG_SCRATCH}/carbon_distillation/deploy_120k/H3K36me3/20260620_075639/b75e4f08-796a-4cfb-b313-257c0465ba84/distill_methodvanilla_dkd_alpha1.0_dkd_beta8.0_kl_methodkl_mse_normalizeFalse_temperature0.5_weight_ce0.5_weight_kl0.25_weight_mse1.0_zscoreFalse/final_summary.json
raw,H3K36me3,0.5,0.25,1.0,1.0,0.0001,16,,0.6140406643718004,0.5751491954726737,0.4992984639601415,0.7739819004524886,26,126,True,${OG_SCRATCH}/carbon_distillation/deploy_120k/H3K36me3/20260620_080039/3088414a-47ff-4b6c-97ff-f82ecde5e956/distill_methodvanilla_dkd_alpha1.0_dkd_beta8.0_kl_methodkl_mse_normalizeFalse_temperature1.0_weight_ce0.5_weight_kl0.25_weight_mse1.0_zscoreFalse/final_summary.json
raw,H3K36me3,0.5,0.25,1.0,2.0,0.0001,16,,0.6163076172518389,0.5802164554123399,0.4769023204824371,0.7734828202898989,23,123,True,${OG_SCRATCH}/carbon_distillation/deploy_120k/H3K36me3/20260620_080324/e5742a1e-61be-4580-a590-d8f3738b340a/distill_methodvanilla_dkd_alpha1.0_dkd_beta8.0_kl_methodkl_mse_normalizeFalse_temperature2.0_weight_ce0.5_weight_kl0.25_weight_mse1.0_zscoreFalse/final_summary.json
raw,H3K36me3,0.5,0.25,1.0,1.5,0.0001,16,,0.6149321317670803,0.5774612818759978,0.496551690052642,0.7740087394615291,23,123,True,${OG_SCRATCH}/carbon_distillation/deploy_120k/H3K36me3/20260620_080336/e7759793-9adf-4496-8753-1c729a98dc55/distill_methodvanilla_dkd_alpha1.0_dkd_beta8.0_kl_methodkl_mse_normalizeFalse_temperature1.5_weight_ce0.5_weight_kl0.25_weight_mse1.0_zscoreFalse/final_summary.json
raw,H3K36me3,0.5,0.25,1.0,4.0,0.0001,16,,0.6125414184666422,0.5841379824633974,0.48854253783889157,0.7741612238687705,23,123,True,${OG_SCRATCH}/carbon_distillation/deploy_120k/H3K36me3/20260620_080710/a5a2f3b7-bb54-4342-ac6b-73c2bf0e7d37/distill_methodvanilla_dkd_alpha1.0_dkd_beta8.0_kl_methodkl_mse_normalizeFalse_temperature4.0_weight_ce0.5_weight_kl0.25_weight_mse1.0_zscoreFalse/final_summary.json
raw,H3K36me3,0.5,0.25,2.0,1.0,0.0001,16,,0.6117208034922602,0.5679784121966461,0.4960931270207778,0.7692075252622588,19,119,True,${OG_SCRATCH}/carbon_distillation/deploy_120k/H3K36me3/20260620_081141/dce048e9-c62f-429f-af73-d6ec4336a1e5/distill_methodvanilla_dkd_alpha1.0_dkd_beta8.0_kl_methodkl_mse_normalizeFalse_temperature1.0_weight_ce0.5_weight_kl0.25_weight_mse2.0_zscoreFalse/final_summary.json
raw,H3K36me3,0.5,0.25,2.0,0.5,0.0001,16,,0.6167337997097909,0.5723156828625019,0.4678680670159439,0.7659585048535096,20,120,True,${OG_SCRATCH}/carbon_distillation/deploy_120k/H3K36me3/20260620_081149/f60c9e3b-cee5-4d7d-a300-aefdba7f9b32/distill_methodvanilla_dkd_alpha1.0_dkd_beta8.0_kl_methodkl_mse_normalizeFalse_temperature0.5_weight_ce0.5_weight_kl0.25_weight_mse2.0_zscoreFalse/final_summary.json
raw,H3K36me3,0.5,0.25,2.0,1.5,0.0001,16,,0.6154553404770827,0.565962663130706,0.4844116887252573,0.7594963441153795,27,127,True,${OG_SCRATCH}/carbon_distillation/deploy_120k/H3K36me3/20260620_082128/49ff21e5-f9a3-406e-a163-d7b315fa4f66/distill_methodvanilla_dkd_alpha1.0_dkd_beta8.0_kl_methodkl_mse_normalizeFalse_temperature1.5_weight_ce0.5_weight_kl0.25_weight_mse2.0_zscoreFalse/final_summary.json
raw,H3K36me3,0.5,0.25,2.0,2.0,0.0001,16,,0.6208217160053267,0.5811801223300973,0.4800310408778099,0.7733003749577708,23,123,True,${OG_SCRATCH}/carbon_distillation/deploy_120k/H3K36me3/20260620_082718/0c3b3673-c3d5-4a3c-8303-70b436c6cb19/distill_methodvanilla_dkd_alpha1.0_dkd_beta8.0_kl_methodkl_mse_normalizeFalse_temperature2.0_weight_ce0.5_weight_kl0.25_weight_mse2.0_zscoreFalse/final_summary.json
raw,H3K36me3,0.5,0.25,2.0,4.0,0.0001,16,,0.6172327227536559,0.5820892193870065,0.5029232697315661,0.7740735738664122,23,123,True,${OG_SCRATCH}/carbon_distillation/deploy_120k/H3K36me3/20260620_082924/30bdd766-384d-41ac-a028-e1291aeb04a7/distill_methodvanilla_dkd_alpha1.0_dkd_beta8.0_kl_methodkl_mse_normalizeFalse_temperature4.0_weight_ce0.5_weight_kl0.25_weight_mse2.0_zscoreFalse/final_summary.json
raw,H3K36me3,0.5,0.25,5.0,0.5,0.0001,16,,0.6163680922309803,0.5616957849772631,0.4784185781836788,0.7685611631625728,24,124,True,${OG_SCRATCH}/carbon_distillation/deploy_120k/H3K36me3/20260620_083343/63242a24-09df-474d-a126-96d1c36b8322/distill_methodvanilla_dkd_alpha1.0_dkd_beta8.0_kl_methodkl_mse_normalizeFalse_temperature0.5_weight_ce0.5_weight_kl0.25_weight_mse5.0_zscoreFalse/final_summary.json
raw,H3K36me3,0.5,0.25,5.0,1.0,0.0001,16,,0.6145910094615679,0.5628448599528982,0.4932604302010486,0.7635121953882944,26,126,True,${OG_SCRATCH}/carbon_distillation/deploy_120k/H3K36me3/20260620_083535/d6959d3f-9a60-46ea-9a62-7b95179e8069/distill_methodvanilla_dkd_alpha1.0_dkd_beta8.0_kl_methodkl_mse_normalizeFalse_temperature1.0_weight_ce0.5_weight_kl0.25_weight_mse5.0_zscoreFalse/final_summary.json
raw,H3K36me3,0.5,0.25,5.0,1.5,0.0001,16,,0.6159716404601442,0.5843246763923675,0.49549503869099465,0.7811645720211521,23,123,True,${OG_SCRATCH}/carbon_distillation/deploy_120k/H3K36me3/20260620_083849/7b924572-600e-4a68-b829-974ef7bbd0f7/distill_methodvanilla_dkd_alpha1.0_dkd_beta8.0_kl_methodkl_mse_normalizeFalse_temperature1.5_weight_ce0.5_weight_kl0.25_weight_mse5.0_zscoreFalse/final_summary.json
raw,H3K36me3,0.5,0.25,5.0,2.0,0.0001,16,,0.6137966337842108,0.5693718731330465,0.4766558541821835,0.7727444890538595,25,125,True,${OG_SCRATCH}/carbon_distillation/deploy_120k/H3K36me3/20260620_085202/275567f9-455b-4e6b-bfb6-9666719dae13/distill_methodvanilla_dkd_alpha1.0_dkd_beta8.0_kl_methodkl_mse_normalizeFalse_temperature2.0_weight_ce0.5_weight_kl0.25_weight_mse5.0_zscoreFalse/final_summary.json
raw,H3K36me3,0.5,0.5,0.0,0.5,0.0001,16,,0.6139906131983343,0.5749056248470402,0.4941865873350152,0.7763928341514785,39,139,True,${OG_SCRATCH}/carbon_distillation/deploy_120k/H3K36me3/20260620_085437/f4e35364-eb76-4b2f-b90f-ad18ca6250e4/distill_methodvanilla_dkd_alpha1.0_dkd_beta8.0_kl_methodkl_mse_normalizeFalse_temperature0.5_weight_ce0.5_weight_kl0.5_weight_mse0.0_zscoreFalse/final_summary.json
raw,H3K36me3,0.5,0.5,0.0,1.0,0.0001,16,,0.6139331589673981,0.5558011758874515,0.5205242870432485,0.76593089778768,41,141,True,${OG_SCRATCH}/carbon_distillation/deploy_120k/H3K36me3/20260620_085437/5c7883a1-cbf5-4351-aa99-457667c1bad6/distill_methodvanilla_dkd_alpha1.0_dkd_beta8.0_kl_methodkl_mse_normalizeFalse_temperature1.0_weight_ce0.5_weight_kl0.5_weight_mse0.0_zscoreFalse/final_summary.json
raw,H3K36me3,0.5,0.25,5.0,4.0,0.0001,16,,0.6163732453288058,0.5793545896525877,0.5028502089321109,0.7755352939904697,23,123,True,${OG_SCRATCH}/carbon_distillation/deploy_120k/H3K36me3/20260620_085442/cf59b55f-057c-4458-a848-9ba26d997d9a/distill_methodvanilla_dkd_alpha1.0_dkd_beta8.0_kl_methodkl_mse_normalizeFalse_temperature4.0_weight_ce0.5_weight_kl0.25_weight_mse5.0_zscoreFalse/final_summary.json
raw,H3K36me3,0.5,0.5,0.0,1.5,0.0001,16,,0.6151372845699445,0.5767269311479245,0.5218855175405644,0.7722556034256298,38,138,True,${OG_SCRATCH}/carbon_distillation/deploy_120k/H3K36me3/20260620_085825/c547977d-af5d-40c9-9fbb-03d0bfe5409f/distill_methodvanilla_dkd_alpha1.0_dkd_beta8.0_kl_methodkl_mse_normalizeFalse_temperature1.5_weight_ce0.5_weight_kl0.5_weight_mse0.0_zscoreFalse/final_summary.json
raw,H3K36me3,0.5,0.5,0.0,2.0,0.0001,16,,0.6191596152282973,0.5640857368669746,0.5267128113937581,0.7656717251601811,53,153,True,${OG_SCRATCH}/carbon_distillation/deploy_120k/H3K36me3/20260620_090028/138872a7-b5ff-4905-ae44-a9cf0384df11/distill_methodvanilla_dkd_alpha1.0_dkd_beta8.0_kl_methodkl_mse_normalizeFalse_temperature2.0_weight_ce0.5_weight_kl0.5_weight_mse0.0_zscoreFalse/final_summary.json
raw,H3K36me3,0.5,0.5,0.0,4.0,0.0001,16,,0.6171540928251281,0.5674758601645694,0.49914714300771845,0.7683509318971016,56,156,True,${OG_SCRATCH}/carbon_distillation/deploy_120k/H3K36me3/20260620_090223/998a619d-beaf-4743-b3ff-d249427b12a9/distill_methodvanilla_dkd_alpha1.0_dkd_beta8.0_kl_methodkl_mse_normalizeFalse_temperature4.0_weight_ce0.5_weight_kl0.5_weight_mse0.0_zscoreFalse/final_summary.json
raw,H3K36me3,0.5,0.5,1.0,0.5,0.0001,16,,0.6096614140168797,0.5669101143415594,0.4808892848096814,0.7626950446410685,20,120,True,${OG_SCRATCH}/carbon_distillation/deploy_120k/H3K36me3/20260620_090442/bc3e8f4e-bc07-47b6-ad2d-6485141306ed/distill_methodvanilla_dkd_alpha1.0_dkd_beta8.0_kl_methodkl_mse_normalizeFalse_temperature0.5_weight_ce0.5_weight_kl0.5_weight_mse1.0_zscoreFalse/final_summary.json
raw,H3K36me3,0.5,0.5,1.0,1.0,0.0001,16,,0.6178379024324981,0.5818484338462838,0.5067076661694173,0.7741189360899681,23,123,True,${OG_SCRATCH}/carbon_distillation/deploy_120k/H3K36me3/20260620_092135/eec6dec6-5c89-4dd6-91b2-e30182a433eb/distill_methodvanilla_dkd_alpha1.0_dkd_beta8.0_kl_methodkl_mse_normalizeFalse_temperature1.0_weight_ce0.5_weight_kl0.5_weight_mse1.0_zscoreFalse/final_summary.json
raw,H3K36me3,0.5,0.5,1.0,2.0,0.0001,16,,0.6194543970810503,0.5738868635040564,0.5017937417300606,0.7723309370314944,31,131,True,${OG_SCRATCH}/carbon_distillation/deploy_120k/H3K36me3/20260620_092146/be3cb23d-b0f9-4d68-b3e2-3d6d4617c189/distill_methodvanilla_dkd_alpha1.0_dkd_beta8.0_kl_methodkl_mse_normalizeFalse_temperature2.0_weight_ce0.5_weight_kl0.5_weight_mse1.0_zscoreFalse/final_summary.json
raw,H3K36me3,0.5,0.5,1.0,1.5,0.0001,16,,0.6172884369375778,0.5695848395210308,0.4889382494802565,0.7698437260430946,31,131,True,${OG_SCRATCH}/carbon_distillation/deploy_120k/H3K36me3/20260620_092146/1a942682-e234-4b29-b94a-3ba8a1c84167/distill_methodvanilla_dkd_alpha1.0_dkd_beta8.0_kl_methodkl_mse_normalizeFalse_temperature1.5_weight_ce0.5_weight_kl0.5_weight_mse1.0_zscoreFalse/final_summary.json
raw,H3K36me3,0.5,0.5,2.0,1.0,0.0001,16,,0.6163486996685126,0.5788136842945134,0.5029989560293194,0.7737497804125375,23,123,True,${OG_SCRATCH}/carbon_distillation/deploy_120k/H3K36me3/20260620_093106/c7a9eb75-5d35-4de3-a873-623d3c3b2866/distill_methodvanilla_dkd_alpha1.0_dkd_beta8.0_kl_methodkl_mse_normalizeFalse_temperature1.0_weight_ce0.5_weight_kl0.5_weight_mse2.0_zscoreFalse/final_summary.json
raw,H3K36me3,0.5,0.5,2.0,4.0,0.0001,16,,0.6121521085255686,0.5679506067792872,0.4884334575658825,0.7615221679728046,33,133,True,${OG_SCRATCH}/carbon_distillation/deploy_120k/H3K36me3/20260620_094924/c58eba61-d35d-4fc6-aaf9-9a8d4d6b4f2e/distill_methodvanilla_dkd_alpha1.0_dkd_beta8.0_kl_methodkl_mse_normalizeFalse_temperature4.0_weight_ce0.5_weight_kl0.5_weight_mse2.0_zscoreFalse/final_summary.json
raw,H3K36me3,0.5,0.5,5.0,0.5,0.0001,16,,0.6170209531491675,0.5682398656663169,0.5072072810989147,0.7705882352941176,24,124,True,${OG_SCRATCH}/carbon_distillation/deploy_120k/H3K36me3/20260620_094924/e684cb30-91dc-4352-8f24-94c0791262b3/distill_methodvanilla_dkd_alpha1.0_dkd_beta8.0_kl_methodkl_mse_normalizeFalse_temperature0.5_weight_ce0.5_weight_kl0.5_weight_mse5.0_zscoreFalse/final_summary.json
raw,H3K36me3,0.5,0.5,5.0,2.0,0.0001,16,,0.6162400547995356,0.5697253555418734,0.5010673593825204,0.759720311688884,27,127,True,${OG_SCRATCH}/carbon_distillation/deploy_120k/H3K36me3/20260620_095607/253c0bb1-9ebe-48d9-8d95-17017b4b2a67/distill_methodvanilla_dkd_alpha1.0_dkd_beta8.0_kl_methodkl_mse_normalizeFalse_temperature2.0_weight_ce0.5_weight_kl0.5_weight_mse5.0_zscoreFalse/final_summary.json
raw,H3K36me3,0.5,0.5,1.0,4.0,0.0001,16,,0.6213049327136736,0.5702219986984757,0.5109463153848796,0.7630042148208452,35,135,True,${OG_SCRATCH}/carbon_distillation/deploy_120k/H3K36me3/20260620_100956/96599afe-c9aa-49a6-bc4f-24ad0a9c8bd6/distill_methodvanilla_dkd_alpha1.0_dkd_beta8.0_kl_methodkl_mse_normalizeFalse_temperature4.0_weight_ce0.5_weight_kl0.5_weight_mse1.0_zscoreFalse/final_summary.json
raw,H3K36me3,0.5,0.5,5.0,1.5,0.0001,16,,0.6200631698843593,0.5872646985348481,0.49762559550707197,0.7782794576597647,23,123,True,${OG_SCRATCH}/carbon_distillation/deploy_120k/H3K36me3/20260620_101057/254f5f8e-eafa-4893-a0c9-7dbdc48ecb6a/distill_methodvanilla_dkd_alpha1.0_dkd_beta8.0_kl_methodkl_mse_normalizeFalse_temperature1.5_weight_ce0.5_weight_kl0.5_weight_mse5.0_zscoreFalse/final_summary.json
raw,H3K36me3,0.5,0.5,5.0,1.0,0.0001,16,,0.6200499534799042,0.5716550905960903,0.4834321011769908,0.767045845286561,26,126,True,${OG_SCRATCH}/carbon_distillation/deploy_120k/H3K36me3/20260620_101057/38d0e51b-a543-43dc-bb6a-55022a40c73c/distill_methodvanilla_dkd_alpha1.0_dkd_beta8.0_kl_methodkl_mse_normalizeFalse_temperature1.0_weight_ce0.5_weight_kl0.5_weight_mse5.0_zscoreFalse/final_summary.json
raw,H3K36me3,0.5,0.5,2.0,1.5,0.0001,16,,0.6283132804446685,0.5795426488501063,0.5059420589833612,0.7726646576478575,23,123,True,${OG_SCRATCH}/carbon_distillation/deploy_120k/H3K36me3/20260620_101057/5926385a-6491-4d3d-9b2e-00667d5a8ecb/distill_methodvanilla_dkd_alpha1.0_dkd_beta8.0_kl_methodkl_mse_normalizeFalse_temperature1.5_weight_ce0.5_weight_kl0.5_weight_mse2.0_zscoreFalse/final_summary.json
raw,H3K36me3,0.5,0.5,2.0,2.0,0.0001,16,,0.6212698854681161,0.5819776255366991,0.5036279283562854,0.7717305874178446,23,123,True,${OG_SCRATCH}/carbon_distillation/deploy_120k/H3K36me3/20260620_101057/623a65d0-d255-4bc5-a9f4-fc1afe4207ae/distill_methodvanilla_dkd_alpha1.0_dkd_beta8.0_kl_methodkl_mse_normalizeFalse_temperature2.0_weight_ce0.5_weight_kl0.5_weight_mse2.0_zscoreFalse/final_summary.json
raw,H3K36me3,0.5,0.5,2.0,0.5,0.0001,16,,0.6144811053448442,0.5727666317369847,0.4975863372797826,0.7629882442169131,20,120,True,${OG_SCRATCH}/carbon_distillation/deploy_120k/H3K36me3/20260620_101057/8fe432a0-c388-43fa-a1af-63eae813f2a7/distill_methodvanilla_dkd_alpha1.0_dkd_beta8.0_kl_methodkl_mse_normalizeFalse_temperature0.5_weight_ce0.5_weight_kl0.5_weight_mse2.0_zscoreFalse/final_summary.json
raw,H3K36me3,0.5,0.5,5.0,4.0,0.0001,16,,0.6135115551708881,0.5806659457240603,0.5173370648777326,0.7743424021064098,23,123,True,${OG_SCRATCH}/carbon_distillation/deploy_120k/H3K36me3/20260620_101057/895b5c42-d0b3-442a-b279-11844ee9e726/distill_methodvanilla_dkd_alpha1.0_dkd_beta8.0_kl_methodkl_mse_normalizeFalse_temperature4.0_weight_ce0.5_weight_kl0.5_weight_mse5.0_zscoreFalse/final_summary.json
raw,H3K36me3,0.5,1.0,0.0,1.0,0.0001,16,,0.6129543355742764,0.5650658501306733,0.5119117140982298,0.7736105983079389,43,143,True,${OG_SCRATCH}/carbon_distillation/deploy_120k/H3K36me3/20260620_102653/43cba46f-bb15-4673-9cf2-e1a810807551/distill_methodvanilla_dkd_alpha1.0_dkd_beta8.0_kl_methodkl_mse_normalizeFalse_temperature1.0_weight_ce0.5_weight_kl1.0_weight_mse0.0_zscoreFalse/final_summary.json
raw,H3K36me3,0.5,1.0,0.0,0.5,0.0001,16,,0.6114126732873153,0.5813616891456138,0.508072333924569,0.7789156393316188,39,139,True,${OG_SCRATCH}/carbon_distillation/deploy_120k/H3K36me3/20260620_102653/b01233b0-38f2-43a7-bd4f-6576dc2f1acb/distill_methodvanilla_dkd_alpha1.0_dkd_beta8.0_kl_methodkl_mse_normalizeFalse_temperature0.5_weight_ce0.5_weight_kl1.0_weight_mse0.0_zscoreFalse/final_summary.json
raw,H3K36me3,0.5,1.0,0.0,2.0,0.0001,16,,0.6130155478626165,0.5597883389097563,0.5031666470743287,0.7631691309761033,56,156,True,${OG_SCRATCH}/carbon_distillation/deploy_120k/H3K36me3/20260620_102748/76046c86-9087-413f-a3e8-5cdc41fa652c/distill_methodvanilla_dkd_alpha1.0_dkd_beta8.0_kl_methodkl_mse_normalizeFalse_temperature2.0_weight_ce0.5_weight_kl1.0_weight_mse0.0_zscoreFalse/final_summary.json
raw,H3K36me3,0.5,1.0,0.0,4.0,0.0001,16,,0.6172059187207387,0.5654051557154451,0.5189394112151379,0.7634785335122207,38,138,True,${OG_SCRATCH}/carbon_distillation/deploy_120k/H3K36me3/20260620_102903/28fd23b0-3df7-4654-a245-145193905a7b/distill_methodvanilla_dkd_alpha1.0_dkd_beta8.0_kl_methodkl_mse_normalizeFalse_temperature4.0_weight_ce0.5_weight_kl1.0_weight_mse0.0_zscoreFalse/final_summary.json
raw,H3K36me3,0.5,1.0,0.0,1.5,0.0001,16,,0.6164130004315547,0.5678357583042827,0.5260835541044441,0.7687577165776687,49,149,True,${OG_SCRATCH}/carbon_distillation/deploy_120k/H3K36me3/20260620_102929/63c2d95c-f929-4fac-b329-6e4f3496f0ed/distill_methodvanilla_dkd_alpha1.0_dkd_beta8.0_kl_methodkl_mse_normalizeFalse_temperature1.5_weight_ce0.5_weight_kl1.0_weight_mse0.0_zscoreFalse/final_summary.json
raw,H3K36me3,0.5,1.0,1.0,1.0,0.0001,16,,0.6138933722520039,0.561301063390083,0.5217029058341051,0.7643093514692519,36,136,True,${OG_SCRATCH}/carbon_distillation/deploy_120k/H3K36me3/20260620_105238/579c4cf5-b81b-4479-82d6-e49064134e0e/distill_methodvanilla_dkd_alpha1.0_dkd_beta8.0_kl_methodkl_mse_normalizeFalse_temperature1.0_weight_ce0.5_weight_kl1.0_weight_mse1.0_zscoreFalse/final_summary.json
raw,H3K36me3,0.5,1.0,1.0,0.5,0.0001,16,,0.6110773802226472,0.5660649749473721,0.5049383298569441,0.774835103791579,22,122,True,${OG_SCRATCH}/carbon_distillation/deploy_120k/H3K36me3/20260620_105238/a0e7b0c0-d998-43ed-9627-cabd792bda4d/distill_methodvanilla_dkd_alpha1.0_dkd_beta8.0_kl_methodkl_mse_normalizeFalse_temperature0.5_weight_ce0.5_weight_kl1.0_weight_mse1.0_zscoreFalse/final_summary.json
raw,H3K36me3,0.5,1.0,1.0,1.5,0.0001,16,,0.613676387459416,0.568005932059094,0.5139969242911427,0.7711119292054283,36,136,True,${OG_SCRATCH}/carbon_distillation/deploy_120k/H3K36me3/20260620_105447/7bff254d-ede0-4032-9b4c-f35c2c080d73/distill_methodvanilla_dkd_alpha1.0_dkd_beta8.0_kl_methodkl_mse_normalizeFalse_temperature1.5_weight_ce0.5_weight_kl1.0_weight_mse1.0_zscoreFalse/final_summary.json
raw,H3K36me3,0.5,1.0,1.0,4.0,0.0001,16,,0.6201290413295872,0.5659549602660275,0.5002067661949862,0.7556054265720876,40,140,True,${OG_SCRATCH}/carbon_distillation/deploy_120k/H3K36me3/20260620_105805/9dfb40d7-1c44-4a18-953f-ad54e439a8c3/distill_methodvanilla_dkd_alpha1.0_dkd_beta8.0_kl_methodkl_mse_normalizeFalse_temperature4.0_weight_ce0.5_weight_kl1.0_weight_mse1.0_zscoreFalse/final_summary.json
raw,H3K36me3,0.5,1.0,1.0,2.0,0.0001,16,,0.6161163735323024,0.572493997912225,0.5241402867094963,0.7644840320516549,35,135,True,${OG_SCRATCH}/carbon_distillation/deploy_120k/H3K36me3/20260620_105906/10642e6c-495b-4077-b63d-ecc26e7d36a6/distill_methodvanilla_dkd_alpha1.0_dkd_beta8.0_kl_methodkl_mse_normalizeFalse_temperature2.0_weight_ce0.5_weight_kl1.0_weight_mse1.0_zscoreFalse/final_summary.json
raw,H3K36me3,0.5,1.0,2.0,0.5,0.0001,16,,0.6186919010831929,0.5712135329718683,0.5121156774537419,0.7719043138596642,23,123,True,${OG_SCRATCH}/carbon_distillation/deploy_120k/H3K36me3/20260620_110117/2d31ea23-cde9-4854-879b-f307c294a302/distill_methodvanilla_dkd_alpha1.0_dkd_beta8.0_kl_methodkl_mse_normalizeFalse_temperature0.5_weight_ce0.5_weight_kl1.0_weight_mse2.0_zscoreFalse/final_summary.json
raw,H3K36me3,0.5,1.0,2.0,1.0,0.0001,16,,0.6120803810213205,0.5766855266938046,0.49256156635320014,0.7694123750513983,23,123,True,${OG_SCRATCH}/carbon_distillation/deploy_120k/H3K36me3/20260620_110523/a7fd53f7-a012-402f-b38a-2401665c0daa/distill_methodvanilla_dkd_alpha1.0_dkd_beta8.0_kl_methodkl_mse_normalizeFalse_temperature1.0_weight_ce0.5_weight_kl1.0_weight_mse2.0_zscoreFalse/final_summary.json
raw,H3K36me3,0.5,1.0,2.0,2.0,0.0001,16,,0.6158354791269978,0.5677066136983617,0.5217585728831069,0.7591494534986409,33,133,True,${OG_SCRATCH}/carbon_distillation/deploy_120k/H3K36me3/20260620_110726/8b157b24-7593-4285-a09c-d2d9397ff571/distill_methodvanilla_dkd_alpha1.0_dkd_beta8.0_kl_methodkl_mse_normalizeFalse_temperature2.0_weight_ce0.5_weight_kl1.0_weight_mse2.0_zscoreFalse/final_summary.json
raw,H3K36me3,0.5,1.0,2.0,1.5,0.0001,16,,0.6105880019841569,0.5750910366505141,0.4989361192129392,0.76685616782978,23,123,True,${OG_SCRATCH}/carbon_distillation/deploy_120k/H3K36me3/20260620_110726/56915d59-5747-464e-a08c-113a5caea2d7/distill_methodvanilla_dkd_alpha1.0_dkd_beta8.0_kl_methodkl_mse_normalizeFalse_temperature1.5_weight_ce0.5_weight_kl1.0_weight_mse2.0_zscoreFalse/final_summary.json
raw,H3K36me3,0.5,1.0,2.0,4.0,0.0001,16,,0.6128565899470653,0.5731508667350433,0.5167301923132199,0.7662749462141503,23,123,True,${OG_SCRATCH}/carbon_distillation/deploy_120k/H3K36me3/20260620_110936/2095fcd3-236d-4793-8caf-3b8e9881ff93/distill_methodvanilla_dkd_alpha1.0_dkd_beta8.0_kl_methodkl_mse_normalizeFalse_temperature4.0_weight_ce0.5_weight_kl1.0_weight_mse2.0_zscoreFalse/final_summary.json
raw,H3K36me3,0.5,1.0,5.0,0.5,0.0001,16,,0.6133735273282312,0.5668290940102966,0.4942501621823501,0.7703930484375705,17,117,True,${OG_SCRATCH}/carbon_distillation/deploy_120k/H3K36me3/20260620_111731/23fb447a-cfd9-4f23-a9e0-77f323d882dc/distill_methodvanilla_dkd_alpha1.0_dkd_beta8.0_kl_methodkl_mse_normalizeFalse_temperature0.5_weight_ce0.5_weight_kl1.0_weight_mse5.0_zscoreFalse/final_summary.json
raw,H3K36me3,0.5,1.0,5.0,1.0,0.0001,16,,0.6174744601678865,0.5764524030492371,0.5284473884886797,0.7665940705297195,27,127,True,${OG_SCRATCH}/carbon_distillation/deploy_120k/H3K36me3/20260620_111841/7d9c7ed7-7656-40b0-9b16-c6f98b7e0dd8/distill_methodvanilla_dkd_alpha1.0_dkd_beta8.0_kl_methodkl_mse_normalizeFalse_temperature1.0_weight_ce0.5_weight_kl1.0_weight_mse5.0_zscoreFalse/final_summary.json
raw,H3K36me3,0.5,1.0,5.0,1.5,0.0001,16,,0.6164394691570614,0.5726764929955517,0.5054339367615762,0.7668462155927234,23,123,True,${OG_SCRATCH}/carbon_distillation/deploy_120k/H3K36me3/20260620_112142/8ee45a03-9a5d-4363-a6b2-fcbb4ef50bf5/distill_methodvanilla_dkd_alpha1.0_dkd_beta8.0_kl_methodkl_mse_normalizeFalse_temperature1.5_weight_ce0.5_weight_kl1.0_weight_mse5.0_zscoreFalse/final_summary.json
raw,H3K36me3,0.5,1.0,5.0,2.0,0.0001,16,,0.6159893952189935,0.5741380390178088,0.5056893823185648,0.7679964747309209,23,123,True,${OG_SCRATCH}/carbon_distillation/deploy_120k/H3K36me3/20260620_112347/78fb4493-4f9f-428d-80b6-33a01ddd6b65/distill_methodvanilla_dkd_alpha1.0_dkd_beta8.0_kl_methodkl_mse_normalizeFalse_temperature2.0_weight_ce0.5_weight_kl1.0_weight_mse5.0_zscoreFalse/final_summary.json
raw,H3K36me3,0.5,1.0,5.0,4.0,0.0001,16,,0.6187637026633932,0.5651554099153692,0.5217260510590748,0.7577141430697985,35,135,True,${OG_SCRATCH}/carbon_distillation/deploy_120k/H3K36me3/20260620_113207/675168ee-8ffc-40df-818d-4dcc29e11854/distill_methodvanilla_dkd_alpha1.0_dkd_beta8.0_kl_methodkl_mse_normalizeFalse_temperature4.0_weight_ce0.5_weight_kl1.0_weight_mse5.0_zscoreFalse/final_summary.json
raw,H3K36me3,0.5,0.5,2.0,1.5,0.0001,16,2,0.6185976664843584,0.5789833322260904,0.4998708720125694,0.767066229463206,28,128,True,${OG_SCRATCH}/carbon_distillation/deploy_120k/H3K36me3/20260623_231855/99d5aa64-cea6-4c05-9448-ae17ab22af5c/distill_methodvanilla_dkd_alpha1.0_dkd_beta8.0_kl_methodkl_mse_normalizeFalse_temperature1.5_weight_ce0.5_weight_kl0.5_weight_mse2.0_zscoreFalse/final_summary.json
raw,H3K36me3,0.5,0.5,2.0,1.5,0.0001,16,0,0.6170930767861308,0.5776046659208457,0.508109232546787,0.7744539680023551,27,127,True,${OG_SCRATCH}/carbon_distillation/deploy_120k/H3K36me3/20260623_234617/3f5e3670-2964-4bbe-a5c4-24521436abca/distill_methodvanilla_dkd_alpha1.0_dkd_beta8.0_kl_methodkl_mse_normalizeFalse_temperature1.5_weight_ce0.5_weight_kl0.5_weight_mse2.0_zscoreFalse/final_summary.json
raw,H3K36me3,0.5,0.5,2.0,1.5,0.0001,16,1,0.6122062946812022,0.5629612824678836,0.5072634886882615,0.7673423098821552,29,129,True,${OG_SCRATCH}/carbon_distillation/deploy_120k/H3K36me3/20260623_235602/5d303c92-4578-4fd9-ac0a-64657e74dac8/distill_methodvanilla_dkd_alpha1.0_dkd_beta8.0_kl_methodkl_mse_normalizeFalse_temperature1.5_weight_ce0.5_weight_kl0.5_weight_mse2.0_zscoreFalse/final_summary.json
raw,H4K20me1,0.5,0.5,0.2,2.0,0.0001,16,,0.6140588134769059,0.6091238245505088,0.5432865590637184,0.8014365425103629,34,200,,${OG_SCRATCH}/carbon_distillation/deploy_120k/H4K20me1/20260618_200247/dfd0250a-1ffd-4e60-8e9f-c4098e36b8fc/distill_methodvanilla_dkd_alpha1.0_dkd_beta8.0_kl_methodkl_mse_normalizeFalse_temperature2.0_weight_ce0.5_weight_kl0.5_weight_mse0.2_zscoreFalse/final_summary.json
l2norm,H4K20me1,0.5,0.5,0.2,2.0,0.0001,16,,0.6140453068830438,0.6047827787776325,0.5510160394371364,0.7885231198721633,46,200,,${OG_SCRATCH}/carbon_distillation/deploy_120k/H4K20me1/20260618_215229/3343213e-c80f-4f24-8cd3-fb9dd8d37ff5/distill_methodvanilla_dkd_alpha1.0_dkd_beta8.0_kl_methodkl_mse_normalizeTrue_temperature2.0_weight_ce0.5_weight_kl0.5_weight_mse0.2_zscoreFalse/final_summary.json
raw,H4K20me1,0.5,0.5,0.2,2.0,0.0001,16,,0.6199073020054998,0.621394711002044,0.5479692751160414,0.8018410353739696,31,200,,${OG_SCRATCH}/carbon_distillation/deploy_120k/H4K20me1/20260619_004647/26e2f685-3636-40ab-a9ca-4c26675b1f51/distill_methodvanilla_dkd_alpha1.0_dkd_beta8.0_kl_methodkl_mse_normalizeFalse_temperature2.0_weight_ce0.5_weight_kl0.5_weight_mse0.2_zscoreFalse/final_summary.json
raw,H4K20me1,0.5,0.0,0.0,0.5,0.0001,16,,0.6157774458575155,0.5896778553469191,0.4399488970131549,0.790496059423092,42,142,True,${OG_SCRATCH}/carbon_distillation/deploy_120k/H4K20me1/20260620_114201/652ca56d-f45b-4c21-96a8-f5a9253cbd97/distill_methodvanilla_dkd_alpha1.0_dkd_beta8.0_kl_methodkl_mse_normalizeFalse_temperature0.5_weight_ce0.5_weight_kl0.0_weight_mse0.0_zscoreFalse/final_summary.json
raw,H4K20me1,0.5,0.0,0.0,1.5,0.0001,16,,0.6095931655694184,0.5947376889522701,0.45335798387240883,0.7920106277503456,42,142,True,${OG_SCRATCH}/carbon_distillation/deploy_120k/H4K20me1/20260620_114724/8807b2fc-67db-47d6-98d4-8c7c9422fae8/distill_methodvanilla_dkd_alpha1.0_dkd_beta8.0_kl_methodkl_mse_normalizeFalse_temperature1.5_weight_ce0.5_weight_kl0.0_weight_mse0.0_zscoreFalse/final_summary.json
raw,H4K20me1,0.5,0.0,0.0,4.0,0.0001,16,,0.6095931655694184,0.5947376889522701,0.45335798387240883,0.7920106277503456,42,142,True,${OG_SCRATCH}/carbon_distillation/deploy_120k/H4K20me1/20260620_114737/a85ab1db-5761-4faa-915a-778b54c684ab/distill_methodvanilla_dkd_alpha1.0_dkd_beta8.0_kl_methodkl_mse_normalizeFalse_temperature4.0_weight_ce0.5_weight_kl0.0_weight_mse0.0_zscoreFalse/final_summary.json
raw,H4K20me1,0.5,0.0,0.0,2.0,0.0001,16,,0.6157774458575155,0.5896778553469191,0.4399488970131549,0.790496059423092,42,142,True,${OG_SCRATCH}/carbon_distillation/deploy_120k/H4K20me1/20260620_114811/09971f13-482b-4290-9ef0-25094a34a571/distill_methodvanilla_dkd_alpha1.0_dkd_beta8.0_kl_methodkl_mse_normalizeFalse_temperature2.0_weight_ce0.5_weight_kl0.0_weight_mse0.0_zscoreFalse/final_summary.json
raw,H4K20me1,0.5,0.0,0.0,1.0,0.0001,16,,0.6157774458575155,0.5896778553469191,0.4399488970131549,0.790496059423092,42,142,True,${OG_SCRATCH}/carbon_distillation/deploy_120k/H4K20me1/20260620_114811/c7341534-07da-4ba6-8054-1e07bb012f36/distill_methodvanilla_dkd_alpha1.0_dkd_beta8.0_kl_methodkl_mse_normalizeFalse_temperature1.0_weight_ce0.5_weight_kl0.0_weight_mse0.0_zscoreFalse/final_summary.json
raw,H4K20me1,0.5,0.0,1.0,1.0,0.0001,16,,0.6079984319937279,0.6071091249742487,0.4505883958857309,0.8017621873669515,21,121,True,${OG_SCRATCH}/carbon_distillation/deploy_120k/H4K20me1/20260620_115456/4df21059-3d12-49c5-bb91-392f9ebeecb4/distill_methodvanilla_dkd_alpha1.0_dkd_beta8.0_kl_methodkl_mse_normalizeFalse_temperature1.0_weight_ce0.5_weight_kl0.0_weight_mse1.0_zscoreFalse/final_summary.json
raw,H4K20me1,0.5,0.0,1.0,0.5,0.0001,16,,0.6079984319937279,0.6071091249742487,0.4505883958857309,0.8017621873669515,21,121,True,${OG_SCRATCH}/carbon_distillation/deploy_120k/H4K20me1/20260620_115456/6789f079-a95a-4d5c-97ae-42ffc537b3a7/distill_methodvanilla_dkd_alpha1.0_dkd_beta8.0_kl_methodkl_mse_normalizeFalse_temperature0.5_weight_ce0.5_weight_kl0.0_weight_mse1.0_zscoreFalse/final_summary.json
raw,H4K20me1,0.5,0.0,1.0,1.5,0.0001,16,,0.6079984319937279,0.6071091249742487,0.4505883958857309,0.8017621873669515,21,121,True,${OG_SCRATCH}/carbon_distillation/deploy_120k/H4K20me1/20260620_115849/410dc104-ab7c-44c9-a68f-9ffbf21e7b6c/distill_methodvanilla_dkd_alpha1.0_dkd_beta8.0_kl_methodkl_mse_normalizeFalse_temperature1.5_weight_ce0.5_weight_kl0.0_weight_mse1.0_zscoreFalse/final_summary.json
raw,H4K20me1,0.5,0.0,1.0,2.0,0.0001,16,,0.6079984319937279,0.6071091249742487,0.4505883958857309,0.8017621873669515,21,121,True,${OG_SCRATCH}/carbon_distillation/deploy_120k/H4K20me1/20260620_120055/12eb4c8d-6248-4797-9d50-7360051217cc/distill_methodvanilla_dkd_alpha1.0_dkd_beta8.0_kl_methodkl_mse_normalizeFalse_temperature2.0_weight_ce0.5_weight_kl0.0_weight_mse1.0_zscoreFalse/final_summary.json
raw,H4K20me1,0.5,0.0,2.0,0.5,0.0001,16,,0.6100367415237377,0.6043402735846309,0.4877586617346423,0.8010426231738305,21,121,True,${OG_SCRATCH}/carbon_distillation/deploy_120k/H4K20me1/20260620_120357/90135f90-670c-4c56-8ef8-2f3c3b27e851/distill_methodvanilla_dkd_alpha1.0_dkd_beta8.0_kl_methodkl_mse_normalizeFalse_temperature0.5_weight_ce0.5_weight_kl0.0_weight_mse2.0_zscoreFalse/final_summary.json
raw,H4K20me1,0.5,0.0,1.0,4.0,0.0001,16,,0.6079984319937279,0.6071091249742487,0.4505883958857309,0.8017621873669515,21,121,True,${OG_SCRATCH}/carbon_distillation/deploy_120k/H4K20me1/20260620_120501/b8f7e1c1-f676-4099-a120-fa4c678089c7/distill_methodvanilla_dkd_alpha1.0_dkd_beta8.0_kl_methodkl_mse_normalizeFalse_temperature4.0_weight_ce0.5_weight_kl0.0_weight_mse1.0_zscoreFalse/final_summary.json
raw,H4K20me1,0.5,0.0,2.0,2.0,0.0001,16,,0.6067295134845904,0.6034169326364969,0.4891311038969586,0.8006080246505725,21,121,True,${OG_SCRATCH}/carbon_distillation/deploy_120k/H4K20me1/20260620_120944/7c323ad7-429e-4646-8d31-c1c46ec3638c/distill_methodvanilla_dkd_alpha1.0_dkd_beta8.0_kl_methodkl_mse_normalizeFalse_temperature2.0_weight_ce0.5_weight_kl0.0_weight_mse2.0_zscoreFalse/final_summary.json
raw,H4K20me1,0.5,0.0,2.0,1.5,0.0001,16,,0.6067295134845904,0.6034169326364969,0.4891311038969586,0.8006080246505725,21,121,True,${OG_SCRATCH}/carbon_distillation/deploy_120k/H4K20me1/20260620_120944/292aba72-6c1b-466c-8202-5e34b97534c2/distill_methodvanilla_dkd_alpha1.0_dkd_beta8.0_kl_methodkl_mse_normalizeFalse_temperature1.5_weight_ce0.5_weight_kl0.0_weight_mse2.0_zscoreFalse/final_summary.json
raw,H4K20me1,0.5,0.0,2.0,1.0,0.0001,16,,0.6100367415237377,0.6043402735846309,0.4877586617346423,0.8010426231738305,21,121,True,${OG_SCRATCH}/carbon_distillation/deploy_120k/H4K20me1/20260620_120947/756bb5a7-80a4-4b7f-9845-fef413320592/distill_methodvanilla_dkd_alpha1.0_dkd_beta8.0_kl_methodkl_mse_normalizeFalse_temperature1.0_weight_ce0.5_weight_kl0.0_weight_mse2.0_zscoreFalse/final_summary.json
raw,H4K20me1,0.5,0.0,2.0,4.0,0.0001,16,,0.6100367415237377,0.6043402735846309,0.4877586617346423,0.8010426231738305,21,121,True,${OG_SCRATCH}/carbon_distillation/deploy_120k/H4K20me1/20260620_122823/e28fe95f-2b75-43aa-bf18-acbc0d5e3201/distill_methodvanilla_dkd_alpha1.0_dkd_beta8.0_kl_methodkl_mse_normalizeFalse_temperature4.0_weight_ce0.5_weight_kl0.0_weight_mse2.0_zscoreFalse/final_summary.json
raw,H4K20me1,0.5,0.0,5.0,0.5,0.0001,16,,0.6088973186710422,0.5969657417361975,0.4301605200829953,0.7898372427299032,22,122,True,${OG_SCRATCH}/carbon_distillation/deploy_120k/H4K20me1/20260620_122825/416cea86-7625-4860-a870-61950a488cfc/distill_methodvanilla_dkd_alpha1.0_dkd_beta8.0_kl_methodkl_mse_normalizeFalse_temperature0.5_weight_ce0.5_weight_kl0.0_weight_mse5.0_zscoreFalse/final_summary.json
raw,H4K20me1,0.5,0.0,5.0,2.0,0.0001,16,,0.6088973186710422,0.5969657417361975,0.4301605200829953,0.7898372427299032,22,122,True,${OG_SCRATCH}/carbon_distillation/deploy_120k/H4K20me1/20260620_123600/a27b6176-31f7-4631-935d-08a29cb3ca05/distill_methodvanilla_dkd_alpha1.0_dkd_beta8.0_kl_methodkl_mse_normalizeFalse_temperature2.0_weight_ce0.5_weight_kl0.0_weight_mse5.0_zscoreFalse/final_summary.json
raw,H4K20me1,0.5,0.0,5.0,1.0,0.0001,16,,0.6060393553140082,0.5946052117778177,0.4648675088907642,0.788442827373075,22,122,True,${OG_SCRATCH}/carbon_distillation/deploy_120k/H4K20me1/20260620_123646/d7249883-68b4-4777-a24f-b7ef3e03f47b/distill_methodvanilla_dkd_alpha1.0_dkd_beta8.0_kl_methodkl_mse_normalizeFalse_temperature1.0_weight_ce0.5_weight_kl0.0_weight_mse5.0_zscoreFalse/final_summary.json
raw,H4K20me1,0.5,0.0,5.0,1.5,0.0001,16,,0.6060393553140082,0.5946052117778177,0.4648675088907642,0.788442827373075,22,122,True,${OG_SCRATCH}/carbon_distillation/deploy_120k/H4K20me1/20260620_123646/bfc802c4-9c10-4db3-96b2-fe3f9c5bf846/distill_methodvanilla_dkd_alpha1.0_dkd_beta8.0_kl_methodkl_mse_normalizeFalse_temperature1.5_weight_ce0.5_weight_kl0.0_weight_mse5.0_zscoreFalse/final_summary.json
raw,H4K20me1,0.5,0.0,5.0,4.0,0.0001,16,,0.6088973186710422,0.5969657417361975,0.4301605200829953,0.7898372427299032,22,122,True,${OG_SCRATCH}/carbon_distillation/deploy_120k/H4K20me1/20260620_123957/c243eae2-425c-449a-8531-69f631336cdc/distill_methodvanilla_dkd_alpha1.0_dkd_beta8.0_kl_methodkl_mse_normalizeFalse_temperature4.0_weight_ce0.5_weight_kl0.0_weight_mse5.0_zscoreFalse/final_summary.json
raw,H4K20me1,0.5,0.25,0.0,0.5,0.0001,16,,0.6108477812028524,0.6029594857703428,0.520620708791025,0.7971531276729913,35,135,True,${OG_SCRATCH}/carbon_distillation/deploy_120k/H4K20me1/20260620_124148/2e511e10-4d59-4bf4-ae53-d599d4256ff1/distill_methodvanilla_dkd_alpha1.0_dkd_beta8.0_kl_methodkl_mse_normalizeFalse_temperature0.5_weight_ce0.5_weight_kl0.25_weight_mse0.0_zscoreFalse/final_summary.json
raw,H4K20me1,0.5,0.25,0.0,1.5,0.0001,16,,0.6120492049428677,0.6090609386675444,0.5291222244473835,0.7890167694984971,52,152,True,${OG_SCRATCH}/carbon_distillation/deploy_120k/H4K20me1/20260620_124304/255d2c9b-4ae3-463b-b965-6447e343b8dd/distill_methodvanilla_dkd_alpha1.0_dkd_beta8.0_kl_methodkl_mse_normalizeFalse_temperature1.5_weight_ce0.5_weight_kl0.25_weight_mse0.0_zscoreFalse/final_summary.json
raw,H4K20me1,0.5,0.25,0.0,1.0,0.0001,16,,0.6095949266398734,0.5980869226612366,0.5327572650473931,0.7866448449170739,40,140,True,${OG_SCRATCH}/carbon_distillation/deploy_120k/H4K20me1/20260620_124404/43f13ed9-c481-4fb4-ae95-d221de4abcfb/distill_methodvanilla_dkd_alpha1.0_dkd_beta8.0_kl_methodkl_mse_normalizeFalse_temperature1.0_weight_ce0.5_weight_kl0.25_weight_mse0.0_zscoreFalse/final_summary.json
raw,H4K20me1,0.5,0.25,0.0,2.0,0.0001,16,,0.6168187407968166,0.6029024695230836,0.523321168449963,0.784626184320276,52,152,True,${OG_SCRATCH}/carbon_distillation/deploy_120k/H4K20me1/20260620_124615/91dc33ea-74d6-479c-b332-d136ece81d6e/distill_methodvanilla_dkd_alpha1.0_dkd_beta8.0_kl_methodkl_mse_normalizeFalse_temperature2.0_weight_ce0.5_weight_kl0.25_weight_mse0.0_zscoreFalse/final_summary.json
raw,H4K20me1,0.5,0.25,0.0,4.0,0.0001,16,,0.6166451856672855,0.6189749532001492,0.5261466911994486,0.793979893696765,52,152,True,${OG_SCRATCH}/carbon_distillation/deploy_120k/H4K20me1/20260620_124615/e4e37035-313d-47c4-9fef-1dd1692370be/distill_methodvanilla_dkd_alpha1.0_dkd_beta8.0_kl_methodkl_mse_normalizeFalse_temperature4.0_weight_ce0.5_weight_kl0.25_weight_mse0.0_zscoreFalse/final_summary.json
raw,H4K20me1,0.5,0.25,1.0,0.5,0.0001,16,,0.6128139019685278,0.6039314547859406,0.5051794010195823,0.7987608649356808,21,121,True,${OG_SCRATCH}/carbon_distillation/deploy_120k/H4K20me1/20260620_125638/0c6b4dfc-919f-47db-a2f4-983d6b7c0d2c/distill_methodvanilla_dkd_alpha1.0_dkd_beta8.0_kl_methodkl_mse_normalizeFalse_temperature0.5_weight_ce0.5_weight_kl0.25_weight_mse1.0_zscoreFalse/final_summary.json
raw,H4K20me1,0.5,0.25,1.0,1.0,0.0001,16,,0.6118729459622146,0.6061266862262222,0.49960911575556716,0.7995770166988942,21,121,True,${OG_SCRATCH}/carbon_distillation/deploy_120k/H4K20me1/20260620_130103/e80af21e-b720-4619-ad98-a2fbabeedb4b/distill_methodvanilla_dkd_alpha1.0_dkd_beta8.0_kl_methodkl_mse_normalizeFalse_temperature1.0_weight_ce0.5_weight_kl0.25_weight_mse1.0_zscoreFalse/final_summary.json
raw,H4K20me1,0.5,0.25,1.0,1.5,0.0001,16,,0.6115372008749629,0.607019154483868,0.511614253224131,0.7994315950972297,21,121,True,${OG_SCRATCH}/carbon_distillation/deploy_120k/H4K20me1/20260620_130329/1f2d17b4-609a-4f0f-8ae6-554e696ce552/distill_methodvanilla_dkd_alpha1.0_dkd_beta8.0_kl_methodkl_mse_normalizeFalse_temperature1.5_weight_ce0.5_weight_kl0.25_weight_mse1.0_zscoreFalse/final_summary.json
raw,H4K20me1,0.5,0.25,1.0,2.0,0.0001,16,,0.61413386397394,0.6094520518388851,0.5402331327523306,0.7966808923470412,28,128,True,${OG_SCRATCH}/carbon_distillation/deploy_120k/H4K20me1/20260620_130329/88e87b68-1607-4cd0-9d69-1f9defb3d364/distill_methodvanilla_dkd_alpha1.0_dkd_beta8.0_kl_methodkl_mse_normalizeFalse_temperature2.0_weight_ce0.5_weight_kl0.25_weight_mse1.0_zscoreFalse/final_summary.json
raw,H4K20me1,0.5,0.25,1.0,4.0,0.0001,16,,0.6148015368422105,0.6039408247598711,0.5211674060046533,0.7934370854641115,35,135,True,${OG_SCRATCH}/carbon_distillation/deploy_120k/H4K20me1/20260620_130648/c8928a2a-8a7d-466f-a445-d03ffd602d30/distill_methodvanilla_dkd_alpha1.0_dkd_beta8.0_kl_methodkl_mse_normalizeFalse_temperature4.0_weight_ce0.5_weight_kl0.25_weight_mse1.0_zscoreFalse/final_summary.json
raw,H4K20me1,0.5,0.25,2.0,0.5,0.0001,16,,0.6076304426769538,0.6069442468602324,0.5245565341730632,0.8000310271144238,21,121,True,${OG_SCRATCH}/carbon_distillation/deploy_120k/H4K20me1/20260620_131156/defe0358-b607-4497-b258-3f0c6a5a9e19/distill_methodvanilla_dkd_alpha1.0_dkd_beta8.0_kl_methodkl_mse_normalizeFalse_temperature0.5_weight_ce0.5_weight_kl0.25_weight_mse2.0_zscoreFalse/final_summary.json
raw,H4K20me1,0.5,0.25,2.0,1.0,0.0001,16,,0.6130205813813149,0.6031115905652615,0.5316642433662594,0.7983073027284397,21,121,True,${OG_SCRATCH}/carbon_distillation/deploy_120k/H4K20me1/20260620_131157/19fb281d-6e20-4bc3-ac4b-c87d95edcd98/distill_methodvanilla_dkd_alpha1.0_dkd_beta8.0_kl_methodkl_mse_normalizeFalse_temperature1.0_weight_ce0.5_weight_kl0.25_weight_mse2.0_zscoreFalse/final_summary.json
raw,H4K20me1,0.5,0.25,2.0,1.5,0.0001,16,,0.6159310625160566,0.6082226609337492,0.5275311911210965,0.7986481459483454,20,120,True,${OG_SCRATCH}/carbon_distillation/deploy_120k/H4K20me1/20260620_132312/68d043ab-abda-43f1-9a38-3f4537c5f817/distill_methodvanilla_dkd_alpha1.0_dkd_beta8.0_kl_methodkl_mse_normalizeFalse_temperature1.5_weight_ce0.5_weight_kl0.25_weight_mse2.0_zscoreFalse/final_summary.json
raw,H4K20me1,0.5,0.25,2.0,2.0,0.0001,16,,0.6142981476944033,0.6078658902765934,0.5350322812548163,0.7987060371391248,21,121,True,${OG_SCRATCH}/carbon_distillation/deploy_120k/H4K20me1/20260620_132721/b99d8864-6e68-466c-8afd-9b5163334d9c/distill_methodvanilla_dkd_alpha1.0_dkd_beta8.0_kl_methodkl_mse_normalizeFalse_temperature2.0_weight_ce0.5_weight_kl0.25_weight_mse2.0_zscoreFalse/final_summary.json
raw,H4K20me1,0.5,0.25,2.0,4.0,0.0001,16,,0.6173874044144764,0.6040226408741173,0.5366672374866387,0.7922337999244216,28,128,True,${OG_SCRATCH}/carbon_distillation/deploy_120k/H4K20me1/20260620_132911/e4acabdb-ba16-44a8-b6ca-fd94a8483b3f/distill_methodvanilla_dkd_alpha1.0_dkd_beta8.0_kl_methodkl_mse_normalizeFalse_temperature4.0_weight_ce0.5_weight_kl0.25_weight_mse2.0_zscoreFalse/final_summary.json
raw,H4K20me1,0.5,0.25,5.0,0.5,0.0001,16,,0.6104193561257057,0.6003405813931952,0.5042759011622201,0.7916563706836297,20,120,True,${OG_SCRATCH}/carbon_distillation/deploy_120k/H4K20me1/20260620_133116/174104f1-39e5-44d7-92ac-f26e5ee15e61/distill_methodvanilla_dkd_alpha1.0_dkd_beta8.0_kl_methodkl_mse_normalizeFalse_temperature0.5_weight_ce0.5_weight_kl0.25_weight_mse5.0_zscoreFalse/final_summary.json
raw,H4K20me1,0.5,0.25,5.0,1.0,0.0001,16,,0.6112229041050752,0.6084927631454897,0.504293890724412,0.8003666357204435,21,121,True,${OG_SCRATCH}/carbon_distillation/deploy_120k/H4K20me1/20260620_133226/9fc0e436-d7a3-49c0-861a-fadf27482e8f/distill_methodvanilla_dkd_alpha1.0_dkd_beta8.0_kl_methodkl_mse_normalizeFalse_temperature1.0_weight_ce0.5_weight_kl0.25_weight_mse5.0_zscoreFalse/final_summary.json
raw,H4K20me1,0.5,0.25,5.0,1.5,0.0001,16,,0.6099769942260522,0.6066695501822505,0.5258811195010754,0.794175024041764,22,122,True,${OG_SCRATCH}/carbon_distillation/deploy_120k/H4K20me1/20260620_133526/239053b6-449f-4772-8bda-617572223aac/distill_methodvanilla_dkd_alpha1.0_dkd_beta8.0_kl_methodkl_mse_normalizeFalse_temperature1.5_weight_ce0.5_weight_kl0.25_weight_mse5.0_zscoreFalse/final_summary.json
raw,H4K20me1,0.5,0.25,5.0,2.0,0.0001,16,,0.6154578885037431,0.6084041955992698,0.5433587488846233,0.7986187156525497,20,120,True,${OG_SCRATCH}/carbon_distillation/deploy_120k/H4K20me1/20260620_133947/c75e30d7-55a9-4227-aade-11feb236c59a/distill_methodvanilla_dkd_alpha1.0_dkd_beta8.0_kl_methodkl_mse_normalizeFalse_temperature2.0_weight_ce0.5_weight_kl0.25_weight_mse5.0_zscoreFalse/final_summary.json
raw,H4K20me1,0.5,0.25,5.0,4.0,0.0001,16,,0.6150364663190059,0.6013861664401344,0.5036927015009283,0.7944555951060166,23,123,True,${OG_SCRATCH}/carbon_distillation/deploy_120k/H4K20me1/20260620_134151/450feb69-b8a1-431e-80e2-f41e34959e0b/distill_methodvanilla_dkd_alpha1.0_dkd_beta8.0_kl_methodkl_mse_normalizeFalse_temperature4.0_weight_ce0.5_weight_kl0.25_weight_mse5.0_zscoreFalse/final_summary.json
raw,H4K20me1,0.5,0.5,0.0,0.5,0.0001,16,,0.6184791123716008,0.5957459893523636,0.5328929072840869,0.7942193484694681,45,145,True,${OG_SCRATCH}/carbon_distillation/deploy_120k/H4K20me1/20260620_134558/59fc7ed3-bb8b-42ae-877f-01b7a02c40dc/distill_methodvanilla_dkd_alpha1.0_dkd_beta8.0_kl_methodkl_mse_normalizeFalse_temperature0.5_weight_ce0.5_weight_kl0.5_weight_mse0.0_zscoreFalse/final_summary.json
raw,H4K20me1,0.5,0.5,0.0,1.0,0.0001,16,,0.6201377143060325,0.6087454455579798,0.5491183921603476,0.7890683261250019,56,156,True,${OG_SCRATCH}/carbon_distillation/deploy_120k/H4K20me1/20260620_135204/c5cf23ff-f905-4190-9ec2-91f35839d464/distill_methodvanilla_dkd_alpha1.0_dkd_beta8.0_kl_methodkl_mse_normalizeFalse_temperature1.0_weight_ce0.5_weight_kl0.5_weight_mse0.0_zscoreFalse/final_summary.json
raw,H4K20me1,0.5,0.5,1.0,0.5,0.0001,16,,0.6152628467401821,0.6097673457422268,0.5317927286619658,0.8007473097473284,21,121,True,${OG_SCRATCH}/carbon_distillation/deploy_120k/H4K20me1/20260620_135541/a10ea7aa-f950-409d-87a2-598e48674682/distill_methodvanilla_dkd_alpha1.0_dkd_beta8.0_kl_methodkl_mse_normalizeFalse_temperature0.5_weight_ce0.5_weight_kl0.5_weight_mse1.0_zscoreFalse/final_summary.json
raw,H4K20me1,0.5,0.5,1.0,1.0,0.0001,16,,0.6132426755701913,0.6047557715770612,0.5114127366771055,0.7974469161903642,29,129,True,${OG_SCRATCH}/carbon_distillation/deploy_120k/H4K20me1/20260620_135543/b4ae13a5-d9d9-44e8-b98c-dd0378c0d4a6/distill_methodvanilla_dkd_alpha1.0_dkd_beta8.0_kl_methodkl_mse_normalizeFalse_temperature1.0_weight_ce0.5_weight_kl0.5_weight_mse1.0_zscoreFalse/final_summary.json
raw,H4K20me1,0.5,0.5,0.0,2.0,0.0001,16,,0.6143976480226222,0.6048051035339914,0.5651862433289185,0.7903146865198359,46,146,True,${OG_SCRATCH}/carbon_distillation/deploy_120k/H4K20me1/20260620_135625/3b00858d-b0d6-4185-8be3-a5fc3a85487f/distill_methodvanilla_dkd_alpha1.0_dkd_beta8.0_kl_methodkl_mse_normalizeFalse_temperature2.0_weight_ce0.5_weight_kl0.5_weight_mse0.0_zscoreFalse/final_summary.json
raw,H4K20me1,0.5,0.5,0.0,1.5,0.0001,16,,0.618988981536345,0.613886261244712,0.5553375393097473,0.7947855887262361,41,141,True,${OG_SCRATCH}/carbon_distillation/deploy_120k/H4K20me1/20260620_135625/8ef98102-4b3b-4305-b2c2-fea7b5f5d956/distill_methodvanilla_dkd_alpha1.0_dkd_beta8.0_kl_methodkl_mse_normalizeFalse_temperature1.5_weight_ce0.5_weight_kl0.5_weight_mse0.0_zscoreFalse/final_summary.json
raw,H4K20me1,0.5,0.5,0.0,4.0,0.0001,16,,0.6181312833598415,0.6170861441948363,0.5720153314887121,0.8048402853226568,53,153,True,${OG_SCRATCH}/carbon_distillation/deploy_120k/H4K20me1/20260620_135653/6f617346-3c4d-4776-aed7-3d0aae13dfec/distill_methodvanilla_dkd_alpha1.0_dkd_beta8.0_kl_methodkl_mse_normalizeFalse_temperature4.0_weight_ce0.5_weight_kl0.5_weight_mse0.0_zscoreFalse/final_summary.json
raw,H4K20me1,0.5,0.5,1.0,1.5,0.0001,16,,0.6199917202730998,0.5976579880092724,0.5311629653923831,0.7909155972378674,37,137,True,${OG_SCRATCH}/carbon_distillation/deploy_120k/H4K20me1/20260620_140021/77783281-0097-46b4-9e1a-e1cb867bba9b/distill_methodvanilla_dkd_alpha1.0_dkd_beta8.0_kl_methodkl_mse_normalizeFalse_temperature1.5_weight_ce0.5_weight_kl0.5_weight_mse1.0_zscoreFalse/final_summary.json
raw,H4K20me1,0.5,0.5,1.0,2.0,0.0001,16,,0.6201588890409102,0.606270366491795,0.5473413099850715,0.7995535758666645,38,138,True,${OG_SCRATCH}/carbon_distillation/deploy_120k/H4K20me1/20260620_141040/22210d5c-ce84-4893-bf04-f8c95b8c6817/distill_methodvanilla_dkd_alpha1.0_dkd_beta8.0_kl_methodkl_mse_normalizeFalse_temperature2.0_weight_ce0.5_weight_kl0.5_weight_mse1.0_zscoreFalse/final_summary.json
raw,H4K20me1,0.5,0.5,1.0,4.0,0.0001,16,,0.6217076109070184,0.6062066605116153,0.5026792754888824,0.7989761747228603,38,138,True,${OG_SCRATCH}/carbon_distillation/deploy_120k/H4K20me1/20260620_141539/9efdc8f2-3f10-4fc7-8c22-0facdb6a193c/distill_methodvanilla_dkd_alpha1.0_dkd_beta8.0_kl_methodkl_mse_normalizeFalse_temperature4.0_weight_ce0.5_weight_kl0.5_weight_mse1.0_zscoreFalse/final_summary.json
raw,H4K20me1,0.5,0.5,2.0,1.5,0.0001,16,,0.6172847069037265,0.5978236384824339,0.5513930917405905,0.7890922605221593,37,137,True,${OG_SCRATCH}/carbon_distillation/deploy_120k/H4K20me1/20260620_142321/2cfd3bb1-0870-45ee-a5cd-538e826e0a0a/distill_methodvanilla_dkd_alpha1.0_dkd_beta8.0_kl_methodkl_mse_normalizeFalse_temperature1.5_weight_ce0.5_weight_kl0.5_weight_mse2.0_zscoreFalse/final_summary.json
raw,H4K20me1,0.5,0.5,2.0,0.5,0.0001,16,,0.610804403118454,0.5998986951937346,0.5150689190733202,0.7958895482115296,23,123,True,${OG_SCRATCH}/carbon_distillation/deploy_120k/H4K20me1/20260620_142321/e6cf3e04-c600-4e48-98c4-0eebd51749a9/distill_methodvanilla_dkd_alpha1.0_dkd_beta8.0_kl_methodkl_mse_normalizeFalse_temperature0.5_weight_ce0.5_weight_kl0.5_weight_mse2.0_zscoreFalse/final_summary.json
raw,H4K20me1,0.5,0.5,2.0,1.0,0.0001,16,,0.6128732854928642,0.5923516140280762,0.5431335658813693,0.7876303958077995,35,135,True,${OG_SCRATCH}/carbon_distillation/deploy_120k/H4K20me1/20260620_142335/3ac3d7a3-add5-4d4c-a3d5-96a3081159b1/distill_methodvanilla_dkd_alpha1.0_dkd_beta8.0_kl_methodkl_mse_normalizeFalse_temperature1.0_weight_ce0.5_weight_kl0.5_weight_mse2.0_zscoreFalse/final_summary.json
raw,H4K20me1,0.5,0.5,2.0,2.0,0.0001,16,,0.6160390448143593,0.6117240774876219,0.5630581070386783,0.7992598337325807,31,131,True,${OG_SCRATCH}/carbon_distillation/deploy_120k/H4K20me1/20260620_142855/1e8fc42d-6ce4-4265-8be3-239cf2f2baa4/distill_methodvanilla_dkd_alpha1.0_dkd_beta8.0_kl_methodkl_mse_normalizeFalse_temperature2.0_weight_ce0.5_weight_kl0.5_weight_mse2.0_zscoreFalse/final_summary.json
raw,H4K20me1,0.5,0.5,5.0,0.5,0.0001,16,,0.6059874882925118,0.6081618388787947,0.5437682324092753,0.7980693565336396,20,120,True,${OG_SCRATCH}/carbon_distillation/deploy_120k/H4K20me1/20260620_143312/d68d418a-2941-4ab8-b696-596ed526c0bb/distill_methodvanilla_dkd_alpha1.0_dkd_beta8.0_kl_methodkl_mse_normalizeFalse_temperature0.5_weight_ce0.5_weight_kl0.5_weight_mse5.0_zscoreFalse/final_summary.json
raw,H4K20me1,0.5,0.5,2.0,4.0,0.0001,16,,0.6196701322600979,0.6055845691264502,0.540998978202396,0.793165637155407,29,129,True,${OG_SCRATCH}/carbon_distillation/deploy_120k/H4K20me1/20260620_143312/2b981ad1-15ca-4b86-a56e-271ee298104a/distill_methodvanilla_dkd_alpha1.0_dkd_beta8.0_kl_methodkl_mse_normalizeFalse_temperature4.0_weight_ce0.5_weight_kl0.5_weight_mse2.0_zscoreFalse/final_summary.json
raw,H4K20me1,0.5,0.5,5.0,1.0,0.0001,16,,0.6156057038994307,0.605969749907181,0.5563704062802184,0.794289843519524,28,128,True,${OG_SCRATCH}/carbon_distillation/deploy_120k/H4K20me1/20260620_143815/51c551db-1253-4690-83ba-be264020f052/distill_methodvanilla_dkd_alpha1.0_dkd_beta8.0_kl_methodkl_mse_normalizeFalse_temperature1.0_weight_ce0.5_weight_kl0.5_weight_mse5.0_zscoreFalse/final_summary.json
raw,H4K20me1,0.5,0.5,5.0,1.5,0.0001,16,,0.6199401690394992,0.6084041955992698,0.5420949589503828,0.7986187156525497,27,127,True,${OG_SCRATCH}/carbon_distillation/deploy_120k/H4K20me1/20260620_144020/9c4059ee-bfab-477d-b9f6-4812414cd047/distill_methodvanilla_dkd_alpha1.0_dkd_beta8.0_kl_methodkl_mse_normalizeFalse_temperature1.5_weight_ce0.5_weight_kl0.5_weight_mse5.0_zscoreFalse/final_summary.json
raw,H4K20me1,0.5,0.5,5.0,2.0,0.0001,16,,0.6224035373584449,0.6125239179673736,0.5295033822136559,0.7950036152222992,28,128,True,${OG_SCRATCH}/carbon_distillation/deploy_120k/H4K20me1/20260620_144535/a1bfa521-c7dc-4f86-8509-31c551413989/distill_methodvanilla_dkd_alpha1.0_dkd_beta8.0_kl_methodkl_mse_normalizeFalse_temperature2.0_weight_ce0.5_weight_kl0.5_weight_mse5.0_zscoreFalse/final_summary.json
raw,H4K20me1,0.5,0.5,5.0,4.0,0.0001,16,,0.6195604109086646,0.6016507123229824,0.5440149287296208,0.789644232613732,35,135,True,${OG_SCRATCH}/carbon_distillation/deploy_120k/H4K20me1/20260620_144928/7918e513-88bd-4694-a470-88a985740d33/distill_methodvanilla_dkd_alpha1.0_dkd_beta8.0_kl_methodkl_mse_normalizeFalse_temperature4.0_weight_ce0.5_weight_kl0.5_weight_mse5.0_zscoreFalse/final_summary.json
raw,H4K20me1,0.5,1.0,0.0,0.5,0.0001,16,,0.6214457044140104,0.5995558147712785,0.5463663049596043,0.7953548673125872,45,145,True,${OG_SCRATCH}/carbon_distillation/deploy_120k/H4K20me1/20260620_145133/05923875-f030-4ff2-9f6a-8cad3bbccf1b/distill_methodvanilla_dkd_alpha1.0_dkd_beta8.0_kl_methodkl_mse_normalizeFalse_temperature0.5_weight_ce0.5_weight_kl1.0_weight_mse0.0_zscoreFalse/final_summary.json
raw,H4K20me1,0.5,1.0,0.0,1.0,0.0001,16,,0.6193352322994443,0.610576258928079,0.5559775184563184,0.7899659077159593,40,140,True,${OG_SCRATCH}/carbon_distillation/deploy_120k/H4K20me1/20260620_145538/19a9bc66-536c-4001-91a5-699fed101d26/distill_methodvanilla_dkd_alpha1.0_dkd_beta8.0_kl_methodkl_mse_normalizeFalse_temperature1.0_weight_ce0.5_weight_kl1.0_weight_mse0.0_zscoreFalse/final_summary.json
raw,H4K20me1,0.5,1.0,0.0,1.5,0.0001,16,,0.6199917202730998,0.5958605203761619,0.5515451866086383,0.7900258763750498,59,159,True,${OG_SCRATCH}/carbon_distillation/deploy_120k/H4K20me1/20260620_145757/b093acc3-9f64-422b-8675-ec79f8d0a11f/distill_methodvanilla_dkd_alpha1.0_dkd_beta8.0_kl_methodkl_mse_normalizeFalse_temperature1.5_weight_ce0.5_weight_kl1.0_weight_mse0.0_zscoreFalse/final_summary.json
raw,H4K20me1,0.5,1.0,0.0,2.0,0.0001,16,,0.6156530240685874,0.6099505501696146,0.5703106546340327,0.7989569637576677,59,159,True,${OG_SCRATCH}/carbon_distillation/deploy_120k/H4K20me1/20260620_150004/71dae2c6-5890-4045-9ed2-f2b40586873f/distill_methodvanilla_dkd_alpha1.0_dkd_beta8.0_kl_methodkl_mse_normalizeFalse_temperature2.0_weight_ce0.5_weight_kl1.0_weight_mse0.0_zscoreFalse/final_summary.json
raw,H4K20me1,0.5,1.0,1.0,0.5,0.0001,16,,0.6158812814724669,0.6110236102856142,0.564913604714536,0.7934666502816955,22,122,True,${OG_SCRATCH}/carbon_distillation/deploy_120k/H4K20me1/20260620_150504/f3f4ee48-7b96-4ac2-a37c-e96399fb7b21/distill_methodvanilla_dkd_alpha1.0_dkd_beta8.0_kl_methodkl_mse_normalizeFalse_temperature0.5_weight_ce0.5_weight_kl1.0_weight_mse1.0_zscoreFalse/final_summary.json
raw,H4K20me1,0.5,1.0,0.0,4.0,0.0001,16,,0.6167788528141597,0.6161243067742943,0.5906763000381428,0.80673100024959,62,162,True,${OG_SCRATCH}/carbon_distillation/deploy_120k/H4K20me1/20260620_150607/f0ff7092-c865-489b-86f0-60c9192f0ab3/distill_methodvanilla_dkd_alpha1.0_dkd_beta8.0_kl_methodkl_mse_normalizeFalse_temperature4.0_weight_ce0.5_weight_kl1.0_weight_mse0.0_zscoreFalse/final_summary.json
raw,H4K20me1,0.5,1.0,1.0,1.0,0.0001,16,,0.6200788062505981,0.6047274854276605,0.5497668893567841,0.7939009781080211,37,137,True,${OG_SCRATCH}/carbon_distillation/deploy_120k/H4K20me1/20260620_151807/a7f0b43f-0b1f-4b6f-9690-53d348c58cb0/distill_methodvanilla_dkd_alpha1.0_dkd_beta8.0_kl_methodkl_mse_normalizeFalse_temperature1.0_weight_ce0.5_weight_kl1.0_weight_mse1.0_zscoreFalse/final_summary.json
raw,H4K20me1,0.5,1.0,1.0,1.5,0.0001,16,,0.6202856010936308,0.6155097072733476,0.5535404648238541,0.8015893733607791,45,145,True,${OG_SCRATCH}/carbon_distillation/deploy_120k/H4K20me1/20260620_151807/e463d446-df06-428d-aa10-45acfe840f77/distill_methodvanilla_dkd_alpha1.0_dkd_beta8.0_kl_methodkl_mse_normalizeFalse_temperature1.5_weight_ce0.5_weight_kl1.0_weight_mse1.0_zscoreFalse/final_summary.json
raw,H4K20me1,0.5,1.0,1.0,2.0,0.0001,16,,0.6245352341374091,0.6146542515515632,0.5674791138659238,0.8023086704407703,38,138,True,${OG_SCRATCH}/carbon_distillation/deploy_120k/H4K20me1/20260620_152016/6c2a8324-953f-4cda-ae28-fa64a31a66cc/distill_methodvanilla_dkd_alpha1.0_dkd_beta8.0_kl_methodkl_mse_normalizeFalse_temperature2.0_weight_ce0.5_weight_kl1.0_weight_mse1.0_zscoreFalse/final_summary.json
raw,H4K20me1,0.5,1.0,2.0,0.5,0.0001,16,,0.6130771633198594,0.6049658460022781,0.5530950457075716,0.796231356703373,21,121,True,${OG_SCRATCH}/carbon_distillation/deploy_120k/H4K20me1/20260620_152331/811cec63-323d-43e5-ad53-a9d4a008ea58/distill_methodvanilla_dkd_alpha1.0_dkd_beta8.0_kl_methodkl_mse_normalizeFalse_temperature0.5_weight_ce0.5_weight_kl1.0_weight_mse2.0_zscoreFalse/final_summary.json
raw,H4K20me1,0.5,1.0,1.0,4.0,0.0001,16,,0.6309396701016161,0.6029277012448402,0.5441976756823064,0.793010701555572,60,160,True,${OG_SCRATCH}/carbon_distillation/deploy_120k/H4K20me1/20260620_152434/c463449f-3043-416b-8c83-5888a67cc6f6/distill_methodvanilla_dkd_alpha1.0_dkd_beta8.0_kl_methodkl_mse_normalizeFalse_temperature4.0_weight_ce0.5_weight_kl1.0_weight_mse1.0_zscoreFalse/final_summary.json
raw,H4K20me1,0.5,1.0,2.0,1.5,0.0001,16,,0.6224079957521526,0.6065497425982644,0.5517202057632253,0.796562503913539,38,138,True,${OG_SCRATCH}/carbon_distillation/deploy_120k/H4K20me1/20260620_152541/d8ad284e-2b6e-4201-a0a9-9de903dd7d6b/distill_methodvanilla_dkd_alpha1.0_dkd_beta8.0_kl_methodkl_mse_normalizeFalse_temperature1.5_weight_ce0.5_weight_kl1.0_weight_mse2.0_zscoreFalse/final_summary.json
raw,H4K20me1,0.5,1.0,2.0,1.0,0.0001,16,,0.6166167309633994,0.6119955587467103,0.5527387527797165,0.7950884394385676,35,135,True,${OG_SCRATCH}/carbon_distillation/deploy_120k/H4K20me1/20260620_152646/0fb48013-1b24-4400-8b47-8f05c992e2c4/distill_methodvanilla_dkd_alpha1.0_dkd_beta8.0_kl_methodkl_mse_normalizeFalse_temperature1.0_weight_ce0.5_weight_kl1.0_weight_mse2.0_zscoreFalse/final_summary.json
raw,H4K20me1,0.5,1.0,2.0,2.0,0.0001,16,,0.6167116529938244,0.6105614722147139,0.5617566091073245,0.7994462900573804,38,138,True,${OG_SCRATCH}/carbon_distillation/deploy_120k/H4K20me1/20260620_153059/8865a0a2-2dac-4d4f-bf07-8fe75c129ed3/distill_methodvanilla_dkd_alpha1.0_dkd_beta8.0_kl_methodkl_mse_normalizeFalse_temperature2.0_weight_ce0.5_weight_kl1.0_weight_mse2.0_zscoreFalse/final_summary.json
raw,H4K20me1,0.5,1.0,2.0,4.0,0.0001,16,,0.6233626688141809,0.6097480177871182,0.5414808019105168,0.7978125742040675,38,138,True,${OG_SCRATCH}/carbon_distillation/deploy_120k/H4K20me1/20260620_154501/1ca9c84a-6145-496d-8aa5-76ed780eec25/distill_methodvanilla_dkd_alpha1.0_dkd_beta8.0_kl_methodkl_mse_normalizeFalse_temperature4.0_weight_ce0.5_weight_kl1.0_weight_mse2.0_zscoreFalse/final_summary.json
raw,H4K20me1,0.5,1.0,5.0,0.5,0.0001,16,,0.6142081647039485,0.6113618612641699,0.5467375821969775,0.7999049725989994,20,120,True,${OG_SCRATCH}/carbon_distillation/deploy_120k/H4K20me1/20260620_154656/69583c26-0005-435f-8364-eefb9aaa7908/distill_methodvanilla_dkd_alpha1.0_dkd_beta8.0_kl_methodkl_mse_normalizeFalse_temperature0.5_weight_ce0.5_weight_kl1.0_weight_mse5.0_zscoreFalse/final_summary.json
raw,H4K20me1,0.5,1.0,5.0,1.0,0.0001,16,,0.6248329686466266,0.6205440799252904,0.5651146072740638,0.799044067481848,28,128,True,${OG_SCRATCH}/carbon_distillation/deploy_120k/H4K20me1/20260620_154656/ab8312d0-92d1-45c7-b00c-af80c499a594/distill_methodvanilla_dkd_alpha1.0_dkd_beta8.0_kl_methodkl_mse_normalizeFalse_temperature1.0_weight_ce0.5_weight_kl1.0_weight_mse5.0_zscoreFalse/final_summary.json
raw,H4K20me1,0.5,1.0,5.0,2.0,0.0001,16,,0.6196307350364638,0.6082362258953442,0.5526342624544885,0.7951044845470872,25,125,True,${OG_SCRATCH}/carbon_distillation/deploy_120k/H4K20me1/20260620_154822/a950dca3-2acb-4659-9002-65b37e2e195b/distill_methodvanilla_dkd_alpha1.0_dkd_beta8.0_kl_methodkl_mse_normalizeFalse_temperature2.0_weight_ce0.5_weight_kl1.0_weight_mse5.0_zscoreFalse/final_summary.json
raw,H4K20me1,0.5,1.0,5.0,1.5,0.0001,16,,0.6190245937939806,0.6131427696255219,0.5628110871983976,0.7925313988205394,28,128,True,${OG_SCRATCH}/carbon_distillation/deploy_120k/H4K20me1/20260620_154905/0d3ca2e0-0187-4505-bd67-788b93d780a5/distill_methodvanilla_dkd_alpha1.0_dkd_beta8.0_kl_methodkl_mse_normalizeFalse_temperature1.5_weight_ce0.5_weight_kl1.0_weight_mse5.0_zscoreFalse/final_summary.json
raw,H4K20me1,0.5,1.0,5.0,4.0,0.0001,16,,0.6255343284870334,0.582052613906942,0.5323413831599271,0.7864390953046816,53,153,True,${OG_SCRATCH}/carbon_distillation/deploy_120k/H4K20me1/20260620_160328/81eececa-898d-4092-939f-6098a335240a/distill_methodvanilla_dkd_alpha1.0_dkd_beta8.0_kl_methodkl_mse_normalizeFalse_temperature4.0_weight_ce0.5_weight_kl1.0_weight_mse5.0_zscoreFalse/final_summary.json
raw,H4K20me1,0.5,1.0,1.0,4.0,0.0001,16,0,0.6210261783382626,0.5987450198760351,0.5528266457306629,0.7948984249480762,52,152,True,${OG_SCRATCH}/carbon_distillation/deploy_120k/H4K20me1/20260624_002146/8a5e1e8e-7715-4285-847c-3afcd9c1b640/distill_methodvanilla_dkd_alpha1.0_dkd_beta8.0_kl_methodkl_mse_normalizeFalse_temperature4.0_weight_ce0.5_weight_kl1.0_weight_mse1.0_zscoreFalse/final_summary.json
raw,H4K20me1,0.5,1.0,1.0,4.0,0.0001,16,1,0.615442690515432,0.605784758932278,0.560998491104361,0.7955052676683684,28,128,True,${OG_SCRATCH}/carbon_distillation/deploy_120k/H4K20me1/20260624_002525/3aa94dd6-dacf-4330-97e7-07945c92407d/distill_methodvanilla_dkd_alpha1.0_dkd_beta8.0_kl_methodkl_mse_normalizeFalse_temperature4.0_weight_ce0.5_weight_kl1.0_weight_mse1.0_zscoreFalse/final_summary.json
raw,H4K20me1,0.5,1.0,1.0,4.0,0.0001,16,2,0.6234060269671482,0.6169038762078719,0.5552079505996524,0.7978493964144026,37,137,True,${OG_SCRATCH}/carbon_distillation/deploy_120k/H4K20me1/20260624_005054/d20dbfd9-f923-42c7-a713-5ce5589c4d83/distill_methodvanilla_dkd_alpha1.0_dkd_beta8.0_kl_methodkl_mse_normalizeFalse_temperature4.0_weight_ce0.5_weight_kl1.0_weight_mse1.0_zscoreFalse/final_summary.json
raw,enhancers_types,0.5,0.5,0.2,2.0,0.0001,16,,0.48715848148784535,0.4571819531056654,0.33995661465438626,0.4737970117024955,52,200,,${OG_SCRATCH}/carbon_distillation/deploy_120k/enhancers_types/20260618_200341/95e41fba-6c99-4776-aee4-ed80d4b6fff3/distill_methodvanilla_dkd_alpha1.0_dkd_beta8.0_kl_methodkl_mse_normalizeFalse_temperature2.0_weight_ce0.5_weight_kl0.5_weight_mse0.2_zscoreFalse/final_summary.json
l2norm,enhancers_types,0.5,0.5,0.2,2.0,0.0001,16,,0.49216059148869773,0.47481013739996847,0.398589839899745,0.4814993920152504,50,200,,${OG_SCRATCH}/carbon_distillation/deploy_120k/enhancers_types/20260619_110309/e4eab128-e5f9-4d50-bb70-72aa00dbf17c/distill_methodvanilla_dkd_alpha1.0_dkd_beta8.0_kl_methodkl_mse_normalizeTrue_temperature2.0_weight_ce0.5_weight_kl0.5_weight_mse0.2_zscoreFalse/final_summary.json
raw,enhancers_types,0.5,0.0,0.0,0.5,0.0001,16,42,0.4769997554132581,0.4612343915856943,0.3072420889027178,0.47379782238892637,38,138,True,${OG_SCRATCH}/carbon_distillation/deploy_120k/enhancers_types/20260622_193512/49519304-d8f3-49fc-a8a6-aa4d1ad170c8/distill_methodvanilla_dkd_alpha1.0_dkd_beta8.0_kl_methodkl_mse_normalizeFalse_temperature0.5_weight_ce0.5_weight_kl0.0_weight_mse0.0_zscoreFalse/final_summary.json
raw,enhancers_types,0.5,0.0,0.0,1.0,0.0001,16,42,0.4769997554132581,0.4612343915856943,0.3072420889027178,0.47379782238892637,38,138,True,${OG_SCRATCH}/carbon_distillation/deploy_120k/enhancers_types/20260622_194259/714e831a-5a8f-4531-8cc7-cf2103be6054/distill_methodvanilla_dkd_alpha1.0_dkd_beta8.0_kl_methodkl_mse_normalizeFalse_temperature1.0_weight_ce0.5_weight_kl0.0_weight_mse0.0_zscoreFalse/final_summary.json
raw,enhancers_types,0.5,0.0,0.0,1.5,0.0001,16,42,0.47566604918012245,0.46721526816308745,0.35026659315668696,0.5016329345346587,44,144,True,${OG_SCRATCH}/carbon_distillation/deploy_120k/enhancers_types/20260622_194455/939e581a-9715-4cba-a43a-f5ef81fcd407/distill_methodvanilla_dkd_alpha1.0_dkd_beta8.0_kl_methodkl_mse_normalizeFalse_temperature1.5_weight_ce0.5_weight_kl0.0_weight_mse0.0_zscoreFalse/final_summary.json
raw,enhancers_types,0.5,0.0,0.0,2.0,0.0001,16,42,0.47566604918012245,0.46721526816308745,0.35026659315668696,0.5016329345346587,44,144,True,${OG_SCRATCH}/carbon_distillation/deploy_120k/enhancers_types/20260622_194700/77eab180-73b4-4e2c-9c2d-347724ae8623/distill_methodvanilla_dkd_alpha1.0_dkd_beta8.0_kl_methodkl_mse_normalizeFalse_temperature2.0_weight_ce0.5_weight_kl0.0_weight_mse0.0_zscoreFalse/final_summary.json
raw,enhancers_types,0.5,0.0,0.0,4.0,0.0001,16,42,0.47566604918012245,0.46721526816308745,0.35026659315668696,0.5016329345346587,44,144,True,${OG_SCRATCH}/carbon_distillation/deploy_120k/enhancers_types/20260622_200716/a77fc7cc-cb49-4b11-920d-8f06be2df796/distill_methodvanilla_dkd_alpha1.0_dkd_beta8.0_kl_methodkl_mse_normalizeFalse_temperature4.0_weight_ce0.5_weight_kl0.0_weight_mse0.0_zscoreFalse/final_summary.json
raw,enhancers_types,0.5,0.0,1.0,2.0,0.0001,16,42,0.47772599292898116,0.46442243404423456,0.3584177593009853,0.47879231090189994,35,135,True,${OG_SCRATCH}/carbon_distillation/deploy_120k/enhancers_types/20260622_202917/567be4a8-bde1-4664-a058-e752708bd916/distill_methodvanilla_dkd_alpha1.0_dkd_beta8.0_kl_methodkl_mse_normalizeFalse_temperature2.0_weight_ce0.5_weight_kl0.0_weight_mse1.0_zscoreFalse/final_summary.json
raw,enhancers_types,0.5,0.0,1.0,4.0,0.0001,16,42,0.47772599292898116,0.46442243404423456,0.3584177593009853,0.47879231090189994,35,135,True,${OG_SCRATCH}/carbon_distillation/deploy_120k/enhancers_types/20260622_202959/46162976-885b-4468-a291-c2abadf9329e/distill_methodvanilla_dkd_alpha1.0_dkd_beta8.0_kl_methodkl_mse_normalizeFalse_temperature4.0_weight_ce0.5_weight_kl0.0_weight_mse1.0_zscoreFalse/final_summary.json
raw,enhancers_types,0.5,0.0,2.0,0.5,0.0001,16,42,0.47694734927268995,0.4698130451443974,0.3456812758873945,0.4735230298606205,30,130,True,${OG_SCRATCH}/carbon_distillation/deploy_120k/enhancers_types/20260622_203134/90102074-55d6-4b1d-ba59-0f95cfd33f1f/distill_methodvanilla_dkd_alpha1.0_dkd_beta8.0_kl_methodkl_mse_normalizeFalse_temperature0.5_weight_ce0.5_weight_kl0.0_weight_mse2.0_zscoreFalse/final_summary.json
raw,enhancers_types,0.5,0.0,1.0,0.5,0.0001,16,42,0.4837502306727897,0.4659348498617301,0.34773923627774506,0.48816795770239296,42,142,True,${OG_SCRATCH}/carbon_distillation/deploy_120k/enhancers_types/20260622_203225/e5ca8bf1-dcf9-485b-a5a5-03799ce6e262/distill_methodvanilla_dkd_alpha1.0_dkd_beta8.0_kl_methodkl_mse_normalizeFalse_temperature0.5_weight_ce0.5_weight_kl0.0_weight_mse1.0_zscoreFalse/final_summary.json
raw,enhancers_types,0.5,0.0,1.0,1.0,0.0001,16,42,0.4837502306727897,0.4659348498617301,0.34773923627774506,0.48816795770239296,42,142,True,${OG_SCRATCH}/carbon_distillation/deploy_120k/enhancers_types/20260622_210332/89cd6d29-cb09-429d-99a6-7b997f34c260/distill_methodvanilla_dkd_alpha1.0_dkd_beta8.0_kl_methodkl_mse_normalizeFalse_temperature1.0_weight_ce0.5_weight_kl0.0_weight_mse1.0_zscoreFalse/final_summary.json
raw,enhancers_types,0.5,0.0,1.0,1.5,0.0001,16,42,0.4837502306727897,0.4659348498617301,0.34773923627774506,0.48816795770239296,42,142,True,${OG_SCRATCH}/carbon_distillation/deploy_120k/enhancers_types/20260622_211003/45cafe0c-d0e8-496b-b22b-de2b0a293901/distill_methodvanilla_dkd_alpha1.0_dkd_beta8.0_kl_methodkl_mse_normalizeFalse_temperature1.5_weight_ce0.5_weight_kl0.0_weight_mse1.0_zscoreFalse/final_summary.json
raw,enhancers_types,0.5,0.0,2.0,1.0,0.0001,16,42,0.47694734927268995,0.4698130451443974,0.3456812758873945,0.4735230298606205,30,130,True,${OG_SCRATCH}/carbon_distillation/deploy_120k/enhancers_types/20260622_212643/59991be6-2924-4f51-acd4-d5e8b6d68364/distill_methodvanilla_dkd_alpha1.0_dkd_beta8.0_kl_methodkl_mse_normalizeFalse_temperature1.0_weight_ce0.5_weight_kl0.0_weight_mse2.0_zscoreFalse/final_summary.json
raw,enhancers_types,0.5,0.0,2.0,2.0,0.0001,16,42,0.47694734927268995,0.4698130451443974,0.3456812758873945,0.4735230298606205,30,130,True,${OG_SCRATCH}/carbon_distillation/deploy_120k/enhancers_types/20260622_212901/727b4c82-766a-468d-9e9e-3d642088cf87/distill_methodvanilla_dkd_alpha1.0_dkd_beta8.0_kl_methodkl_mse_normalizeFalse_temperature2.0_weight_ce0.5_weight_kl0.0_weight_mse2.0_zscoreFalse/final_summary.json
raw,enhancers_types,0.5,0.0,2.0,1.5,0.0001,16,42,0.47795805441960315,0.4618081343688199,0.30640827787521563,0.47296146563899616,30,130,True,${OG_SCRATCH}/carbon_distillation/deploy_120k/enhancers_types/20260622_213029/711d6a44-ea28-464a-8e10-347d750cb7e0/distill_methodvanilla_dkd_alpha1.0_dkd_beta8.0_kl_methodkl_mse_normalizeFalse_temperature1.5_weight_ce0.5_weight_kl0.0_weight_mse2.0_zscoreFalse/final_summary.json
raw,enhancers_types,0.5,0.0,5.0,0.5,0.0001,16,42,0.4777222940257953,0.46794648495781527,0.33201323941545147,0.47768038997524537,30,130,True,${OG_SCRATCH}/carbon_distillation/deploy_120k/enhancers_types/20260622_213247/3f526269-d290-4c3a-94b3-47dc0a4c086e/distill_methodvanilla_dkd_alpha1.0_dkd_beta8.0_kl_methodkl_mse_normalizeFalse_temperature0.5_weight_ce0.5_weight_kl0.0_weight_mse5.0_zscoreFalse/final_summary.json
raw,enhancers_types,0.5,0.0,5.0,1.0,0.0001,16,42,0.4777222940257953,0.46794648495781527,0.33201323941545147,0.47768038997524537,30,130,True,${OG_SCRATCH}/carbon_distillation/deploy_120k/enhancers_types/20260622_213913/a9fad2c1-6919-49b7-a138-67d6537f5855/distill_methodvanilla_dkd_alpha1.0_dkd_beta8.0_kl_methodkl_mse_normalizeFalse_temperature1.0_weight_ce0.5_weight_kl0.0_weight_mse5.0_zscoreFalse/final_summary.json
raw,enhancers_types,0.5,0.0,2.0,4.0,0.0001,16,42,0.47795805441960315,0.4618081343688199,0.30640827787521563,0.47296146563899616,30,130,True,${OG_SCRATCH}/carbon_distillation/deploy_120k/enhancers_types/20260622_215610/cee4eddb-8fec-4d78-9857-9fbd982ed91b/distill_methodvanilla_dkd_alpha1.0_dkd_beta8.0_kl_methodkl_mse_normalizeFalse_temperature4.0_weight_ce0.5_weight_kl0.0_weight_mse2.0_zscoreFalse/final_summary.json
raw,enhancers_types,0.5,0.0,5.0,1.5,0.0001,16,42,0.4777222940257953,0.46794648495781527,0.33201323941545147,0.47768038997524537,30,130,True,${OG_SCRATCH}/carbon_distillation/deploy_120k/enhancers_types/20260622_221012/b4df176a-c7f8-4029-b446-4ac66c472765/distill_methodvanilla_dkd_alpha1.0_dkd_beta8.0_kl_methodkl_mse_normalizeFalse_temperature1.5_weight_ce0.5_weight_kl0.0_weight_mse5.0_zscoreFalse/final_summary.json
raw,enhancers_types,0.5,0.0,5.0,4.0,0.0001,16,42,0.4777222940257953,0.46794648495781527,0.33201323941545147,0.47768038997524537,30,130,True,${OG_SCRATCH}/carbon_distillation/deploy_120k/enhancers_types/20260622_221637/c5d7db1d-f895-469a-af19-d459a438cd74/distill_methodvanilla_dkd_alpha1.0_dkd_beta8.0_kl_methodkl_mse_normalizeFalse_temperature4.0_weight_ce0.5_weight_kl0.0_weight_mse5.0_zscoreFalse/final_summary.json
raw,enhancers_types,0.5,0.25,0.0,4.0,0.0001,16,42,0.490328106821631,0.4608225829184415,0.36655347328842747,0.4819715530774058,44,144,True,${OG_SCRATCH}/carbon_distillation/deploy_120k/enhancers_types/20260622_221652/42d30775-8b1f-42be-a8e2-f006129fac2c/distill_methodvanilla_dkd_alpha1.0_dkd_beta8.0_kl_methodkl_mse_normalizeFalse_temperature4.0_weight_ce0.5_weight_kl0.25_weight_mse0.0_zscoreFalse/final_summary.json
raw,enhancers_types,0.5,0.25,0.0,1.5,0.0001,16,42,0.4905365219601806,0.4771057081834705,0.37866955834131166,0.48325819203502235,44,144,True,${OG_SCRATCH}/carbon_distillation/deploy_120k/enhancers_types/20260622_221734/c824a45b-1acf-49cf-814f-ee3fba01531c/distill_methodvanilla_dkd_alpha1.0_dkd_beta8.0_kl_methodkl_mse_normalizeFalse_temperature1.5_weight_ce0.5_weight_kl0.25_weight_mse0.0_zscoreFalse/final_summary.json
raw,enhancers_types,0.5,0.25,0.0,2.0,0.0001,16,42,0.4901379770904036,0.47428911136863594,0.3847108329496656,0.48179940965757617,44,144,True,${OG_SCRATCH}/carbon_distillation/deploy_120k/enhancers_types/20260622_221923/003ed4d2-d8af-408d-ab41-f82fcd74e09c/distill_methodvanilla_dkd_alpha1.0_dkd_beta8.0_kl_methodkl_mse_normalizeFalse_temperature2.0_weight_ce0.5_weight_kl0.25_weight_mse0.0_zscoreFalse/final_summary.json
raw,enhancers_types,0.5,0.25,1.0,0.5,0.0001,16,42,0.49318644386130134,0.4647051447940044,0.37369917924634977,0.49298954393991473,42,142,True,${OG_SCRATCH}/carbon_distillation/deploy_120k/enhancers_types/20260622_222131/b9d9dca7-c8cc-463f-a33d-5e81fcc6e668/distill_methodvanilla_dkd_alpha1.0_dkd_beta8.0_kl_methodkl_mse_normalizeFalse_temperature0.5_weight_ce0.5_weight_kl0.25_weight_mse1.0_zscoreFalse/final_summary.json
raw,enhancers_types,0.5,0.0,5.0,2.0,0.0001,16,42,0.4672010027724151,0.4680758851246806,0.34695843204231047,0.4831797046719923,29,129,True,${OG_SCRATCH}/carbon_distillation/deploy_120k/enhancers_types/20260622_222928/ebc6b4a2-4d38-446e-a137-92e9142af8e7/distill_methodvanilla_dkd_alpha1.0_dkd_beta8.0_kl_methodkl_mse_normalizeFalse_temperature2.0_weight_ce0.5_weight_kl0.0_weight_mse5.0_zscoreFalse/final_summary.json
raw,enhancers_types,0.5,0.25,1.0,1.5,0.0001,16,42,0.48971243382877705,0.4597707136638053,0.35517854985432706,0.48671066287308157,42,142,True,${OG_SCRATCH}/carbon_distillation/deploy_120k/enhancers_types/20260622_223047/dc4bdbf0-e9b6-4d04-8687-d96b152aa167/distill_methodvanilla_dkd_alpha1.0_dkd_beta8.0_kl_methodkl_mse_normalizeFalse_temperature1.5_weight_ce0.5_weight_kl0.25_weight_mse1.0_zscoreFalse/final_summary.json
raw,enhancers_types,0.5,0.25,1.0,2.0,0.0001,16,42,0.4975063871182543,0.46087782726080156,0.38200871485528165,0.49036428827450496,52,152,True,${OG_SCRATCH}/carbon_distillation/deploy_120k/enhancers_types/20260622_223337/a5178cd4-4744-4422-8c3a-8620090a1107/distill_methodvanilla_dkd_alpha1.0_dkd_beta8.0_kl_methodkl_mse_normalizeFalse_temperature2.0_weight_ce0.5_weight_kl0.25_weight_mse1.0_zscoreFalse/final_summary.json
raw,enhancers_types,0.5,0.25,0.0,0.5,0.0001,16,42,0.47307295826186596,0.4697022534799394,0.3674746861451539,0.47813344934369945,38,138,True,${OG_SCRATCH}/carbon_distillation/deploy_120k/enhancers_types/20260622_225915/83f1070d-1574-490b-90ef-4da2dc103d0c/distill_methodvanilla_dkd_alpha1.0_dkd_beta8.0_kl_methodkl_mse_normalizeFalse_temperature0.5_weight_ce0.5_weight_kl0.25_weight_mse0.0_zscoreFalse/final_summary.json
raw,enhancers_types,0.5,0.25,1.0,4.0,0.0001,16,42,0.47572788269343386,0.45503009232516994,0.36729792701068475,0.4985659052650446,37,137,True,${OG_SCRATCH}/carbon_distillation/deploy_120k/enhancers_types/20260622_230002/27c72770-79f6-4b53-9c42-d4cc46626910/distill_methodvanilla_dkd_alpha1.0_dkd_beta8.0_kl_methodkl_mse_normalizeFalse_temperature4.0_weight_ce0.5_weight_kl0.25_weight_mse1.0_zscoreFalse/final_summary.json
raw,enhancers_types,0.5,0.25,2.0,1.5,0.0001,16,42,0.4848884853030109,0.4697747989440845,0.36433157744637035,0.48060270513100695,42,142,True,${OG_SCRATCH}/carbon_distillation/deploy_120k/enhancers_types/20260622_230120/89f94ae8-e49c-4def-9861-de5708a009e2/distill_methodvanilla_dkd_alpha1.0_dkd_beta8.0_kl_methodkl_mse_normalizeFalse_temperature1.5_weight_ce0.5_weight_kl0.25_weight_mse2.0_zscoreFalse/final_summary.json
raw,enhancers_types,0.5,0.25,0.0,1.0,0.0001,16,42,0.4834875580576117,0.4734242270678257,0.36993773909909333,0.48164204569603575,44,144,True,${OG_SCRATCH}/carbon_distillation/deploy_120k/enhancers_types/20260622_230127/53141f22-dc61-48cc-b06e-a808bfec2b73/distill_methodvanilla_dkd_alpha1.0_dkd_beta8.0_kl_methodkl_mse_normalizeFalse_temperature1.0_weight_ce0.5_weight_kl0.25_weight_mse0.0_zscoreFalse/final_summary.json
raw,enhancers_types,0.5,0.25,1.0,1.0,0.0001,16,42,0.4820619374622447,0.47648353367638036,0.37974146157980504,0.4879484647094376,38,138,True,${OG_SCRATCH}/carbon_distillation/deploy_120k/enhancers_types/20260623_002301/2c53dce2-be34-4984-92ea-a7d8331764c2/distill_methodvanilla_dkd_alpha1.0_dkd_beta8.0_kl_methodkl_mse_normalizeFalse_temperature1.0_weight_ce0.5_weight_kl0.25_weight_mse1.0_zscoreFalse/final_summary.json
raw,enhancers_types,0.5,0.25,2.0,1.0,0.0001,16,42,0.48133075690920185,0.474471263120198,0.35724604989062286,0.4803237080332123,30,130,True,${OG_SCRATCH}/carbon_distillation/deploy_120k/enhancers_types/20260623_002429/0e614f33-1b7d-4186-9af2-4a733d031524/distill_methodvanilla_dkd_alpha1.0_dkd_beta8.0_kl_methodkl_mse_normalizeFalse_temperature1.0_weight_ce0.5_weight_kl0.25_weight_mse2.0_zscoreFalse/final_summary.json
raw,enhancers_types,0.5,0.25,2.0,2.0,0.0001,16,42,0.4820790498950226,0.4708897438430415,0.38392570406526016,0.4845115879271477,38,138,True,${OG_SCRATCH}/carbon_distillation/deploy_120k/enhancers_types/20260623_015707/774a8b94-1b29-48ff-981d-6ba600c94d16/distill_methodvanilla_dkd_alpha1.0_dkd_beta8.0_kl_methodkl_mse_normalizeFalse_temperature2.0_weight_ce0.5_weight_kl0.25_weight_mse2.0_zscoreFalse/final_summary.json
raw,enhancers_types,0.5,0.25,5.0,1.5,0.0001,16,42,0.485303712296274,0.4606324253232607,0.36072895423841916,0.4746742940779529,38,138,True,${OG_SCRATCH}/carbon_distillation/deploy_120k/enhancers_types/20260623_020159/678cada6-a9ae-4069-8ae9-72a80eb96324/distill_methodvanilla_dkd_alpha1.0_dkd_beta8.0_kl_methodkl_mse_normalizeFalse_temperature1.5_weight_ce0.5_weight_kl0.25_weight_mse5.0_zscoreFalse/final_summary.json
raw,enhancers_types,0.5,0.25,2.0,4.0,0.0001,16,42,0.4812026551000977,0.46373702435774067,0.3820548755754216,0.475763209985604,35,135,True,${OG_SCRATCH}/carbon_distillation/deploy_120k/enhancers_types/20260623_020411/88119d72-dd20-4b07-95a2-c538c07b0884/distill_methodvanilla_dkd_alpha1.0_dkd_beta8.0_kl_methodkl_mse_normalizeFalse_temperature4.0_weight_ce0.5_weight_kl0.25_weight_mse2.0_zscoreFalse/final_summary.json
raw,enhancers_types,0.5,0.25,2.0,0.5,0.0001,16,42,0.47755073335374965,0.4668705047525423,0.37659033108887957,0.47963644332910077,35,135,True,${OG_SCRATCH}/carbon_distillation/deploy_120k/enhancers_types/20260623_020411/276a166d-4632-4244-ab44-57f9cfad7749/distill_methodvanilla_dkd_alpha1.0_dkd_beta8.0_kl_methodkl_mse_normalizeFalse_temperature0.5_weight_ce0.5_weight_kl0.25_weight_mse2.0_zscoreFalse/final_summary.json
raw,enhancers_types,0.5,0.25,5.0,1.0,0.0001,16,42,0.47833675119450964,0.4517085436910711,0.34628329803719987,0.469972347533331,38,138,True,${OG_SCRATCH}/carbon_distillation/deploy_120k/enhancers_types/20260623_020645/6ebb593c-b735-4533-9204-9eff32b0130d/distill_methodvanilla_dkd_alpha1.0_dkd_beta8.0_kl_methodkl_mse_normalizeFalse_temperature1.0_weight_ce0.5_weight_kl0.25_weight_mse5.0_zscoreFalse/final_summary.json
raw,enhancers_types,0.5,0.5,1.0,1.0,0.0001,16,42,0.49133525985564636,0.4727153600608912,0.3769142897273548,0.4849921408760223,38,138,True,${OG_SCRATCH}/carbon_distillation/deploy_120k/enhancers_types/20260623_023242/b7b3f1ef-1259-41f3-8f0c-a0de4943b62b/distill_methodvanilla_dkd_alpha1.0_dkd_beta8.0_kl_methodkl_mse_normalizeFalse_temperature1.0_weight_ce0.5_weight_kl0.5_weight_mse1.0_zscoreFalse/final_summary.json
raw,enhancers_types,0.5,0.5,1.0,1.5,0.0001,16,42,0.4991311233856386,0.4516823210766717,0.3894499627571491,0.48231455348928004,52,152,True,${OG_SCRATCH}/carbon_distillation/deploy_120k/enhancers_types/20260623_023243/920cade4-7153-491f-a271-1541e7fe7389/distill_methodvanilla_dkd_alpha1.0_dkd_beta8.0_kl_methodkl_mse_normalizeFalse_temperature1.5_weight_ce0.5_weight_kl0.5_weight_mse1.0_zscoreFalse/final_summary.json
raw,enhancers_types,0.5,0.5,1.0,0.5,0.0001,16,42,0.4900393537550843,0.458110711912974,0.3535801655034056,0.47942964374044433,38,138,True,${OG_SCRATCH}/carbon_distillation/deploy_120k/enhancers_types/20260623_024926/528ae1ed-ed8c-4d0b-b182-2ec840738806/distill_methodvanilla_dkd_alpha1.0_dkd_beta8.0_kl_methodkl_mse_normalizeFalse_temperature0.5_weight_ce0.5_weight_kl0.5_weight_mse1.0_zscoreFalse/final_summary.json
raw,enhancers_types,0.5,0.5,0.0,0.5,0.0001,16,42,0.47346556460086886,0.47097744900170785,0.3791920635870261,0.4771637693175805,38,138,True,${OG_SCRATCH}/carbon_distillation/deploy_120k/enhancers_types/20260623_025441/442d6c05-90ca-4806-9489-a68d3fa3502c/distill_methodvanilla_dkd_alpha1.0_dkd_beta8.0_kl_methodkl_mse_normalizeFalse_temperature0.5_weight_ce0.5_weight_kl0.5_weight_mse0.0_zscoreFalse/final_summary.json
raw,enhancers_types,0.5,0.5,0.0,1.0,0.0001,16,42,0.48211060479982465,0.47262960710278284,0.3642306582660387,0.47930739141774475,38,138,True,${OG_SCRATCH}/carbon_distillation/deploy_120k/enhancers_types/20260623_025441/173cd4a8-ed8b-417f-8eee-5f3ae60185d0/distill_methodvanilla_dkd_alpha1.0_dkd_beta8.0_kl_methodkl_mse_normalizeFalse_temperature1.0_weight_ce0.5_weight_kl0.5_weight_mse0.0_zscoreFalse/final_summary.json
raw,enhancers_types,0.5,0.25,5.0,2.0,0.0001,16,42,0.4780818406607478,0.4609643472126504,0.3638061981259005,0.48048763440685244,42,142,True,${OG_SCRATCH}/carbon_distillation/deploy_120k/enhancers_types/20260623_025441/fa319fc2-a08a-47da-8bcd-041c32071152/distill_methodvanilla_dkd_alpha1.0_dkd_beta8.0_kl_methodkl_mse_normalizeFalse_temperature2.0_weight_ce0.5_weight_kl0.25_weight_mse5.0_zscoreFalse/final_summary.json
raw,enhancers_types,0.5,0.25,5.0,0.5,0.0001,16,42,0.4761359498668018,0.4695781519945504,0.3441751181669897,0.47708668867953324,30,130,True,${OG_SCRATCH}/carbon_distillation/deploy_120k/enhancers_types/20260623_025441/7cd417bb-d469-45e9-82b5-aba75304d5f1/distill_methodvanilla_dkd_alpha1.0_dkd_beta8.0_kl_methodkl_mse_normalizeFalse_temperature0.5_weight_ce0.5_weight_kl0.25_weight_mse5.0_zscoreFalse/final_summary.json
raw,enhancers_types,0.5,0.5,0.0,4.0,0.0001,16,42,0.48055219507809854,0.458524023637034,0.3781268073698668,0.4827958784303905,44,144,True,${OG_SCRATCH}/carbon_distillation/deploy_120k/enhancers_types/20260623_034328/ab358f20-de96-40ad-a5db-7ed573a0ff33/distill_methodvanilla_dkd_alpha1.0_dkd_beta8.0_kl_methodkl_mse_normalizeFalse_temperature4.0_weight_ce0.5_weight_kl0.5_weight_mse0.0_zscoreFalse/final_summary.json
raw,enhancers_types,0.5,0.25,5.0,4.0,0.0001,16,42,0.47613761573928615,0.460853512886635,0.3604285167085212,0.4809857922380052,42,142,True,${OG_SCRATCH}/carbon_distillation/deploy_120k/enhancers_types/20260623_035450/23f494c6-5296-4ad6-af62-e07b887fd58c/distill_methodvanilla_dkd_alpha1.0_dkd_beta8.0_kl_methodkl_mse_normalizeFalse_temperature4.0_weight_ce0.5_weight_kl0.25_weight_mse5.0_zscoreFalse/final_summary.json
raw,enhancers_types,0.5,0.5,2.0,0.5,0.0001,16,42,0.4811156666179942,0.47058839871513747,0.3780879854568401,0.475977179875434,30,130,True,${OG_SCRATCH}/carbon_distillation/deploy_120k/enhancers_types/20260623_043709/dba93cd4-e94d-426e-8447-cb998d627c02/distill_methodvanilla_dkd_alpha1.0_dkd_beta8.0_kl_methodkl_mse_normalizeFalse_temperature0.5_weight_ce0.5_weight_kl0.5_weight_mse2.0_zscoreFalse/final_summary.json
raw,enhancers_types,0.5,0.5,2.0,1.0,0.0001,16,42,0.47970552537714845,0.47237331443810265,0.3633823784252279,0.4823400761155428,38,138,True,${OG_SCRATCH}/carbon_distillation/deploy_120k/enhancers_types/20260623_044544/1879453a-94c3-4a48-8530-356310fe2e73/distill_methodvanilla_dkd_alpha1.0_dkd_beta8.0_kl_methodkl_mse_normalizeFalse_temperature1.0_weight_ce0.5_weight_kl0.5_weight_mse2.0_zscoreFalse/final_summary.json
raw,enhancers_types,0.5,0.5,5.0,0.5,0.0001,16,42,0.47061172064414486,0.46039180953597175,0.3434433543576611,0.4781541026185285,30,130,True,${OG_SCRATCH}/carbon_distillation/deploy_120k/enhancers_types/20260623_052848/6e724a8a-9999-4b9f-b166-d25b41ef3aab/distill_methodvanilla_dkd_alpha1.0_dkd_beta8.0_kl_methodkl_mse_normalizeFalse_temperature0.5_weight_ce0.5_weight_kl0.5_weight_mse5.0_zscoreFalse/final_summary.json
raw,enhancers_types,0.5,0.5,2.0,1.5,0.0001,16,42,0.4744791085913751,0.457098159480972,0.37266228262707757,0.47834308691415045,52,152,True,${OG_SCRATCH}/carbon_distillation/deploy_120k/enhancers_types/20260623_053618/fd06cb90-01b6-42b0-a4be-ed20776579f3/distill_methodvanilla_dkd_alpha1.0_dkd_beta8.0_kl_methodkl_mse_normalizeFalse_temperature1.5_weight_ce0.5_weight_kl0.5_weight_mse2.0_zscoreFalse/final_summary.json
raw,enhancers_types,0.5,0.5,0.0,2.0,0.0001,16,42,0.49268606556058675,0.47007781327569015,0.39173849817012774,0.483333709230031,44,144,True,${OG_SCRATCH}/carbon_distillation/deploy_120k/enhancers_types/20260623_054635/bab02314-a441-40cf-ad9c-484c77e1d4c6/distill_methodvanilla_dkd_alpha1.0_dkd_beta8.0_kl_methodkl_mse_normalizeFalse_temperature2.0_weight_ce0.5_weight_kl0.5_weight_mse0.0_zscoreFalse/final_summary.json
raw,enhancers_types,0.5,0.5,0.0,1.5,0.0001,16,42,0.49569448973513675,0.4765258855652828,0.398792460311507,0.48342788423018607,50,150,True,${OG_SCRATCH}/carbon_distillation/deploy_120k/enhancers_types/20260623_055007/e3ddeb5c-4e19-4c2a-ad21-66bd9c5ba523/distill_methodvanilla_dkd_alpha1.0_dkd_beta8.0_kl_methodkl_mse_normalizeFalse_temperature1.5_weight_ce0.5_weight_kl0.5_weight_mse0.0_zscoreFalse/final_summary.json
raw,enhancers_types,0.5,0.5,1.0,2.0,0.0001,16,42,0.4808799127216285,0.46709526460897416,0.38881773463153285,0.48018649213911235,38,138,True,${OG_SCRATCH}/carbon_distillation/deploy_120k/enhancers_types/20260623_060139/f6c6b3a6-7973-4cdc-9f13-55391a38b76e/distill_methodvanilla_dkd_alpha1.0_dkd_beta8.0_kl_methodkl_mse_normalizeFalse_temperature2.0_weight_ce0.5_weight_kl0.5_weight_mse1.0_zscoreFalse/final_summary.json
raw,enhancers_types,0.5,0.5,1.0,4.0,0.0001,16,42,0.4678787006090003,0.4514793999797688,0.3998256377734392,0.48886721890849066,60,160,True,${OG_SCRATCH}/carbon_distillation/deploy_120k/enhancers_types/20260623_060612/d99872df-a136-40dd-a917-ec13e8148f0a/distill_methodvanilla_dkd_alpha1.0_dkd_beta8.0_kl_methodkl_mse_normalizeFalse_temperature4.0_weight_ce0.5_weight_kl0.5_weight_mse1.0_zscoreFalse/final_summary.json
raw,enhancers_types,0.5,0.5,5.0,4.0,0.0001,16,42,0.47200097282181713,0.4670975487048231,0.39293656066477506,0.47026304432408783,35,135,True,${OG_SCRATCH}/carbon_distillation/deploy_120k/enhancers_types/20260623_061046/834dd453-8c62-4093-97fb-6d2c18309059/distill_methodvanilla_dkd_alpha1.0_dkd_beta8.0_kl_methodkl_mse_normalizeFalse_temperature4.0_weight_ce0.5_weight_kl0.5_weight_mse5.0_zscoreFalse/final_summary.json
raw,enhancers_types,0.5,0.5,5.0,1.5,0.0001,16,42,0.47905536566251705,0.46879993568509476,0.37851121621756806,0.47487982450950844,38,138,True,${OG_SCRATCH}/carbon_distillation/deploy_120k/enhancers_types/20260623_061422/82c0d4c8-e1f5-4be4-86d8-87e514694735/distill_methodvanilla_dkd_alpha1.0_dkd_beta8.0_kl_methodkl_mse_normalizeFalse_temperature1.5_weight_ce0.5_weight_kl0.5_weight_mse5.0_zscoreFalse/final_summary.json
raw,enhancers_types,0.5,1.0,0.0,0.5,0.0001,16,42,0.47466621504422957,0.47393592522678446,0.39409181669275367,0.489803635559589,44,144,True,${OG_SCRATCH}/carbon_distillation/deploy_120k/enhancers_types/20260623_061902/4d9c0e65-59c8-4a78-9c54-ef4f9643c4bd/distill_methodvanilla_dkd_alpha1.0_dkd_beta8.0_kl_methodkl_mse_normalizeFalse_temperature0.5_weight_ce0.5_weight_kl1.0_weight_mse0.0_zscoreFalse/final_summary.json
raw,enhancers_types,0.5,1.0,0.0,1.0,0.0001,16,42,0.48709947086493066,0.4805044270486311,0.37491167829377514,0.4812468767810394,44,144,True,${OG_SCRATCH}/carbon_distillation/deploy_120k/enhancers_types/20260623_062011/b7357fa3-df7d-401c-9d2b-f08ed2c52b91/distill_methodvanilla_dkd_alpha1.0_dkd_beta8.0_kl_methodkl_mse_normalizeFalse_temperature1.0_weight_ce0.5_weight_kl1.0_weight_mse0.0_zscoreFalse/final_summary.json
raw,enhancers_types,0.5,1.0,0.0,1.5,0.0001,16,42,0.48543661568681024,0.4787708240863894,0.3842121342415043,0.4850777749241173,60,160,True,${OG_SCRATCH}/carbon_distillation/deploy_120k/enhancers_types/20260623_062934/59922d8f-be5b-444f-af59-b3c5d439db94/distill_methodvanilla_dkd_alpha1.0_dkd_beta8.0_kl_methodkl_mse_normalizeFalse_temperature1.5_weight_ce0.5_weight_kl1.0_weight_mse0.0_zscoreFalse/final_summary.json
raw,enhancers_types,0.5,0.5,2.0,2.0,0.0001,16,42,0.4820661261280258,0.47466199256290553,0.3988047736372732,0.47889332234336174,38,138,True,${OG_SCRATCH}/carbon_distillation/deploy_120k/enhancers_types/20260623_063034/faf98886-bef8-444c-a195-31c1ec3d0343/distill_methodvanilla_dkd_alpha1.0_dkd_beta8.0_kl_methodkl_mse_normalizeFalse_temperature2.0_weight_ce0.5_weight_kl0.5_weight_mse2.0_zscoreFalse/final_summary.json
raw,enhancers_types,0.5,1.0,0.0,4.0,0.0001,16,42,0.4858498621869791,0.45771249442780065,0.3630651144087744,0.4827274449874115,48,148,True,${OG_SCRATCH}/carbon_distillation/deploy_120k/enhancers_types/20260623_063747/b13df26e-84c1-4c6f-97e5-189faf81d6cd/distill_methodvanilla_dkd_alpha1.0_dkd_beta8.0_kl_methodkl_mse_normalizeFalse_temperature4.0_weight_ce0.5_weight_kl1.0_weight_mse0.0_zscoreFalse/final_summary.json
raw,enhancers_types,0.5,1.0,1.0,0.5,0.0001,16,42,0.48792359041267225,0.45495936399354414,0.3767942368105571,0.49257479355447015,42,142,True,${OG_SCRATCH}/carbon_distillation/deploy_120k/enhancers_types/20260623_063750/f173b0da-3d6d-42e4-b060-f253dab48bd2/distill_methodvanilla_dkd_alpha1.0_dkd_beta8.0_kl_methodkl_mse_normalizeFalse_temperature0.5_weight_ce0.5_weight_kl1.0_weight_mse1.0_zscoreFalse/final_summary.json
raw,enhancers_types,0.5,1.0,1.0,1.0,0.0001,16,42,0.4895013507325092,0.47007868083732546,0.3844188585211844,0.48460864708194534,38,138,True,${OG_SCRATCH}/carbon_distillation/deploy_120k/enhancers_types/20260623_064415/3491bf83-e370-4633-ad71-3b4ea7a12ce8/distill_methodvanilla_dkd_alpha1.0_dkd_beta8.0_kl_methodkl_mse_normalizeFalse_temperature1.0_weight_ce0.5_weight_kl1.0_weight_mse1.0_zscoreFalse/final_summary.json
raw,enhancers_types,0.5,0.5,5.0,1.0,0.0001,16,42,0.4799357748394327,0.4606132837893402,0.3642345946121803,0.468697466275835,38,138,True,${OG_SCRATCH}/carbon_distillation/deploy_120k/enhancers_types/20260623_064528/8bb2f3f0-fd17-4c92-af84-d57cb473a7b3/distill_methodvanilla_dkd_alpha1.0_dkd_beta8.0_kl_methodkl_mse_normalizeFalse_temperature1.0_weight_ce0.5_weight_kl0.5_weight_mse5.0_zscoreFalse/final_summary.json
raw,enhancers_types,0.5,0.5,2.0,4.0,0.0001,16,42,0.4695573887283879,0.4634971715974579,0.38999934569574973,0.4988445890588295,42,142,True,${OG_SCRATCH}/carbon_distillation/deploy_120k/enhancers_types/20260623_064528/a582d71a-6c55-45c4-a3aa-7112f82595ed/distill_methodvanilla_dkd_alpha1.0_dkd_beta8.0_kl_methodkl_mse_normalizeFalse_temperature4.0_weight_ce0.5_weight_kl0.5_weight_mse2.0_zscoreFalse/final_summary.json
raw,enhancers_types,0.5,0.5,5.0,2.0,0.0001,16,42,0.49048217508285524,0.46874894696110986,0.3878854380856541,0.4821655332096129,41,141,True,${OG_SCRATCH}/carbon_distillation/deploy_120k/enhancers_types/20260623_064528/560fd015-d843-4f85-a3c3-5d618939dc59/distill_methodvanilla_dkd_alpha1.0_dkd_beta8.0_kl_methodkl_mse_normalizeFalse_temperature2.0_weight_ce0.5_weight_kl0.5_weight_mse5.0_zscoreFalse/final_summary.json
raw,enhancers_types,0.5,1.0,0.0,2.0,0.0001,16,42,0.4868006492592343,0.47541152565280487,0.3864361888925434,0.4864245593224301,44,144,True,${OG_SCRATCH}/carbon_distillation/deploy_120k/enhancers_types/20260623_065056/b4739fc3-fb8b-4b8b-bad4-689edd3bdc73/distill_methodvanilla_dkd_alpha1.0_dkd_beta8.0_kl_methodkl_mse_normalizeFalse_temperature2.0_weight_ce0.5_weight_kl1.0_weight_mse0.0_zscoreFalse/final_summary.json
raw,enhancers_types,0.5,1.0,1.0,1.5,0.0001,16,42,0.473420960268966,0.47069371407631333,0.4213738146667159,0.48559494781696705,38,138,True,${OG_SCRATCH}/carbon_distillation/deploy_120k/enhancers_types/20260623_065633/2b6ca286-4d6c-45e7-ba74-eb50a8d15462/distill_methodvanilla_dkd_alpha1.0_dkd_beta8.0_kl_methodkl_mse_normalizeFalse_temperature1.5_weight_ce0.5_weight_kl1.0_weight_mse1.0_zscoreFalse/final_summary.json
raw,enhancers_types,0.5,1.0,1.0,2.0,0.0001,16,42,0.4761929147646916,0.46030348136272503,0.3632875129108724,0.48247600786961026,60,160,True,${OG_SCRATCH}/carbon_distillation/deploy_120k/enhancers_types/20260623_070242/1eab9ae5-d9a8-4b89-a5d2-399809f8872b/distill_methodvanilla_dkd_alpha1.0_dkd_beta8.0_kl_methodkl_mse_normalizeFalse_temperature2.0_weight_ce0.5_weight_kl1.0_weight_mse1.0_zscoreFalse/final_summary.json
raw,enhancers_types,0.5,1.0,2.0,0.5,0.0001,16,42,0.4832619189740386,0.46333077777060316,0.3652850088753444,0.4986064661291468,29,129,True,${OG_SCRATCH}/carbon_distillation/deploy_120k/enhancers_types/20260623_070403/d953af68-c220-4577-8940-23e13cfb6677/distill_methodvanilla_dkd_alpha1.0_dkd_beta8.0_kl_methodkl_mse_normalizeFalse_temperature0.5_weight_ce0.5_weight_kl1.0_weight_mse2.0_zscoreFalse/final_summary.json
raw,enhancers_types,0.5,1.0,1.0,4.0,0.0001,16,42,0.4782772433298362,0.4629326113652465,0.3848880822534523,0.486800368410054,51,151,True,${OG_SCRATCH}/carbon_distillation/deploy_120k/enhancers_types/20260623_070452/278691ba-ed0d-42cf-a5be-0bd880f609ac/distill_methodvanilla_dkd_alpha1.0_dkd_beta8.0_kl_methodkl_mse_normalizeFalse_temperature4.0_weight_ce0.5_weight_kl1.0_weight_mse1.0_zscoreFalse/final_summary.json
raw,enhancers_types,0.5,1.0,2.0,1.0,0.0001,16,42,0.47933778365000196,0.4659013223320659,0.38332456975860707,0.47788321981241894,38,138,True,${OG_SCRATCH}/carbon_distillation/deploy_120k/enhancers_types/20260623_070812/b49352bd-535d-4483-acc8-37e98770c38d/distill_methodvanilla_dkd_alpha1.0_dkd_beta8.0_kl_methodkl_mse_normalizeFalse_temperature1.0_weight_ce0.5_weight_kl1.0_weight_mse2.0_zscoreFalse/final_summary.json
raw,enhancers_types,0.5,1.0,2.0,1.5,0.0001,16,42,0.4948114429970213,0.47056611577979357,0.37253264700521177,0.47969144763103994,38,138,True,${OG_SCRATCH}/carbon_distillation/deploy_120k/enhancers_types/20260623_071324/25f9acf4-5f45-4a44-9193-27bb1bc78b98/distill_methodvanilla_dkd_alpha1.0_dkd_beta8.0_kl_methodkl_mse_normalizeFalse_temperature1.5_weight_ce0.5_weight_kl1.0_weight_mse2.0_zscoreFalse/final_summary.json
raw,enhancers_types,0.5,1.0,2.0,2.0,0.0001,16,42,0.47481626581770914,0.46061598616340654,0.3936384146493017,0.47700895063521426,38,138,True,${OG_SCRATCH}/carbon_distillation/deploy_120k/enhancers_types/20260623_071948/3b50bc19-4120-466b-93e9-aef427333e09/distill_methodvanilla_dkd_alpha1.0_dkd_beta8.0_kl_methodkl_mse_normalizeFalse_temperature2.0_weight_ce0.5_weight_kl1.0_weight_mse2.0_zscoreFalse/final_summary.json
raw,enhancers_types,0.5,1.0,2.0,4.0,0.0001,16,42,0.47425242236405013,0.468742695685239,0.3979077186164997,0.48792177729038483,52,152,True,${OG_SCRATCH}/carbon_distillation/deploy_120k/enhancers_types/20260623_072340/ce852cf2-b8c4-4ade-8156-704bf17f0205/distill_methodvanilla_dkd_alpha1.0_dkd_beta8.0_kl_methodkl_mse_normalizeFalse_temperature4.0_weight_ce0.5_weight_kl1.0_weight_mse2.0_zscoreFalse/final_summary.json
raw,enhancers_types,0.5,1.0,5.0,0.5,0.0001,16,42,0.4831300010698147,0.4710410690746195,0.38493933670444624,0.4786384998487499,35,135,True,${OG_SCRATCH}/carbon_distillation/deploy_120k/enhancers_types/20260623_073158/f9dddb8d-841f-4aa1-9727-6fbbed979397/distill_methodvanilla_dkd_alpha1.0_dkd_beta8.0_kl_methodkl_mse_normalizeFalse_temperature0.5_weight_ce0.5_weight_kl1.0_weight_mse5.0_zscoreFalse/final_summary.json
raw,enhancers_types,0.5,1.0,5.0,1.0,0.0001,16,42,0.49044521864126706,0.4689404827469439,0.3515856560072559,0.4741029785533099,35,135,True,${OG_SCRATCH}/carbon_distillation/deploy_120k/enhancers_types/20260623_073406/6c0dfaaa-d7a7-4288-b5d8-40c95942a8ae/distill_methodvanilla_dkd_alpha1.0_dkd_beta8.0_kl_methodkl_mse_normalizeFalse_temperature1.0_weight_ce0.5_weight_kl1.0_weight_mse5.0_zscoreFalse/final_summary.json
raw,enhancers_types,0.5,1.0,5.0,1.5,0.0001,16,42,0.4789864720680471,0.4714056963789713,0.4013575755969255,0.47909232508063804,27,127,True,${OG_SCRATCH}/carbon_distillation/deploy_120k/enhancers_types/20260623_073824/3eaf8c35-c6ef-410a-a39c-51f2723d8584/distill_methodvanilla_dkd_alpha1.0_dkd_beta8.0_kl_methodkl_mse_normalizeFalse_temperature1.5_weight_ce0.5_weight_kl1.0_weight_mse5.0_zscoreFalse/final_summary.json
raw,enhancers_types,0.5,1.0,5.0,2.0,0.0001,16,42,0.48125167637208977,0.4681723335069537,0.37897261064639026,0.47848654936220214,42,142,True,${OG_SCRATCH}/carbon_distillation/deploy_120k/enhancers_types/20260623_074227/eb5f1e1c-185e-48c1-9553-a960b43fd0b2/distill_methodvanilla_dkd_alpha1.0_dkd_beta8.0_kl_methodkl_mse_normalizeFalse_temperature2.0_weight_ce0.5_weight_kl1.0_weight_mse5.0_zscoreFalse/final_summary.json
raw,enhancers_types,0.5,1.0,5.0,4.0,0.0001,16,42,0.47433415961521336,0.4639407864449378,0.3912713331679437,0.4863489260048888,37,137,True,${OG_SCRATCH}/carbon_distillation/deploy_120k/enhancers_types/20260623_074440/fac6e18e-9e6f-44be-9f77-10d011a8d6a2/distill_methodvanilla_dkd_alpha1.0_dkd_beta8.0_kl_methodkl_mse_normalizeFalse_temperature4.0_weight_ce0.5_weight_kl1.0_weight_mse5.0_zscoreFalse/final_summary.json
raw,enhancers_types,0.5,0.5,1.0,1.5,0.0001,16,0,0.4663906209843785,0.46774123961533,0.3753890197010395,0.479536222839915,29,129,True,${OG_SCRATCH}/carbon_distillation/deploy_120k/enhancers_types/20260624_005158/47b86dc0-f319-4b4e-99ad-33769f6e32df/distill_methodvanilla_dkd_alpha1.0_dkd_beta8.0_kl_methodkl_mse_normalizeFalse_temperature1.5_weight_ce0.5_weight_kl0.5_weight_mse1.0_zscoreFalse/final_summary.json
raw,enhancers_types,0.5,0.5,1.0,1.5,0.0001,16,1,0.46409997510419704,0.44034648866119186,0.3864765208158661,0.46720805277488925,57,157,True,${OG_SCRATCH}/carbon_distillation/deploy_120k/enhancers_types/20260624_005340/a49ab7f0-eb31-4831-9657-fd4b09da1e63/distill_methodvanilla_dkd_alpha1.0_dkd_beta8.0_kl_methodkl_mse_normalizeFalse_temperature1.5_weight_ce0.5_weight_kl0.5_weight_mse1.0_zscoreFalse/final_summary.json
raw,enhancers_types,0.5,0.5,1.0,1.5,0.0001,16,2,0.4692791057298755,0.4656784528749489,0.3792930219371016,0.47775791120595734,38,138,True,${OG_SCRATCH}/carbon_distillation/deploy_120k/enhancers_types/20260624_005412/223a49bf-2742-4422-9b5a-0002c0f740c8/distill_methodvanilla_dkd_alpha1.0_dkd_beta8.0_kl_methodkl_mse_normalizeFalse_temperature1.5_weight_ce0.5_weight_kl0.5_weight_mse1.0_zscoreFalse/final_summary.json
raw,splice_sites_all,0.5,0.5,0.2,2.0,0.0001,16,,0.7425139514034185,0.712854593000818,0.7094951233091662,0.8088498103792521,60,200,,${OG_SCRATCH}/carbon_distillation/deploy_120k/splice_sites_all/20260618_200341/bc251c97-09c4-4e6f-81ae-5ee1ea3f61ad/distill_methodvanilla_dkd_alpha1.0_dkd_beta8.0_kl_methodkl_mse_normalizeFalse_temperature2.0_weight_ce0.5_weight_kl0.5_weight_mse0.2_zscoreFalse/final_summary.json
l2norm,splice_sites_all,0.5,0.5,0.2,2.0,0.0001,16,,0.7417888435084663,0.7227397144637255,0.6961339522045449,0.8155919598131569,72,200,,${OG_SCRATCH}/carbon_distillation/deploy_120k/splice_sites_all/20260618_232947/ac502943-8807-441d-9cd2-92521f5dec4b/distill_methodvanilla_dkd_alpha1.0_dkd_beta8.0_kl_methodkl_mse_normalizeTrue_temperature2.0_weight_ce0.5_weight_kl0.5_weight_mse0.2_zscoreFalse/final_summary.json
raw,splice_sites_all,0.5,0.0,0.0,0.5,0.0001,16,42,0.7681205407504978,0.7600530528471359,0.7765888977405273,0.8411820598330618,56,156,True,${OG_SCRATCH}/carbon_distillation/deploy_120k/splice_sites_all/20260623_074645/3b770b74-518f-4a30-be1a-60aa2cc094b2/distill_methodvanilla_dkd_alpha1.0_dkd_beta8.0_kl_methodkl_mse_normalizeFalse_temperature0.5_weight_ce0.5_weight_kl0.0_weight_mse0.0_zscoreFalse/final_summary.json
raw,splice_sites_all,0.5,0.0,0.0,1.0,0.0001,16,42,0.7681205407504978,0.7600530528471359,0.7765888977405273,0.8411820598330618,56,156,True,${OG_SCRATCH}/carbon_distillation/deploy_120k/splice_sites_all/20260623_074645/cf85a4f8-3024-44cd-a118-d7240ea35ffe/distill_methodvanilla_dkd_alpha1.0_dkd_beta8.0_kl_methodkl_mse_normalizeFalse_temperature1.0_weight_ce0.5_weight_kl0.0_weight_mse0.0_zscoreFalse/final_summary.json
raw,splice_sites_all,0.5,0.0,0.0,2.0,0.0001,16,42,0.7597311633301203,0.7574174984954279,0.7557898662382844,0.8392970081527591,64,164,True,${OG_SCRATCH}/carbon_distillation/deploy_120k/splice_sites_all/20260623_075256/93054fb5-dc78-4124-8e1f-750f168e47da/distill_methodvanilla_dkd_alpha1.0_dkd_beta8.0_kl_methodkl_mse_normalizeFalse_temperature2.0_weight_ce0.5_weight_kl0.0_weight_mse0.0_zscoreFalse/final_summary.json
raw,splice_sites_all,0.5,0.0,0.0,4.0,0.0001,16,42,0.7597311633301203,0.7574174984954279,0.7557898662382844,0.8392970081527591,64,164,True,${OG_SCRATCH}/carbon_distillation/deploy_120k/splice_sites_all/20260623_075707/5bafc3c7-8b27-4f98-b4be-5348baa44e5f/distill_methodvanilla_dkd_alpha1.0_dkd_beta8.0_kl_methodkl_mse_normalizeFalse_temperature4.0_weight_ce0.5_weight_kl0.0_weight_mse0.0_zscoreFalse/final_summary.json
raw,splice_sites_all,0.5,0.0,0.0,1.5,0.0001,16,42,0.7681205407504978,0.7600530528471359,0.7765888977405273,0.8411820598330618,56,156,True,${OG_SCRATCH}/carbon_distillation/deploy_120k/splice_sites_all/20260623_075738/ed9cdcb1-ad1b-42ce-9566-5e2b2da8ed5b/distill_methodvanilla_dkd_alpha1.0_dkd_beta8.0_kl_methodkl_mse_normalizeFalse_temperature1.5_weight_ce0.5_weight_kl0.0_weight_mse0.0_zscoreFalse/final_summary.json
raw,splice_sites_all,0.5,0.0,1.0,1.0,0.0001,16,42,0.7131884097958006,0.6875064579792691,0.661511031259115,0.7915028666897781,56,156,True,${OG_SCRATCH}/carbon_distillation/deploy_120k/splice_sites_all/20260623_080127/ca5b8428-f23c-4776-8154-b91c3e57ff0e/distill_methodvanilla_dkd_alpha1.0_dkd_beta8.0_kl_methodkl_mse_normalizeFalse_temperature1.0_weight_ce0.5_weight_kl0.0_weight_mse1.0_zscoreFalse/final_summary.json
raw,splice_sites_all,0.5,0.0,1.0,1.5,0.0001,16,42,0.7195858602212036,0.7010197068782086,0.6861117728395753,0.7972970373281308,53,153,True,${OG_SCRATCH}/carbon_distillation/deploy_120k/splice_sites_all/20260623_081152/9e180fbf-aaf4-4ca8-bdbd-86895c3ce58b/distill_methodvanilla_dkd_alpha1.0_dkd_beta8.0_kl_methodkl_mse_normalizeFalse_temperature1.5_weight_ce0.5_weight_kl0.0_weight_mse1.0_zscoreFalse/final_summary.json
raw,splice_sites_all,0.5,0.0,1.0,2.0,0.0001,16,42,0.7131884097958006,0.6875064579792691,0.661511031259115,0.7915028666897781,56,156,True,${OG_SCRATCH}/carbon_distillation/deploy_120k/splice_sites_all/20260623_081352/27d17f46-e2ba-4587-9c6c-bb851312bdc1/distill_methodvanilla_dkd_alpha1.0_dkd_beta8.0_kl_methodkl_mse_normalizeFalse_temperature2.0_weight_ce0.5_weight_kl0.0_weight_mse1.0_zscoreFalse/final_summary.json
raw,splice_sites_all,0.5,0.0,1.0,4.0,0.0001,16,42,0.7131884097958006,0.6875064579792691,0.661511031259115,0.7915028666897781,56,156,True,${OG_SCRATCH}/carbon_distillation/deploy_120k/splice_sites_all/20260623_081801/a56d0c1a-fb32-4cea-9e0a-86803591b0e6/distill_methodvanilla_dkd_alpha1.0_dkd_beta8.0_kl_methodkl_mse_normalizeFalse_temperature4.0_weight_ce0.5_weight_kl0.0_weight_mse1.0_zscoreFalse/final_summary.json
raw,splice_sites_all,0.5,0.0,2.0,0.5,0.0001,16,42,0.6986027591300911,0.6619324486822719,0.6578319531795173,0.7760637418639645,48,148,True,${OG_SCRATCH}/carbon_distillation/deploy_120k/splice_sites_all/20260623_082211/b39d2dfe-b4cd-40a4-a0a5-3d2a700682b7/distill_methodvanilla_dkd_alpha1.0_dkd_beta8.0_kl_methodkl_mse_normalizeFalse_temperature0.5_weight_ce0.5_weight_kl0.0_weight_mse2.0_zscoreFalse/final_summary.json
raw,splice_sites_all,0.5,0.0,2.0,1.0,0.0001,16,42,0.6988146830231239,0.6674311455767626,0.6517602729936631,0.7792414199621717,48,148,True,${OG_SCRATCH}/carbon_distillation/deploy_120k/splice_sites_all/20260623_082631/4b17dbe7-9649-4bbc-9265-a6b53d33351d/distill_methodvanilla_dkd_alpha1.0_dkd_beta8.0_kl_methodkl_mse_normalizeFalse_temperature1.0_weight_ce0.5_weight_kl0.0_weight_mse2.0_zscoreFalse/final_summary.json
raw,splice_sites_all,0.5,0.0,2.0,1.5,0.0001,16,42,0.6986027591300911,0.6619324486822719,0.6578319531795173,0.7760637418639645,48,148,True,${OG_SCRATCH}/carbon_distillation/deploy_120k/splice_sites_all/20260623_083034/d8b9dbb5-e06e-496d-8b35-ce36a3087006/distill_methodvanilla_dkd_alpha1.0_dkd_beta8.0_kl_methodkl_mse_normalizeFalse_temperature1.5_weight_ce0.5_weight_kl0.0_weight_mse2.0_zscoreFalse/final_summary.json
raw,splice_sites_all,0.5,0.0,2.0,2.0,0.0001,16,42,0.6988146830231239,0.6674311455767626,0.6517602729936631,0.7792414199621717,48,148,True,${OG_SCRATCH}/carbon_distillation/deploy_120k/splice_sites_all/20260623_083657/441f3b9a-73c9-47aa-8f44-c7c43710106e/distill_methodvanilla_dkd_alpha1.0_dkd_beta8.0_kl_methodkl_mse_normalizeFalse_temperature2.0_weight_ce0.5_weight_kl0.0_weight_mse2.0_zscoreFalse/final_summary.json
raw,splice_sites_all,0.5,0.0,2.0,4.0,0.0001,16,42,0.6988146830231239,0.6674311455767626,0.6517602729936631,0.7792414199621717,48,148,True,${OG_SCRATCH}/carbon_distillation/deploy_120k/splice_sites_all/20260623_083902/ded57352-5278-4f5b-b6b7-c3ddcacd39ba/distill_methodvanilla_dkd_alpha1.0_dkd_beta8.0_kl_methodkl_mse_normalizeFalse_temperature4.0_weight_ce0.5_weight_kl0.0_weight_mse2.0_zscoreFalse/final_summary.json
raw,splice_sites_all,0.5,0.0,5.0,0.5,0.0001,16,42,0.6686177913842817,0.6516714801799762,0.6191753486537088,0.7609409241840712,53,153,True,${OG_SCRATCH}/carbon_distillation/deploy_120k/splice_sites_all/20260623_084309/fc809636-bee5-479c-8c64-f94dd6dca8af/distill_methodvanilla_dkd_alpha1.0_dkd_beta8.0_kl_methodkl_mse_normalizeFalse_temperature0.5_weight_ce0.5_weight_kl0.0_weight_mse5.0_zscoreFalse/final_summary.json
raw,splice_sites_all,0.5,0.0,5.0,1.5,0.0001,16,42,0.6730371554196793,0.6652719987420884,0.6320070844696496,0.7742457324129205,59,159,True,${OG_SCRATCH}/carbon_distillation/deploy_120k/splice_sites_all/20260623_084506/6f0bb47d-ac43-45e1-9600-04cc74b9a1f6/distill_methodvanilla_dkd_alpha1.0_dkd_beta8.0_kl_methodkl_mse_normalizeFalse_temperature1.5_weight_ce0.5_weight_kl0.0_weight_mse5.0_zscoreFalse/final_summary.json
raw,splice_sites_all,0.5,0.0,5.0,1.0,0.0001,16,42,0.6730371554196793,0.6652719987420884,0.6320070844696496,0.7742457324129205,59,159,True,${OG_SCRATCH}/carbon_distillation/deploy_120k/splice_sites_all/20260623_084506/7319a916-74db-4095-bddc-de53bffe0dea/distill_methodvanilla_dkd_alpha1.0_dkd_beta8.0_kl_methodkl_mse_normalizeFalse_temperature1.0_weight_ce0.5_weight_kl0.0_weight_mse5.0_zscoreFalse/final_summary.json
raw,splice_sites_all,0.5,0.0,1.0,0.5,0.0001,16,42,0.7195858602212036,0.7010197068782086,0.6861117728395753,0.7972970373281308,53,153,True,${OG_SCRATCH}/carbon_distillation/deploy_120k/splice_sites_all/20260623_084556/bdb1bb0c-1ab4-4beb-8436-549c4eae972d/distill_methodvanilla_dkd_alpha1.0_dkd_beta8.0_kl_methodkl_mse_normalizeFalse_temperature0.5_weight_ce0.5_weight_kl0.0_weight_mse1.0_zscoreFalse/final_summary.json
raw,splice_sites_all,0.5,0.0,5.0,2.0,0.0001,16,42,0.6730371554196793,0.6652719987420884,0.6320070844696496,0.7742457324129205,59,159,True,${OG_SCRATCH}/carbon_distillation/deploy_120k/splice_sites_all/20260623_084723/422162fb-8a71-4a75-823a-9ad9923ac81d/distill_methodvanilla_dkd_alpha1.0_dkd_beta8.0_kl_methodkl_mse_normalizeFalse_temperature2.0_weight_ce0.5_weight_kl0.0_weight_mse5.0_zscoreFalse/final_summary.json
raw,splice_sites_all,0.5,0.25,0.0,1.0,0.0001,16,42,0.7872850402723671,0.7738591086759924,0.7796526161717872,0.85000615067771,194,200,False,${OG_SCRATCH}/carbon_distillation/deploy_120k/splice_sites_all/20260623_085828/5d7f2ea7-89fa-4c15-a127-e1c98e04ee12/distill_methodvanilla_dkd_alpha1.0_dkd_beta8.0_kl_methodkl_mse_normalizeFalse_temperature1.0_weight_ce0.5_weight_kl0.25_weight_mse0.0_zscoreFalse/final_summary.json
raw,splice_sites_all,0.5,0.25,0.0,0.5,0.0001,16,42,0.788576890041478,0.7880605078312068,0.7949709357286133,0.8588546167651371,168,200,False,${OG_SCRATCH}/carbon_distillation/deploy_120k/splice_sites_all/20260623_085830/bdbeb4a4-7aaf-42db-8056-abdec7fd3d77/distill_methodvanilla_dkd_alpha1.0_dkd_beta8.0_kl_methodkl_mse_normalizeFalse_temperature0.5_weight_ce0.5_weight_kl0.25_weight_mse0.0_zscoreFalse/final_summary.json
raw,splice_sites_all,0.5,0.25,0.0,1.5,0.0001,16,42,0.7874955250134179,0.7793933265917099,0.7741919860937341,0.8533443828118837,194,200,False,${OG_SCRATCH}/carbon_distillation/deploy_120k/splice_sites_all/20260623_091220/1463cb40-e210-4843-bf81-ca4279fe7fb6/distill_methodvanilla_dkd_alpha1.0_dkd_beta8.0_kl_methodkl_mse_normalizeFalse_temperature1.5_weight_ce0.5_weight_kl0.25_weight_mse0.0_zscoreFalse/final_summary.json
raw,splice_sites_all,0.5,0.25,0.0,2.0,0.0001,16,42,0.7568030886762488,0.7359328560196299,0.7205180575896301,0.8250546477797149,70,170,True,${OG_SCRATCH}/carbon_distillation/deploy_120k/splice_sites_all/20260623_091220/ff922542-2bd6-43c3-a94f-54a24e8b853b/distill_methodvanilla_dkd_alpha1.0_dkd_beta8.0_kl_methodkl_mse_normalizeFalse_temperature2.0_weight_ce0.5_weight_kl0.25_weight_mse0.0_zscoreFalse/final_summary.json
raw,splice_sites_all,0.5,0.25,0.0,4.0,0.0001,16,42,0.7674882934888163,0.7514201364587842,0.726199927984042,0.8336754537189431,107,200,False,${OG_SCRATCH}/carbon_distillation/deploy_120k/splice_sites_all/20260623_091444/0993c4fb-7855-4075-9d51-f72db936995d/distill_methodvanilla_dkd_alpha1.0_dkd_beta8.0_kl_methodkl_mse_normalizeFalse_temperature4.0_weight_ce0.5_weight_kl0.25_weight_mse0.0_zscoreFalse/final_summary.json
raw,splice_sites_all,0.5,0.25,1.0,0.5,0.0001,16,42,0.7200059140994693,0.7022645361733678,0.6923964795570775,0.7990581386811364,52,152,True,${OG_SCRATCH}/carbon_distillation/deploy_120k/splice_sites_all/20260623_091851/7a54dc17-e1d0-4265-bb82-d89c2750ea7f/distill_methodvanilla_dkd_alpha1.0_dkd_beta8.0_kl_methodkl_mse_normalizeFalse_temperature0.5_weight_ce0.5_weight_kl0.25_weight_mse1.0_zscoreFalse/final_summary.json
raw,splice_sites_all,0.5,0.25,1.0,1.0,0.0001,16,42,0.7484743352261528,0.7311635175839342,0.710007865311114,0.8206483516560009,55,155,True,${OG_SCRATCH}/carbon_distillation/deploy_120k/splice_sites_all/20260623_093323/27a49df9-ec74-40bd-a108-4322e5f2a069/distill_methodvanilla_dkd_alpha1.0_dkd_beta8.0_kl_methodkl_mse_normalizeFalse_temperature1.0_weight_ce0.5_weight_kl0.25_weight_mse1.0_zscoreFalse/final_summary.json
raw,splice_sites_all,0.5,0.25,1.0,1.5,0.0001,16,42,0.7115592371378312,0.6965841033128979,0.6938793204547818,0.797798352332344,57,157,True,${OG_SCRATCH}/carbon_distillation/deploy_120k/splice_sites_all/20260623_093536/dc8f5a86-c521-4e37-b02d-fe84b0bdde84/distill_methodvanilla_dkd_alpha1.0_dkd_beta8.0_kl_methodkl_mse_normalizeFalse_temperature1.5_weight_ce0.5_weight_kl0.25_weight_mse1.0_zscoreFalse/final_summary.json
raw,splice_sites_all,0.5,0.25,1.0,2.0,0.0001,16,42,0.7292177397175605,0.7015867186267607,0.6982179802606333,0.800531751768918,195,200,False,${OG_SCRATCH}/carbon_distillation/deploy_120k/splice_sites_all/20260623_093746/b4f99612-6665-4d73-88f1-295c60eeeedf/distill_methodvanilla_dkd_alpha1.0_dkd_beta8.0_kl_methodkl_mse_normalizeFalse_temperature2.0_weight_ce0.5_weight_kl0.25_weight_mse1.0_zscoreFalse/final_summary.json
raw,splice_sites_all,0.5,0.0,5.0,4.0,0.0001,16,42,0.6686177913842817,0.6516714801799762,0.6191753486537088,0.7609409241840712,53,153,True,${OG_SCRATCH}/carbon_distillation/deploy_120k/splice_sites_all/20260623_093806/41d3bfa9-b1eb-4bff-9cff-6d2d20418cd4/distill_methodvanilla_dkd_alpha1.0_dkd_beta8.0_kl_methodkl_mse_normalizeFalse_temperature4.0_weight_ce0.5_weight_kl0.0_weight_mse5.0_zscoreFalse/final_summary.json
raw,splice_sites_all,0.5,0.25,2.0,1.5,0.0001,16,42,0.7042620393512743,0.6871404109913348,0.6942690422170392,0.7879480726478473,64,164,True,${OG_SCRATCH}/carbon_distillation/deploy_120k/splice_sites_all/20260623_094222/a40763db-0d21-496b-8ca6-f803dfd21930/distill_methodvanilla_dkd_alpha1.0_dkd_beta8.0_kl_methodkl_mse_normalizeFalse_temperature1.5_weight_ce0.5_weight_kl0.25_weight_mse2.0_zscoreFalse/final_summary.json
raw,splice_sites_all,0.5,0.25,2.0,1.0,0.0001,16,42,0.7288536660647421,0.7165528502770193,0.7165528502770193,0.8068133973306386,200,200,False,${OG_SCRATCH}/carbon_distillation/deploy_120k/splice_sites_all/20260623_094314/a0faf0e8-b1bc-471e-9153-7cc9d36eea51/distill_methodvanilla_dkd_alpha1.0_dkd_beta8.0_kl_methodkl_mse_normalizeFalse_temperature1.0_weight_ce0.5_weight_kl0.25_weight_mse2.0_zscoreFalse/final_summary.json
raw,splice_sites_all,0.5,0.25,2.0,0.5,0.0001,16,42,0.7242448711673433,0.7013499839746644,0.7013499839746644,0.7964766046885363,200,200,False,${OG_SCRATCH}/carbon_distillation/deploy_120k/splice_sites_all/20260623_094314/d3df5bc8-011c-4147-881c-4a7fd75f4910/distill_methodvanilla_dkd_alpha1.0_dkd_beta8.0_kl_methodkl_mse_normalizeFalse_temperature0.5_weight_ce0.5_weight_kl0.25_weight_mse2.0_zscoreFalse/final_summary.json
raw,splice_sites_all,0.5,0.25,2.0,2.0,0.0001,16,42,0.6968220165331018,0.6839561482705991,0.6703742071702606,0.787228975427321,157,200,False,${OG_SCRATCH}/carbon_distillation/deploy_120k/splice_sites_all/20260623_094422/f7fbf7b5-b66e-450f-897d-1bb1dad2232d/distill_methodvanilla_dkd_alpha1.0_dkd_beta8.0_kl_methodkl_mse_normalizeFalse_temperature2.0_weight_ce0.5_weight_kl0.25_weight_mse2.0_zscoreFalse/final_summary.json
raw,splice_sites_all,0.5,0.25,2.0,4.0,0.0001,16,42,0.7205531443124367,0.7083524418662662,0.6613266342288046,0.8062673614146917,62,162,True,${OG_SCRATCH}/carbon_distillation/deploy_120k/splice_sites_all/20260623_094609/87d02fa8-0a48-459c-bf4b-e1f522c0d84c/distill_methodvanilla_dkd_alpha1.0_dkd_beta8.0_kl_methodkl_mse_normalizeFalse_temperature4.0_weight_ce0.5_weight_kl0.25_weight_mse2.0_zscoreFalse/final_summary.json
raw,splice_sites_all,0.5,0.25,5.0,0.5,0.0001,16,42,0.6819283082047651,0.6627258841496017,0.6662138277912928,0.7742627268812652,53,153,True,${OG_SCRATCH}/carbon_distillation/deploy_120k/splice_sites_all/20260623_095028/489bf3cd-6695-497e-a746-e50562d129e1/distill_methodvanilla_dkd_alpha1.0_dkd_beta8.0_kl_methodkl_mse_normalizeFalse_temperature0.5_weight_ce0.5_weight_kl0.25_weight_mse5.0_zscoreFalse/final_summary.json
raw,splice_sites_all,0.5,0.25,5.0,1.0,0.0001,16,42,0.662809059020132,0.6406090563701675,0.6519015873951832,0.7595533276651305,53,153,True,${OG_SCRATCH}/carbon_distillation/deploy_120k/splice_sites_all/20260623_095852/777009fb-6179-47c9-add2-59bb2032975d/distill_methodvanilla_dkd_alpha1.0_dkd_beta8.0_kl_methodkl_mse_normalizeFalse_temperature1.0_weight_ce0.5_weight_kl0.25_weight_mse5.0_zscoreFalse/final_summary.json
raw,splice_sites_all,0.5,0.25,5.0,1.5,0.0001,16,42,0.6600158511892991,0.655204924643409,0.6537374876356586,0.7657058819182149,49,149,True,${OG_SCRATCH}/carbon_distillation/deploy_120k/splice_sites_all/20260623_100455/d3f863c1-7aa5-47e6-bcdc-4f2f4e5107aa/distill_methodvanilla_dkd_alpha1.0_dkd_beta8.0_kl_methodkl_mse_normalizeFalse_temperature1.5_weight_ce0.5_weight_kl0.25_weight_mse5.0_zscoreFalse/final_summary.json
raw,splice_sites_all,0.5,0.25,1.0,4.0,0.0001,16,42,0.6889442561996009,0.6649746705058244,0.6406758178861938,0.7746975906421513,51,151,True,${OG_SCRATCH}/carbon_distillation/deploy_120k/splice_sites_all/20260623_101231/c304e34f-98bc-4a38-adaf-2b42df72f8c2/distill_methodvanilla_dkd_alpha1.0_dkd_beta8.0_kl_methodkl_mse_normalizeFalse_temperature4.0_weight_ce0.5_weight_kl0.25_weight_mse1.0_zscoreFalse/final_summary.json
raw,splice_sites_all,0.5,0.25,5.0,4.0,0.0001,16,42,0.7433900408327903,0.7125813289831695,0.701052268269633,0.8044182379715407,69,169,True,${OG_SCRATCH}/carbon_distillation/deploy_120k/splice_sites_all/20260623_101426/9ef31c94-e6cd-459c-bf9d-656b46c7287d/distill_methodvanilla_dkd_alpha1.0_dkd_beta8.0_kl_methodkl_mse_normalizeFalse_temperature4.0_weight_ce0.5_weight_kl0.25_weight_mse5.0_zscoreFalse/final_summary.json
raw,splice_sites_all,0.5,0.25,5.0,2.0,0.0001,16,42,0.6804877143979046,0.6695295339710492,0.6311849083982517,0.779589594589159,188,200,False,${OG_SCRATCH}/carbon_distillation/deploy_120k/splice_sites_all/20260623_101547/250db269-061f-407b-8cbb-4145092fd4c1/distill_methodvanilla_dkd_alpha1.0_dkd_beta8.0_kl_methodkl_mse_normalizeFalse_temperature2.0_weight_ce0.5_weight_kl0.25_weight_mse5.0_zscoreFalse/final_summary.json
raw,splice_sites_all,0.5,0.5,0.0,0.5,0.0001,16,42,0.783195356416696,0.7790229390593859,0.7760798143180052,0.8529311316159873,199,200,False,${OG_SCRATCH}/carbon_distillation/deploy_120k/splice_sites_all/20260623_101613/8ec07eb8-79dd-45fe-91da-e22a7b104449/distill_methodvanilla_dkd_alpha1.0_dkd_beta8.0_kl_methodkl_mse_normalizeFalse_temperature0.5_weight_ce0.5_weight_kl0.5_weight_mse0.0_zscoreFalse/final_summary.json
raw,splice_sites_all,0.5,0.5,0.0,1.0,0.0001,16,42,0.7927822022296301,0.7945233827201703,0.7888753696388171,0.8641791548794243,199,200,False,${OG_SCRATCH}/carbon_distillation/deploy_120k/splice_sites_all/20260623_101744/63d50644-c87a-4b7a-9543-e1fbd1ea57dd/distill_methodvanilla_dkd_alpha1.0_dkd_beta8.0_kl_methodkl_mse_normalizeFalse_temperature1.0_weight_ce0.5_weight_kl0.5_weight_mse0.0_zscoreFalse/final_summary.json
raw,splice_sites_all,0.5,0.5,0.0,1.5,0.0001,16,42,0.7420091831362273,0.7236207580495516,0.7238832627978079,0.8142279383063364,64,164,True,${OG_SCRATCH}/carbon_distillation/deploy_120k/splice_sites_all/20260623_102356/87a0ed34-68a8-49aa-85a5-b33f3a865173/distill_methodvanilla_dkd_alpha1.0_dkd_beta8.0_kl_methodkl_mse_normalizeFalse_temperature1.5_weight_ce0.5_weight_kl0.5_weight_mse0.0_zscoreFalse/final_summary.json
raw,splice_sites_all,0.5,0.5,0.0,2.0,0.0001,16,42,0.7376185998285271,0.7162640617006966,0.7152948741624541,0.8099244121456942,92,192,True,${OG_SCRATCH}/carbon_distillation/deploy_120k/splice_sites_all/20260623_103124/73c3ae76-23cc-4970-a6ab-6fdb163ab375/distill_methodvanilla_dkd_alpha1.0_dkd_beta8.0_kl_methodkl_mse_normalizeFalse_temperature2.0_weight_ce0.5_weight_kl0.5_weight_mse0.0_zscoreFalse/final_summary.json
raw,splice_sites_all,0.5,0.5,0.0,4.0,0.0001,16,42,0.8072687286510867,0.7926935856439521,0.7772292519364582,0.8619812504834458,121,200,False,${OG_SCRATCH}/carbon_distillation/deploy_120k/splice_sites_all/20260623_103425/653d00b7-84b0-459d-8049-7962f92151ff/distill_methodvanilla_dkd_alpha1.0_dkd_beta8.0_kl_methodkl_mse_normalizeFalse_temperature4.0_weight_ce0.5_weight_kl0.5_weight_mse0.0_zscoreFalse/final_summary.json
raw,splice_sites_all,0.5,0.5,1.0,0.5,0.0001,16,42,0.7325839566222954,0.7104009632047182,0.7089064189302915,0.8072411626306399,193,200,False,${OG_SCRATCH}/carbon_distillation/deploy_120k/splice_sites_all/20260623_104254/6790f7ab-9a6d-4742-83de-93141c5c1dcd/distill_methodvanilla_dkd_alpha1.0_dkd_beta8.0_kl_methodkl_mse_normalizeFalse_temperature0.5_weight_ce0.5_weight_kl0.5_weight_mse1.0_zscoreFalse/final_summary.json
raw,splice_sites_all,0.5,0.5,1.0,1.5,0.0001,16,42,0.7158280107330945,0.7058950068714183,0.6952646696344391,0.804816199008986,56,156,True,${OG_SCRATCH}/carbon_distillation/deploy_120k/splice_sites_all/20260623_105141/87986c49-bb4d-4d9a-8abc-cd2d67af1162/distill_methodvanilla_dkd_alpha1.0_dkd_beta8.0_kl_methodkl_mse_normalizeFalse_temperature1.5_weight_ce0.5_weight_kl0.5_weight_mse1.0_zscoreFalse/final_summary.json
raw,splice_sites_all,0.5,0.5,1.0,1.0,0.0001,16,42,0.7051187319057002,0.6941669652895792,0.6922295408415747,0.7889931122291158,49,149,True,${OG_SCRATCH}/carbon_distillation/deploy_120k/splice_sites_all/20260623_105145/38e3dd7d-dcc2-4749-979f-d4fcbe7fb31b/distill_methodvanilla_dkd_alpha1.0_dkd_beta8.0_kl_methodkl_mse_normalizeFalse_temperature1.0_weight_ce0.5_weight_kl0.5_weight_mse1.0_zscoreFalse/final_summary.json
raw,splice_sites_all,0.5,0.5,1.0,2.0,0.0001,16,42,0.7198010739461717,0.6995632668336575,0.6773097764149104,0.7990842294876491,199,200,False,${OG_SCRATCH}/carbon_distillation/deploy_120k/splice_sites_all/20260623_105326/fb4f36a0-e182-4ae5-907a-dcc3c727d306/distill_methodvanilla_dkd_alpha1.0_dkd_beta8.0_kl_methodkl_mse_normalizeFalse_temperature2.0_weight_ce0.5_weight_kl0.5_weight_mse1.0_zscoreFalse/final_summary.json
raw,splice_sites_all,0.5,0.5,1.0,4.0,0.0001,16,42,0.7040116900292941,0.6726490865809007,0.6660307032790824,0.7818706708611067,56,156,True,${OG_SCRATCH}/carbon_distillation/deploy_120k/splice_sites_all/20260623_105520/8778d3d8-0f65-45da-a39a-738959d5dedb/distill_methodvanilla_dkd_alpha1.0_dkd_beta8.0_kl_methodkl_mse_normalizeFalse_temperature4.0_weight_ce0.5_weight_kl0.5_weight_mse1.0_zscoreFalse/final_summary.json
raw,splice_sites_all,0.5,0.5,2.0,0.5,0.0001,16,42,0.7223877797684183,0.7061706481456814,0.6942546717920739,0.8007823590598114,53,153,True,${OG_SCRATCH}/carbon_distillation/deploy_120k/splice_sites_all/20260623_105742/07cf257a-d8dc-46f6-b452-29b50a4316e9/distill_methodvanilla_dkd_alpha1.0_dkd_beta8.0_kl_methodkl_mse_normalizeFalse_temperature0.5_weight_ce0.5_weight_kl0.5_weight_mse2.0_zscoreFalse/final_summary.json
raw,splice_sites_all,0.5,0.5,2.0,1.0,0.0001,16,42,0.7291846555649497,0.7079415131645508,0.7053927090716259,0.805666352335582,194,200,False,${OG_SCRATCH}/carbon_distillation/deploy_120k/splice_sites_all/20260623_110600/90a9e241-a98b-4dab-81e2-1df8d60bc1c8/distill_methodvanilla_dkd_alpha1.0_dkd_beta8.0_kl_methodkl_mse_normalizeFalse_temperature1.0_weight_ce0.5_weight_kl0.5_weight_mse2.0_zscoreFalse/final_summary.json
raw,splice_sites_all,0.5,0.5,2.0,1.5,0.0001,16,42,0.7280685479464257,0.6823159040290587,0.6684428913214786,0.7861987171534648,184,200,False,${OG_SCRATCH}/carbon_distillation/deploy_120k/splice_sites_all/20260623_110600/2fbb7b7b-d4af-4f15-9c78-ad20ae49f904/distill_methodvanilla_dkd_alpha1.0_dkd_beta8.0_kl_methodkl_mse_normalizeFalse_temperature1.5_weight_ce0.5_weight_kl0.5_weight_mse2.0_zscoreFalse/final_summary.json
raw,splice_sites_all,0.5,0.5,2.0,2.0,0.0001,16,42,0.7139998516325973,0.7118184203179809,0.7032177313014207,0.8049761512675224,185,200,False,${OG_SCRATCH}/carbon_distillation/deploy_120k/splice_sites_all/20260623_110808/1bb2394b-9afd-494c-bf11-408823c990c1/distill_methodvanilla_dkd_alpha1.0_dkd_beta8.0_kl_methodkl_mse_normalizeFalse_temperature2.0_weight_ce0.5_weight_kl0.5_weight_mse2.0_zscoreFalse/final_summary.json
raw,splice_sites_all,0.5,0.5,5.0,0.5,0.0001,16,42,0.6896784021448004,0.6639945958608222,0.6515678055374179,0.774454516873036,65,165,True,${OG_SCRATCH}/carbon_distillation/deploy_120k/splice_sites_all/20260623_110914/66e185ea-235b-4e83-b22a-a4f4621b50b9/distill_methodvanilla_dkd_alpha1.0_dkd_beta8.0_kl_methodkl_mse_normalizeFalse_temperature0.5_weight_ce0.5_weight_kl0.5_weight_mse5.0_zscoreFalse/final_summary.json
raw,splice_sites_all,0.5,0.5,2.0,4.0,0.0001,16,42,0.7106847373009614,0.6996046861151568,0.6598843317806723,0.796229737188001,66,166,True,${OG_SCRATCH}/carbon_distillation/deploy_120k/splice_sites_all/20260623_111005/bb907498-72ef-4cd9-b59f-f3e3a6f31f1d/distill_methodvanilla_dkd_alpha1.0_dkd_beta8.0_kl_methodkl_mse_normalizeFalse_temperature4.0_weight_ce0.5_weight_kl0.5_weight_mse2.0_zscoreFalse/final_summary.json
raw,splice_sites_all,0.5,0.5,5.0,1.5,0.0001,16,42,0.6958131135307305,0.6763709092829238,0.6519045583162002,0.7810882843907082,57,157,True,${OG_SCRATCH}/carbon_distillation/deploy_120k/splice_sites_all/20260623_111529/a63f5e73-f755-4993-9050-454d24c0d514/distill_methodvanilla_dkd_alpha1.0_dkd_beta8.0_kl_methodkl_mse_normalizeFalse_temperature1.5_weight_ce0.5_weight_kl0.5_weight_mse5.0_zscoreFalse/final_summary.json
raw,splice_sites_all,0.5,0.5,5.0,2.0,0.0001,16,42,0.6910119471970588,0.6720255422188418,0.6683018069426193,0.7763995904709525,53,153,True,${OG_SCRATCH}/carbon_distillation/deploy_120k/splice_sites_all/20260623_112037/3216f83f-169b-4ace-bd9f-86612ee5857b/distill_methodvanilla_dkd_alpha1.0_dkd_beta8.0_kl_methodkl_mse_normalizeFalse_temperature2.0_weight_ce0.5_weight_kl0.5_weight_mse5.0_zscoreFalse/final_summary.json
raw,splice_sites_all,0.5,0.5,5.0,1.0,0.0001,16,42,0.680239115879327,0.664566991439196,0.6527594635164745,0.775761248187795,53,153,True,${OG_SCRATCH}/carbon_distillation/deploy_120k/splice_sites_all/20260623_112424/761d98a3-422a-46dd-9aa4-16e489ee0f09/distill_methodvanilla_dkd_alpha1.0_dkd_beta8.0_kl_methodkl_mse_normalizeFalse_temperature1.0_weight_ce0.5_weight_kl0.5_weight_mse5.0_zscoreFalse/final_summary.json
raw,splice_sites_all,0.5,0.5,5.0,4.0,0.0001,16,42,0.7491483272942965,0.7338701099785273,0.7199229038590975,0.8191387581546258,66,166,True,${OG_SCRATCH}/carbon_distillation/deploy_120k/splice_sites_all/20260623_112849/855a9c5f-e733-4b39-bf7a-e98a5fd0c891/distill_methodvanilla_dkd_alpha1.0_dkd_beta8.0_kl_methodkl_mse_normalizeFalse_temperature4.0_weight_ce0.5_weight_kl0.5_weight_mse5.0_zscoreFalse/final_summary.json
raw,splice_sites_all,0.5,1.0,0.0,0.5,0.0001,16,42,0.7935347828940714,0.7857598744992635,0.7857598744992635,0.8570392537408482,200,200,False,${OG_SCRATCH}/carbon_distillation/deploy_120k/splice_sites_all/20260623_113057/af0dc0a5-30f7-45cf-8767-117c854b6967/distill_methodvanilla_dkd_alpha1.0_dkd_beta8.0_kl_methodkl_mse_normalizeFalse_temperature0.5_weight_ce0.5_weight_kl1.0_weight_mse0.0_zscoreFalse/final_summary.json
raw,splice_sites_all,0.5,1.0,0.0,1.0,0.0001,16,42,0.7785420068083501,0.7611851923837112,0.7671852840570675,0.8420698400328388,192,200,False,${OG_SCRATCH}/carbon_distillation/deploy_120k/splice_sites_all/20260623_113825/6bccfe81-25ba-4ebb-8206-9468081e1a0e/distill_methodvanilla_dkd_alpha1.0_dkd_beta8.0_kl_methodkl_mse_normalizeFalse_temperature1.0_weight_ce0.5_weight_kl1.0_weight_mse0.0_zscoreFalse/final_summary.json
raw,splice_sites_all,0.5,1.0,0.0,1.5,0.0001,16,42,0.728039449992654,0.7138698594074747,0.6983322701263984,0.8104298251358895,56,156,True,${OG_SCRATCH}/carbon_distillation/deploy_120k/splice_sites_all/20260623_114125/e3b5a4c5-5686-4871-89d1-719abf85bdb6/distill_methodvanilla_dkd_alpha1.0_dkd_beta8.0_kl_methodkl_mse_normalizeFalse_temperature1.5_weight_ce0.5_weight_kl1.0_weight_mse0.0_zscoreFalse/final_summary.json
raw,splice_sites_all,0.5,1.0,0.0,2.0,0.0001,16,42,0.7480019787801873,0.7239072853303788,0.7046036596436311,0.8135705403436697,73,173,True,${OG_SCRATCH}/carbon_distillation/deploy_120k/splice_sites_all/20260623_114944/18b91b64-e94b-45db-a245-4f0197de3511/distill_methodvanilla_dkd_alpha1.0_dkd_beta8.0_kl_methodkl_mse_normalizeFalse_temperature2.0_weight_ce0.5_weight_kl1.0_weight_mse0.0_zscoreFalse/final_summary.json
raw,splice_sites_all,0.5,1.0,0.0,4.0,0.0001,16,42,0.8181376323237965,0.8048585503057076,0.7895243537473728,0.8691813380609833,115,200,False,${OG_SCRATCH}/carbon_distillation/deploy_120k/splice_sites_all/20260623_115456/46ddd74e-8e17-4f1c-8e0c-9da299a5bea6/distill_methodvanilla_dkd_alpha1.0_dkd_beta8.0_kl_methodkl_mse_normalizeFalse_temperature4.0_weight_ce0.5_weight_kl1.0_weight_mse0.0_zscoreFalse/final_summary.json
raw,splice_sites_all,0.5,1.0,1.0,1.0,0.0001,16,42,0.738689570616018,0.7040418553103432,0.7086844222551578,0.7958826457081036,54,154,True,${OG_SCRATCH}/carbon_distillation/deploy_120k/splice_sites_all/20260623_120410/f4a689c0-2c03-4f66-aca4-d02fc702c116/distill_methodvanilla_dkd_alpha1.0_dkd_beta8.0_kl_methodkl_mse_normalizeFalse_temperature1.0_weight_ce0.5_weight_kl1.0_weight_mse1.0_zscoreFalse/final_summary.json
raw,splice_sites_all,0.5,1.0,1.0,0.5,0.0001,16,42,0.7394798168869495,0.7116929026694838,0.7140412474572129,0.8072935953300137,169,200,False,${OG_SCRATCH}/carbon_distillation/deploy_120k/splice_sites_all/20260623_120410/3f38bf34-91dd-44f5-9726-344b2a4a8078/distill_methodvanilla_dkd_alpha1.0_dkd_beta8.0_kl_methodkl_mse_normalizeFalse_temperature0.5_weight_ce0.5_weight_kl1.0_weight_mse1.0_zscoreFalse/final_summary.json
raw,splice_sites_all,0.5,1.0,1.0,4.0,0.0001,16,42,0.7696275125234195,0.7428223663327984,0.730728188631228,0.8255271339668163,95,195,True,${OG_SCRATCH}/carbon_distillation/deploy_120k/splice_sites_all/20260623_120909/1d549e3e-40be-439e-b2bb-79ed81c3b027/distill_methodvanilla_dkd_alpha1.0_dkd_beta8.0_kl_methodkl_mse_normalizeFalse_temperature4.0_weight_ce0.5_weight_kl1.0_weight_mse1.0_zscoreFalse/final_summary.json
raw,splice_sites_all,0.5,1.0,1.0,2.0,0.0001,16,42,0.7067083550907219,0.6857939961213191,0.6890924186976446,0.785647434985313,49,149,True,${OG_SCRATCH}/carbon_distillation/deploy_120k/splice_sites_all/20260623_120936/708cc83d-d4c1-4f14-8972-3e8e57dd7cff/distill_methodvanilla_dkd_alpha1.0_dkd_beta8.0_kl_methodkl_mse_normalizeFalse_temperature2.0_weight_ce0.5_weight_kl1.0_weight_mse1.0_zscoreFalse/final_summary.json
raw,splice_sites_all,0.5,1.0,1.0,1.5,0.0001,16,42,0.7294788187319863,0.6975570379854701,0.6918399762644647,0.7994682127631055,56,156,True,${OG_SCRATCH}/carbon_distillation/deploy_120k/splice_sites_all/20260623_120936/7c7cf0e5-76c5-4db0-ab9c-2c300cb4738a/distill_methodvanilla_dkd_alpha1.0_dkd_beta8.0_kl_methodkl_mse_normalizeFalse_temperature1.5_weight_ce0.5_weight_kl1.0_weight_mse1.0_zscoreFalse/final_summary.json
raw,splice_sites_all,0.5,1.0,2.0,1.0,0.0001,16,42,0.7259195973644842,0.7216839311926867,0.7130612197856977,0.8148410666186093,57,157,True,${OG_SCRATCH}/carbon_distillation/deploy_120k/splice_sites_all/20260623_121010/ccd227cd-ddb2-4b20-b52d-20fd08377436/distill_methodvanilla_dkd_alpha1.0_dkd_beta8.0_kl_methodkl_mse_normalizeFalse_temperature1.0_weight_ce0.5_weight_kl1.0_weight_mse2.0_zscoreFalse/final_summary.json
raw,splice_sites_all,0.5,1.0,2.0,0.5,0.0001,16,42,0.7413298249712098,0.7169368328895307,0.7230918102305351,0.8079535532649745,186,200,False,${OG_SCRATCH}/carbon_distillation/deploy_120k/splice_sites_all/20260623_121106/9e0e8b31-f707-45e9-81e2-cf3d8595d5fb/distill_methodvanilla_dkd_alpha1.0_dkd_beta8.0_kl_methodkl_mse_normalizeFalse_temperature0.5_weight_ce0.5_weight_kl1.0_weight_mse2.0_zscoreFalse/final_summary.json
raw,splice_sites_all,0.5,1.0,2.0,1.5,0.0001,16,42,0.709743754175377,0.6933175490325585,0.6851908644710085,0.7942592652397011,63,163,True,${OG_SCRATCH}/carbon_distillation/deploy_120k/splice_sites_all/20260623_121201/fe634ff9-5841-41c6-9df7-186690689afb/distill_methodvanilla_dkd_alpha1.0_dkd_beta8.0_kl_methodkl_mse_normalizeFalse_temperature1.5_weight_ce0.5_weight_kl1.0_weight_mse2.0_zscoreFalse/final_summary.json
raw,splice_sites_all,0.5,1.0,2.0,2.0,0.0001,16,42,0.7171528854006284,0.6901734185423284,0.6799358208211931,0.7912235251710596,191,200,False,${OG_SCRATCH}/carbon_distillation/deploy_120k/splice_sites_all/20260623_121954/fb6df086-bbc0-4745-b56b-d94b42611ee0/distill_methodvanilla_dkd_alpha1.0_dkd_beta8.0_kl_methodkl_mse_normalizeFalse_temperature2.0_weight_ce0.5_weight_kl1.0_weight_mse2.0_zscoreFalse/final_summary.json
raw,splice_sites_all,0.5,1.0,2.0,4.0,0.0001,16,42,0.6887919160465971,0.6753617554130309,0.6434537604991759,0.7820117129555061,51,151,True,${OG_SCRATCH}/carbon_distillation/deploy_120k/splice_sites_all/20260623_121955/5b83ce44-5acd-49f2-bdb7-52b304d11925/distill_methodvanilla_dkd_alpha1.0_dkd_beta8.0_kl_methodkl_mse_normalizeFalse_temperature4.0_weight_ce0.5_weight_kl1.0_weight_mse2.0_zscoreFalse/final_summary.json
raw,splice_sites_all,0.5,1.0,5.0,0.5,0.0001,16,42,0.6959894925361574,0.6830840173681924,0.6747842755408715,0.7887126929074714,197,200,False,${OG_SCRATCH}/carbon_distillation/deploy_120k/splice_sites_all/20260623_122945/510d2664-5257-48f6-a300-75bff380f48e/distill_methodvanilla_dkd_alpha1.0_dkd_beta8.0_kl_methodkl_mse_normalizeFalse_temperature0.5_weight_ce0.5_weight_kl1.0_weight_mse5.0_zscoreFalse/final_summary.json
raw,splice_sites_all,0.5,1.0,5.0,1.0,0.0001,16,42,0.6968317154369943,0.6628673424112136,0.6628673424112136,0.7700351964552327,200,200,False,${OG_SCRATCH}/carbon_distillation/deploy_120k/splice_sites_all/20260623_123149/d39be297-9de6-457a-9dd7-5f9df4abe4ed/distill_methodvanilla_dkd_alpha1.0_dkd_beta8.0_kl_methodkl_mse_normalizeFalse_temperature1.0_weight_ce0.5_weight_kl1.0_weight_mse5.0_zscoreFalse/final_summary.json
raw,splice_sites_all,0.5,1.0,5.0,2.0,0.0001,16,42,0.7101385093236176,0.6963506710821165,0.668602880449408,0.7986310625630905,57,157,True,${OG_SCRATCH}/carbon_distillation/deploy_120k/splice_sites_all/20260623_123428/c0211e8c-bbef-4bfe-94a7-81869d0e9281/distill_methodvanilla_dkd_alpha1.0_dkd_beta8.0_kl_methodkl_mse_normalizeFalse_temperature2.0_weight_ce0.5_weight_kl1.0_weight_mse5.0_zscoreFalse/final_summary.json
raw,splice_sites_all,0.5,1.0,5.0,1.5,0.0001,16,42,0.6896030852879413,0.675604914383301,0.6584041698112207,0.7816355793319598,56,156,True,${OG_SCRATCH}/carbon_distillation/deploy_120k/splice_sites_all/20260623_123432/cd5a34da-f2d7-4318-9f1a-81266ed8a485/distill_methodvanilla_dkd_alpha1.0_dkd_beta8.0_kl_methodkl_mse_normalizeFalse_temperature1.5_weight_ce0.5_weight_kl1.0_weight_mse5.0_zscoreFalse/final_summary.json
raw,splice_sites_all,0.5,1.0,5.0,4.0,0.0001,16,42,0.7491063958207581,0.7255374358855345,0.7048558710759308,0.8162626614396228,72,172,True,${OG_SCRATCH}/carbon_distillation/deploy_120k/splice_sites_all/20260623_124204/4e4fba11-241f-4c6c-aadf-3ab7c43b9b99/distill_methodvanilla_dkd_alpha1.0_dkd_beta8.0_kl_methodkl_mse_normalizeFalse_temperature4.0_weight_ce0.5_weight_kl1.0_weight_mse5.0_zscoreFalse/final_summary.json
raw,splice_sites_all,0.5,1.0,0.0,4.0,0.0001,16,0,0.8148756863553267,0.80645272608079,0.7802287418774111,0.8715826609300122,107,200,False,${OG_SCRATCH}/carbon_distillation/deploy_120k/splice_sites_all/20260624_011719/934c9130-6022-47e6-84b0-2f9715a0772a/distill_methodvanilla_dkd_alpha1.0_dkd_beta8.0_kl_methodkl_mse_normalizeFalse_temperature4.0_weight_ce0.5_weight_kl1.0_weight_mse0.0_zscoreFalse/final_summary.json
raw,splice_sites_all,0.5,1.0,0.0,4.0,0.0001,16,2,0.7799966513103768,0.7566853069431536,0.7338987624493365,0.8362438689327588,76,176,True,${OG_SCRATCH}/carbon_distillation/deploy_120k/splice_sites_all/20260624_011841/29d9ef0b-3dd7-45c6-ac77-cb921f64208d/distill_methodvanilla_dkd_alpha1.0_dkd_beta8.0_kl_methodkl_mse_normalizeFalse_temperature4.0_weight_ce0.5_weight_kl1.0_weight_mse0.0_zscoreFalse/final_summary.json
raw,splice_sites_all,0.5,1.0,0.0,4.0,0.0001,16,1,0.8001198858947363,0.7896294585726008,0.7806430477885603,0.8572095171747148,106,200,False,${OG_SCRATCH}/carbon_distillation/deploy_120k/splice_sites_all/20260624_011940/9da6a09d-b9ea-4e69-a067-d9acf5ff5e04/distill_methodvanilla_dkd_alpha1.0_dkd_beta8.0_kl_methodkl_mse_normalizeFalse_temperature4.0_weight_ce0.5_weight_kl1.0_weight_mse0.0_zscoreFalse/final_summary.json
raw,H2AFZ,0.5,0.5,0.2,2.0,0.0001,16,,0.5132521321886273,0.4750697265420864,0.4444498611647707,0.7103347059483458,19,200,,${OG_SCRATCH}/carbon_distillation/deploy_120k/H2AFZ/20260618_200350/391676ae-cc6b-415b-9147-9c966ef60d33/distill_methodvanilla_dkd_alpha1.0_dkd_beta8.0_kl_methodkl_mse_normalizeFalse_temperature2.0_weight_ce0.5_weight_kl0.5_weight_mse0.2_zscoreFalse/final_summary.json
l2norm,H2AFZ,0.5,0.5,0.2,2.0,0.0001,16,,0.5156357295430952,0.4839607375190311,0.4500199984881327,0.7144006898534061,52,200,,${OG_SCRATCH}/carbon_distillation/deploy_120k/H2AFZ/20260618_221034/195db23c-144c-46d8-8e12-55007113c086/distill_methodvanilla_dkd_alpha1.0_dkd_beta8.0_kl_methodkl_mse_normalizeTrue_temperature2.0_weight_ce0.5_weight_kl0.5_weight_mse0.2_zscoreFalse/final_summary.json
raw,H2AFZ,0.5,0.0,0.0,0.5,0.0001,16,,0.5020036969774495,0.4724526752037748,0.3300053800542177,0.7083516692121181,32,132,True,${OG_SCRATCH}/carbon_distillation/deploy_120k/H2AFZ/20260620_160538/30b3dfb5-6e4f-4ae6-8356-174363b79134/distill_methodvanilla_dkd_alpha1.0_dkd_beta8.0_kl_methodkl_mse_normalizeFalse_temperature0.5_weight_ce0.5_weight_kl0.0_weight_mse0.0_zscoreFalse/final_summary.json
raw,H2AFZ,0.5,0.0,0.0,1.0,0.0001,16,,0.5020036969774495,0.4724526752037748,0.3300053800542177,0.7083516692121181,32,132,True,${OG_SCRATCH}/carbon_distillation/deploy_120k/H2AFZ/20260620_160539/00d2120a-f67b-4c2c-97fc-232a309e8644/distill_methodvanilla_dkd_alpha1.0_dkd_beta8.0_kl_methodkl_mse_normalizeFalse_temperature1.0_weight_ce0.5_weight_kl0.0_weight_mse0.0_zscoreFalse/final_summary.json
raw,H2AFZ,0.5,0.0,0.0,1.5,0.0001,16,,0.5020036969774495,0.4724526752037748,0.3300053800542177,0.7083516692121181,32,132,True,${OG_SCRATCH}/carbon_distillation/deploy_120k/H2AFZ/20260620_160640/74e28b68-2faa-4762-993c-330e045f75ba/distill_methodvanilla_dkd_alpha1.0_dkd_beta8.0_kl_methodkl_mse_normalizeFalse_temperature1.5_weight_ce0.5_weight_kl0.0_weight_mse0.0_zscoreFalse/final_summary.json
raw,H2AFZ,0.5,0.0,0.0,2.0,0.0001,16,,0.49744514041679705,0.47592582488537766,0.3360183228144528,0.7106430587270434,32,132,True,${OG_SCRATCH}/carbon_distillation/deploy_120k/H2AFZ/20260620_161138/1de77a7d-04a0-43b6-ac8d-8df6cad5ad06/distill_methodvanilla_dkd_alpha1.0_dkd_beta8.0_kl_methodkl_mse_normalizeFalse_temperature2.0_weight_ce0.5_weight_kl0.0_weight_mse0.0_zscoreFalse/final_summary.json
raw,H2AFZ,0.5,0.0,1.0,0.5,0.0001,16,,0.5056817250228358,0.45622240028909156,0.3305365343483716,0.6964739289605614,17,117,True,${OG_SCRATCH}/carbon_distillation/deploy_120k/H2AFZ/20260620_161256/b004e74b-2f58-49b7-842b-9b1fd1da3172/distill_methodvanilla_dkd_alpha1.0_dkd_beta8.0_kl_methodkl_mse_normalizeFalse_temperature0.5_weight_ce0.5_weight_kl0.0_weight_mse1.0_zscoreFalse/final_summary.json
raw,H2AFZ,0.5,0.0,0.0,4.0,0.0001,16,,0.49744514041679705,0.47592582488537766,0.3360183228144528,0.7106430587270434,32,132,True,${OG_SCRATCH}/carbon_distillation/deploy_120k/H2AFZ/20260620_161345/41bbfb59-7f2d-4747-a3aa-685dbf4fcbdf/distill_methodvanilla_dkd_alpha1.0_dkd_beta8.0_kl_methodkl_mse_normalizeFalse_temperature4.0_weight_ce0.5_weight_kl0.0_weight_mse0.0_zscoreFalse/final_summary.json
raw,H2AFZ,0.5,0.0,1.0,1.0,0.0001,16,,0.5056817250228358,0.4608837585714685,0.33064999301100817,0.6984724105725497,17,117,True,${OG_SCRATCH}/carbon_distillation/deploy_120k/H2AFZ/20260620_161553/911e7d86-2ff4-4924-8885-a70bafb93e1a/distill_methodvanilla_dkd_alpha1.0_dkd_beta8.0_kl_methodkl_mse_normalizeFalse_temperature1.0_weight_ce0.5_weight_kl0.0_weight_mse1.0_zscoreFalse/final_summary.json
raw,H2AFZ,0.5,0.0,1.0,2.0,0.0001,16,,0.5056817250228358,0.45622240028909156,0.3305365343483716,0.6964739289605614,17,117,True,${OG_SCRATCH}/carbon_distillation/deploy_120k/H2AFZ/20260620_163014/4b9e33f2-99f8-4fc0-949e-0786ed63ff19/distill_methodvanilla_dkd_alpha1.0_dkd_beta8.0_kl_methodkl_mse_normalizeFalse_temperature2.0_weight_ce0.5_weight_kl0.0_weight_mse1.0_zscoreFalse/final_summary.json
raw,H2AFZ,0.5,0.0,1.0,1.5,0.0001,16,,0.5056817250228358,0.45622240028909156,0.3305365343483716,0.6964739289605614,17,117,True,${OG_SCRATCH}/carbon_distillation/deploy_120k/H2AFZ/20260620_163014/f5829536-12d5-48ee-9760-7eb2ea823378/distill_methodvanilla_dkd_alpha1.0_dkd_beta8.0_kl_methodkl_mse_normalizeFalse_temperature1.5_weight_ce0.5_weight_kl0.0_weight_mse1.0_zscoreFalse/final_summary.json
raw,H2AFZ,0.5,0.0,2.0,0.5,0.0001,16,,0.5038161078946838,0.45898266513821956,0.28009831976017835,0.6951468492011641,17,117,True,${OG_SCRATCH}/carbon_distillation/deploy_120k/H2AFZ/20260620_163259/1100815e-70f5-491d-a794-d3bb9810b346/distill_methodvanilla_dkd_alpha1.0_dkd_beta8.0_kl_methodkl_mse_normalizeFalse_temperature0.5_weight_ce0.5_weight_kl0.0_weight_mse2.0_zscoreFalse/final_summary.json
raw,H2AFZ,0.5,0.0,1.0,4.0,0.0001,16,,0.5056817250228358,0.45622240028909156,0.3305365343483716,0.6964739289605614,17,117,True,${OG_SCRATCH}/carbon_distillation/deploy_120k/H2AFZ/20260620_163302/7f5b56ad-1bf8-4aa3-b9c2-b136e8a1102c/distill_methodvanilla_dkd_alpha1.0_dkd_beta8.0_kl_methodkl_mse_normalizeFalse_temperature4.0_weight_ce0.5_weight_kl0.0_weight_mse1.0_zscoreFalse/final_summary.json
raw,H2AFZ,0.5,0.0,2.0,1.5,0.0001,16,,0.5042986332124733,0.45778408682432814,0.31240616705138785,0.694929321814316,17,117,True,${OG_SCRATCH}/carbon_distillation/deploy_120k/H2AFZ/20260620_163405/ba95ec23-4211-4c7b-8241-656c4778adb3/distill_methodvanilla_dkd_alpha1.0_dkd_beta8.0_kl_methodkl_mse_normalizeFalse_temperature1.5_weight_ce0.5_weight_kl0.0_weight_mse2.0_zscoreFalse/final_summary.json
raw,H2AFZ,0.5,0.0,2.0,1.0,0.0001,16,,0.5038161078946838,0.45898266513821956,0.28009831976017835,0.6951468492011641,17,117,True,${OG_SCRATCH}/carbon_distillation/deploy_120k/H2AFZ/20260620_163434/a483552e-2621-418d-aeff-e86985b89e75/distill_methodvanilla_dkd_alpha1.0_dkd_beta8.0_kl_methodkl_mse_normalizeFalse_temperature1.0_weight_ce0.5_weight_kl0.0_weight_mse2.0_zscoreFalse/final_summary.json
raw,H2AFZ,0.5,0.0,2.0,2.0,0.0001,16,,0.5038161078946838,0.45898266513821956,0.28009831976017835,0.6951468492011641,17,117,True,${OG_SCRATCH}/carbon_distillation/deploy_120k/H2AFZ/20260620_163840/0c009f96-4ba1-4d33-be9c-7168a82eff25/distill_methodvanilla_dkd_alpha1.0_dkd_beta8.0_kl_methodkl_mse_normalizeFalse_temperature2.0_weight_ce0.5_weight_kl0.0_weight_mse2.0_zscoreFalse/final_summary.json
raw,H2AFZ,0.5,0.0,5.0,0.5,0.0001,16,,0.49273868182724156,0.45506117396864343,0.30203987122272474,0.6890230742080494,17,117,True,${OG_SCRATCH}/carbon_distillation/deploy_120k/H2AFZ/20260620_164549/b8924a44-2f2f-4973-8116-7e3260a654d3/distill_methodvanilla_dkd_alpha1.0_dkd_beta8.0_kl_methodkl_mse_normalizeFalse_temperature0.5_weight_ce0.5_weight_kl0.0_weight_mse5.0_zscoreFalse/final_summary.json
raw,H2AFZ,0.5,0.0,2.0,4.0,0.0001,16,,0.5042986332124733,0.45778408682432814,0.31240616705138785,0.694929321814316,17,117,True,${OG_SCRATCH}/carbon_distillation/deploy_120k/H2AFZ/20260620_164657/000ba9be-218c-455b-83bc-79ec935ee9ad/distill_methodvanilla_dkd_alpha1.0_dkd_beta8.0_kl_methodkl_mse_normalizeFalse_temperature4.0_weight_ce0.5_weight_kl0.0_weight_mse2.0_zscoreFalse/final_summary.json
raw,H2AFZ,0.5,0.0,5.0,1.0,0.0001,16,,0.49273868182724156,0.45506117396864343,0.30203987122272474,0.6890230742080494,17,117,True,${OG_SCRATCH}/carbon_distillation/deploy_120k/H2AFZ/20260620_165110/22f7acde-aeec-4ea2-90ba-ed137f7c87f9/distill_methodvanilla_dkd_alpha1.0_dkd_beta8.0_kl_methodkl_mse_normalizeFalse_temperature1.0_weight_ce0.5_weight_kl0.0_weight_mse5.0_zscoreFalse/final_summary.json
raw,H2AFZ,0.5,0.0,5.0,2.0,0.0001,16,,0.49273868182724156,0.45506117396864343,0.30203987122272474,0.6890230742080494,17,117,True,${OG_SCRATCH}/carbon_distillation/deploy_120k/H2AFZ/20260620_165202/ef7892ef-07c4-4f3b-9850-ad0bb2dec93a/distill_methodvanilla_dkd_alpha1.0_dkd_beta8.0_kl_methodkl_mse_normalizeFalse_temperature2.0_weight_ce0.5_weight_kl0.0_weight_mse5.0_zscoreFalse/final_summary.json
raw,H2AFZ,0.5,0.0,5.0,1.5,0.0001,16,,0.49273868182724156,0.45506117396864343,0.30203987122272474,0.6890230742080494,17,117,True,${OG_SCRATCH}/carbon_distillation/deploy_120k/H2AFZ/20260620_165308/ba48a00a-089b-47e0-8a5d-b6049c4411e0/distill_methodvanilla_dkd_alpha1.0_dkd_beta8.0_kl_methodkl_mse_normalizeFalse_temperature1.5_weight_ce0.5_weight_kl0.0_weight_mse5.0_zscoreFalse/final_summary.json
raw,H2AFZ,0.5,0.0,5.0,4.0,0.0001,16,,0.49539358688451796,0.455396811595487,0.3195803903027229,0.6889284781604348,17,117,True,${OG_SCRATCH}/carbon_distillation/deploy_120k/H2AFZ/20260620_165505/db7ff91a-e810-4f44-b15e-2f6e4d5b415b/distill_methodvanilla_dkd_alpha1.0_dkd_beta8.0_kl_methodkl_mse_normalizeFalse_temperature4.0_weight_ce0.5_weight_kl0.0_weight_mse5.0_zscoreFalse/final_summary.json
raw,H2AFZ,0.5,0.25,0.0,0.5,0.0001,16,,0.5062164736103728,0.4810895212020858,0.40249991848900263,0.7130209830411038,32,132,True,${OG_SCRATCH}/carbon_distillation/deploy_120k/H2AFZ/20260620_165710/18360cfb-ed8e-44f2-94c0-523288701cdb/distill_methodvanilla_dkd_alpha1.0_dkd_beta8.0_kl_methodkl_mse_normalizeFalse_temperature0.5_weight_ce0.5_weight_kl0.25_weight_mse0.0_zscoreFalse/final_summary.json
raw,H2AFZ,0.5,0.25,0.0,1.5,0.0001,16,,0.5159647963483993,0.47305542999447947,0.3911694151399307,0.7092635262299136,28,128,True,${OG_SCRATCH}/carbon_distillation/deploy_120k/H2AFZ/20260620_170200/4918a9ff-bbcd-41ae-b280-30315fa76a9d/distill_methodvanilla_dkd_alpha1.0_dkd_beta8.0_kl_methodkl_mse_normalizeFalse_temperature1.5_weight_ce0.5_weight_kl0.25_weight_mse0.0_zscoreFalse/final_summary.json
raw,H2AFZ,0.5,0.25,0.0,1.0,0.0001,16,,0.5154318800496934,0.47767853201234867,0.397895871035277,0.7149661324819101,28,128,True,${OG_SCRATCH}/carbon_distillation/deploy_120k/H2AFZ/20260620_170204/95c3b426-cd9e-4b09-b9ad-87a7167338e5/distill_methodvanilla_dkd_alpha1.0_dkd_beta8.0_kl_methodkl_mse_normalizeFalse_temperature1.0_weight_ce0.5_weight_kl0.25_weight_mse0.0_zscoreFalse/final_summary.json
raw,H2AFZ,0.5,0.25,0.0,4.0,0.0001,16,,0.5162719446049462,0.4948488883826193,0.4317570354879677,0.7314021487828097,52,152,True,${OG_SCRATCH}/carbon_distillation/deploy_120k/H2AFZ/20260620_171240/e7065ff7-7ebb-4bb5-b5dd-6b7ef06e8d3e/distill_methodvanilla_dkd_alpha1.0_dkd_beta8.0_kl_methodkl_mse_normalizeFalse_temperature4.0_weight_ce0.5_weight_kl0.25_weight_mse0.0_zscoreFalse/final_summary.json
raw,H2AFZ,0.5,0.25,0.0,2.0,0.0001,16,,0.5144658524455811,0.4888746830021342,0.4014718152591054,0.7287849566055931,42,142,True,${OG_SCRATCH}/carbon_distillation/deploy_120k/H2AFZ/20260620_171341/0cbd812a-f662-4bbf-8da4-b482bd457943/distill_methodvanilla_dkd_alpha1.0_dkd_beta8.0_kl_methodkl_mse_normalizeFalse_temperature2.0_weight_ce0.5_weight_kl0.25_weight_mse0.0_zscoreFalse/final_summary.json
raw,H2AFZ,0.5,0.25,1.0,0.5,0.0001,16,,0.5067441797845746,0.4689867029882645,0.3923645925767436,0.69954179252972,24,124,True,${OG_SCRATCH}/carbon_distillation/deploy_120k/H2AFZ/20260620_171738/1c6f4d31-7e0f-4881-9d05-b75412629a1f/distill_methodvanilla_dkd_alpha1.0_dkd_beta8.0_kl_methodkl_mse_normalizeFalse_temperature0.5_weight_ce0.5_weight_kl0.25_weight_mse1.0_zscoreFalse/final_summary.json
raw,H2AFZ,0.5,0.25,1.0,1.5,0.0001,16,,0.5127333126119096,0.4776127276664116,0.4350169341041425,0.7144538904884281,14,114,True,${OG_SCRATCH}/carbon_distillation/deploy_120k/H2AFZ/20260620_171956/4db960f2-8239-40d1-b79d-88c5ebd7bf8c/distill_methodvanilla_dkd_alpha1.0_dkd_beta8.0_kl_methodkl_mse_normalizeFalse_temperature1.5_weight_ce0.5_weight_kl0.25_weight_mse1.0_zscoreFalse/final_summary.json
raw,H2AFZ,0.5,0.25,1.0,1.0,0.0001,16,,0.5051192811067987,0.48268557998452066,0.4320143313945213,0.7199846094230313,14,114,True,${OG_SCRATCH}/carbon_distillation/deploy_120k/H2AFZ/20260620_171956/00bdad84-c099-48c8-ad92-e060da3200a3/distill_methodvanilla_dkd_alpha1.0_dkd_beta8.0_kl_methodkl_mse_normalizeFalse_temperature1.0_weight_ce0.5_weight_kl0.25_weight_mse1.0_zscoreFalse/final_summary.json
raw,H2AFZ,0.5,0.25,1.0,2.0,0.0001,16,,0.51301159148865,0.4758097321230691,0.42466760917611845,0.7128041538723116,14,114,True,${OG_SCRATCH}/carbon_distillation/deploy_120k/H2AFZ/20260620_172155/b09023bd-feab-434a-9c4d-21d2220a10e8/distill_methodvanilla_dkd_alpha1.0_dkd_beta8.0_kl_methodkl_mse_normalizeFalse_temperature2.0_weight_ce0.5_weight_kl0.25_weight_mse1.0_zscoreFalse/final_summary.json
raw,H2AFZ,0.5,0.25,2.0,0.5,0.0001,16,,0.5061653795100991,0.46352074447374986,0.3857920449149492,0.7037509685064491,25,125,True,${OG_SCRATCH}/carbon_distillation/deploy_120k/H2AFZ/20260620_172515/7eca4427-1aac-4306-b1b9-2c9de5f82565/distill_methodvanilla_dkd_alpha1.0_dkd_beta8.0_kl_methodkl_mse_normalizeFalse_temperature0.5_weight_ce0.5_weight_kl0.25_weight_mse2.0_zscoreFalse/final_summary.json
raw,H2AFZ,0.5,0.25,1.0,4.0,0.0001,16,,0.5126567828178135,0.47517838879281743,0.429364910254589,0.7119061908732203,25,125,True,${OG_SCRATCH}/carbon_distillation/deploy_120k/H2AFZ/20260620_172559/09836b33-fe78-4751-a7ac-0a9864b28b9a/distill_methodvanilla_dkd_alpha1.0_dkd_beta8.0_kl_methodkl_mse_normalizeFalse_temperature4.0_weight_ce0.5_weight_kl0.25_weight_mse1.0_zscoreFalse/final_summary.json
raw,H2AFZ,0.5,0.25,2.0,1.0,0.0001,16,,0.5057592974249668,0.48571501711195764,0.41345545300989667,0.7223432949325144,14,114,True,${OG_SCRATCH}/carbon_distillation/deploy_120k/H2AFZ/20260620_173114/29b65ebd-b6ad-46a2-9c8c-d32b7ecc027f/distill_methodvanilla_dkd_alpha1.0_dkd_beta8.0_kl_methodkl_mse_normalizeFalse_temperature1.0_weight_ce0.5_weight_kl0.25_weight_mse2.0_zscoreFalse/final_summary.json
raw,H2AFZ,0.5,0.25,2.0,1.5,0.0001,16,,0.5100798306221493,0.4790361004205955,0.418536490702627,0.7151411254090336,14,114,True,${OG_SCRATCH}/carbon_distillation/deploy_120k/H2AFZ/20260620_173630/b38b651a-1c03-4ba2-81df-5cbee1f27a06/distill_methodvanilla_dkd_alpha1.0_dkd_beta8.0_kl_methodkl_mse_normalizeFalse_temperature1.5_weight_ce0.5_weight_kl0.25_weight_mse2.0_zscoreFalse/final_summary.json
raw,H2AFZ,0.5,0.25,2.0,2.0,0.0001,16,,0.5099690079384734,0.47165301955824174,0.4089912774404148,0.7091014036661495,14,114,True,${OG_SCRATCH}/carbon_distillation/deploy_120k/H2AFZ/20260620_174034/d2fcef17-45b1-437e-a241-90f4018989b8/distill_methodvanilla_dkd_alpha1.0_dkd_beta8.0_kl_methodkl_mse_normalizeFalse_temperature2.0_weight_ce0.5_weight_kl0.25_weight_mse2.0_zscoreFalse/final_summary.json
raw,H2AFZ,0.5,0.25,2.0,4.0,0.0001,16,,0.515626375313417,0.4715943962715605,0.41272778991809006,0.7080437736481092,14,114,True,${OG_SCRATCH}/carbon_distillation/deploy_120k/H2AFZ/20260620_174238/5311c52e-9191-448e-ac3a-739859284e57/distill_methodvanilla_dkd_alpha1.0_dkd_beta8.0_kl_methodkl_mse_normalizeFalse_temperature4.0_weight_ce0.5_weight_kl0.25_weight_mse2.0_zscoreFalse/final_summary.json
raw,H2AFZ,0.5,0.25,5.0,0.5,0.0001,16,,0.4977806804006969,0.45550001807790325,0.36877937243789066,0.6883402847846093,17,117,True,${OG_SCRATCH}/carbon_distillation/deploy_120k/H2AFZ/20260620_174432/4dc04f08-fc28-4f55-9f36-920b5ca2a299/distill_methodvanilla_dkd_alpha1.0_dkd_beta8.0_kl_methodkl_mse_normalizeFalse_temperature0.5_weight_ce0.5_weight_kl0.25_weight_mse5.0_zscoreFalse/final_summary.json
raw,H2AFZ,0.5,0.25,5.0,1.5,0.0001,16,,0.5059018388667275,0.47327514389976716,0.4125985237363189,0.7161266079888584,14,114,True,${OG_SCRATCH}/carbon_distillation/deploy_120k/H2AFZ/20260620_174720/ed1e9a8e-b13e-45b7-8922-739552ecefc9/distill_methodvanilla_dkd_alpha1.0_dkd_beta8.0_kl_methodkl_mse_normalizeFalse_temperature1.5_weight_ce0.5_weight_kl0.25_weight_mse5.0_zscoreFalse/final_summary.json
raw,H2AFZ,0.5,0.25,5.0,1.0,0.0001,16,,0.5031875610537373,0.46009211515534887,0.37652856363876447,0.6964927705829529,25,125,True,${OG_SCRATCH}/carbon_distillation/deploy_120k/H2AFZ/20260620_174724/c9b7a05b-dc31-4327-a520-bb4daf014f22/distill_methodvanilla_dkd_alpha1.0_dkd_beta8.0_kl_methodkl_mse_normalizeFalse_temperature1.0_weight_ce0.5_weight_kl0.25_weight_mse5.0_zscoreFalse/final_summary.json
raw,H2AFZ,0.5,0.25,5.0,2.0,0.0001,16,,0.5089152179379551,0.47411879142167734,0.40567028521808907,0.7190684345656744,31,131,True,${OG_SCRATCH}/carbon_distillation/deploy_120k/H2AFZ/20260620_175248/d08c2a3a-be77-4bf5-b5e8-4431b7cb8806/distill_methodvanilla_dkd_alpha1.0_dkd_beta8.0_kl_methodkl_mse_normalizeFalse_temperature2.0_weight_ce0.5_weight_kl0.25_weight_mse5.0_zscoreFalse/final_summary.json
raw,H2AFZ,0.5,0.25,5.0,4.0,0.0001,16,,0.5166884090074048,0.48315988482258715,0.41484286828332684,0.7250708192163702,31,131,True,${OG_SCRATCH}/carbon_distillation/deploy_120k/H2AFZ/20260620_180402/4797fe6b-5297-4fe9-a799-9bafa44f5ef9/distill_methodvanilla_dkd_alpha1.0_dkd_beta8.0_kl_methodkl_mse_normalizeFalse_temperature4.0_weight_ce0.5_weight_kl0.25_weight_mse5.0_zscoreFalse/final_summary.json
raw,H2AFZ,0.5,0.5,0.0,0.5,0.0001,16,,0.5080452243025136,0.47625355278413806,0.38046841065615905,0.7158685528181167,28,128,True,${OG_SCRATCH}/carbon_distillation/deploy_120k/H2AFZ/20260620_180712/6197bb7f-ca81-4991-9a02-6726a2305a2c/distill_methodvanilla_dkd_alpha1.0_dkd_beta8.0_kl_methodkl_mse_normalizeFalse_temperature0.5_weight_ce0.5_weight_kl0.5_weight_mse0.0_zscoreFalse/final_summary.json
raw,H2AFZ,0.5,0.5,0.0,1.5,0.0001,16,,0.5198360296889684,0.4934842392949695,0.4372035634823642,0.7255829252814543,39,139,True,${OG_SCRATCH}/carbon_distillation/deploy_120k/H2AFZ/20260620_180947/9ec8a6ab-60c3-4953-804e-6892deaf5b3c/distill_methodvanilla_dkd_alpha1.0_dkd_beta8.0_kl_methodkl_mse_normalizeFalse_temperature1.5_weight_ce0.5_weight_kl0.5_weight_mse0.0_zscoreFalse/final_summary.json
raw,H2AFZ,0.5,0.5,0.0,1.0,0.0001,16,,0.517723487222653,0.47012360134426145,0.3974182660518673,0.7046657616212983,28,128,True,${OG_SCRATCH}/carbon_distillation/deploy_120k/H2AFZ/20260620_180954/557e208a-acc2-44e3-bc00-0d86b7326193/distill_methodvanilla_dkd_alpha1.0_dkd_beta8.0_kl_methodkl_mse_normalizeFalse_temperature1.0_weight_ce0.5_weight_kl0.5_weight_mse0.0_zscoreFalse/final_summary.json
raw,H2AFZ,0.5,0.5,0.0,4.0,0.0001,16,,0.5148471532045904,0.4959699291795024,0.44964486345076987,0.726518935169471,39,139,True,${OG_SCRATCH}/carbon_distillation/deploy_120k/H2AFZ/20260620_181044/b7685e62-8e6b-4f8e-9e7c-384bcc63b2e5/distill_methodvanilla_dkd_alpha1.0_dkd_beta8.0_kl_methodkl_mse_normalizeFalse_temperature4.0_weight_ce0.5_weight_kl0.5_weight_mse0.0_zscoreFalse/final_summary.json
raw,H2AFZ,0.5,0.5,0.0,2.0,0.0001,16,,0.5139245506789639,0.4929115932646555,0.4258401708888981,0.7236571428571428,39,139,True,${OG_SCRATCH}/carbon_distillation/deploy_120k/H2AFZ/20260620_181116/5bb9ff5e-26a0-4eed-8277-444cc2bed951/distill_methodvanilla_dkd_alpha1.0_dkd_beta8.0_kl_methodkl_mse_normalizeFalse_temperature2.0_weight_ce0.5_weight_kl0.5_weight_mse0.0_zscoreFalse/final_summary.json
raw,H2AFZ,0.5,0.5,1.0,1.0,0.0001,16,,0.5085503477353297,0.4705304433123571,0.43258288848071064,0.7088656106431842,14,114,True,${OG_SCRATCH}/carbon_distillation/deploy_120k/H2AFZ/20260620_181234/d4b446b1-ce19-461f-a9d1-8791de1b7bbb/distill_methodvanilla_dkd_alpha1.0_dkd_beta8.0_kl_methodkl_mse_normalizeFalse_temperature1.0_weight_ce0.5_weight_kl0.5_weight_mse1.0_zscoreFalse/final_summary.json
raw,H2AFZ,0.5,0.5,1.0,0.5,0.0001,16,,0.5071247522563148,0.46407879108491656,0.3980152197237089,0.6964936479128856,17,117,True,${OG_SCRATCH}/carbon_distillation/deploy_120k/H2AFZ/20260620_181537/1768a583-d545-43ad-a2a5-7ea4820d2a9b/distill_methodvanilla_dkd_alpha1.0_dkd_beta8.0_kl_methodkl_mse_normalizeFalse_temperature0.5_weight_ce0.5_weight_kl0.5_weight_mse1.0_zscoreFalse/final_summary.json
raw,H2AFZ,0.5,0.5,1.0,1.5,0.0001,16,,0.5128567388543719,0.4794986416514076,0.4201966686025179,0.7270456450121374,34,134,True,${OG_SCRATCH}/carbon_distillation/deploy_120k/H2AFZ/20260620_181938/7f68c77e-05a6-4fd9-8c8b-c51864b08a4e/distill_methodvanilla_dkd_alpha1.0_dkd_beta8.0_kl_methodkl_mse_normalizeFalse_temperature1.5_weight_ce0.5_weight_kl0.5_weight_mse1.0_zscoreFalse/final_summary.json
raw,H2AFZ,0.5,0.5,1.0,2.0,0.0001,16,,0.5103103630798288,0.475380445217043,0.4254546409568212,0.7218822249422004,34,134,True,${OG_SCRATCH}/carbon_distillation/deploy_120k/H2AFZ/20260620_182755/4bf40703-e235-4586-a740-0e1967cc7fb1/distill_methodvanilla_dkd_alpha1.0_dkd_beta8.0_kl_methodkl_mse_normalizeFalse_temperature2.0_weight_ce0.5_weight_kl0.5_weight_mse1.0_zscoreFalse/final_summary.json
raw,H2AFZ,0.5,0.5,1.0,4.0,0.0001,16,,0.5114969279647269,0.49338654540516874,0.4294146715334953,0.7358192598344828,31,131,True,${OG_SCRATCH}/carbon_distillation/deploy_120k/H2AFZ/20260620_183359/699fabcf-f95e-434e-9a1d-9b20692417ff/distill_methodvanilla_dkd_alpha1.0_dkd_beta8.0_kl_methodkl_mse_normalizeFalse_temperature4.0_weight_ce0.5_weight_kl0.5_weight_mse1.0_zscoreFalse/final_summary.json
raw,H2AFZ,0.5,0.5,2.0,0.5,0.0001,16,,0.5070930687224119,0.4638517257019881,0.426161903890208,0.6921449326086928,24,124,True,${OG_SCRATCH}/carbon_distillation/deploy_120k/H2AFZ/20260620_183639/725a4bce-d77e-4f8d-a1f9-1e37293d120b/distill_methodvanilla_dkd_alpha1.0_dkd_beta8.0_kl_methodkl_mse_normalizeFalse_temperature0.5_weight_ce0.5_weight_kl0.5_weight_mse2.0_zscoreFalse/final_summary.json
raw,H2AFZ,0.5,0.5,2.0,1.0,0.0001,16,,0.5092973166240606,0.4704072426015369,0.42233964115453193,0.7062091486701528,14,114,True,${OG_SCRATCH}/carbon_distillation/deploy_120k/H2AFZ/20260620_183640/dd3a5ec1-4a06-4260-b295-fed450f4f07b/distill_methodvanilla_dkd_alpha1.0_dkd_beta8.0_kl_methodkl_mse_normalizeFalse_temperature1.0_weight_ce0.5_weight_kl0.5_weight_mse2.0_zscoreFalse/final_summary.json
raw,H2AFZ,0.5,0.5,2.0,2.0,0.0001,16,,0.5102712650765815,0.491033753490047,0.42247733880687105,0.7308089953472615,31,131,True,${OG_SCRATCH}/carbon_distillation/deploy_120k/H2AFZ/20260620_183641/fbdd21e5-8ecb-42af-8020-96c1c1b8be82/distill_methodvanilla_dkd_alpha1.0_dkd_beta8.0_kl_methodkl_mse_normalizeFalse_temperature2.0_weight_ce0.5_weight_kl0.5_weight_mse2.0_zscoreFalse/final_summary.json
raw,H2AFZ,0.5,0.5,2.0,1.5,0.0001,16,,0.5078228514717588,0.4675206839030613,0.4389078008928867,0.703201373192931,14,114,True,${OG_SCRATCH}/carbon_distillation/deploy_120k/H2AFZ/20260620_183641/f1fb6884-f24b-43b5-baf9-42d655112495/distill_methodvanilla_dkd_alpha1.0_dkd_beta8.0_kl_methodkl_mse_normalizeFalse_temperature1.5_weight_ce0.5_weight_kl0.5_weight_mse2.0_zscoreFalse/final_summary.json
raw,H2AFZ,0.5,0.5,2.0,4.0,0.0001,16,,0.5171145012542264,0.4854007895290127,0.4245333329985438,0.7255361692931046,34,134,True,${OG_SCRATCH}/carbon_distillation/deploy_120k/H2AFZ/20260620_184615/59b17371-caad-4d7d-a110-11fb86600e53/distill_methodvanilla_dkd_alpha1.0_dkd_beta8.0_kl_methodkl_mse_normalizeFalse_temperature4.0_weight_ce0.5_weight_kl0.5_weight_mse2.0_zscoreFalse/final_summary.json
raw,H2AFZ,0.5,0.5,5.0,0.5,0.0001,16,,0.5096918687019902,0.4652495386287918,0.39602432126057313,0.7005543041704376,25,125,True,${OG_SCRATCH}/carbon_distillation/deploy_120k/H2AFZ/20260620_185129/5cf6af54-9356-424c-99e6-ec6a7868180e/distill_methodvanilla_dkd_alpha1.0_dkd_beta8.0_kl_methodkl_mse_normalizeFalse_temperature0.5_weight_ce0.5_weight_kl0.5_weight_mse5.0_zscoreFalse/final_summary.json
raw,H2AFZ,0.5,0.5,5.0,1.5,0.0001,16,,0.5172394287930551,0.4771347899826057,0.41633187226190155,0.7203751065643649,31,131,True,${OG_SCRATCH}/carbon_distillation/deploy_120k/H2AFZ/20260620_185335/957986f4-8306-4830-9eee-a898cd72ecdc/distill_methodvanilla_dkd_alpha1.0_dkd_beta8.0_kl_methodkl_mse_normalizeFalse_temperature1.5_weight_ce0.5_weight_kl0.5_weight_mse5.0_zscoreFalse/final_summary.json
raw,H2AFZ,0.5,0.5,5.0,1.0,0.0001,16,,0.5108597656948386,0.4636369723891821,0.42728039345614227,0.7053468687676986,12,112,True,${OG_SCRATCH}/carbon_distillation/deploy_120k/H2AFZ/20260620_185439/b4d19bc0-c040-4a84-a5b0-e4fdf45bd99c/distill_methodvanilla_dkd_alpha1.0_dkd_beta8.0_kl_methodkl_mse_normalizeFalse_temperature1.0_weight_ce0.5_weight_kl0.5_weight_mse5.0_zscoreFalse/final_summary.json
raw,H2AFZ,0.5,0.5,5.0,2.0,0.0001,16,,0.5134714206389317,0.47480947483193475,0.43002529705083586,0.7230769230769231,31,131,True,${OG_SCRATCH}/carbon_distillation/deploy_120k/H2AFZ/20260620_185746/9fa215dd-c50e-43aa-bf7d-e2d2521ecc61/distill_methodvanilla_dkd_alpha1.0_dkd_beta8.0_kl_methodkl_mse_normalizeFalse_temperature2.0_weight_ce0.5_weight_kl0.5_weight_mse5.0_zscoreFalse/final_summary.json
raw,H2AFZ,0.5,1.0,0.0,0.5,0.0001,16,,0.5121494339690543,0.4764711452469324,0.4159772942635622,0.7099659831531671,41,141,True,${OG_SCRATCH}/carbon_distillation/deploy_120k/H2AFZ/20260620_190124/d5c1754d-1303-4f2d-9eb3-3e8274c0bcd4/distill_methodvanilla_dkd_alpha1.0_dkd_beta8.0_kl_methodkl_mse_normalizeFalse_temperature0.5_weight_ce0.5_weight_kl1.0_weight_mse0.0_zscoreFalse/final_summary.json
raw,H2AFZ,0.5,0.5,5.0,4.0,0.0001,16,,0.5142965037313665,0.48179199273788453,0.442991443210993,0.7274885425427443,34,134,True,${OG_SCRATCH}/carbon_distillation/deploy_120k/H2AFZ/20260620_190134/c7fddd14-787f-4072-a61c-ebf9be4baad9/distill_methodvanilla_dkd_alpha1.0_dkd_beta8.0_kl_methodkl_mse_normalizeFalse_temperature4.0_weight_ce0.5_weight_kl0.5_weight_mse5.0_zscoreFalse/final_summary.json
raw,H2AFZ,0.5,1.0,0.0,1.0,0.0001,16,,0.5230069569220974,0.47732971097405885,0.43215698651946316,0.7097410890514338,52,152,True,${OG_SCRATCH}/carbon_distillation/deploy_120k/H2AFZ/20260620_190256/5577d518-8c05-43ac-8e39-549d8c942a2b/distill_methodvanilla_dkd_alpha1.0_dkd_beta8.0_kl_methodkl_mse_normalizeFalse_temperature1.0_weight_ce0.5_weight_kl1.0_weight_mse0.0_zscoreFalse/final_summary.json
raw,H2AFZ,0.5,1.0,0.0,1.5,0.0001,16,,0.514528784771947,0.49033394644045397,0.44263564416417267,0.7222220952090056,51,151,True,${OG_SCRATCH}/carbon_distillation/deploy_120k/H2AFZ/20260620_191111/4202f56c-8fef-424e-a741-1c7fe2aaead6/distill_methodvanilla_dkd_alpha1.0_dkd_beta8.0_kl_methodkl_mse_normalizeFalse_temperature1.5_weight_ce0.5_weight_kl1.0_weight_mse0.0_zscoreFalse/final_summary.json
raw,H2AFZ,0.5,1.0,0.0,2.0,0.0001,16,,0.5147888713822081,0.4736406979894569,0.41272435817668446,0.7053472880857696,57,157,True,${OG_SCRATCH}/carbon_distillation/deploy_120k/H2AFZ/20260620_191506/6221b8ba-d1e9-4122-9698-a9ced3e9ac55/distill_methodvanilla_dkd_alpha1.0_dkd_beta8.0_kl_methodkl_mse_normalizeFalse_temperature2.0_weight_ce0.5_weight_kl1.0_weight_mse0.0_zscoreFalse/final_summary.json
raw,H2AFZ,0.5,1.0,0.0,4.0,0.0001,16,,0.5210527497032222,0.4940901843518277,0.4622660627567327,0.7305671561363329,71,171,True,${OG_SCRATCH}/carbon_distillation/deploy_120k/H2AFZ/20260620_192521/99150b1e-408d-4544-a3cf-7b23e907f64c/distill_methodvanilla_dkd_alpha1.0_dkd_beta8.0_kl_methodkl_mse_normalizeFalse_temperature4.0_weight_ce0.5_weight_kl1.0_weight_mse0.0_zscoreFalse/final_summary.json
raw,H2AFZ,0.5,1.0,1.0,1.0,0.0001,16,,0.5142148429329023,0.4811135922440492,0.4536436687029711,0.7224777982238579,34,134,True,${OG_SCRATCH}/carbon_distillation/deploy_120k/H2AFZ/20260620_192759/cc9f4fbe-8136-476b-995d-72d320696afd/distill_methodvanilla_dkd_alpha1.0_dkd_beta8.0_kl_methodkl_mse_normalizeFalse_temperature1.0_weight_ce0.5_weight_kl1.0_weight_mse1.0_zscoreFalse/final_summary.json
raw,H2AFZ,0.5,1.0,1.0,0.5,0.0001,16,,0.513054685740039,0.469367996343461,0.42844299788340173,0.7081038571301062,14,114,True,${OG_SCRATCH}/carbon_distillation/deploy_120k/H2AFZ/20260620_192806/271cec9a-40f2-4862-b2e1-7171426731f0/distill_methodvanilla_dkd_alpha1.0_dkd_beta8.0_kl_methodkl_mse_normalizeFalse_temperature0.5_weight_ce0.5_weight_kl1.0_weight_mse1.0_zscoreFalse/final_summary.json
raw,H2AFZ,0.5,1.0,1.0,2.0,0.0001,16,,0.5126540289894866,0.46946329773095746,0.43784527369173576,0.709152606078699,16,116,True,${OG_SCRATCH}/carbon_distillation/deploy_120k/H2AFZ/20260620_193011/48871368-5233-4f09-a1c2-926b4a20fcd3/distill_methodvanilla_dkd_alpha1.0_dkd_beta8.0_kl_methodkl_mse_normalizeFalse_temperature2.0_weight_ce0.5_weight_kl1.0_weight_mse1.0_zscoreFalse/final_summary.json
raw,H2AFZ,0.5,1.0,1.0,1.5,0.0001,16,,0.5106236449153394,0.4726953939708532,0.4567580990227187,0.7114979583064689,16,116,True,${OG_SCRATCH}/carbon_distillation/deploy_120k/H2AFZ/20260620_193222/32571897-0e7b-4309-8055-749f5cbcb602/distill_methodvanilla_dkd_alpha1.0_dkd_beta8.0_kl_methodkl_mse_normalizeFalse_temperature1.5_weight_ce0.5_weight_kl1.0_weight_mse1.0_zscoreFalse/final_summary.json
raw,H2AFZ,0.5,1.0,1.0,4.0,0.0001,16,,0.5145340139671707,0.46342604414075755,0.45272461760367494,0.7059466269025092,16,116,True,${OG_SCRATCH}/carbon_distillation/deploy_120k/H2AFZ/20260620_193353/359bb1df-11fb-4b46-bb45-ede8f2eb1b9e/distill_methodvanilla_dkd_alpha1.0_dkd_beta8.0_kl_methodkl_mse_normalizeFalse_temperature4.0_weight_ce0.5_weight_kl1.0_weight_mse1.0_zscoreFalse/final_summary.json
raw,H2AFZ,0.5,1.0,2.0,0.5,0.0001,16,,0.506141770299379,0.46985603882035515,0.4302270812184314,0.7068960894276488,14,114,True,${OG_SCRATCH}/carbon_distillation/deploy_120k/H2AFZ/20260620_193647/b010ba7d-9af2-4997-b5f8-2b0265576921/distill_methodvanilla_dkd_alpha1.0_dkd_beta8.0_kl_methodkl_mse_normalizeFalse_temperature0.5_weight_ce0.5_weight_kl1.0_weight_mse2.0_zscoreFalse/final_summary.json
raw,H2AFZ,0.5,1.0,2.0,1.5,0.0001,16,,0.5227782865985003,0.48207713014066833,0.4574732384918899,0.7206638649476459,44,144,True,${OG_SCRATCH}/carbon_distillation/deploy_120k/H2AFZ/20260620_194057/a26d436c-87f1-4681-bfc4-2b99e8e2ab66/distill_methodvanilla_dkd_alpha1.0_dkd_beta8.0_kl_methodkl_mse_normalizeFalse_temperature1.5_weight_ce0.5_weight_kl1.0_weight_mse2.0_zscoreFalse/final_summary.json
raw,H2AFZ,0.5,1.0,2.0,1.0,0.0001,16,,0.5111071614705985,0.47808199263785606,0.44717153820803324,0.7138013781564405,16,116,True,${OG_SCRATCH}/carbon_distillation/deploy_120k/H2AFZ/20260620_194159/577965ef-22f9-4f1e-8af8-418b26deb607/distill_methodvanilla_dkd_alpha1.0_dkd_beta8.0_kl_methodkl_mse_normalizeFalse_temperature1.0_weight_ce0.5_weight_kl1.0_weight_mse2.0_zscoreFalse/final_summary.json
raw,H2AFZ,0.5,1.0,2.0,2.0,0.0001,16,,0.5200813924364712,0.47734496361991885,0.43834766989301416,0.7086681266322543,39,139,True,${OG_SCRATCH}/carbon_distillation/deploy_120k/H2AFZ/20260620_194400/6eeec645-6697-4915-801f-9138b0354f96/distill_methodvanilla_dkd_alpha1.0_dkd_beta8.0_kl_methodkl_mse_normalizeFalse_temperature2.0_weight_ce0.5_weight_kl1.0_weight_mse2.0_zscoreFalse/final_summary.json
raw,H2AFZ,0.5,1.0,2.0,4.0,0.0001,16,,0.5137180665381035,0.4753136737101837,0.43635121433613555,0.7081301656465055,45,145,True,${OG_SCRATCH}/carbon_distillation/deploy_120k/H2AFZ/20260620_194512/b2d86cf2-6f2c-41fd-9d37-4c52216f212b/distill_methodvanilla_dkd_alpha1.0_dkd_beta8.0_kl_methodkl_mse_normalizeFalse_temperature4.0_weight_ce0.5_weight_kl1.0_weight_mse2.0_zscoreFalse/final_summary.json
raw,H2AFZ,0.5,1.0,5.0,0.5,0.0001,16,,0.5070382199000659,0.4862617685394677,0.39309191822631956,0.7319979871122462,32,132,True,${OG_SCRATCH}/carbon_distillation/deploy_120k/H2AFZ/20260620_195410/2801efa2-02ac-4d97-9bed-92ab65356cd0/distill_methodvanilla_dkd_alpha1.0_dkd_beta8.0_kl_methodkl_mse_normalizeFalse_temperature0.5_weight_ce0.5_weight_kl1.0_weight_mse5.0_zscoreFalse/final_summary.json
raw,H2AFZ,0.5,1.0,5.0,1.0,0.0001,16,,0.5155645599836779,0.4770398704778242,0.42834500803040454,0.7172460725958727,31,131,True,${OG_SCRATCH}/carbon_distillation/deploy_120k/H2AFZ/20260620_195617/65eae5b2-351e-425b-a193-d920ccb96296/distill_methodvanilla_dkd_alpha1.0_dkd_beta8.0_kl_methodkl_mse_normalizeFalse_temperature1.0_weight_ce0.5_weight_kl1.0_weight_mse5.0_zscoreFalse/final_summary.json
raw,H2AFZ,0.5,1.0,5.0,1.5,0.0001,16,,0.5099690079384734,0.4758097321230691,0.43607891688842554,0.7128041538723116,33,133,True,${OG_SCRATCH}/carbon_distillation/deploy_120k/H2AFZ/20260620_200033/5a294f20-3466-4eef-b177-990875a6d04e/distill_methodvanilla_dkd_alpha1.0_dkd_beta8.0_kl_methodkl_mse_normalizeFalse_temperature1.5_weight_ce0.5_weight_kl1.0_weight_mse5.0_zscoreFalse/final_summary.json
raw,H2AFZ,0.5,1.0,5.0,2.0,0.0001,16,,0.5144394487244925,0.47884844892796574,0.46883698114088207,0.7130712411155707,39,139,True,${OG_SCRATCH}/carbon_distillation/deploy_120k/H2AFZ/20260620_201228/4cf30acb-129f-4472-9b3a-009ed3ac390c/distill_methodvanilla_dkd_alpha1.0_dkd_beta8.0_kl_methodkl_mse_normalizeFalse_temperature2.0_weight_ce0.5_weight_kl1.0_weight_mse5.0_zscoreFalse/final_summary.json
raw,H2AFZ,0.5,1.0,5.0,4.0,0.0001,16,,0.5127107465230765,0.4904096664216025,0.4482927945840926,0.7263441212438854,34,134,True,${OG_SCRATCH}/carbon_distillation/deploy_120k/H2AFZ/20260620_201447/6ea2566e-333a-49e1-a22f-d41a4b91781b/distill_methodvanilla_dkd_alpha1.0_dkd_beta8.0_kl_methodkl_mse_normalizeFalse_temperature4.0_weight_ce0.5_weight_kl1.0_weight_mse5.0_zscoreFalse/final_summary.json
raw,H2AFZ,0.5,1.0,0.0,1.0,0.0001,16,0,0.5196922986596108,0.5034661507531345,0.4373712588037797,0.7349125602784676,59,200,False,${OG_SCRATCH}/carbon_distillation/deploy_120k/H2AFZ/20260623_214513/56835dbe-5682-491f-997e-424f1a57593e/distill_methodvanilla_dkd_alpha1.0_dkd_beta8.0_kl_methodkl_mse_normalizeFalse_temperature1.0_weight_ce0.5_weight_kl1.0_weight_mse0.0_zscoreFalse/final_summary.json
raw,H2AFZ,0.5,1.0,0.0,1.0,0.0001,16,0,0.5196922986596108,0.5034661507531345,0.43343772820616006,0.7349125602784676,59,159,True,${OG_SCRATCH}/carbon_distillation/deploy_120k/H2AFZ/20260623_231833/885ba7e6-61b7-4637-a65a-5a899ecee4fa/distill_methodvanilla_dkd_alpha1.0_dkd_beta8.0_kl_methodkl_mse_normalizeFalse_temperature1.0_weight_ce0.5_weight_kl1.0_weight_mse0.0_zscoreFalse/final_summary.json
raw,H2AFZ,0.5,1.0,0.0,1.0,0.0001,16,1,0.511448959623418,0.49678299927568365,0.4695133895801487,0.730931196041487,43,143,True,${OG_SCRATCH}/carbon_distillation/deploy_120k/H2AFZ/20260623_232813/980a1533-9d52-41af-95b5-0d11d3bd3316/distill_methodvanilla_dkd_alpha1.0_dkd_beta8.0_kl_methodkl_mse_normalizeFalse_temperature1.0_weight_ce0.5_weight_kl1.0_weight_mse0.0_zscoreFalse/final_summary.json
raw,H2AFZ,0.5,1.0,0.0,1.0,0.0001,16,2,0.5228751437411798,0.48008284452180333,0.44400450790405993,0.716980322985486,51,151,True,${OG_SCRATCH}/carbon_distillation/deploy_120k/H2AFZ/20260623_232813/8bbf6b63-3c30-4cd0-a9df-a243a90779be/distill_methodvanilla_dkd_alpha1.0_dkd_beta8.0_kl_methodkl_mse_normalizeFalse_temperature1.0_weight_ce0.5_weight_kl1.0_weight_mse0.0_zscoreFalse/final_summary.json
raw,H3K27ac,0.5,0.5,0.2,2.0,0.0001,16,,0.47521628319765896,0.45715907484228957,0.3806573399302496,0.7060922142700181,38,200,,${OG_SCRATCH}/carbon_distillation/deploy_120k/H3K27ac/20260618_200350/c9a590d5-00bb-4124-9db0-a35682d18db9/distill_methodvanilla_dkd_alpha1.0_dkd_beta8.0_kl_methodkl_mse_normalizeFalse_temperature2.0_weight_ce0.5_weight_kl0.5_weight_mse0.2_zscoreFalse/final_summary.json
l2norm,H3K27ac,0.5,0.5,0.2,2.0,0.0001,16,,0.47220759178533317,0.4603731376583811,0.3836909594389591,0.7152981315482825,42,200,,${OG_SCRATCH}/carbon_distillation/deploy_120k/H3K27ac/20260618_221458/19c72f79-4b44-4735-bf4d-3e0ba762e143/distill_methodvanilla_dkd_alpha1.0_dkd_beta8.0_kl_methodkl_mse_normalizeTrue_temperature2.0_weight_ce0.5_weight_kl0.5_weight_mse0.2_zscoreFalse/final_summary.json
raw,H3K27ac,0.5,0.0,0.0,0.5,0.0001,16,,0.4707704784086727,0.4584279274293197,0.3059587898897188,0.717875230135447,33,133,True,${OG_SCRATCH}/carbon_distillation/deploy_120k/H3K27ac/20260620_201743/41fc7503-59b5-4629-ab3b-5f490e1870ea/distill_methodvanilla_dkd_alpha1.0_dkd_beta8.0_kl_methodkl_mse_normalizeFalse_temperature0.5_weight_ce0.5_weight_kl0.0_weight_mse0.0_zscoreFalse/final_summary.json
raw,H3K27ac,0.5,0.0,0.0,1.5,0.0001,16,,0.47070229993959267,0.46858492265930796,0.3222603476717819,0.7239061318124562,33,133,True,${OG_SCRATCH}/carbon_distillation/deploy_120k/H3K27ac/20260620_202127/902b2677-8c81-4348-893c-66bd9f47481d/distill_methodvanilla_dkd_alpha1.0_dkd_beta8.0_kl_methodkl_mse_normalizeFalse_temperature1.5_weight_ce0.5_weight_kl0.0_weight_mse0.0_zscoreFalse/final_summary.json
raw,H3K27ac,0.5,0.0,0.0,1.0,0.0001,16,,0.4707704784086727,0.4584279274293197,0.3059587898897188,0.717875230135447,33,133,True,${OG_SCRATCH}/carbon_distillation/deploy_120k/H3K27ac/20260620_202133/efbc9b49-12e4-4021-8d0c-7358d35a23f6/distill_methodvanilla_dkd_alpha1.0_dkd_beta8.0_kl_methodkl_mse_normalizeFalse_temperature1.0_weight_ce0.5_weight_kl0.0_weight_mse0.0_zscoreFalse/final_summary.json
raw,H3K27ac,0.5,0.0,0.0,4.0,0.0001,16,,0.47070229993959267,0.46858492265930796,0.3222603476717819,0.7239061318124562,33,133,True,${OG_SCRATCH}/carbon_distillation/deploy_120k/H3K27ac/20260620_202338/2b3ac74e-c9c1-455f-b461-b677e45b6e99/distill_methodvanilla_dkd_alpha1.0_dkd_beta8.0_kl_methodkl_mse_normalizeFalse_temperature4.0_weight_ce0.5_weight_kl0.0_weight_mse0.0_zscoreFalse/final_summary.json
raw,H3K27ac,0.5,0.0,0.0,2.0,0.0001,16,,0.4707704784086727,0.4584279274293197,0.3059587898897188,0.717875230135447,33,133,True,${OG_SCRATCH}/carbon_distillation/deploy_120k/H3K27ac/20260620_202344/fa7232b8-cbfe-41f7-80e2-55cb535dc91e/distill_methodvanilla_dkd_alpha1.0_dkd_beta8.0_kl_methodkl_mse_normalizeFalse_temperature2.0_weight_ce0.5_weight_kl0.0_weight_mse0.0_zscoreFalse/final_summary.json
raw,H3K27ac,0.5,0.0,1.0,0.5,0.0001,16,,0.47507525273684004,0.47294748507718354,0.3366429450184822,0.7187295663559315,21,121,True,${OG_SCRATCH}/carbon_distillation/deploy_120k/H3K27ac/20260620_202720/8dd30054-44df-425d-af30-eaf163550a74/distill_methodvanilla_dkd_alpha1.0_dkd_beta8.0_kl_methodkl_mse_normalizeFalse_temperature0.5_weight_ce0.5_weight_kl0.0_weight_mse1.0_zscoreFalse/final_summary.json
raw,H3K27ac,0.5,0.0,1.0,1.0,0.0001,16,,0.47507525273684004,0.47294748507718354,0.3366429450184822,0.7187295663559315,21,121,True,${OG_SCRATCH}/carbon_distillation/deploy_120k/H3K27ac/20260620_202722/24e094bc-d46f-4929-bbcf-f1d993014880/distill_methodvanilla_dkd_alpha1.0_dkd_beta8.0_kl_methodkl_mse_normalizeFalse_temperature1.0_weight_ce0.5_weight_kl0.0_weight_mse1.0_zscoreFalse/final_summary.json
raw,H3K27ac,0.5,0.0,1.0,1.5,0.0001,16,,0.47507525273684004,0.47294748507718354,0.3366429450184822,0.7187295663559315,21,121,True,${OG_SCRATCH}/carbon_distillation/deploy_120k/H3K27ac/20260620_203128/cb3e7d90-f2e0-482d-953d-3d3c6321b3bd/distill_methodvanilla_dkd_alpha1.0_dkd_beta8.0_kl_methodkl_mse_normalizeFalse_temperature1.5_weight_ce0.5_weight_kl0.0_weight_mse1.0_zscoreFalse/final_summary.json
raw,H3K27ac,0.5,0.0,1.0,2.0,0.0001,16,,0.47507525273684004,0.47294748507718354,0.3366429450184822,0.7187295663559315,21,121,True,${OG_SCRATCH}/carbon_distillation/deploy_120k/H3K27ac/20260620_203224/ec5f399e-eebd-46e5-bc5b-2c1529fafc25/distill_methodvanilla_dkd_alpha1.0_dkd_beta8.0_kl_methodkl_mse_normalizeFalse_temperature2.0_weight_ce0.5_weight_kl0.0_weight_mse1.0_zscoreFalse/final_summary.json
raw,H3K27ac,0.5,0.0,1.0,4.0,0.0001,16,,0.47507525273684004,0.47294748507718354,0.3366429450184822,0.7187295663559315,21,121,True,${OG_SCRATCH}/carbon_distillation/deploy_120k/H3K27ac/20260620_203833/4dd3c463-03c9-404c-ab29-1df6718a6794/distill_methodvanilla_dkd_alpha1.0_dkd_beta8.0_kl_methodkl_mse_normalizeFalse_temperature4.0_weight_ce0.5_weight_kl0.0_weight_mse1.0_zscoreFalse/final_summary.json
raw,H3K27ac,0.5,0.0,2.0,0.5,0.0001,16,,0.4686108822099969,0.47103493663324375,0.33574824201701126,0.7192600244154381,21,121,True,${OG_SCRATCH}/carbon_distillation/deploy_120k/H3K27ac/20260620_204134/346acce0-7813-4509-9958-c2d60a29e350/distill_methodvanilla_dkd_alpha1.0_dkd_beta8.0_kl_methodkl_mse_normalizeFalse_temperature0.5_weight_ce0.5_weight_kl0.0_weight_mse2.0_zscoreFalse/final_summary.json
raw,H3K27ac,0.5,0.0,2.0,1.0,0.0001,16,,0.4686108822099969,0.47103493663324375,0.33574824201701126,0.7192600244154381,21,121,True,${OG_SCRATCH}/carbon_distillation/deploy_120k/H3K27ac/20260620_204134/0961076c-5e8d-49ba-b92d-316f45ba7d37/distill_methodvanilla_dkd_alpha1.0_dkd_beta8.0_kl_methodkl_mse_normalizeFalse_temperature1.0_weight_ce0.5_weight_kl0.0_weight_mse2.0_zscoreFalse/final_summary.json
raw,H3K27ac,0.5,0.0,2.0,1.5,0.0001,16,,0.4686108822099969,0.47103493663324375,0.33574824201701126,0.7192600244154381,21,121,True,${OG_SCRATCH}/carbon_distillation/deploy_120k/H3K27ac/20260620_204342/6b414a8e-050b-474c-82ae-9126a40e20a2/distill_methodvanilla_dkd_alpha1.0_dkd_beta8.0_kl_methodkl_mse_normalizeFalse_temperature1.5_weight_ce0.5_weight_kl0.0_weight_mse2.0_zscoreFalse/final_summary.json
raw,H3K27ac,0.5,0.0,2.0,2.0,0.0001,16,,0.47156359488167593,0.47066464653077306,0.3082260624786342,0.7193632416787266,21,121,True,${OG_SCRATCH}/carbon_distillation/deploy_120k/H3K27ac/20260620_205652/30459679-ec0e-4e29-ae75-3f203167a661/distill_methodvanilla_dkd_alpha1.0_dkd_beta8.0_kl_methodkl_mse_normalizeFalse_temperature2.0_weight_ce0.5_weight_kl0.0_weight_mse2.0_zscoreFalse/final_summary.json
raw,H3K27ac,0.5,0.0,2.0,4.0,0.0001,16,,0.47156359488167593,0.47066464653077306,0.3082260624786342,0.7193632416787266,21,121,True,${OG_SCRATCH}/carbon_distillation/deploy_120k/H3K27ac/20260620_210008/6bf0da78-c421-48d0-8163-f7eafce124c0/distill_methodvanilla_dkd_alpha1.0_dkd_beta8.0_kl_methodkl_mse_normalizeFalse_temperature4.0_weight_ce0.5_weight_kl0.0_weight_mse2.0_zscoreFalse/final_summary.json
raw,H3K27ac,0.5,0.0,5.0,0.5,0.0001,16,,0.4681502483233953,0.46449647075890055,0.30353623355781456,0.7319426731949952,20,120,True,${OG_SCRATCH}/carbon_distillation/deploy_120k/H3K27ac/20260620_210212/1ba2c8f2-a587-487f-bdc5-45edc6896992/distill_methodvanilla_dkd_alpha1.0_dkd_beta8.0_kl_methodkl_mse_normalizeFalse_temperature0.5_weight_ce0.5_weight_kl0.0_weight_mse5.0_zscoreFalse/final_summary.json
raw,H3K27ac,0.5,0.0,5.0,1.5,0.0001,16,,0.46411924239448155,0.4634978826340702,0.30453256836115467,0.7312541096803761,20,120,True,${OG_SCRATCH}/carbon_distillation/deploy_120k/H3K27ac/20260620_210407/ad411614-b756-4ddf-96b9-9175ad2da92a/distill_methodvanilla_dkd_alpha1.0_dkd_beta8.0_kl_methodkl_mse_normalizeFalse_temperature1.5_weight_ce0.5_weight_kl0.0_weight_mse5.0_zscoreFalse/final_summary.json
raw,H3K27ac,0.5,0.0,5.0,1.0,0.0001,16,,0.46411924239448155,0.4634978826340702,0.30453256836115467,0.7312541096803761,20,120,True,${OG_SCRATCH}/carbon_distillation/deploy_120k/H3K27ac/20260620_210407/61d94ea6-b733-4234-a55f-aa30e8f086a8/distill_methodvanilla_dkd_alpha1.0_dkd_beta8.0_kl_methodkl_mse_normalizeFalse_temperature1.0_weight_ce0.5_weight_kl0.0_weight_mse5.0_zscoreFalse/final_summary.json
raw,H3K27ac,0.5,0.0,5.0,4.0,0.0001,16,,0.46411924239448155,0.4634978826340702,0.30453256836115467,0.7312541096803761,20,120,True,${OG_SCRATCH}/carbon_distillation/deploy_120k/H3K27ac/20260620_210657/d173c5bb-4261-4ce5-8a6f-4e44fec2f916/distill_methodvanilla_dkd_alpha1.0_dkd_beta8.0_kl_methodkl_mse_normalizeFalse_temperature4.0_weight_ce0.5_weight_kl0.0_weight_mse5.0_zscoreFalse/final_summary.json
raw,H3K27ac,0.5,0.0,5.0,2.0,0.0001,16,,0.4681502483233953,0.46449647075890055,0.30353623355781456,0.7319426731949952,20,120,True,${OG_SCRATCH}/carbon_distillation/deploy_120k/H3K27ac/20260620_210706/e615c442-f9a0-4687-8788-e95442b8497d/distill_methodvanilla_dkd_alpha1.0_dkd_beta8.0_kl_methodkl_mse_normalizeFalse_temperature2.0_weight_ce0.5_weight_kl0.0_weight_mse5.0_zscoreFalse/final_summary.json
raw,H3K27ac,0.5,0.25,0.0,0.5,0.0001,16,,0.4745196390379966,0.4688272090510285,0.3701628255176131,0.7287518208039512,35,135,True,${OG_SCRATCH}/carbon_distillation/deploy_120k/H3K27ac/20260620_211129/25f4169d-8827-4b09-84f2-81eff019316f/distill_methodvanilla_dkd_alpha1.0_dkd_beta8.0_kl_methodkl_mse_normalizeFalse_temperature0.5_weight_ce0.5_weight_kl0.25_weight_mse0.0_zscoreFalse/final_summary.json
raw,H3K27ac,0.5,0.25,0.0,1.5,0.0001,16,,0.4737398326846937,0.47336449718060697,0.35602723463347485,0.7294351697004262,35,135,True,${OG_SCRATCH}/carbon_distillation/deploy_120k/H3K27ac/20260620_211646/e9afc770-274b-4e5e-b9ae-96aa73281f0c/distill_methodvanilla_dkd_alpha1.0_dkd_beta8.0_kl_methodkl_mse_normalizeFalse_temperature1.5_weight_ce0.5_weight_kl0.25_weight_mse0.0_zscoreFalse/final_summary.json
raw,H3K27ac,0.5,0.25,0.0,1.0,0.0001,16,,0.4774326103095087,0.47889871118735344,0.3277573348925609,0.7259661995352465,30,130,True,${OG_SCRATCH}/carbon_distillation/deploy_120k/H3K27ac/20260620_211646/25b6ed5c-f307-4210-9392-5aa440746aef/distill_methodvanilla_dkd_alpha1.0_dkd_beta8.0_kl_methodkl_mse_normalizeFalse_temperature1.0_weight_ce0.5_weight_kl0.25_weight_mse0.0_zscoreFalse/final_summary.json
raw,H3K27ac,0.5,0.25,0.0,2.0,0.0001,16,,0.4740667699904786,0.47917777618694113,0.30503145799124165,0.724912543728136,30,130,True,${OG_SCRATCH}/carbon_distillation/deploy_120k/H3K27ac/20260620_211646/e23388cb-207d-4bc2-8df5-43004ab8a504/distill_methodvanilla_dkd_alpha1.0_dkd_beta8.0_kl_methodkl_mse_normalizeFalse_temperature2.0_weight_ce0.5_weight_kl0.25_weight_mse0.0_zscoreFalse/final_summary.json
raw,H3K27ac,0.5,0.25,0.0,4.0,0.0001,16,,0.4755433253565315,0.4714092646991413,0.33325220072087847,0.7191558517808747,36,136,True,${OG_SCRATCH}/carbon_distillation/deploy_120k/H3K27ac/20260620_211900/595b04fd-2e5b-472b-8dd5-8832cd1bfa98/distill_methodvanilla_dkd_alpha1.0_dkd_beta8.0_kl_methodkl_mse_normalizeFalse_temperature4.0_weight_ce0.5_weight_kl0.25_weight_mse0.0_zscoreFalse/final_summary.json
raw,H3K27ac,0.5,0.25,1.0,0.5,0.0001,16,,0.47327185271833655,0.45349689182615677,0.4025415142343435,0.7061471248081237,24,124,True,${OG_SCRATCH}/carbon_distillation/deploy_120k/H3K27ac/20260620_211959/8d1b0b27-ef1a-4a0e-a317-c75694f6139a/distill_methodvanilla_dkd_alpha1.0_dkd_beta8.0_kl_methodkl_mse_normalizeFalse_temperature0.5_weight_ce0.5_weight_kl0.25_weight_mse1.0_zscoreFalse/final_summary.json
raw,H3K27ac,0.5,0.25,1.0,1.5,0.0001,16,,0.46341206377818706,0.457903856371589,0.385937787121451,0.7170251844472808,30,130,True,${OG_SCRATCH}/carbon_distillation/deploy_120k/H3K27ac/20260620_212659/a3c4916d-8b5b-49d7-96a1-c1464adf8267/distill_methodvanilla_dkd_alpha1.0_dkd_beta8.0_kl_methodkl_mse_normalizeFalse_temperature1.5_weight_ce0.5_weight_kl0.25_weight_mse1.0_zscoreFalse/final_summary.json
raw,H3K27ac,0.5,0.25,1.0,1.0,0.0001,16,,0.4674482921156332,0.4674559995827476,0.371428751694456,0.7232377013369062,20,120,True,${OG_SCRATCH}/carbon_distillation/deploy_120k/H3K27ac/20260620_212659/bdb175fb-0539-47e2-85f8-1e86722e6862/distill_methodvanilla_dkd_alpha1.0_dkd_beta8.0_kl_methodkl_mse_normalizeFalse_temperature1.0_weight_ce0.5_weight_kl0.25_weight_mse1.0_zscoreFalse/final_summary.json
raw,H3K27ac,0.5,0.25,1.0,2.0,0.0001,16,,0.4651596904827967,0.45109305404457173,0.3797733903662668,0.7099352525666098,20,120,True,${OG_SCRATCH}/carbon_distillation/deploy_120k/H3K27ac/20260620_212910/a51ced56-d6c3-480f-b91c-cbe8c0a268b7/distill_methodvanilla_dkd_alpha1.0_dkd_beta8.0_kl_methodkl_mse_normalizeFalse_temperature2.0_weight_ce0.5_weight_kl0.25_weight_mse1.0_zscoreFalse/final_summary.json
raw,H3K27ac,0.5,0.25,1.0,4.0,0.0001,16,,0.4681968288799279,0.46815077318917325,0.35283405436366144,0.7110658091304323,24,124,True,${OG_SCRATCH}/carbon_distillation/deploy_120k/H3K27ac/20260620_213617/d8961b7f-80b2-4c56-87b1-9df2c08c574c/distill_methodvanilla_dkd_alpha1.0_dkd_beta8.0_kl_methodkl_mse_normalizeFalse_temperature4.0_weight_ce0.5_weight_kl0.25_weight_mse1.0_zscoreFalse/final_summary.json
raw,H3K27ac,0.5,0.25,2.0,0.5,0.0001,16,,0.46906788767777496,0.46131864827223773,0.35132214614204,0.7220248103580533,20,120,True,${OG_SCRATCH}/carbon_distillation/deploy_120k/H3K27ac/20260620_214332/0fcb5184-5826-4580-9ef1-94a6ef5e29d0/distill_methodvanilla_dkd_alpha1.0_dkd_beta8.0_kl_methodkl_mse_normalizeFalse_temperature0.5_weight_ce0.5_weight_kl0.25_weight_mse2.0_zscoreFalse/final_summary.json
raw,H3K27ac,0.5,0.25,2.0,1.0,0.0001,16,,0.47084244762434174,0.456385838930293,0.3418945882669658,0.7214805196812664,23,123,True,${OG_SCRATCH}/carbon_distillation/deploy_120k/H3K27ac/20260620_214740/a1c791ff-7e97-4701-9476-de37bfd17f67/distill_methodvanilla_dkd_alpha1.0_dkd_beta8.0_kl_methodkl_mse_normalizeFalse_temperature1.0_weight_ce0.5_weight_kl0.25_weight_mse2.0_zscoreFalse/final_summary.json
raw,H3K27ac,0.5,0.25,2.0,1.5,0.0001,16,,0.4695851416228286,0.46334162625739084,0.3558650639046352,0.7234243904101207,30,130,True,${OG_SCRATCH}/carbon_distillation/deploy_120k/H3K27ac/20260620_215132/b248a6e7-1aac-4eab-828b-5aff860cfdd8/distill_methodvanilla_dkd_alpha1.0_dkd_beta8.0_kl_methodkl_mse_normalizeFalse_temperature1.5_weight_ce0.5_weight_kl0.25_weight_mse2.0_zscoreFalse/final_summary.json
raw,H3K27ac,0.5,0.25,2.0,4.0,0.0001,16,,0.46965989333893626,0.466665467645924,0.33381891039164474,0.7283857716481523,30,130,True,${OG_SCRATCH}/carbon_distillation/deploy_120k/H3K27ac/20260620_215339/d51372b0-bb59-4ae1-9503-109327595244/distill_methodvanilla_dkd_alpha1.0_dkd_beta8.0_kl_methodkl_mse_normalizeFalse_temperature4.0_weight_ce0.5_weight_kl0.25_weight_mse2.0_zscoreFalse/final_summary.json
raw,H3K27ac,0.5,0.25,2.0,2.0,0.0001,16,,0.46795587939763145,0.4635025388268448,0.3662431954484485,0.7253564757377104,30,130,True,${OG_SCRATCH}/carbon_distillation/deploy_120k/H3K27ac/20260620_215339/a31f8bdf-46a0-4bad-bf47-6f9ab67f508b/distill_methodvanilla_dkd_alpha1.0_dkd_beta8.0_kl_methodkl_mse_normalizeFalse_temperature2.0_weight_ce0.5_weight_kl0.25_weight_mse2.0_zscoreFalse/final_summary.json
raw,H3K27ac,0.5,0.25,5.0,1.0,0.0001,16,,0.46320321829971134,0.46976766083881405,0.3671878133974285,0.7085976917836423,24,124,True,${OG_SCRATCH}/carbon_distillation/deploy_120k/H3K27ac/20260620_215456/f3271d7c-a7fc-4ed8-ab41-df5a544e7f6a/distill_methodvanilla_dkd_alpha1.0_dkd_beta8.0_kl_methodkl_mse_normalizeFalse_temperature1.0_weight_ce0.5_weight_kl0.25_weight_mse5.0_zscoreFalse/final_summary.json
raw,H3K27ac,0.5,0.25,5.0,0.5,0.0001,16,,0.4669244633678989,0.436029030637681,0.3918035806635957,0.6852745797253184,26,126,True,${OG_SCRATCH}/carbon_distillation/deploy_120k/H3K27ac/20260620_215558/f8964c67-9ad6-4b85-a0f6-c11b5575df2c/distill_methodvanilla_dkd_alpha1.0_dkd_beta8.0_kl_methodkl_mse_normalizeFalse_temperature0.5_weight_ce0.5_weight_kl0.25_weight_mse5.0_zscoreFalse/final_summary.json
raw,H3K27ac,0.5,0.25,5.0,1.5,0.0001,16,,0.46637284611894386,0.4594132891053273,0.345812975715528,0.7054367841043032,24,124,True,${OG_SCRATCH}/carbon_distillation/deploy_120k/H3K27ac/20260620_220305/c613ff60-8a69-4162-8cdd-da4645c32414/distill_methodvanilla_dkd_alpha1.0_dkd_beta8.0_kl_methodkl_mse_normalizeFalse_temperature1.5_weight_ce0.5_weight_kl0.25_weight_mse5.0_zscoreFalse/final_summary.json
raw,H3K27ac,0.5,0.25,5.0,2.0,0.0001,16,,0.46990897293242306,0.4605096268970982,0.4088836724798879,0.7232541894312177,23,123,True,${OG_SCRATCH}/carbon_distillation/deploy_120k/H3K27ac/20260620_220615/3422f707-c736-4b93-92ba-a6b3d97048c6/distill_methodvanilla_dkd_alpha1.0_dkd_beta8.0_kl_methodkl_mse_normalizeFalse_temperature2.0_weight_ce0.5_weight_kl0.25_weight_mse5.0_zscoreFalse/final_summary.json
raw,H3K27ac,0.5,0.25,5.0,4.0,0.0001,16,,0.4803556316936508,0.46145670198291433,0.37749909486473776,0.7229783250800721,33,133,True,${OG_SCRATCH}/carbon_distillation/deploy_120k/H3K27ac/20260620_221019/d0764515-a4ae-4128-bcff-33d017c833ed/distill_methodvanilla_dkd_alpha1.0_dkd_beta8.0_kl_methodkl_mse_normalizeFalse_temperature4.0_weight_ce0.5_weight_kl0.25_weight_mse5.0_zscoreFalse/final_summary.json
raw,H3K27ac,0.5,0.5,0.0,0.5,0.0001,16,,0.47696828536857755,0.4682980018382694,0.40325625771997076,0.7239871558379449,29,129,True,${OG_SCRATCH}/carbon_distillation/deploy_120k/H3K27ac/20260620_221019/b69545fb-cb3a-49a9-9e48-d02e2223c298/distill_methodvanilla_dkd_alpha1.0_dkd_beta8.0_kl_methodkl_mse_normalizeFalse_temperature0.5_weight_ce0.5_weight_kl0.5_weight_mse0.0_zscoreFalse/final_summary.json
raw,H3K27ac,0.5,0.5,0.0,1.0,0.0001,16,,0.47628686674988985,0.4630003392135114,0.3836833476126604,0.7064463594898636,32,132,True,${OG_SCRATCH}/carbon_distillation/deploy_120k/H3K27ac/20260620_221432/30e1bc34-e7a7-439f-beba-e6b241dea692/distill_methodvanilla_dkd_alpha1.0_dkd_beta8.0_kl_methodkl_mse_normalizeFalse_temperature1.0_weight_ce0.5_weight_kl0.5_weight_mse0.0_zscoreFalse/final_summary.json
raw,H3K27ac,0.5,0.5,0.0,1.5,0.0001,16,,0.4759787153110758,0.47990408246313354,0.35001639661564893,0.7237370175074161,40,140,True,${OG_SCRATCH}/carbon_distillation/deploy_120k/H3K27ac/20260620_221826/a04dbd8b-5698-4e55-9135-d4aafd32697b/distill_methodvanilla_dkd_alpha1.0_dkd_beta8.0_kl_methodkl_mse_normalizeFalse_temperature1.5_weight_ce0.5_weight_kl0.5_weight_mse0.0_zscoreFalse/final_summary.json
raw,H3K27ac,0.5,0.5,1.0,0.5,0.0001,16,,0.46678770550946136,0.45915552115191866,0.39267447355301166,0.7166582505750996,22,122,True,${OG_SCRATCH}/carbon_distillation/deploy_120k/H3K27ac/20260620_221954/f4a3368c-140b-4f10-b9fd-944be7972725/distill_methodvanilla_dkd_alpha1.0_dkd_beta8.0_kl_methodkl_mse_normalizeFalse_temperature0.5_weight_ce0.5_weight_kl0.5_weight_mse1.0_zscoreFalse/final_summary.json
raw,H3K27ac,0.5,0.5,0.0,2.0,0.0001,16,,0.4739333142268509,0.4751372726794632,0.3388911999952001,0.7230680708756241,40,140,True,${OG_SCRATCH}/carbon_distillation/deploy_120k/H3K27ac/20260620_222031/a4a57dd0-7c36-4ae3-a7ee-4f6008b80a5f/distill_methodvanilla_dkd_alpha1.0_dkd_beta8.0_kl_methodkl_mse_normalizeFalse_temperature2.0_weight_ce0.5_weight_kl0.5_weight_mse0.0_zscoreFalse/final_summary.json
raw,H3K27ac,0.5,0.5,0.0,4.0,0.0001,16,,0.4745013379720758,0.4586407683149373,0.3553542976091162,0.7036132102640159,48,148,True,${OG_SCRATCH}/carbon_distillation/deploy_120k/H3K27ac/20260620_222031/93b8d545-8855-40d8-a9d9-81e8242f8643/distill_methodvanilla_dkd_alpha1.0_dkd_beta8.0_kl_methodkl_mse_normalizeFalse_temperature4.0_weight_ce0.5_weight_kl0.5_weight_mse0.0_zscoreFalse/final_summary.json
raw,H3K27ac,0.5,0.5,1.0,1.0,0.0001,16,,0.4736655885911532,0.4512988712211228,0.38676905837325315,0.7119120575620392,32,132,True,${OG_SCRATCH}/carbon_distillation/deploy_120k/H3K27ac/20260620_222858/b5028490-d99e-4434-bb9a-8eb745f750d8/distill_methodvanilla_dkd_alpha1.0_dkd_beta8.0_kl_methodkl_mse_normalizeFalse_temperature1.0_weight_ce0.5_weight_kl0.5_weight_mse1.0_zscoreFalse/final_summary.json
raw,H3K27ac,0.5,0.5,1.0,1.5,0.0001,16,,0.47287537893996356,0.4640454894577508,0.3616253207479442,0.7142398959868603,30,130,True,${OG_SCRATCH}/carbon_distillation/deploy_120k/H3K27ac/20260620_223756/2e10f46f-0e4e-420a-8796-c7023efeecba/distill_methodvanilla_dkd_alpha1.0_dkd_beta8.0_kl_methodkl_mse_normalizeFalse_temperature1.5_weight_ce0.5_weight_kl0.5_weight_mse1.0_zscoreFalse/final_summary.json
raw,H3K27ac,0.5,0.5,1.0,2.0,0.0001,16,,0.48112085595477466,0.46957579819884293,0.3864571369099018,0.7176786170351115,32,132,True,${OG_SCRATCH}/carbon_distillation/deploy_120k/H3K27ac/20260620_224108/fa14402d-8458-45fd-908e-bd49adb784ee/distill_methodvanilla_dkd_alpha1.0_dkd_beta8.0_kl_methodkl_mse_normalizeFalse_temperature2.0_weight_ce0.5_weight_kl0.5_weight_mse1.0_zscoreFalse/final_summary.json
raw,H3K27ac,0.5,0.5,1.0,4.0,0.0001,16,,0.47775526513000605,0.46844580003030684,0.3961553233360908,0.7099752535913917,33,133,True,${OG_SCRATCH}/carbon_distillation/deploy_120k/H3K27ac/20260620_224304/d8c916cd-d219-4a36-93d9-09fc3ea88af8/distill_methodvanilla_dkd_alpha1.0_dkd_beta8.0_kl_methodkl_mse_normalizeFalse_temperature4.0_weight_ce0.5_weight_kl0.5_weight_mse1.0_zscoreFalse/final_summary.json
raw,H3K27ac,0.5,0.5,2.0,0.5,0.0001,16,,0.47445173717766337,0.45546708671471253,0.3943016371367966,0.7147220651521169,25,125,True,${OG_SCRATCH}/carbon_distillation/deploy_120k/H3K27ac/20260620_224513/c27a76c6-a237-48fb-8300-dd70b1f78f0f/distill_methodvanilla_dkd_alpha1.0_dkd_beta8.0_kl_methodkl_mse_normalizeFalse_temperature0.5_weight_ce0.5_weight_kl0.5_weight_mse2.0_zscoreFalse/final_summary.json
raw,H3K27ac,0.5,0.5,2.0,1.5,0.0001,16,,0.47156221456165054,0.4739913147585686,0.3516247437755379,0.7214114409355399,30,130,True,${OG_SCRATCH}/carbon_distillation/deploy_120k/H3K27ac/20260620_224630/51761c09-68ea-4601-afc1-951ba3ca9126/distill_methodvanilla_dkd_alpha1.0_dkd_beta8.0_kl_methodkl_mse_normalizeFalse_temperature1.5_weight_ce0.5_weight_kl0.5_weight_mse2.0_zscoreFalse/final_summary.json
raw,H3K27ac,0.5,0.5,2.0,1.0,0.0001,16,,0.47627250649223707,0.46125254501218693,0.38329026526074494,0.7170514204870052,32,132,True,${OG_SCRATCH}/carbon_distillation/deploy_120k/H3K27ac/20260620_224714/7607a4e7-7677-46b1-a744-446507958e51/distill_methodvanilla_dkd_alpha1.0_dkd_beta8.0_kl_methodkl_mse_normalizeFalse_temperature1.0_weight_ce0.5_weight_kl0.5_weight_mse2.0_zscoreFalse/final_summary.json
raw,H3K27ac,0.5,0.5,2.0,2.0,0.0001,16,,0.4832456863929829,0.470845044530788,0.373240735226405,0.7163276758726234,32,132,True,${OG_SCRATCH}/carbon_distillation/deploy_120k/H3K27ac/20260620_225138/f929972c-58ed-415b-8a87-0d50f7f03686/distill_methodvanilla_dkd_alpha1.0_dkd_beta8.0_kl_methodkl_mse_normalizeFalse_temperature2.0_weight_ce0.5_weight_kl0.5_weight_mse2.0_zscoreFalse/final_summary.json
raw,H3K27ac,0.5,0.5,2.0,4.0,0.0001,16,,0.47248047941315274,0.479514364569182,0.3671761311145044,0.7149564645135162,33,133,True,${OG_SCRATCH}/carbon_distillation/deploy_120k/H3K27ac/20260620_225744/0ec8208e-9329-4eca-ae06-39ce30c1dc48/distill_methodvanilla_dkd_alpha1.0_dkd_beta8.0_kl_methodkl_mse_normalizeFalse_temperature4.0_weight_ce0.5_weight_kl0.5_weight_mse2.0_zscoreFalse/final_summary.json
raw,H3K27ac,0.5,0.5,5.0,1.0,0.0001,16,,0.4692821592315714,0.46571368849531775,0.38929125722092595,0.7107436582846418,24,124,True,${OG_SCRATCH}/carbon_distillation/deploy_120k/H3K27ac/20260620_230247/dc8a169c-8328-44b1-ba87-76aa84113d16/distill_methodvanilla_dkd_alpha1.0_dkd_beta8.0_kl_methodkl_mse_normalizeFalse_temperature1.0_weight_ce0.5_weight_kl0.5_weight_mse5.0_zscoreFalse/final_summary.json
raw,H3K27ac,0.5,0.5,5.0,0.5,0.0001,16,,0.46621365769701617,0.45592475462865745,0.36093739967384914,0.7206179765503078,23,123,True,${OG_SCRATCH}/carbon_distillation/deploy_120k/H3K27ac/20260620_230349/a9982aa4-f6c6-4973-bc8c-ceb37ad17b97/distill_methodvanilla_dkd_alpha1.0_dkd_beta8.0_kl_methodkl_mse_normalizeFalse_temperature0.5_weight_ce0.5_weight_kl0.5_weight_mse5.0_zscoreFalse/final_summary.json
raw,H3K27ac,0.5,0.5,5.0,2.0,0.0001,16,,0.4714787285082629,0.46400780417247484,0.37281316674929327,0.7261975749197127,29,129,True,${OG_SCRATCH}/carbon_distillation/deploy_120k/H3K27ac/20260620_231031/79657f3b-72f2-4b68-a497-aa738a5da7b8/distill_methodvanilla_dkd_alpha1.0_dkd_beta8.0_kl_methodkl_mse_normalizeFalse_temperature2.0_weight_ce0.5_weight_kl0.5_weight_mse5.0_zscoreFalse/final_summary.json
raw,H3K27ac,0.5,0.5,5.0,1.5,0.0001,16,,0.47099611262530683,0.4703220018507459,0.3565320063712126,0.7263703047584286,25,125,True,${OG_SCRATCH}/carbon_distillation/deploy_120k/H3K27ac/20260620_231036/2e60bcf0-fa55-4582-a61b-fe4ebb3c4294/distill_methodvanilla_dkd_alpha1.0_dkd_beta8.0_kl_methodkl_mse_normalizeFalse_temperature1.5_weight_ce0.5_weight_kl0.5_weight_mse5.0_zscoreFalse/final_summary.json
raw,H3K27ac,0.5,1.0,0.0,0.5,0.0001,16,,0.4722503046315057,0.45285199645972224,0.3780948328820939,0.6949642653475034,36,136,True,${OG_SCRATCH}/carbon_distillation/deploy_120k/H3K27ac/20260620_231242/18caa30f-6857-47f7-8527-842dc9cf05e1/distill_methodvanilla_dkd_alpha1.0_dkd_beta8.0_kl_methodkl_mse_normalizeFalse_temperature0.5_weight_ce0.5_weight_kl1.0_weight_mse0.0_zscoreFalse/final_summary.json
raw,H3K27ac,0.5,0.5,5.0,4.0,0.0001,16,,0.4736586863073301,0.4621596405604246,0.35325788053185236,0.7147811576546979,34,134,True,${OG_SCRATCH}/carbon_distillation/deploy_120k/H3K27ac/20260620_231254/9e96525c-f8e2-400b-83a1-f9398950af1d/distill_methodvanilla_dkd_alpha1.0_dkd_beta8.0_kl_methodkl_mse_normalizeFalse_temperature4.0_weight_ce0.5_weight_kl0.5_weight_mse5.0_zscoreFalse/final_summary.json
raw,H3K27ac,0.5,1.0,0.0,1.0,0.0001,16,,0.4742706617231787,0.47171120124346394,0.3837550339231327,0.712085999382942,43,143,True,${OG_SCRATCH}/carbon_distillation/deploy_120k/H3K27ac/20260620_231415/100ec9c9-084f-4dd9-8950-cf8ba3fe89be/distill_methodvanilla_dkd_alpha1.0_dkd_beta8.0_kl_methodkl_mse_normalizeFalse_temperature1.0_weight_ce0.5_weight_kl1.0_weight_mse0.0_zscoreFalse/final_summary.json
raw,H3K27ac,0.5,1.0,0.0,1.5,0.0001,16,,0.47979603379876007,0.4525640287311537,0.37321259785305344,0.6803037916680715,54,154,True,${OG_SCRATCH}/carbon_distillation/deploy_120k/H3K27ac/20260620_232027/455e4e3e-1703-44a4-974c-f81672851fac/distill_methodvanilla_dkd_alpha1.0_dkd_beta8.0_kl_methodkl_mse_normalizeFalse_temperature1.5_weight_ce0.5_weight_kl1.0_weight_mse0.0_zscoreFalse/final_summary.json
raw,H3K27ac,0.5,1.0,0.0,2.0,0.0001,16,,0.4732296868758444,0.4599161357131072,0.3769755519031533,0.6970680224389912,43,143,True,${OG_SCRATCH}/carbon_distillation/deploy_120k/H3K27ac/20260620_232323/070cd042-eeb2-44ff-895c-7fb10af22095/distill_methodvanilla_dkd_alpha1.0_dkd_beta8.0_kl_methodkl_mse_normalizeFalse_temperature2.0_weight_ce0.5_weight_kl1.0_weight_mse0.0_zscoreFalse/final_summary.json
raw,H3K27ac,0.5,1.0,0.0,4.0,0.0001,16,,0.47478302950019946,0.43678732096792083,0.3546337901415191,0.6893088255021135,68,168,True,${OG_SCRATCH}/carbon_distillation/deploy_120k/H3K27ac/20260620_233131/5d080439-8860-427e-b3a0-46f4efa081f6/distill_methodvanilla_dkd_alpha1.0_dkd_beta8.0_kl_methodkl_mse_normalizeFalse_temperature4.0_weight_ce0.5_weight_kl1.0_weight_mse0.0_zscoreFalse/final_summary.json
raw,H3K27ac,0.5,1.0,1.0,1.0,0.0001,16,,0.4666942234977339,0.46261974996283484,0.36006533516051176,0.7126346495138074,35,135,True,${OG_SCRATCH}/carbon_distillation/deploy_120k/H3K27ac/20260620_233633/c21778ef-957c-41e0-b857-126c348f0123/distill_methodvanilla_dkd_alpha1.0_dkd_beta8.0_kl_methodkl_mse_normalizeFalse_temperature1.0_weight_ce0.5_weight_kl1.0_weight_mse1.0_zscoreFalse/final_summary.json
raw,H3K27ac,0.5,1.0,1.0,0.5,0.0001,16,,0.479760403728501,0.4530276579176791,0.4022109461006118,0.7154494961803932,29,129,True,${OG_SCRATCH}/carbon_distillation/deploy_120k/H3K27ac/20260620_233633/b06c9dc5-c327-4242-b918-2a22a2192737/distill_methodvanilla_dkd_alpha1.0_dkd_beta8.0_kl_methodkl_mse_normalizeFalse_temperature0.5_weight_ce0.5_weight_kl1.0_weight_mse1.0_zscoreFalse/final_summary.json
raw,H3K27ac,0.5,1.0,1.0,1.5,0.0001,16,,0.469616041652221,0.4610919290284311,0.36848802433381056,0.7029070877860064,33,133,True,${OG_SCRATCH}/carbon_distillation/deploy_120k/H3K27ac/20260620_233855/08d9f6ea-297d-49cd-99ff-02a26faa2dc9/distill_methodvanilla_dkd_alpha1.0_dkd_beta8.0_kl_methodkl_mse_normalizeFalse_temperature1.5_weight_ce0.5_weight_kl1.0_weight_mse1.0_zscoreFalse/final_summary.json
raw,H3K27ac,0.5,1.0,1.0,2.0,0.0001,16,,0.4713828260211289,0.458280756094278,0.39356674107040823,0.6965022960525159,29,129,True,${OG_SCRATCH}/carbon_distillation/deploy_120k/H3K27ac/20260620_234047/6486515a-929a-43a3-9e02-c4f818d9755e/distill_methodvanilla_dkd_alpha1.0_dkd_beta8.0_kl_methodkl_mse_normalizeFalse_temperature2.0_weight_ce0.5_weight_kl1.0_weight_mse1.0_zscoreFalse/final_summary.json
raw,H3K27ac,0.5,1.0,1.0,4.0,0.0001,16,,0.4663475817564775,0.46076708171874325,0.36860436624198517,0.6937171933927413,40,140,True,${OG_SCRATCH}/carbon_distillation/deploy_120k/H3K27ac/20260620_234556/360511a3-3f98-41fb-898f-d236d401a2db/distill_methodvanilla_dkd_alpha1.0_dkd_beta8.0_kl_methodkl_mse_normalizeFalse_temperature4.0_weight_ce0.5_weight_kl1.0_weight_mse1.0_zscoreFalse/final_summary.json
raw,H3K27ac,0.5,1.0,2.0,1.0,0.0001,16,,0.47675856190940236,0.4661794825182499,0.3743069706073387,0.7126274707289437,35,135,True,${OG_SCRATCH}/carbon_distillation/deploy_120k/H3K27ac/20260620_235111/a5484abf-7da2-4422-b317-8279bd9368d2/distill_methodvanilla_dkd_alpha1.0_dkd_beta8.0_kl_methodkl_mse_normalizeFalse_temperature1.0_weight_ce0.5_weight_kl1.0_weight_mse2.0_zscoreFalse/final_summary.json
raw,H3K27ac,0.5,1.0,2.0,0.5,0.0001,16,,0.4868982728277996,0.4647855477246295,0.4032283321081039,0.7039016683393118,33,133,True,${OG_SCRATCH}/carbon_distillation/deploy_120k/H3K27ac/20260620_235111/994bbd89-cd35-43d5-a1aa-eeb22e279b04/distill_methodvanilla_dkd_alpha1.0_dkd_beta8.0_kl_methodkl_mse_normalizeFalse_temperature0.5_weight_ce0.5_weight_kl1.0_weight_mse2.0_zscoreFalse/final_summary.json
raw,H3K27ac,0.5,1.0,2.0,1.5,0.0001,16,,0.48055555555555557,0.4653034119988363,0.3739795741955566,0.7037556641157021,33,133,True,${OG_SCRATCH}/carbon_distillation/deploy_120k/H3K27ac/20260620_235922/7184998e-f129-4378-b7cb-e7a195a64e31/distill_methodvanilla_dkd_alpha1.0_dkd_beta8.0_kl_methodkl_mse_normalizeFalse_temperature1.5_weight_ce0.5_weight_kl1.0_weight_mse2.0_zscoreFalse/final_summary.json
raw,H3K27ac,0.5,1.0,2.0,2.0,0.0001,16,,0.4801708593177292,0.46688914835124473,0.37207839277298627,0.7094020269295571,33,133,True,${OG_SCRATCH}/carbon_distillation/deploy_120k/H3K27ac/20260621_000315/64d4443e-613e-4b35-86ed-35863acde138/distill_methodvanilla_dkd_alpha1.0_dkd_beta8.0_kl_methodkl_mse_normalizeFalse_temperature2.0_weight_ce0.5_weight_kl1.0_weight_mse2.0_zscoreFalse/final_summary.json
raw,H3K27ac,0.5,1.0,2.0,4.0,0.0001,16,,0.469196393195372,0.46636987318306955,0.3929970716983942,0.7115667165087677,38,138,True,${OG_SCRATCH}/carbon_distillation/deploy_120k/H3K27ac/20260621_000521/31064bca-7ee5-46e7-9315-0f8d84e7e842/distill_methodvanilla_dkd_alpha1.0_dkd_beta8.0_kl_methodkl_mse_normalizeFalse_temperature4.0_weight_ce0.5_weight_kl1.0_weight_mse2.0_zscoreFalse/final_summary.json
raw,H3K27ac,0.5,1.0,5.0,1.0,0.0001,16,,0.4760052275613332,0.45925607031964255,0.3448846802458217,0.7044595185164073,35,135,True,${OG_SCRATCH}/carbon_distillation/deploy_120k/H3K27ac/20260621_000807/56f7ed32-9d5e-4619-92ad-27a6e98a73b0/distill_methodvanilla_dkd_alpha1.0_dkd_beta8.0_kl_methodkl_mse_normalizeFalse_temperature1.0_weight_ce0.5_weight_kl1.0_weight_mse5.0_zscoreFalse/final_summary.json
raw,H3K27ac,0.5,1.0,5.0,0.5,0.0001,16,,0.4735684626781645,0.470741620382321,0.40728110068351864,0.71735311096052,30,130,True,${OG_SCRATCH}/carbon_distillation/deploy_120k/H3K27ac/20260621_000815/529373d1-8429-408f-bf92-f451910be482/distill_methodvanilla_dkd_alpha1.0_dkd_beta8.0_kl_methodkl_mse_normalizeFalse_temperature0.5_weight_ce0.5_weight_kl1.0_weight_mse5.0_zscoreFalse/final_summary.json
raw,H3K27ac,0.5,1.0,5.0,1.5,0.0001,16,,0.48082631064768383,0.4584875654672994,0.3890482068048311,0.7077464081181554,31,131,True,${OG_SCRATCH}/carbon_distillation/deploy_120k/H3K27ac/20260621_001038/496944c6-578b-4820-8986-12de0e61b585/distill_methodvanilla_dkd_alpha1.0_dkd_beta8.0_kl_methodkl_mse_normalizeFalse_temperature1.5_weight_ce0.5_weight_kl1.0_weight_mse5.0_zscoreFalse/final_summary.json
raw,H3K27ac,0.5,1.0,5.0,2.0,0.0001,16,,0.4679521432164943,0.4483722982749914,0.382963163476441,0.7004605508350819,31,131,True,${OG_SCRATCH}/carbon_distillation/deploy_120k/H3K27ac/20260621_001353/e8252eb6-a387-48be-b4c1-2c375a6465fc/distill_methodvanilla_dkd_alpha1.0_dkd_beta8.0_kl_methodkl_mse_normalizeFalse_temperature2.0_weight_ce0.5_weight_kl1.0_weight_mse5.0_zscoreFalse/final_summary.json
raw,H3K27ac,0.5,1.0,5.0,4.0,0.0001,16,,0.47198084682496594,0.4673570347382724,0.4240765364998985,0.7092705786712754,38,138,True,${OG_SCRATCH}/carbon_distillation/deploy_120k/H3K27ac/20260621_001601/7d3b40f8-7b08-4742-9ca2-9b22612c6a55/distill_methodvanilla_dkd_alpha1.0_dkd_beta8.0_kl_methodkl_mse_normalizeFalse_temperature4.0_weight_ce0.5_weight_kl1.0_weight_mse5.0_zscoreFalse/final_summary.json
raw,H3K27ac,0.5,1.0,2.0,0.5,0.0001,16,0,0.4652271870210089,0.4605124152374327,0.38036923200688016,0.7020478488368397,29,129,True,${OG_SCRATCH}/carbon_distillation/deploy_120k/H3K27ac/20260623_232814/ef552c8c-94b0-430f-9d24-3a45bb93c226/distill_methodvanilla_dkd_alpha1.0_dkd_beta8.0_kl_methodkl_mse_normalizeFalse_temperature0.5_weight_ce0.5_weight_kl1.0_weight_mse2.0_zscoreFalse/final_summary.json
raw,H3K27ac,0.5,1.0,2.0,0.5,0.0001,16,1,0.46831261993765827,0.46561112677813277,0.41422122226186564,0.7187981846670537,25,125,True,${OG_SCRATCH}/carbon_distillation/deploy_120k/H3K27ac/20260623_232826/cb8eb188-5eb3-477d-9bef-5910f5c2296d/distill_methodvanilla_dkd_alpha1.0_dkd_beta8.0_kl_methodkl_mse_normalizeFalse_temperature0.5_weight_ce0.5_weight_kl1.0_weight_mse2.0_zscoreFalse/final_summary.json
raw,H3K27ac,0.5,1.0,2.0,0.5,0.0001,16,2,0.4651532761568603,0.4683761974811664,0.38372154422485083,0.7140173949155502,34,134,True,${OG_SCRATCH}/carbon_distillation/deploy_120k/H3K27ac/20260624_001709/48069070-b84a-42f6-b40d-712bd65f9fc9/distill_methodvanilla_dkd_alpha1.0_dkd_beta8.0_kl_methodkl_mse_normalizeFalse_temperature0.5_weight_ce0.5_weight_kl1.0_weight_mse2.0_zscoreFalse/final_summary.json
raw,H3K4me1,0.5,0.5,0.2,2.0,0.0001,16,,0.4964261334608172,0.4816863262653664,0.3753313076947366,0.7234991579809749,36,200,,${OG_SCRATCH}/carbon_distillation/deploy_120k/H3K4me1/20260618_200738/f86aacd6-8f9d-48ee-aced-a7b8ccfed412/distill_methodvanilla_dkd_alpha1.0_dkd_beta8.0_kl_methodkl_mse_normalizeFalse_temperature2.0_weight_ce0.5_weight_kl0.5_weight_mse0.2_zscoreFalse/final_summary.json
l2norm,H3K4me1,0.5,0.5,0.2,2.0,0.0001,16,,0.4969746940134891,0.47540361557498517,0.3867221924312846,0.7268677826842298,46,200,,${OG_SCRATCH}/carbon_distillation/deploy_120k/H3K4me1/20260618_223504/a6e3c5bd-7b7c-4d23-bbe6-75a10f9bd671/distill_methodvanilla_dkd_alpha1.0_dkd_beta8.0_kl_methodkl_mse_normalizeTrue_temperature2.0_weight_ce0.5_weight_kl0.5_weight_mse0.2_zscoreFalse/final_summary.json
raw,H3K4me1,0.5,0.0,0.0,0.5,0.0001,16,,0.47672765243498966,0.4527262427260994,0.31534097577165265,0.7201230202852502,46,146,True,${OG_SCRATCH}/carbon_distillation/deploy_120k/H3K4me1/20260621_002502/ccd3c78a-09f9-49ed-b77a-a6c457ec4245/distill_methodvanilla_dkd_alpha1.0_dkd_beta8.0_kl_methodkl_mse_normalizeFalse_temperature0.5_weight_ce0.5_weight_kl0.0_weight_mse0.0_zscoreFalse/final_summary.json
raw,H3K4me1,0.5,0.0,0.0,1.0,0.0001,16,,0.4788839195970935,0.44191170616489467,0.3228888349597025,0.71924082719674,44,144,True,${OG_SCRATCH}/carbon_distillation/deploy_120k/H3K4me1/20260621_002959/81f905f6-c7ae-4f8f-930f-238a0b23be31/distill_methodvanilla_dkd_alpha1.0_dkd_beta8.0_kl_methodkl_mse_normalizeFalse_temperature1.0_weight_ce0.5_weight_kl0.0_weight_mse0.0_zscoreFalse/final_summary.json
raw,H3K4me1,0.5,0.0,0.0,1.5,0.0001,16,,0.4788839195970935,0.44191170616489467,0.3228888349597025,0.71924082719674,44,144,True,${OG_SCRATCH}/carbon_distillation/deploy_120k/H3K4me1/20260621_003404/1df37446-8a8d-4646-8ebd-72805dcb28bd/distill_methodvanilla_dkd_alpha1.0_dkd_beta8.0_kl_methodkl_mse_normalizeFalse_temperature1.5_weight_ce0.5_weight_kl0.0_weight_mse0.0_zscoreFalse/final_summary.json
raw,H3K4me1,0.5,0.0,1.0,0.5,0.0001,16,,0.47235831886886004,0.4546485069333415,0.2781616670011036,0.7195151387658396,23,123,True,${OG_SCRATCH}/carbon_distillation/deploy_120k/H3K4me1/20260621_003530/43df5ebe-2c60-4ba5-a872-5c4df5770dfc/distill_methodvanilla_dkd_alpha1.0_dkd_beta8.0_kl_methodkl_mse_normalizeFalse_temperature0.5_weight_ce0.5_weight_kl0.0_weight_mse1.0_zscoreFalse/final_summary.json
raw,H3K4me1,0.5,0.0,0.0,4.0,0.0001,16,,0.4788839195970935,0.44191170616489467,0.3228888349597025,0.71924082719674,44,144,True,${OG_SCRATCH}/carbon_distillation/deploy_120k/H3K4me1/20260621_003645/29133d14-2c9f-4a97-b32b-b77f8bac7323/distill_methodvanilla_dkd_alpha1.0_dkd_beta8.0_kl_methodkl_mse_normalizeFalse_temperature4.0_weight_ce0.5_weight_kl0.0_weight_mse0.0_zscoreFalse/final_summary.json
raw,H3K4me1,0.5,0.0,0.0,2.0,0.0001,16,,0.47672765243498966,0.4527262427260994,0.31534097577165265,0.7201230202852502,46,146,True,${OG_SCRATCH}/carbon_distillation/deploy_120k/H3K4me1/20260621_003709/77124f59-c780-4af0-9d06-00784d330286/distill_methodvanilla_dkd_alpha1.0_dkd_beta8.0_kl_methodkl_mse_normalizeFalse_temperature2.0_weight_ce0.5_weight_kl0.0_weight_mse0.0_zscoreFalse/final_summary.json
raw,H3K4me1,0.5,0.0,1.0,1.0,0.0001,16,,0.47235831886886004,0.4546485069333415,0.2781616670011036,0.7195151387658396,23,123,True,${OG_SCRATCH}/carbon_distillation/deploy_120k/H3K4me1/20260621_004639/9fd07ec5-af8b-42cf-b9f2-3bf4ea482334/distill_methodvanilla_dkd_alpha1.0_dkd_beta8.0_kl_methodkl_mse_normalizeFalse_temperature1.0_weight_ce0.5_weight_kl0.0_weight_mse1.0_zscoreFalse/final_summary.json
raw,H3K4me1,0.5,0.0,1.0,1.5,0.0001,16,,0.47235831886886004,0.4546485069333415,0.2781616670011036,0.7195151387658396,23,123,True,${OG_SCRATCH}/carbon_distillation/deploy_120k/H3K4me1/20260621_005046/5d22cf01-2081-4c70-a524-2ccfa0b17b70/distill_methodvanilla_dkd_alpha1.0_dkd_beta8.0_kl_methodkl_mse_normalizeFalse_temperature1.5_weight_ce0.5_weight_kl0.0_weight_mse1.0_zscoreFalse/final_summary.json
raw,H3K4me1,0.5,0.0,1.0,2.0,0.0001,16,,0.47713035470633136,0.45228867085163627,0.29798369949527126,0.7186035411469585,23,123,True,${OG_SCRATCH}/carbon_distillation/deploy_120k/H3K4me1/20260621_005237/667debc6-c100-4735-b016-464a80651b68/distill_methodvanilla_dkd_alpha1.0_dkd_beta8.0_kl_methodkl_mse_normalizeFalse_temperature2.0_weight_ce0.5_weight_kl0.0_weight_mse1.0_zscoreFalse/final_summary.json
raw,H3K4me1,0.5,0.0,2.0,0.5,0.0001,16,,0.46944901198420746,0.4515699117132242,0.28069802464473537,0.7210473001059976,22,122,True,${OG_SCRATCH}/carbon_distillation/deploy_120k/H3K4me1/20260621_005556/90fe37ac-058c-45b8-aafe-486401ddc945/distill_methodvanilla_dkd_alpha1.0_dkd_beta8.0_kl_methodkl_mse_normalizeFalse_temperature0.5_weight_ce0.5_weight_kl0.0_weight_mse2.0_zscoreFalse/final_summary.json
raw,H3K4me1,0.5,0.0,1.0,4.0,0.0001,16,,0.47713035470633136,0.45228867085163627,0.29798369949527126,0.7186035411469585,23,123,True,${OG_SCRATCH}/carbon_distillation/deploy_120k/H3K4me1/20260621_005642/c210f9cf-16b4-4c17-89b3-86f949a66229/distill_methodvanilla_dkd_alpha1.0_dkd_beta8.0_kl_methodkl_mse_normalizeFalse_temperature4.0_weight_ce0.5_weight_kl0.0_weight_mse1.0_zscoreFalse/final_summary.json
raw,H3K4me1,0.5,0.0,2.0,1.5,0.0001,16,,0.4688819387850321,0.44713781256856605,0.2854143947991347,0.7191573916465933,22,122,True,${OG_SCRATCH}/carbon_distillation/deploy_120k/H3K4me1/20260621_005935/0156c097-d5d8-4d9c-8da2-ed06f26dc144/distill_methodvanilla_dkd_alpha1.0_dkd_beta8.0_kl_methodkl_mse_normalizeFalse_temperature1.5_weight_ce0.5_weight_kl0.0_weight_mse2.0_zscoreFalse/final_summary.json
raw,H3K4me1,0.5,0.0,2.0,1.0,0.0001,16,,0.46944901198420746,0.4515699117132242,0.28069802464473537,0.7210473001059976,22,122,True,${OG_SCRATCH}/carbon_distillation/deploy_120k/H3K4me1/20260621_005945/35f033c1-95db-4541-9f3d-be4009d6c6ab/distill_methodvanilla_dkd_alpha1.0_dkd_beta8.0_kl_methodkl_mse_normalizeFalse_temperature1.0_weight_ce0.5_weight_kl0.0_weight_mse2.0_zscoreFalse/final_summary.json
raw,H3K4me1,0.5,0.0,2.0,2.0,0.0001,16,,0.46944901198420746,0.4515699117132242,0.28069802464473537,0.7210473001059976,22,122,True,${OG_SCRATCH}/carbon_distillation/deploy_120k/H3K4me1/20260621_010317/39d45001-9562-4a4e-a5ae-5a434a7641cd/distill_methodvanilla_dkd_alpha1.0_dkd_beta8.0_kl_methodkl_mse_normalizeFalse_temperature2.0_weight_ce0.5_weight_kl0.0_weight_mse2.0_zscoreFalse/final_summary.json
raw,H3K4me1,0.5,0.0,5.0,0.5,0.0001,16,,0.46115881700857625,0.44633206994082353,0.2606494950159206,0.7177474996012624,22,122,True,${OG_SCRATCH}/carbon_distillation/deploy_120k/H3K4me1/20260621_010822/af1fbc85-9e54-4db7-b1ae-e90a8f982157/distill_methodvanilla_dkd_alpha1.0_dkd_beta8.0_kl_methodkl_mse_normalizeFalse_temperature0.5_weight_ce0.5_weight_kl0.0_weight_mse5.0_zscoreFalse/final_summary.json
raw,H3K4me1,0.5,0.0,2.0,4.0,0.0001,16,,0.46944901198420746,0.4515699117132242,0.28069802464473537,0.7210473001059976,22,122,True,${OG_SCRATCH}/carbon_distillation/deploy_120k/H3K4me1/20260621_010920/030039da-f5f9-4d0e-837d-262351e3615f/distill_methodvanilla_dkd_alpha1.0_dkd_beta8.0_kl_methodkl_mse_normalizeFalse_temperature4.0_weight_ce0.5_weight_kl0.0_weight_mse2.0_zscoreFalse/final_summary.json
raw,H3K4me1,0.5,0.0,5.0,1.0,0.0001,16,,0.4614734457762035,0.45550362837165387,0.2587887129816489,0.7109593499190265,19,119,True,${OG_SCRATCH}/carbon_distillation/deploy_120k/H3K4me1/20260621_011520/10cd0016-4a6c-4b6d-b30b-18205c1e3c7c/distill_methodvanilla_dkd_alpha1.0_dkd_beta8.0_kl_methodkl_mse_normalizeFalse_temperature1.0_weight_ce0.5_weight_kl0.0_weight_mse5.0_zscoreFalse/final_summary.json
raw,H3K4me1,0.5,0.0,5.0,4.0,0.0001,16,,0.4614734457762035,0.45550362837165387,0.2587887129816489,0.7109593499190265,19,119,True,${OG_SCRATCH}/carbon_distillation/deploy_120k/H3K4me1/20260621_011952/04703b5c-b3ad-4a94-8bbf-c1a95ca37f6a/distill_methodvanilla_dkd_alpha1.0_dkd_beta8.0_kl_methodkl_mse_normalizeFalse_temperature4.0_weight_ce0.5_weight_kl0.0_weight_mse5.0_zscoreFalse/final_summary.json
raw,H3K4me1,0.5,0.25,0.0,0.5,0.0001,16,,0.49506416757638966,0.4723362119808649,0.34850847414663344,0.726143615246881,46,146,True,${OG_SCRATCH}/carbon_distillation/deploy_120k/H3K4me1/20260621_012344/5cd7e7de-53fa-4b4f-b3ad-af794f4baa4e/distill_methodvanilla_dkd_alpha1.0_dkd_beta8.0_kl_methodkl_mse_normalizeFalse_temperature0.5_weight_ce0.5_weight_kl0.25_weight_mse0.0_zscoreFalse/final_summary.json
raw,H3K4me1,0.5,0.0,5.0,2.0,0.0001,16,,0.46115881700857625,0.44633206994082353,0.2606494950159206,0.7177474996012624,22,122,True,${OG_SCRATCH}/carbon_distillation/deploy_120k/H3K4me1/20260621_012507/b8e38b9f-ac53-49f7-83d6-aac7ecb841ee/distill_methodvanilla_dkd_alpha1.0_dkd_beta8.0_kl_methodkl_mse_normalizeFalse_temperature2.0_weight_ce0.5_weight_kl0.0_weight_mse5.0_zscoreFalse/final_summary.json
raw,H3K4me1,0.5,0.25,0.0,1.0,0.0001,16,,0.4875075489448741,0.47324648394964014,0.3456429630161852,0.7242681659966688,36,136,True,${OG_SCRATCH}/carbon_distillation/deploy_120k/H3K4me1/20260621_013209/ab97a1a7-d84c-4761-9190-a2210b502acd/distill_methodvanilla_dkd_alpha1.0_dkd_beta8.0_kl_methodkl_mse_normalizeFalse_temperature1.0_weight_ce0.5_weight_kl0.25_weight_mse0.0_zscoreFalse/final_summary.json
raw,H3K4me1,0.5,0.0,5.0,1.5,0.0001,16,,0.46115881700857625,0.44633206994082353,0.2606494950159206,0.7177474996012624,22,122,True,${OG_SCRATCH}/carbon_distillation/deploy_120k/H3K4me1/20260621_013501/cd9a2c95-cbaa-44c3-81d3-c12573f6a2ae/distill_methodvanilla_dkd_alpha1.0_dkd_beta8.0_kl_methodkl_mse_normalizeFalse_temperature1.5_weight_ce0.5_weight_kl0.0_weight_mse5.0_zscoreFalse/final_summary.json
raw,H3K4me1,0.5,0.25,0.0,4.0,0.0001,16,,0.4912014431276009,0.4804238745456051,0.36027914565781644,0.7297093411301532,46,146,True,${OG_SCRATCH}/carbon_distillation/deploy_120k/H3K4me1/20260621_013806/3d9979d9-c38c-45ca-a58d-090b4d67ba47/distill_methodvanilla_dkd_alpha1.0_dkd_beta8.0_kl_methodkl_mse_normalizeFalse_temperature4.0_weight_ce0.5_weight_kl0.25_weight_mse0.0_zscoreFalse/final_summary.json
raw,H3K4me1,0.5,0.25,0.0,1.5,0.0001,16,,0.49255850125948647,0.4740388255933207,0.36742216685618906,0.7277957671228621,46,146,True,${OG_SCRATCH}/carbon_distillation/deploy_120k/H3K4me1/20260621_013952/afb7c4e0-9bbd-440c-83f7-7ab1759f0fee/distill_methodvanilla_dkd_alpha1.0_dkd_beta8.0_kl_methodkl_mse_normalizeFalse_temperature1.5_weight_ce0.5_weight_kl0.25_weight_mse0.0_zscoreFalse/final_summary.json
raw,H3K4me1,0.5,0.25,1.0,1.0,0.0001,16,,0.4791388959042213,0.47258585422271376,0.35452589419180686,0.7298260894238634,26,126,True,${OG_SCRATCH}/carbon_distillation/deploy_120k/H3K4me1/20260621_014218/f5d77722-d96e-4a37-ab39-ad6bd6f1ab05/distill_methodvanilla_dkd_alpha1.0_dkd_beta8.0_kl_methodkl_mse_normalizeFalse_temperature1.0_weight_ce0.5_weight_kl0.25_weight_mse1.0_zscoreFalse/final_summary.json
raw,H3K4me1,0.5,0.25,1.0,0.5,0.0001,16,,0.4792240605465813,0.47858730914617054,0.3772507613160256,0.7296961243830313,26,126,True,${OG_SCRATCH}/carbon_distillation/deploy_120k/H3K4me1/20260621_014350/9b87a7f2-1635-4575-a16c-e5838f6bceb6/distill_methodvanilla_dkd_alpha1.0_dkd_beta8.0_kl_methodkl_mse_normalizeFalse_temperature0.5_weight_ce0.5_weight_kl0.25_weight_mse1.0_zscoreFalse/final_summary.json
raw,H3K4me1,0.5,0.25,0.0,2.0,0.0001,16,,0.49129700951986,0.45226246502418366,0.3652590598362825,0.7219312395325895,53,153,True,${OG_SCRATCH}/carbon_distillation/deploy_120k/H3K4me1/20260621_014745/2e3797e2-abf6-474e-b640-eeb61ff53d62/distill_methodvanilla_dkd_alpha1.0_dkd_beta8.0_kl_methodkl_mse_normalizeFalse_temperature2.0_weight_ce0.5_weight_kl0.25_weight_mse0.0_zscoreFalse/final_summary.json
raw,H3K4me1,0.5,0.25,1.0,1.5,0.0001,16,,0.48157858870962167,0.4778254987954819,0.3415054009050344,0.7309772604989664,36,136,True,${OG_SCRATCH}/carbon_distillation/deploy_120k/H3K4me1/20260621_014915/df88c0fb-624d-44ba-8c3c-37cd26013330/distill_methodvanilla_dkd_alpha1.0_dkd_beta8.0_kl_methodkl_mse_normalizeFalse_temperature1.5_weight_ce0.5_weight_kl0.25_weight_mse1.0_zscoreFalse/final_summary.json
raw,H3K4me1,0.5,0.25,2.0,0.5,0.0001,16,,0.47731791571157467,0.47090237472602137,0.3517049150477632,0.7200877557803127,21,121,True,${OG_SCRATCH}/carbon_distillation/deploy_120k/H3K4me1/20260621_015450/bf300dba-dbab-470a-a2fd-ae84630ea043/distill_methodvanilla_dkd_alpha1.0_dkd_beta8.0_kl_methodkl_mse_normalizeFalse_temperature0.5_weight_ce0.5_weight_kl0.25_weight_mse2.0_zscoreFalse/final_summary.json
raw,H3K4me1,0.5,0.25,1.0,2.0,0.0001,16,,0.4773334131282855,0.480731339915502,0.32354807107222816,0.7264316319797457,32,132,True,${OG_SCRATCH}/carbon_distillation/deploy_120k/H3K4me1/20260621_015916/6cf5881d-b2d7-4af6-b9c1-86112a31f8c1/distill_methodvanilla_dkd_alpha1.0_dkd_beta8.0_kl_methodkl_mse_normalizeFalse_temperature2.0_weight_ce0.5_weight_kl0.25_weight_mse1.0_zscoreFalse/final_summary.json
raw,H3K4me1,0.5,0.25,2.0,1.5,0.0001,16,,0.47613614550816197,0.46718154035324083,0.30089559520211795,0.7222572223283517,29,129,True,${OG_SCRATCH}/carbon_distillation/deploy_120k/H3K4me1/20260621_020253/32f00b58-159f-4a1a-91ee-81a97d2a1775/distill_methodvanilla_dkd_alpha1.0_dkd_beta8.0_kl_methodkl_mse_normalizeFalse_temperature1.5_weight_ce0.5_weight_kl0.25_weight_mse2.0_zscoreFalse/final_summary.json
raw,H3K4me1,0.5,0.25,2.0,2.0,0.0001,16,,0.48279745111725414,0.47326303694348987,0.315725042874556,0.7258752138850183,29,129,True,${OG_SCRATCH}/carbon_distillation/deploy_120k/H3K4me1/20260621_020716/52f8d863-20fb-4595-ab53-a69ffd99c936/distill_methodvanilla_dkd_alpha1.0_dkd_beta8.0_kl_methodkl_mse_normalizeFalse_temperature2.0_weight_ce0.5_weight_kl0.25_weight_mse2.0_zscoreFalse/final_summary.json
raw,H3K4me1,0.5,0.25,2.0,1.0,0.0001,16,,0.4763569560402164,0.48118384522228286,0.34651736054665117,0.7284340408325356,32,132,True,${OG_SCRATCH}/carbon_distillation/deploy_120k/H3K4me1/20260621_020810/d7e21438-039e-44a9-bf96-ef6410be737c/distill_methodvanilla_dkd_alpha1.0_dkd_beta8.0_kl_methodkl_mse_normalizeFalse_temperature1.0_weight_ce0.5_weight_kl0.25_weight_mse2.0_zscoreFalse/final_summary.json
raw,H3K4me1,0.5,0.25,1.0,4.0,0.0001,16,,0.4831235899995685,0.4838674075459112,0.3696785332010103,0.7303401237634943,32,132,True,${OG_SCRATCH}/carbon_distillation/deploy_120k/H3K4me1/20260621_021423/9101c88f-4f2a-49a7-a228-32b56304ff4f/distill_methodvanilla_dkd_alpha1.0_dkd_beta8.0_kl_methodkl_mse_normalizeFalse_temperature4.0_weight_ce0.5_weight_kl0.25_weight_mse1.0_zscoreFalse/final_summary.json
raw,H3K4me1,0.5,0.25,2.0,4.0,0.0001,16,,0.479850744057632,0.476491910746728,0.35276510610165807,0.7270918555993121,32,132,True,${OG_SCRATCH}/carbon_distillation/deploy_120k/H3K4me1/20260621_021807/aea110ae-1922-4200-b827-4ced454437f7/distill_methodvanilla_dkd_alpha1.0_dkd_beta8.0_kl_methodkl_mse_normalizeFalse_temperature4.0_weight_ce0.5_weight_kl0.25_weight_mse2.0_zscoreFalse/final_summary.json
raw,H3K4me1,0.5,0.25,5.0,1.5,0.0001,16,,0.4835979819299593,0.47162420460515614,0.3384115667181705,0.7279625813148609,32,132,True,${OG_SCRATCH}/carbon_distillation/deploy_120k/H3K4me1/20260621_022528/56cc4930-e55b-4156-9f33-3eaa9e3c98dc/distill_methodvanilla_dkd_alpha1.0_dkd_beta8.0_kl_methodkl_mse_normalizeFalse_temperature1.5_weight_ce0.5_weight_kl0.25_weight_mse5.0_zscoreFalse/final_summary.json
raw,H3K4me1,0.5,0.25,5.0,1.0,0.0001,16,,0.47959646753103374,0.47335982457172726,0.3511459869699737,0.7183009994844635,19,119,True,${OG_SCRATCH}/carbon_distillation/deploy_120k/H3K4me1/20260621_023000/be68afcd-c4c1-404e-b57e-54a4fecb3993/distill_methodvanilla_dkd_alpha1.0_dkd_beta8.0_kl_methodkl_mse_normalizeFalse_temperature1.0_weight_ce0.5_weight_kl0.25_weight_mse5.0_zscoreFalse/final_summary.json
raw,H3K4me1,0.5,0.25,5.0,4.0,0.0001,16,,0.48711334814002727,0.4787388271696336,0.32830497134625375,0.7291209823698679,29,129,True,${OG_SCRATCH}/carbon_distillation/deploy_120k/H3K4me1/20260621_023015/5b176275-c8b1-4113-ad84-9ea07bfe3447/distill_methodvanilla_dkd_alpha1.0_dkd_beta8.0_kl_methodkl_mse_normalizeFalse_temperature4.0_weight_ce0.5_weight_kl0.25_weight_mse5.0_zscoreFalse/final_summary.json
raw,H3K4me1,0.5,0.5,0.0,0.5,0.0001,16,,0.4930242412686223,0.46540073196569065,0.3753293083618595,0.7271230298753234,49,149,True,${OG_SCRATCH}/carbon_distillation/deploy_120k/H3K4me1/20260621_023348/3c171ad7-03a2-41bc-9604-a8c8c250ff47/distill_methodvanilla_dkd_alpha1.0_dkd_beta8.0_kl_methodkl_mse_normalizeFalse_temperature0.5_weight_ce0.5_weight_kl0.5_weight_mse0.0_zscoreFalse/final_summary.json
raw,H3K4me1,0.5,0.25,5.0,2.0,0.0001,16,,0.48489727971054625,0.48365015119323906,0.3420919648752451,0.7309292282948732,29,129,True,${OG_SCRATCH}/carbon_distillation/deploy_120k/H3K4me1/20260621_023551/79066dcc-13c1-49da-a0a4-2457129cbeaa/distill_methodvanilla_dkd_alpha1.0_dkd_beta8.0_kl_methodkl_mse_normalizeFalse_temperature2.0_weight_ce0.5_weight_kl0.25_weight_mse5.0_zscoreFalse/final_summary.json
raw,H3K4me1,0.5,0.25,5.0,0.5,0.0001,16,,0.4749245219210291,0.4598832603168504,0.375197469746758,0.7206387812149004,29,129,True,${OG_SCRATCH}/carbon_distillation/deploy_120k/H3K4me1/20260621_023651/f1f75889-f47c-4a86-bae0-059fe5debfb5/distill_methodvanilla_dkd_alpha1.0_dkd_beta8.0_kl_methodkl_mse_normalizeFalse_temperature0.5_weight_ce0.5_weight_kl0.25_weight_mse5.0_zscoreFalse/final_summary.json
raw,H3K4me1,0.5,0.5,0.0,1.0,0.0001,16,,0.49237414057816714,0.48054718546200664,0.3706611903916237,0.7264829409732065,46,146,True,${OG_SCRATCH}/carbon_distillation/deploy_120k/H3K4me1/20260621_024910/84638a52-1957-43f9-a77f-6af1d9d8dd30/distill_methodvanilla_dkd_alpha1.0_dkd_beta8.0_kl_methodkl_mse_normalizeFalse_temperature1.0_weight_ce0.5_weight_kl0.5_weight_mse0.0_zscoreFalse/final_summary.json
raw,H3K4me1,0.5,0.5,0.0,4.0,0.0001,16,,0.4991957648557724,0.471866166367925,0.3959943424397157,0.7235898589019496,45,145,True,${OG_SCRATCH}/carbon_distillation/deploy_120k/H3K4me1/20260621_025608/0dc05b59-cd91-4a2d-8ec2-ecf02e9d786e/distill_methodvanilla_dkd_alpha1.0_dkd_beta8.0_kl_methodkl_mse_normalizeFalse_temperature4.0_weight_ce0.5_weight_kl0.5_weight_mse0.0_zscoreFalse/final_summary.json
raw,H3K4me1,0.5,0.5,0.0,2.0,0.0001,16,,0.4955395081509336,0.46172264402680435,0.3874154766299976,0.724442798553106,67,167,True,${OG_SCRATCH}/carbon_distillation/deploy_120k/H3K4me1/20260621_025734/a3b46e8e-1369-4816-bd11-a879e9315a24/distill_methodvanilla_dkd_alpha1.0_dkd_beta8.0_kl_methodkl_mse_normalizeFalse_temperature2.0_weight_ce0.5_weight_kl0.5_weight_mse0.0_zscoreFalse/final_summary.json
raw,H3K4me1,0.5,0.5,1.0,1.0,0.0001,16,,0.4808639851860019,0.4878302454030582,0.3908218147253273,0.7324185434626802,28,128,True,${OG_SCRATCH}/carbon_distillation/deploy_120k/H3K4me1/20260621_025850/cdaca197-0504-4d9f-a2de-9dcda62c0952/distill_methodvanilla_dkd_alpha1.0_dkd_beta8.0_kl_methodkl_mse_normalizeFalse_temperature1.0_weight_ce0.5_weight_kl0.5_weight_mse1.0_zscoreFalse/final_summary.json
raw,H3K4me1,0.5,0.5,1.0,0.5,0.0001,16,,0.47611216883668817,0.4743879485175527,0.39199392815749673,0.7330424972197517,26,126,True,${OG_SCRATCH}/carbon_distillation/deploy_120k/H3K4me1/20260621_030004/a948b8c4-f179-44d7-a144-b8d543d282e0/distill_methodvanilla_dkd_alpha1.0_dkd_beta8.0_kl_methodkl_mse_normalizeFalse_temperature0.5_weight_ce0.5_weight_kl0.5_weight_mse1.0_zscoreFalse/final_summary.json
raw,H3K4me1,0.5,0.5,1.0,2.0,0.0001,16,,0.48419670927499237,0.4911842611741281,0.3828909891084892,0.7377941726945547,32,132,True,${OG_SCRATCH}/carbon_distillation/deploy_120k/H3K4me1/20260621_030055/7273f273-f3dd-4e01-96c8-3897531f1861/distill_methodvanilla_dkd_alpha1.0_dkd_beta8.0_kl_methodkl_mse_normalizeFalse_temperature2.0_weight_ce0.5_weight_kl0.5_weight_mse1.0_zscoreFalse/final_summary.json
raw,H3K4me1,0.5,0.5,0.0,1.5,0.0001,16,,0.49372352899607386,0.4837921680212421,0.3759495689046615,0.7287722412136972,46,146,True,${OG_SCRATCH}/carbon_distillation/deploy_120k/H3K4me1/20260621_030111/cd430bd0-6a12-4fd9-994e-1ba67f38346e/distill_methodvanilla_dkd_alpha1.0_dkd_beta8.0_kl_methodkl_mse_normalizeFalse_temperature1.5_weight_ce0.5_weight_kl0.5_weight_mse0.0_zscoreFalse/final_summary.json
raw,H3K4me1,0.5,0.5,2.0,1.5,0.0001,16,,0.4830378024925019,0.47629829135396473,0.3659311868386113,0.7282156750595289,29,129,True,${OG_SCRATCH}/carbon_distillation/deploy_120k/H3K4me1/20260621_032054/7e654d44-f997-4608-9f9c-781ddd8fabcc/distill_methodvanilla_dkd_alpha1.0_dkd_beta8.0_kl_methodkl_mse_normalizeFalse_temperature1.5_weight_ce0.5_weight_kl0.5_weight_mse2.0_zscoreFalse/final_summary.json
raw,H3K4me1,0.5,0.5,1.0,4.0,0.0001,16,,0.4849355572550747,0.49198611316994395,0.4020187829224807,0.7360116303608484,38,138,True,${OG_SCRATCH}/carbon_distillation/deploy_120k/H3K4me1/20260621_032200/95cb65e4-5fea-49ed-a01f-5a08d5730bfd/distill_methodvanilla_dkd_alpha1.0_dkd_beta8.0_kl_methodkl_mse_normalizeFalse_temperature4.0_weight_ce0.5_weight_kl0.5_weight_mse1.0_zscoreFalse/final_summary.json
raw,H3K4me1,0.5,0.5,2.0,4.0,0.0001,16,,0.48461394435515326,0.4814332506354369,0.4022831443725854,0.7352519429416421,32,132,True,${OG_SCRATCH}/carbon_distillation/deploy_120k/H3K4me1/20260621_032727/beb93fd4-82a4-4849-a8c1-4e8f7c139c25/distill_methodvanilla_dkd_alpha1.0_dkd_beta8.0_kl_methodkl_mse_normalizeFalse_temperature4.0_weight_ce0.5_weight_kl0.5_weight_mse2.0_zscoreFalse/final_summary.json
raw,H3K4me1,0.5,0.5,5.0,0.5,0.0001,16,,0.4829822315429848,0.4766907060333843,0.38082563204349595,0.732368485111484,30,130,True,${OG_SCRATCH}/carbon_distillation/deploy_120k/H3K4me1/20260621_033129/f8b39368-ccce-4e2c-96e4-0d8df36a3b07/distill_methodvanilla_dkd_alpha1.0_dkd_beta8.0_kl_methodkl_mse_normalizeFalse_temperature0.5_weight_ce0.5_weight_kl0.5_weight_mse5.0_zscoreFalse/final_summary.json
raw,H3K4me1,0.5,0.5,2.0,0.5,0.0001,16,,0.47551430639892356,0.4826512613266109,0.3766899832050647,0.726431854764804,28,128,True,${OG_SCRATCH}/carbon_distillation/deploy_120k/H3K4me1/20260621_034740/b365ea82-30a5-4942-95dc-29d901ab07a8/distill_methodvanilla_dkd_alpha1.0_dkd_beta8.0_kl_methodkl_mse_normalizeFalse_temperature0.5_weight_ce0.5_weight_kl0.5_weight_mse2.0_zscoreFalse/final_summary.json
raw,H3K4me1,0.5,0.5,1.0,1.5,0.0001,16,,0.484404720091361,0.48589372453401697,0.3583134222808558,0.7334752096475894,32,132,True,${OG_SCRATCH}/carbon_distillation/deploy_120k/H3K4me1/20260621_034740/29118d5b-51b8-4dda-b9af-6cb8395a0786/distill_methodvanilla_dkd_alpha1.0_dkd_beta8.0_kl_methodkl_mse_normalizeFalse_temperature1.5_weight_ce0.5_weight_kl0.5_weight_mse1.0_zscoreFalse/final_summary.json
raw,H3K4me1,0.5,0.5,2.0,1.0,0.0001,16,,0.48311548065022925,0.4887126505717254,0.36733644856789466,0.738994053296944,30,130,True,${OG_SCRATCH}/carbon_distillation/deploy_120k/H3K4me1/20260621_034740/7352cef6-8766-4802-8a4a-845412e04c10/distill_methodvanilla_dkd_alpha1.0_dkd_beta8.0_kl_methodkl_mse_normalizeFalse_temperature1.0_weight_ce0.5_weight_kl0.5_weight_mse2.0_zscoreFalse/final_summary.json
raw,H3K4me1,0.5,0.5,5.0,1.0,0.0001,16,,0.48886018416288557,0.47623791882592936,0.37427879052990554,0.7324999159861545,36,136,True,${OG_SCRATCH}/carbon_distillation/deploy_120k/H3K4me1/20260621_034741/54c923a4-6bfe-428e-a41d-aa359dc4237b/distill_methodvanilla_dkd_alpha1.0_dkd_beta8.0_kl_methodkl_mse_normalizeFalse_temperature1.0_weight_ce0.5_weight_kl0.5_weight_mse5.0_zscoreFalse/final_summary.json
raw,H3K4me1,0.5,0.5,5.0,2.0,0.0001,16,,0.49347959726724466,0.4809993454697983,0.37665587925414223,0.7359053017486067,41,141,True,${OG_SCRATCH}/carbon_distillation/deploy_120k/H3K4me1/20260621_034804/d69dabaf-b723-4b07-9aa5-46bd83d5b667/distill_methodvanilla_dkd_alpha1.0_dkd_beta8.0_kl_methodkl_mse_normalizeFalse_temperature2.0_weight_ce0.5_weight_kl0.5_weight_mse5.0_zscoreFalse/final_summary.json
raw,H3K4me1,0.5,0.5,2.0,2.0,0.0001,16,,0.4778871347827988,0.47580155129653107,0.37402981345315256,0.7315603007062856,26,126,True,${OG_SCRATCH}/carbon_distillation/deploy_120k/H3K4me1/20260621_034837/5c088ec6-45a7-4d97-ae4f-96e3243d45ea/distill_methodvanilla_dkd_alpha1.0_dkd_beta8.0_kl_methodkl_mse_normalizeFalse_temperature2.0_weight_ce0.5_weight_kl0.5_weight_mse2.0_zscoreFalse/final_summary.json
raw,H3K4me1,0.5,0.5,5.0,1.5,0.0001,16,,0.49297619330243375,0.48703277482185275,0.3740102202838102,0.7289444785106026,38,138,True,${OG_SCRATCH}/carbon_distillation/deploy_120k/H3K4me1/20260621_035136/2e0ad0aa-a682-4b8a-b56e-47ca7395bb79/distill_methodvanilla_dkd_alpha1.0_dkd_beta8.0_kl_methodkl_mse_normalizeFalse_temperature1.5_weight_ce0.5_weight_kl0.5_weight_mse5.0_zscoreFalse/final_summary.json
raw,H3K4me1,0.5,1.0,0.0,1.0,0.0001,16,,0.4953633595013459,0.4820149327341951,0.4079364793622159,0.7196598722788221,59,159,True,${OG_SCRATCH}/carbon_distillation/deploy_120k/H3K4me1/20260621_035345/04107b05-4b36-4770-a631-c30da60aa43a/distill_methodvanilla_dkd_alpha1.0_dkd_beta8.0_kl_methodkl_mse_normalizeFalse_temperature1.0_weight_ce0.5_weight_kl1.0_weight_mse0.0_zscoreFalse/final_summary.json
raw,H3K4me1,0.5,1.0,0.0,0.5,0.0001,16,,0.4933130308089961,0.47825562912142455,0.42177086846716316,0.7271257665477884,46,146,True,${OG_SCRATCH}/carbon_distillation/deploy_120k/H3K4me1/20260621_040422/f8848382-067e-430a-b173-3d1ae3fc3abc/distill_methodvanilla_dkd_alpha1.0_dkd_beta8.0_kl_methodkl_mse_normalizeFalse_temperature0.5_weight_ce0.5_weight_kl1.0_weight_mse0.0_zscoreFalse/final_summary.json
raw,H3K4me1,0.5,1.0,0.0,2.0,0.0001,16,,0.5006210178071528,0.48193276641311095,0.43264539813744396,0.7271624864614719,79,179,True,${OG_SCRATCH}/carbon_distillation/deploy_120k/H3K4me1/20260621_040437/d78b7c19-0873-499e-822e-8bd9cf9a4ec4/distill_methodvanilla_dkd_alpha1.0_dkd_beta8.0_kl_methodkl_mse_normalizeFalse_temperature2.0_weight_ce0.5_weight_kl1.0_weight_mse0.0_zscoreFalse/final_summary.json
raw,H3K4me1,0.5,0.5,5.0,4.0,0.0001,16,,0.48522525232217856,0.4798885975378447,0.39588607891319644,0.7325139110733402,30,130,True,${OG_SCRATCH}/carbon_distillation/deploy_120k/H3K4me1/20260621_041113/472252d5-0767-47c7-ac6c-eab183f52233/distill_methodvanilla_dkd_alpha1.0_dkd_beta8.0_kl_methodkl_mse_normalizeFalse_temperature4.0_weight_ce0.5_weight_kl0.5_weight_mse5.0_zscoreFalse/final_summary.json
raw,H3K4me1,0.5,1.0,1.0,0.5,0.0001,16,,0.48480293726879814,0.4817968934018957,0.4006793827312785,0.7303859134927811,28,128,True,${OG_SCRATCH}/carbon_distillation/deploy_120k/H3K4me1/20260621_041609/c03373d0-5187-49e3-b7f2-f6732bcaacdb/distill_methodvanilla_dkd_alpha1.0_dkd_beta8.0_kl_methodkl_mse_normalizeFalse_temperature0.5_weight_ce0.5_weight_kl1.0_weight_mse1.0_zscoreFalse/final_summary.json
raw,H3K4me1,0.5,1.0,0.0,4.0,0.0001,16,,0.5039807115919495,0.48218886827449603,0.41510873787100017,0.7329231560569567,96,196,True,${OG_SCRATCH}/carbon_distillation/deploy_120k/H3K4me1/20260621_043609/16ca9d60-138f-4513-bd1e-2a98129a31e8/distill_methodvanilla_dkd_alpha1.0_dkd_beta8.0_kl_methodkl_mse_normalizeFalse_temperature4.0_weight_ce0.5_weight_kl1.0_weight_mse0.0_zscoreFalse/final_summary.json
raw,H3K4me1,0.5,1.0,1.0,1.0,0.0001,16,,0.48895402260308496,0.47550427773270504,0.3985348181586233,0.7295116910308506,41,141,True,${OG_SCRATCH}/carbon_distillation/deploy_120k/H3K4me1/20260621_043749/67b11728-6022-4362-a2ca-1d7ad2849a18/distill_methodvanilla_dkd_alpha1.0_dkd_beta8.0_kl_methodkl_mse_normalizeFalse_temperature1.0_weight_ce0.5_weight_kl1.0_weight_mse1.0_zscoreFalse/final_summary.json
raw,H3K4me1,0.5,1.0,0.0,1.5,0.0001,16,,0.49916343417228515,0.48932380279961957,0.41439481673497475,0.7314879133917829,79,179,True,${OG_SCRATCH}/carbon_distillation/deploy_120k/H3K4me1/20260621_043833/a5dbd73d-58be-44cf-abe5-ada5a871e7a0/distill_methodvanilla_dkd_alpha1.0_dkd_beta8.0_kl_methodkl_mse_normalizeFalse_temperature1.5_weight_ce0.5_weight_kl1.0_weight_mse0.0_zscoreFalse/final_summary.json
raw,H3K4me1,0.5,1.0,1.0,2.0,0.0001,16,,0.4935127747170878,0.48452407990318863,0.41586791912154114,0.7322721575213269,58,158,True,${OG_SCRATCH}/carbon_distillation/deploy_120k/H3K4me1/20260621_043901/b8a0e982-7949-4ceb-a496-9e22f1443407/distill_methodvanilla_dkd_alpha1.0_dkd_beta8.0_kl_methodkl_mse_normalizeFalse_temperature2.0_weight_ce0.5_weight_kl1.0_weight_mse1.0_zscoreFalse/final_summary.json
raw,H3K4me1,0.5,1.0,2.0,0.5,0.0001,16,,0.4856264001698993,0.475666630921735,0.38075862556768914,0.7257217715774298,29,129,True,${OG_SCRATCH}/carbon_distillation/deploy_120k/H3K4me1/20260621_044248/ebf267de-97a6-4699-b211-565b4a555f9c/distill_methodvanilla_dkd_alpha1.0_dkd_beta8.0_kl_methodkl_mse_normalizeFalse_temperature0.5_weight_ce0.5_weight_kl1.0_weight_mse2.0_zscoreFalse/final_summary.json
raw,H3K4me1,0.5,1.0,2.0,1.0,0.0001,16,,0.48958404874578093,0.48307890906057716,0.41770122402240634,0.7332021642892277,26,126,True,${OG_SCRATCH}/carbon_distillation/deploy_120k/H3K4me1/20260621_044248/96dac90a-446f-4654-ac68-bc3c99bd5056/distill_methodvanilla_dkd_alpha1.0_dkd_beta8.0_kl_methodkl_mse_normalizeFalse_temperature1.0_weight_ce0.5_weight_kl1.0_weight_mse2.0_zscoreFalse/final_summary.json
raw,H3K4me1,0.5,1.0,1.0,4.0,0.0001,16,,0.49078201114991865,0.4919599864130217,0.4107377459625587,0.734450807689546,58,158,True,${OG_SCRATCH}/carbon_distillation/deploy_120k/H3K4me1/20260621_044455/9f6fac4b-933e-47f1-997c-d66680bf93fe/distill_methodvanilla_dkd_alpha1.0_dkd_beta8.0_kl_methodkl_mse_normalizeFalse_temperature4.0_weight_ce0.5_weight_kl1.0_weight_mse1.0_zscoreFalse/final_summary.json
raw,H3K4me1,0.5,1.0,2.0,1.5,0.0001,16,,0.4942702906523638,0.48025871877327336,0.3930140674608529,0.7302868288040147,26,126,True,${OG_SCRATCH}/carbon_distillation/deploy_120k/H3K4me1/20260621_044818/689a08b7-bbc5-4d06-a984-299ca9129076/distill_methodvanilla_dkd_alpha1.0_dkd_beta8.0_kl_methodkl_mse_normalizeFalse_temperature1.5_weight_ce0.5_weight_kl1.0_weight_mse2.0_zscoreFalse/final_summary.json
raw,H3K4me1,0.5,1.0,2.0,2.0,0.0001,16,,0.4906804094320263,0.4811013003347764,0.39818755462120947,0.7321706857554833,38,138,True,${OG_SCRATCH}/carbon_distillation/deploy_120k/H3K4me1/20260621_044917/fef5c183-c070-44a2-b874-5a9fc0c079ec/distill_methodvanilla_dkd_alpha1.0_dkd_beta8.0_kl_methodkl_mse_normalizeFalse_temperature2.0_weight_ce0.5_weight_kl1.0_weight_mse2.0_zscoreFalse/final_summary.json
raw,H3K4me1,0.5,1.0,1.0,1.5,0.0001,16,,0.49472566657205164,0.48087492770743834,0.4354088801503522,0.7301136363636364,38,138,True,${OG_SCRATCH}/carbon_distillation/deploy_120k/H3K4me1/20260621_045829/1a520bd8-5b2f-4add-92c3-45c48d591703/distill_methodvanilla_dkd_alpha1.0_dkd_beta8.0_kl_methodkl_mse_normalizeFalse_temperature1.5_weight_ce0.5_weight_kl1.0_weight_mse1.0_zscoreFalse/final_summary.json
raw,H3K4me1,0.5,1.0,2.0,4.0,0.0001,16,,0.49253086583859634,0.48391578938837715,0.4190110054209479,0.7319126997765939,53,153,True,${OG_SCRATCH}/carbon_distillation/deploy_120k/H3K4me1/20260621_050353/36e67b2d-011b-4907-9261-714ce3bbbaa5/distill_methodvanilla_dkd_alpha1.0_dkd_beta8.0_kl_methodkl_mse_normalizeFalse_temperature4.0_weight_ce0.5_weight_kl1.0_weight_mse2.0_zscoreFalse/final_summary.json
raw,H3K4me1,0.5,1.0,5.0,1.5,0.0001,16,,0.49726905095597834,0.47969205591454617,0.4106307780349778,0.7224459938965431,30,130,True,${OG_SCRATCH}/carbon_distillation/deploy_120k/H3K4me1/20260621_050538/7f80fcec-a487-47fb-b9ca-a80217d95cd4/distill_methodvanilla_dkd_alpha1.0_dkd_beta8.0_kl_methodkl_mse_normalizeFalse_temperature1.5_weight_ce0.5_weight_kl1.0_weight_mse5.0_zscoreFalse/final_summary.json
raw,H3K4me1,0.5,1.0,5.0,2.0,0.0001,16,,0.49356989850426075,0.4766116175705292,0.382427803740946,0.7259882509549717,26,126,True,${OG_SCRATCH}/carbon_distillation/deploy_120k/H3K4me1/20260621_051017/943626e2-09b2-4d95-9dd2-97e3fb6b51a4/distill_methodvanilla_dkd_alpha1.0_dkd_beta8.0_kl_methodkl_mse_normalizeFalse_temperature2.0_weight_ce0.5_weight_kl1.0_weight_mse5.0_zscoreFalse/final_summary.json
raw,H3K4me1,0.5,1.0,5.0,4.0,0.0001,16,,0.48876530311169497,0.47567764978268334,0.3878593880908145,0.7224988721196489,30,130,True,${OG_SCRATCH}/carbon_distillation/deploy_120k/H3K4me1/20260621_051343/f43506b9-6096-4117-8431-cb424598da2b/distill_methodvanilla_dkd_alpha1.0_dkd_beta8.0_kl_methodkl_mse_normalizeFalse_temperature4.0_weight_ce0.5_weight_kl1.0_weight_mse5.0_zscoreFalse/final_summary.json
raw,H3K4me1,0.5,1.0,5.0,1.0,0.0001,16,,0.49240078358900363,0.48701801218161983,0.383402668505264,0.7273614587252513,30,130,True,${OG_SCRATCH}/carbon_distillation/deploy_120k/H3K4me1/20260621_053811/926bd458-eb53-4300-8582-fa4eb5704961/distill_methodvanilla_dkd_alpha1.0_dkd_beta8.0_kl_methodkl_mse_normalizeFalse_temperature1.0_weight_ce0.5_weight_kl1.0_weight_mse5.0_zscoreFalse/final_summary.json
raw,H3K4me1,0.5,1.0,5.0,0.5,0.0001,16,,0.4898185620254265,0.4769820655673141,0.4156614515762503,0.726952436876101,29,129,True,${OG_SCRATCH}/carbon_distillation/deploy_120k/H3K4me1/20260621_053855/d0a3671a-9605-42a9-a3b2-bb8ec5a7123a/distill_methodvanilla_dkd_alpha1.0_dkd_beta8.0_kl_methodkl_mse_normalizeFalse_temperature0.5_weight_ce0.5_weight_kl1.0_weight_mse5.0_zscoreFalse/final_summary.json
raw,H3K4me1,0.5,1.0,0.0,4.0,0.0001,16,0,0.4915599057423313,0.46257747598001053,0.41485920930943415,0.7247254433558099,53,153,True,${OG_SCRATCH}/carbon_distillation/deploy_120k/H3K4me1/20260623_233520/2fa274eb-8c95-4398-9031-e80384c41ff5/distill_methodvanilla_dkd_alpha1.0_dkd_beta8.0_kl_methodkl_mse_normalizeFalse_temperature4.0_weight_ce0.5_weight_kl1.0_weight_mse0.0_zscoreFalse/final_summary.json
raw,H3K4me1,0.5,1.0,0.0,4.0,0.0001,16,1,0.4962659290631964,0.46155395376478603,0.43414318684013703,0.7250396754078803,42,142,True,${OG_SCRATCH}/carbon_distillation/deploy_120k/H3K4me1/20260624_000551/9d7f522a-74bb-49fc-9247-262c36ea169d/distill_methodvanilla_dkd_alpha1.0_dkd_beta8.0_kl_methodkl_mse_normalizeFalse_temperature4.0_weight_ce0.5_weight_kl1.0_weight_mse0.0_zscoreFalse/final_summary.json
raw,H3K4me1,0.5,1.0,0.0,4.0,0.0001,16,2,0.4979634169339872,0.4791497399350927,0.411769130254463,0.7128882759948686,83,183,True,${OG_SCRATCH}/carbon_distillation/deploy_120k/H3K4me1/20260624_001032/da3ce4bc-141b-4ca8-953c-6fc6c58fa054/distill_methodvanilla_dkd_alpha1.0_dkd_beta8.0_kl_methodkl_mse_normalizeFalse_temperature4.0_weight_ce0.5_weight_kl1.0_weight_mse0.0_zscoreFalse/final_summary.json
raw,H3K4me2,0.5,0.5,0.2,2.0,0.0001,16,,0.5744701543265983,0.5451797582117448,0.38618082886044613,0.7647147736433451,29,200,,${OG_SCRATCH}/carbon_distillation/deploy_120k/H3K4me2/20260618_204737/f6c8e986-f0a7-4514-b6b5-bad2ac43c765/distill_methodvanilla_dkd_alpha1.0_dkd_beta8.0_kl_methodkl_mse_normalizeFalse_temperature2.0_weight_ce0.5_weight_kl0.5_weight_mse0.2_zscoreFalse/final_summary.json
l2norm,H3K4me2,0.5,0.5,0.2,2.0,0.0001,16,,0.5838584391932014,0.536311025667114,0.42774495923903866,0.766601458888849,31,200,,${OG_SCRATCH}/carbon_distillation/deploy_120k/H3K4me2/20260619_102158/1cd72476-1312-4d35-af1a-690a4123895e/distill_methodvanilla_dkd_alpha1.0_dkd_beta8.0_kl_methodkl_mse_normalizeTrue_temperature2.0_weight_ce0.5_weight_kl0.5_weight_mse0.2_zscoreFalse/final_summary.json
raw,H3K4me2,0.5,0.0,0.0,1.5,0.0001,16,,0.5637599538209329,0.5332480379758009,0.425702810525614,0.7665956736948616,27,127,True,${OG_SCRATCH}/carbon_distillation/deploy_120k/H3K4me2/20260621_053959/6b51a060-2199-4136-9140-7b2c49650737/distill_methodvanilla_dkd_alpha1.0_dkd_beta8.0_kl_methodkl_mse_normalizeFalse_temperature1.5_weight_ce0.5_weight_kl0.0_weight_mse0.0_zscoreFalse/final_summary.json
raw,H3K4me2,0.5,0.0,0.0,0.5,0.0001,16,,0.5641335700907849,0.5336957325726165,0.4172778724505337,0.7658248922224948,25,125,True,${OG_SCRATCH}/carbon_distillation/deploy_120k/H3K4me2/20260621_054520/d4031414-c36b-49da-8d9a-744c4cc7ae19/distill_methodvanilla_dkd_alpha1.0_dkd_beta8.0_kl_methodkl_mse_normalizeFalse_temperature0.5_weight_ce0.5_weight_kl0.0_weight_mse0.0_zscoreFalse/final_summary.json
raw,H3K4me2,0.5,0.0,0.0,2.0,0.0001,16,,0.5637599538209329,0.5332480379758009,0.425702810525614,0.7665956736948616,27,127,True,${OG_SCRATCH}/carbon_distillation/deploy_120k/H3K4me2/20260621_054545/4945d3ce-32a0-4e82-b36a-b8352ad18320/distill_methodvanilla_dkd_alpha1.0_dkd_beta8.0_kl_methodkl_mse_normalizeFalse_temperature2.0_weight_ce0.5_weight_kl0.0_weight_mse0.0_zscoreFalse/final_summary.json
raw,H3K4me2,0.5,0.0,0.0,4.0,0.0001,16,,0.5637599538209329,0.5332480379758009,0.425702810525614,0.7665956736948616,27,127,True,${OG_SCRATCH}/carbon_distillation/deploy_120k/H3K4me2/20260621_054614/214f3a81-d54b-4c6f-ad7a-f2e690c69158/distill_methodvanilla_dkd_alpha1.0_dkd_beta8.0_kl_methodkl_mse_normalizeFalse_temperature4.0_weight_ce0.5_weight_kl0.0_weight_mse0.0_zscoreFalse/final_summary.json
raw,H3K4me2,0.5,0.0,1.0,0.5,0.0001,16,,0.5661540263574056,0.5372234255959144,0.3815485461603781,0.7630350509212405,26,126,True,${OG_SCRATCH}/carbon_distillation/deploy_120k/H3K4me2/20260621_055302/9eb42bf4-6a19-43fc-ac61-0eb8fb42a19f/distill_methodvanilla_dkd_alpha1.0_dkd_beta8.0_kl_methodkl_mse_normalizeFalse_temperature0.5_weight_ce0.5_weight_kl0.0_weight_mse1.0_zscoreFalse/final_summary.json
raw,H3K4me2,0.5,0.0,1.0,1.0,0.0001,16,,0.5661540263574056,0.5372234255959144,0.3815485461603781,0.7630350509212405,26,126,True,${OG_SCRATCH}/carbon_distillation/deploy_120k/H3K4me2/20260621_055437/e09b5817-6af4-4996-aa44-e123c65141d2/distill_methodvanilla_dkd_alpha1.0_dkd_beta8.0_kl_methodkl_mse_normalizeFalse_temperature1.0_weight_ce0.5_weight_kl0.0_weight_mse1.0_zscoreFalse/final_summary.json
raw,H3K4me2,0.5,0.0,0.0,1.0,0.0001,16,,0.5641335700907849,0.5336957325726165,0.4172778724505337,0.7658248922224948,25,125,True,${OG_SCRATCH}/carbon_distillation/deploy_120k/H3K4me2/20260621_055540/f06a5ece-01ac-480e-babc-0e3e318b9055/distill_methodvanilla_dkd_alpha1.0_dkd_beta8.0_kl_methodkl_mse_normalizeFalse_temperature1.0_weight_ce0.5_weight_kl0.0_weight_mse0.0_zscoreFalse/final_summary.json
raw,H3K4me2,0.5,0.0,1.0,1.5,0.0001,16,,0.5678737223408732,0.5355853506372577,0.3510169793771526,0.7524731559381508,21,121,True,${OG_SCRATCH}/carbon_distillation/deploy_120k/H3K4me2/20260621_060339/2f77fe09-ed4e-41e1-8e2d-495756351a7e/distill_methodvanilla_dkd_alpha1.0_dkd_beta8.0_kl_methodkl_mse_normalizeFalse_temperature1.5_weight_ce0.5_weight_kl0.0_weight_mse1.0_zscoreFalse/final_summary.json
raw,H3K4me2,0.5,0.0,1.0,4.0,0.0001,16,,0.5661540263574056,0.5372234255959144,0.3815485461603781,0.7630350509212405,26,126,True,${OG_SCRATCH}/carbon_distillation/deploy_120k/H3K4me2/20260621_061351/1712ada1-9fa6-443e-a36a-9e4d97548df8/distill_methodvanilla_dkd_alpha1.0_dkd_beta8.0_kl_methodkl_mse_normalizeFalse_temperature4.0_weight_ce0.5_weight_kl0.0_weight_mse1.0_zscoreFalse/final_summary.json
raw,H3K4me2,0.5,0.0,2.0,0.5,0.0001,16,,0.560328400442591,0.5396823939957021,0.3751559566109376,0.7584365798408211,21,121,True,${OG_SCRATCH}/carbon_distillation/deploy_120k/H3K4me2/20260621_061421/f01f6a3e-6fb4-4675-8b0a-bca43e636d28/distill_methodvanilla_dkd_alpha1.0_dkd_beta8.0_kl_methodkl_mse_normalizeFalse_temperature0.5_weight_ce0.5_weight_kl0.0_weight_mse2.0_zscoreFalse/final_summary.json
raw,H3K4me2,0.5,0.0,2.0,1.0,0.0001,16,,0.5622969172037195,0.5399412157227069,0.39284716338593695,0.7583812300411882,21,121,True,${OG_SCRATCH}/carbon_distillation/deploy_120k/H3K4me2/20260621_061836/3c20182f-96d8-41e5-ad54-ac9924086e48/distill_methodvanilla_dkd_alpha1.0_dkd_beta8.0_kl_methodkl_mse_normalizeFalse_temperature1.0_weight_ce0.5_weight_kl0.0_weight_mse2.0_zscoreFalse/final_summary.json
raw,H3K4me2,0.5,0.0,2.0,1.5,0.0001,16,,0.560328400442591,0.5396823939957021,0.3751559566109376,0.7584365798408211,21,121,True,${OG_SCRATCH}/carbon_distillation/deploy_120k/H3K4me2/20260621_062028/54aae258-b6bd-41ce-a799-66b50aded1b8/distill_methodvanilla_dkd_alpha1.0_dkd_beta8.0_kl_methodkl_mse_normalizeFalse_temperature1.5_weight_ce0.5_weight_kl0.0_weight_mse2.0_zscoreFalse/final_summary.json
raw,H3K4me2,0.5,0.0,1.0,2.0,0.0001,16,,0.5661540263574056,0.5372234255959144,0.3815485461603781,0.7630350509212405,26,126,True,${OG_SCRATCH}/carbon_distillation/deploy_120k/H3K4me2/20260621_062304/5691b061-1246-4946-ac0d-4ce05b07cb4b/distill_methodvanilla_dkd_alpha1.0_dkd_beta8.0_kl_methodkl_mse_normalizeFalse_temperature2.0_weight_ce0.5_weight_kl0.0_weight_mse1.0_zscoreFalse/final_summary.json
raw,H3K4me2,0.5,0.0,5.0,1.0,0.0001,16,,0.564117033925778,0.5345778231441631,0.34706850671749434,0.7568103130020056,21,121,True,${OG_SCRATCH}/carbon_distillation/deploy_120k/H3K4me2/20260621_062449/347c52e1-e10b-4099-9e6f-1eb38cdf1bdc/distill_methodvanilla_dkd_alpha1.0_dkd_beta8.0_kl_methodkl_mse_normalizeFalse_temperature1.0_weight_ce0.5_weight_kl0.0_weight_mse5.0_zscoreFalse/final_summary.json
raw,H3K4me2,0.5,0.0,5.0,0.5,0.0001,16,,0.561361209950782,0.5255668797892769,0.35773512463566415,0.7526246213017909,21,121,True,${OG_SCRATCH}/carbon_distillation/deploy_120k/H3K4me2/20260621_062553/b8cedd1d-28e9-43e4-8a27-15d6fcc1fd37/distill_methodvanilla_dkd_alpha1.0_dkd_beta8.0_kl_methodkl_mse_normalizeFalse_temperature0.5_weight_ce0.5_weight_kl0.0_weight_mse5.0_zscoreFalse/final_summary.json
raw,H3K4me2,0.5,0.0,2.0,2.0,0.0001,16,,0.5622969172037195,0.5399412157227069,0.39284716338593695,0.7583812300411882,21,121,True,${OG_SCRATCH}/carbon_distillation/deploy_120k/H3K4me2/20260621_062554/d760dc59-8402-41bc-b1fd-c0083620cdd0/distill_methodvanilla_dkd_alpha1.0_dkd_beta8.0_kl_methodkl_mse_normalizeFalse_temperature2.0_weight_ce0.5_weight_kl0.0_weight_mse2.0_zscoreFalse/final_summary.json
raw,H3K4me2,0.5,0.0,2.0,4.0,0.0001,16,,0.5622969172037195,0.5399412157227069,0.39284716338593695,0.7583812300411882,21,121,True,${OG_SCRATCH}/carbon_distillation/deploy_120k/H3K4me2/20260621_062802/3037f20a-3290-4406-ad15-99f7ce2ec6ec/distill_methodvanilla_dkd_alpha1.0_dkd_beta8.0_kl_methodkl_mse_normalizeFalse_temperature4.0_weight_ce0.5_weight_kl0.0_weight_mse2.0_zscoreFalse/final_summary.json
raw,H3K4me2,0.5,0.0,5.0,4.0,0.0001,16,,0.561361209950782,0.5255668797892769,0.35773512463566415,0.7526246213017909,21,121,True,${OG_SCRATCH}/carbon_distillation/deploy_120k/H3K4me2/20260621_063744/00516624-1f06-4559-8437-2c600197f617/distill_methodvanilla_dkd_alpha1.0_dkd_beta8.0_kl_methodkl_mse_normalizeFalse_temperature4.0_weight_ce0.5_weight_kl0.0_weight_mse5.0_zscoreFalse/final_summary.json
raw,H3K4me2,0.5,0.25,0.0,0.5,0.0001,16,,0.5778340310139684,0.549003717849212,0.4380547974296327,0.7618996492973611,40,140,True,${OG_SCRATCH}/carbon_distillation/deploy_120k/H3K4me2/20260621_064156/234966b0-9067-466a-8a04-3b1ff886b306/distill_methodvanilla_dkd_alpha1.0_dkd_beta8.0_kl_methodkl_mse_normalizeFalse_temperature0.5_weight_ce0.5_weight_kl0.25_weight_mse0.0_zscoreFalse/final_summary.json
raw,H3K4me2,0.5,0.0,5.0,2.0,0.0001,16,,0.564117033925778,0.5345778231441631,0.34706850671749434,0.7568103130020056,21,121,True,${OG_SCRATCH}/carbon_distillation/deploy_120k/H3K4me2/20260621_064313/2b65cea2-8727-4967-9003-4b4fe95e3d6a/distill_methodvanilla_dkd_alpha1.0_dkd_beta8.0_kl_methodkl_mse_normalizeFalse_temperature2.0_weight_ce0.5_weight_kl0.0_weight_mse5.0_zscoreFalse/final_summary.json
raw,H3K4me2,0.5,0.25,0.0,1.0,0.0001,16,,0.5726022999514107,0.5481631391354257,0.4312509462417498,0.7734296724470135,29,129,True,${OG_SCRATCH}/carbon_distillation/deploy_120k/H3K4me2/20260621_064433/a8dd2a12-283a-4d36-b538-fae9e23c8dd5/distill_methodvanilla_dkd_alpha1.0_dkd_beta8.0_kl_methodkl_mse_normalizeFalse_temperature1.0_weight_ce0.5_weight_kl0.25_weight_mse0.0_zscoreFalse/final_summary.json
raw,H3K4me2,0.5,0.25,0.0,2.0,0.0001,16,,0.5741058485182542,0.5404571992402709,0.4406017748475287,0.7603098653711002,40,140,True,${OG_SCRATCH}/carbon_distillation/deploy_120k/H3K4me2/20260621_064805/ef260f4f-d04d-4dd6-bdb1-e977d2dec8da/distill_methodvanilla_dkd_alpha1.0_dkd_beta8.0_kl_methodkl_mse_normalizeFalse_temperature2.0_weight_ce0.5_weight_kl0.25_weight_mse0.0_zscoreFalse/final_summary.json
raw,H3K4me2,0.5,0.25,0.0,4.0,0.0001,16,,0.5808609519264375,0.53100808536538,0.4276490597716473,0.7562254317535487,40,140,True,${OG_SCRATCH}/carbon_distillation/deploy_120k/H3K4me2/20260621_070014/738b1ed2-aaff-4cf0-8d8a-e0dd68b0af53/distill_methodvanilla_dkd_alpha1.0_dkd_beta8.0_kl_methodkl_mse_normalizeFalse_temperature4.0_weight_ce0.5_weight_kl0.25_weight_mse0.0_zscoreFalse/final_summary.json
raw,H3K4me2,0.5,0.25,0.0,1.5,0.0001,16,,0.5725517367717664,0.5307056485096083,0.4188902897120319,0.7644587978005636,31,131,True,${OG_SCRATCH}/carbon_distillation/deploy_120k/H3K4me2/20260621_070142/1bdbef85-d752-41fd-a9f4-2acd00481f7b/distill_methodvanilla_dkd_alpha1.0_dkd_beta8.0_kl_methodkl_mse_normalizeFalse_temperature1.5_weight_ce0.5_weight_kl0.25_weight_mse0.0_zscoreFalse/final_summary.json
raw,H3K4me2,0.5,0.0,5.0,1.5,0.0001,16,,0.564117033925778,0.5345778231441631,0.34706850671749434,0.7568103130020056,21,121,True,${OG_SCRATCH}/carbon_distillation/deploy_120k/H3K4me2/20260621_070329/01e8b971-9858-4776-8421-f2aaf8c26506/distill_methodvanilla_dkd_alpha1.0_dkd_beta8.0_kl_methodkl_mse_normalizeFalse_temperature1.5_weight_ce0.5_weight_kl0.0_weight_mse5.0_zscoreFalse/final_summary.json
raw,H3K4me2,0.5,0.25,1.0,1.0,0.0001,16,,0.5799999022508447,0.5539601346122659,0.43599029233918224,0.7722472250394411,26,126,True,${OG_SCRATCH}/carbon_distillation/deploy_120k/H3K4me2/20260621_070403/f82d5c69-df41-4b79-a011-35e2cb4ad762/distill_methodvanilla_dkd_alpha1.0_dkd_beta8.0_kl_methodkl_mse_normalizeFalse_temperature1.0_weight_ce0.5_weight_kl0.25_weight_mse1.0_zscoreFalse/final_summary.json
raw,H3K4me2,0.5,0.25,1.0,0.5,0.0001,16,,0.5780859391804464,0.5371782794954877,0.43405526240434755,0.7569291413416044,20,120,True,${OG_SCRATCH}/carbon_distillation/deploy_120k/H3K4me2/20260621_070530/beb70aeb-20bf-4fd8-8b35-7d94ea7f6da3/distill_methodvanilla_dkd_alpha1.0_dkd_beta8.0_kl_methodkl_mse_normalizeFalse_temperature0.5_weight_ce0.5_weight_kl0.25_weight_mse1.0_zscoreFalse/final_summary.json
raw,H3K4me2,0.5,0.25,1.0,1.5,0.0001,16,,0.5799758840657253,0.5466668862983497,0.41551354926128137,0.7657474888136455,26,126,True,${OG_SCRATCH}/carbon_distillation/deploy_120k/H3K4me2/20260621_070904/0d180d45-966c-4af7-b7fc-0912a0896457/distill_methodvanilla_dkd_alpha1.0_dkd_beta8.0_kl_methodkl_mse_normalizeFalse_temperature1.5_weight_ce0.5_weight_kl0.25_weight_mse1.0_zscoreFalse/final_summary.json
raw,H3K4me2,0.5,0.25,1.0,4.0,0.0001,16,,0.5819324084422297,0.5425100655537999,0.43649953317473666,0.7619056158680292,26,126,True,${OG_SCRATCH}/carbon_distillation/deploy_120k/H3K4me2/20260621_071127/e46202d5-b1b7-4b31-8b9c-e9737c9df9c8/distill_methodvanilla_dkd_alpha1.0_dkd_beta8.0_kl_methodkl_mse_normalizeFalse_temperature4.0_weight_ce0.5_weight_kl0.25_weight_mse1.0_zscoreFalse/final_summary.json
raw,H3K4me2,0.5,0.25,2.0,1.0,0.0001,16,,0.5805239883981244,0.536530408970751,0.40972365250514187,0.7591150153740314,20,120,True,${OG_SCRATCH}/carbon_distillation/deploy_120k/H3K4me2/20260621_071255/b3e5004d-2bb6-4e97-8b75-3f1251b54249/distill_methodvanilla_dkd_alpha1.0_dkd_beta8.0_kl_methodkl_mse_normalizeFalse_temperature1.0_weight_ce0.5_weight_kl0.25_weight_mse2.0_zscoreFalse/final_summary.json
raw,H3K4me2,0.5,0.25,2.0,1.5,0.0001,16,,0.5856080571874415,0.5386267989321873,0.42664921644171394,0.7620566849680961,20,120,True,${OG_SCRATCH}/carbon_distillation/deploy_120k/H3K4me2/20260621_071255/eb35c2e7-54b5-42f9-835e-fb9cb23d7386/distill_methodvanilla_dkd_alpha1.0_dkd_beta8.0_kl_methodkl_mse_normalizeFalse_temperature1.5_weight_ce0.5_weight_kl0.25_weight_mse2.0_zscoreFalse/final_summary.json
raw,H3K4me2,0.5,0.25,2.0,2.0,0.0001,16,,0.5782088936822112,0.53842620944028,0.4121064331121804,0.7620997618242303,20,120,True,${OG_SCRATCH}/carbon_distillation/deploy_120k/H3K4me2/20260621_072505/0fe4429f-e642-4426-ad86-e4b6256ad22d/distill_methodvanilla_dkd_alpha1.0_dkd_beta8.0_kl_methodkl_mse_normalizeFalse_temperature2.0_weight_ce0.5_weight_kl0.25_weight_mse2.0_zscoreFalse/final_summary.json
raw,H3K4me2,0.5,0.25,2.0,0.5,0.0001,16,,0.5781659415323332,0.5496591844426165,0.40752262130321854,0.7678056791693155,21,121,True,${OG_SCRATCH}/carbon_distillation/deploy_120k/H3K4me2/20260621_073144/6bd122fe-609c-4931-9365-92e85bb9428d/distill_methodvanilla_dkd_alpha1.0_dkd_beta8.0_kl_methodkl_mse_normalizeFalse_temperature0.5_weight_ce0.5_weight_kl0.25_weight_mse2.0_zscoreFalse/final_summary.json
raw,H3K4me2,0.5,0.25,2.0,4.0,0.0001,16,,0.5749648786608366,0.5380315564960142,0.42405749305737206,0.7621846091099534,20,120,True,${OG_SCRATCH}/carbon_distillation/deploy_120k/H3K4me2/20260621_073415/ab1619de-c5a9-4ddd-85da-61d44642a61e/distill_methodvanilla_dkd_alpha1.0_dkd_beta8.0_kl_methodkl_mse_normalizeFalse_temperature4.0_weight_ce0.5_weight_kl0.25_weight_mse2.0_zscoreFalse/final_summary.json
raw,H3K4me2,0.5,0.25,1.0,2.0,0.0001,16,,0.5788445127636593,0.5453935893058097,0.42248772143342284,0.7646700504023969,20,120,True,${OG_SCRATCH}/carbon_distillation/deploy_120k/H3K4me2/20260621_073725/7464061e-271d-47a4-95b0-14e7d00245e0/distill_methodvanilla_dkd_alpha1.0_dkd_beta8.0_kl_methodkl_mse_normalizeFalse_temperature2.0_weight_ce0.5_weight_kl0.25_weight_mse1.0_zscoreFalse/final_summary.json
raw,H3K4me2,0.5,0.25,5.0,1.0,0.0001,16,,0.5703339327941059,0.5371769646996203,0.40696794414104837,0.7616916627507397,21,121,True,${OG_SCRATCH}/carbon_distillation/deploy_120k/H3K4me2/20260621_073726/8f9ee2cb-4ff8-4f3a-b2c1-8485db77f779/distill_methodvanilla_dkd_alpha1.0_dkd_beta8.0_kl_methodkl_mse_normalizeFalse_temperature1.0_weight_ce0.5_weight_kl0.25_weight_mse5.0_zscoreFalse/final_summary.json
raw,H3K4me2,0.5,0.25,5.0,2.0,0.0001,16,,0.5705857237623854,0.5357761568747464,0.43032395087761305,0.7579155867220715,20,120,True,${OG_SCRATCH}/carbon_distillation/deploy_120k/H3K4me2/20260621_074239/48ce0988-c0d3-47f1-85f6-757de13a0888/distill_methodvanilla_dkd_alpha1.0_dkd_beta8.0_kl_methodkl_mse_normalizeFalse_temperature2.0_weight_ce0.5_weight_kl0.25_weight_mse5.0_zscoreFalse/final_summary.json
raw,H3K4me2,0.5,0.25,5.0,1.5,0.0001,16,,0.5717647610959379,0.5366173612350114,0.4197230086312162,0.7584150816981445,20,120,True,${OG_SCRATCH}/carbon_distillation/deploy_120k/H3K4me2/20260621_074335/d2ae612b-f269-4572-8ebc-fe6fcae72e11/distill_methodvanilla_dkd_alpha1.0_dkd_beta8.0_kl_methodkl_mse_normalizeFalse_temperature1.5_weight_ce0.5_weight_kl0.25_weight_mse5.0_zscoreFalse/final_summary.json
raw,H3K4me2,0.5,0.25,5.0,0.5,0.0001,16,,0.5692366740628908,0.5380315564960142,0.4256896897939261,0.7621846091099534,21,121,True,${OG_SCRATCH}/carbon_distillation/deploy_120k/H3K4me2/20260621_074642/35141c35-6a12-42a3-a501-9c9741ef29cd/distill_methodvanilla_dkd_alpha1.0_dkd_beta8.0_kl_methodkl_mse_normalizeFalse_temperature0.5_weight_ce0.5_weight_kl0.25_weight_mse5.0_zscoreFalse/final_summary.json
raw,H3K4me2,0.5,0.5,0.0,1.0,0.0001,16,,0.5741251458872896,0.5341696420081901,0.42984368454185506,0.7657214289721723,38,138,True,${OG_SCRATCH}/carbon_distillation/deploy_120k/H3K4me2/20260621_074924/52809679-ad96-434f-aa0c-a63908b88784/distill_methodvanilla_dkd_alpha1.0_dkd_beta8.0_kl_methodkl_mse_normalizeFalse_temperature1.0_weight_ce0.5_weight_kl0.5_weight_mse0.0_zscoreFalse/final_summary.json
raw,H3K4me2,0.5,0.5,0.0,0.5,0.0001,16,,0.5701611591102456,0.5313553688569148,0.43251849908198,0.7649905363494395,31,131,True,${OG_SCRATCH}/carbon_distillation/deploy_120k/H3K4me2/20260621_075012/c5c2b276-8029-4aff-8051-157303e42931/distill_methodvanilla_dkd_alpha1.0_dkd_beta8.0_kl_methodkl_mse_normalizeFalse_temperature0.5_weight_ce0.5_weight_kl0.5_weight_mse0.0_zscoreFalse/final_summary.json
raw,H3K4me2,0.5,0.25,5.0,4.0,0.0001,16,,0.5716501779901338,0.5466742709280382,0.4280090158011886,0.7650748394402668,22,122,True,${OG_SCRATCH}/carbon_distillation/deploy_120k/H3K4me2/20260621_075523/05fcdbff-9f54-403e-a784-c7ab1c8263a5/distill_methodvanilla_dkd_alpha1.0_dkd_beta8.0_kl_methodkl_mse_normalizeFalse_temperature4.0_weight_ce0.5_weight_kl0.25_weight_mse5.0_zscoreFalse/final_summary.json
raw,H3K4me2,0.5,0.5,0.0,1.5,0.0001,16,,0.5748565855852913,0.5284368985187767,0.41160845051164785,0.7581662871641116,40,140,True,${OG_SCRATCH}/carbon_distillation/deploy_120k/H3K4me2/20260621_075817/ddd969bf-ff28-4ef0-90d3-3bc4adda292b/distill_methodvanilla_dkd_alpha1.0_dkd_beta8.0_kl_methodkl_mse_normalizeFalse_temperature1.5_weight_ce0.5_weight_kl0.5_weight_mse0.0_zscoreFalse/final_summary.json
raw,H3K4me2,0.5,0.5,0.0,2.0,0.0001,16,,0.5877362066833735,0.5315699996705718,0.4221683568792209,0.7642679699492703,31,131,True,${OG_SCRATCH}/carbon_distillation/deploy_120k/H3K4me2/20260621_080145/b9f4e65e-573d-4536-b7c9-0954e6c52c7c/distill_methodvanilla_dkd_alpha1.0_dkd_beta8.0_kl_methodkl_mse_normalizeFalse_temperature2.0_weight_ce0.5_weight_kl0.5_weight_mse0.0_zscoreFalse/final_summary.json
raw,H3K4me2,0.5,0.5,1.0,0.5,0.0001,16,,0.5869073663863245,0.5395193403009212,0.4353424988441422,0.7605102253155702,20,120,True,${OG_SCRATCH}/carbon_distillation/deploy_120k/H3K4me2/20260621_080235/1508dcf9-2401-4463-ba90-8eb7ed1a79dc/distill_methodvanilla_dkd_alpha1.0_dkd_beta8.0_kl_methodkl_mse_normalizeFalse_temperature0.5_weight_ce0.5_weight_kl0.5_weight_mse1.0_zscoreFalse/final_summary.json
raw,H3K4me2,0.5,0.5,1.0,1.0,0.0001,16,,0.582662108998686,0.555374877868363,0.4295206092673657,0.7706373172282264,26,126,True,${OG_SCRATCH}/carbon_distillation/deploy_120k/H3K4me2/20260621_081233/ddf0de53-5d50-4a91-85e1-856c5176ced2/distill_methodvanilla_dkd_alpha1.0_dkd_beta8.0_kl_methodkl_mse_normalizeFalse_temperature1.0_weight_ce0.5_weight_kl0.5_weight_mse1.0_zscoreFalse/final_summary.json
raw,H3K4me2,0.5,0.5,1.0,1.5,0.0001,16,,0.5783969108740084,0.5479344952227865,0.44001935888731636,0.7681612487734694,20,120,True,${OG_SCRATCH}/carbon_distillation/deploy_120k/H3K4me2/20260621_081233/8814d442-3efc-4ebe-8997-cd24f1136101/distill_methodvanilla_dkd_alpha1.0_dkd_beta8.0_kl_methodkl_mse_normalizeFalse_temperature1.5_weight_ce0.5_weight_kl0.5_weight_mse1.0_zscoreFalse/final_summary.json
raw,H3K4me2,0.5,0.5,1.0,2.0,0.0001,16,,0.5778495273098273,0.5427862102394844,0.4649603618512012,0.7652178284891721,20,120,True,${OG_SCRATCH}/carbon_distillation/deploy_120k/H3K4me2/20260621_081950/c7882b6d-1eae-4d57-896b-8e7b430b3895/distill_methodvanilla_dkd_alpha1.0_dkd_beta8.0_kl_methodkl_mse_normalizeFalse_temperature2.0_weight_ce0.5_weight_kl0.5_weight_mse1.0_zscoreFalse/final_summary.json
raw,H3K4me2,0.5,0.5,2.0,0.5,0.0001,16,,0.5842261508027308,0.5382193734132784,0.4107957724889767,0.7601103703954519,20,120,True,${OG_SCRATCH}/carbon_distillation/deploy_120k/H3K4me2/20260621_082358/2266704a-b0bb-4239-b706-7ce630f3299e/distill_methodvanilla_dkd_alpha1.0_dkd_beta8.0_kl_methodkl_mse_normalizeFalse_temperature0.5_weight_ce0.5_weight_kl0.5_weight_mse2.0_zscoreFalse/final_summary.json
raw,H3K4me2,0.5,0.5,0.0,4.0,0.0001,16,,0.5761743554781754,0.526287406191244,0.42300296884097005,0.7524619921642108,47,147,True,${OG_SCRATCH}/carbon_distillation/deploy_120k/H3K4me2/20260621_082401/e0e86917-6cde-4b30-927f-05769dfc3f9f/distill_methodvanilla_dkd_alpha1.0_dkd_beta8.0_kl_methodkl_mse_normalizeFalse_temperature4.0_weight_ce0.5_weight_kl0.5_weight_mse0.0_zscoreFalse/final_summary.json
raw,H3K4me2,0.5,0.5,1.0,4.0,0.0001,16,,0.5740963010279261,0.546000894451447,0.41627980850775004,0.7591398902821316,26,126,True,${OG_SCRATCH}/carbon_distillation/deploy_120k/H3K4me2/20260621_082545/ba048ab0-8ecc-4068-bca3-362f24d03f7a/distill_methodvanilla_dkd_alpha1.0_dkd_beta8.0_kl_methodkl_mse_normalizeFalse_temperature4.0_weight_ce0.5_weight_kl0.5_weight_mse1.0_zscoreFalse/final_summary.json
raw,H3K4me2,0.5,0.5,2.0,1.5,0.0001,16,,0.5769246454587517,0.5458551095428847,0.4144647463894645,0.7672563641492137,20,120,True,${OG_SCRATCH}/carbon_distillation/deploy_120k/H3K4me2/20260621_082709/a63a1e0b-d483-456f-95ea-e1f3ea81ffef/distill_methodvanilla_dkd_alpha1.0_dkd_beta8.0_kl_methodkl_mse_normalizeFalse_temperature1.5_weight_ce0.5_weight_kl0.5_weight_mse2.0_zscoreFalse/final_summary.json
raw,H3K4me2,0.5,0.5,2.0,1.0,0.0001,16,,0.5813066282568253,0.5488694592699151,0.4610938470330809,0.7652912346308574,26,126,True,${OG_SCRATCH}/carbon_distillation/deploy_120k/H3K4me2/20260621_083259/45801712-82d1-4774-88f3-ccceb35c5ddd/distill_methodvanilla_dkd_alpha1.0_dkd_beta8.0_kl_methodkl_mse_normalizeFalse_temperature1.0_weight_ce0.5_weight_kl0.5_weight_mse2.0_zscoreFalse/final_summary.json
raw,H3K4me2,0.5,0.5,2.0,4.0,0.0001,16,,0.57222758300094,0.5394776225920696,0.43621181466962716,0.7639010945775002,20,120,True,${OG_SCRATCH}/carbon_distillation/deploy_120k/H3K4me2/20260621_083416/343b39cc-f353-4ee6-99b0-451b9ca78b58/distill_methodvanilla_dkd_alpha1.0_dkd_beta8.0_kl_methodkl_mse_normalizeFalse_temperature4.0_weight_ce0.5_weight_kl0.5_weight_mse2.0_zscoreFalse/final_summary.json
raw,H3K4me2,0.5,0.5,5.0,0.5,0.0001,16,,0.5749194375210344,0.5360153881270411,0.42307856503887603,0.7578636501148606,20,120,True,${OG_SCRATCH}/carbon_distillation/deploy_120k/H3K4me2/20260621_083722/379fb5bc-7d93-42bf-ac00-799da58e3a28/distill_methodvanilla_dkd_alpha1.0_dkd_beta8.0_kl_methodkl_mse_normalizeFalse_temperature0.5_weight_ce0.5_weight_kl0.5_weight_mse5.0_zscoreFalse/final_summary.json
raw,H3K4me2,0.5,0.5,2.0,2.0,0.0001,16,,0.5782171147242441,0.5429183735704294,0.4406017748475287,0.7658616705921601,20,120,True,${OG_SCRATCH}/carbon_distillation/deploy_120k/H3K4me2/20260621_083957/1a83d661-074a-4bc7-ac8e-53416274bda4/distill_methodvanilla_dkd_alpha1.0_dkd_beta8.0_kl_methodkl_mse_normalizeFalse_temperature2.0_weight_ce0.5_weight_kl0.5_weight_mse2.0_zscoreFalse/final_summary.json
raw,H3K4me2,0.5,0.5,5.0,1.5,0.0001,16,,0.5791588063755002,0.5396333639625174,0.43409325125273496,0.75776589590496,26,126,True,${OG_SCRATCH}/carbon_distillation/deploy_120k/H3K4me2/20260621_084133/1e77ef94-e46c-49f1-99e5-f5173235516e/distill_methodvanilla_dkd_alpha1.0_dkd_beta8.0_kl_methodkl_mse_normalizeFalse_temperature1.5_weight_ce0.5_weight_kl0.5_weight_mse5.0_zscoreFalse/final_summary.json
raw,H3K4me2,0.5,0.5,5.0,1.0,0.0001,16,,0.5731676412648842,0.5403107664110002,0.40015984059730436,0.7616963306323201,20,120,True,${OG_SCRATCH}/carbon_distillation/deploy_120k/H3K4me2/20260621_084852/a3e9d8c4-9a43-4086-badb-d73eebf00eec/distill_methodvanilla_dkd_alpha1.0_dkd_beta8.0_kl_methodkl_mse_normalizeFalse_temperature1.0_weight_ce0.5_weight_kl0.5_weight_mse5.0_zscoreFalse/final_summary.json
raw,H3K4me2,0.5,0.5,5.0,4.0,0.0001,16,,0.5701786645486597,0.5443296819820732,0.43246750724757027,0.7675753518591384,22,122,True,${OG_SCRATCH}/carbon_distillation/deploy_120k/H3K4me2/20260621_085146/b138173f-57b2-466f-b014-6bdb1cd3a332/distill_methodvanilla_dkd_alpha1.0_dkd_beta8.0_kl_methodkl_mse_normalizeFalse_temperature4.0_weight_ce0.5_weight_kl0.5_weight_mse5.0_zscoreFalse/final_summary.json
raw,H3K4me2,0.5,0.5,5.0,2.0,0.0001,16,,0.5706907006699272,0.5343228969135668,0.4370592238394961,0.7609546939804342,13,113,True,${OG_SCRATCH}/carbon_distillation/deploy_120k/H3K4me2/20260621_085347/2ba52fca-72d2-4fad-941c-8849c0d1d3ab/distill_methodvanilla_dkd_alpha1.0_dkd_beta8.0_kl_methodkl_mse_normalizeFalse_temperature2.0_weight_ce0.5_weight_kl0.5_weight_mse5.0_zscoreFalse/final_summary.json
raw,H3K4me2,0.5,1.0,0.0,1.0,0.0001,16,,0.579727784976242,0.5385762466452912,0.44792540271889913,0.7681257538361428,31,131,True,${OG_SCRATCH}/carbon_distillation/deploy_120k/H3K4me2/20260621_090156/098fabd7-9d8d-42a3-8a13-73e8d0ac4547/distill_methodvanilla_dkd_alpha1.0_dkd_beta8.0_kl_methodkl_mse_normalizeFalse_temperature1.0_weight_ce0.5_weight_kl1.0_weight_mse0.0_zscoreFalse/final_summary.json
raw,H3K4me2,0.5,1.0,0.0,1.5,0.0001,16,,0.5789480037543394,0.525396475652262,0.4111508926405291,0.7581654470761076,40,140,True,${OG_SCRATCH}/carbon_distillation/deploy_120k/H3K4me2/20260621_090308/5d6b963b-51a5-4a9f-9083-2a02dd34d7df/distill_methodvanilla_dkd_alpha1.0_dkd_beta8.0_kl_methodkl_mse_normalizeFalse_temperature1.5_weight_ce0.5_weight_kl1.0_weight_mse0.0_zscoreFalse/final_summary.json
raw,H3K4me2,0.5,1.0,0.0,2.0,0.0001,16,,0.5802115759491981,0.5427438305451635,0.43581739012676485,0.7692451464297466,31,131,True,${OG_SCRATCH}/carbon_distillation/deploy_120k/H3K4me2/20260621_090712/061a23e2-28bb-4795-9741-c117ae0785ec/distill_methodvanilla_dkd_alpha1.0_dkd_beta8.0_kl_methodkl_mse_normalizeFalse_temperature2.0_weight_ce0.5_weight_kl1.0_weight_mse0.0_zscoreFalse/final_summary.json
raw,H3K4me2,0.5,1.0,0.0,4.0,0.0001,16,,0.582756096907794,0.5219474461904242,0.44462082517071,0.7589503183193301,40,140,True,${OG_SCRATCH}/carbon_distillation/deploy_120k/H3K4me2/20260621_091213/db9681fc-4e75-4c5a-9932-0985b9e80116/distill_methodvanilla_dkd_alpha1.0_dkd_beta8.0_kl_methodkl_mse_normalizeFalse_temperature4.0_weight_ce0.5_weight_kl1.0_weight_mse0.0_zscoreFalse/final_summary.json
raw,H3K4me2,0.5,1.0,1.0,0.5,0.0001,16,,0.5851877477830217,0.5496516561690409,0.42469764994009035,0.7664702328991625,26,126,True,${OG_SCRATCH}/carbon_distillation/deploy_120k/H3K4me2/20260621_091618/365e6dbb-843b-463b-9d78-3e158a9325c4/distill_methodvanilla_dkd_alpha1.0_dkd_beta8.0_kl_methodkl_mse_normalizeFalse_temperature0.5_weight_ce0.5_weight_kl1.0_weight_mse1.0_zscoreFalse/final_summary.json
raw,H3K4me2,0.5,1.0,1.0,1.0,0.0001,16,,0.5786201035766805,0.545037909816024,0.4269123992608857,0.7633984220069125,26,126,True,${OG_SCRATCH}/carbon_distillation/deploy_120k/H3K4me2/20260621_091733/7ba57aeb-bf3a-43c4-bdf6-60b3d022f909/distill_methodvanilla_dkd_alpha1.0_dkd_beta8.0_kl_methodkl_mse_normalizeFalse_temperature1.0_weight_ce0.5_weight_kl1.0_weight_mse1.0_zscoreFalse/final_summary.json
raw,H3K4me2,0.5,1.0,0.0,0.5,0.0001,16,,0.5762320269666255,0.532738292973883,0.4350661146792548,0.7646863305857168,31,131,True,${OG_SCRATCH}/carbon_distillation/deploy_120k/H3K4me2/20260621_091900/bfbcde14-2f72-44d3-b38a-5596c3070edd/distill_methodvanilla_dkd_alpha1.0_dkd_beta8.0_kl_methodkl_mse_normalizeFalse_temperature0.5_weight_ce0.5_weight_kl1.0_weight_mse0.0_zscoreFalse/final_summary.json
raw,H3K4me2,0.5,1.0,1.0,1.5,0.0001,16,,0.5737546596073747,0.5445839595040829,0.4052330503245039,0.7594366096961125,26,126,True,${OG_SCRATCH}/carbon_distillation/deploy_120k/H3K4me2/20260621_092058/41e783fe-8433-4a79-a041-55957bac263a/distill_methodvanilla_dkd_alpha1.0_dkd_beta8.0_kl_methodkl_mse_normalizeFalse_temperature1.5_weight_ce0.5_weight_kl1.0_weight_mse1.0_zscoreFalse/final_summary.json
raw,H3K4me2,0.5,1.0,1.0,2.0,0.0001,16,,0.5706132447908833,0.5431073169332507,0.43171664177297425,0.7611029130070803,37,137,True,${OG_SCRATCH}/carbon_distillation/deploy_120k/H3K4me2/20260621_092059/a85e9d5e-7e6d-4e16-824b-c38b26024e02/distill_methodvanilla_dkd_alpha1.0_dkd_beta8.0_kl_methodkl_mse_normalizeFalse_temperature2.0_weight_ce0.5_weight_kl1.0_weight_mse1.0_zscoreFalse/final_summary.json
raw,H3K4me2,0.5,1.0,1.0,4.0,0.0001,16,,0.5728654194275716,0.5269593261522512,0.4721403144477221,0.7632630945951505,35,135,True,${OG_SCRATCH}/carbon_distillation/deploy_120k/H3K4me2/20260621_092333/16da2d5d-2c96-47a8-89b2-9f29ac0d2e47/distill_methodvanilla_dkd_alpha1.0_dkd_beta8.0_kl_methodkl_mse_normalizeFalse_temperature4.0_weight_ce0.5_weight_kl1.0_weight_mse1.0_zscoreFalse/final_summary.json
raw,H3K4me2,0.5,1.0,2.0,1.0,0.0001,16,,0.5784004290767284,0.5381840177587354,0.4416967044279775,0.764852356315771,20,120,True,${OG_SCRATCH}/carbon_distillation/deploy_120k/H3K4me2/20260621_092457/bb5a129c-2f9f-4a38-b315-f8e58b2d1d35/distill_methodvanilla_dkd_alpha1.0_dkd_beta8.0_kl_methodkl_mse_normalizeFalse_temperature1.0_weight_ce0.5_weight_kl1.0_weight_mse2.0_zscoreFalse/final_summary.json
raw,H3K4me2,0.5,1.0,2.0,0.5,0.0001,16,,0.5869445914977272,0.5413856628648185,0.43040774134427495,0.7634944786056318,20,120,True,${OG_SCRATCH}/carbon_distillation/deploy_120k/H3K4me2/20260621_093617/e5be8808-8e9a-41ee-9a98-cc49d8a776f4/distill_methodvanilla_dkd_alpha1.0_dkd_beta8.0_kl_methodkl_mse_normalizeFalse_temperature0.5_weight_ce0.5_weight_kl1.0_weight_mse2.0_zscoreFalse/final_summary.json
raw,H3K4me2,0.5,1.0,2.0,2.0,0.0001,16,,0.5777477262733798,0.5369152073934269,0.4027785391955725,0.7637770805161145,20,120,True,${OG_SCRATCH}/carbon_distillation/deploy_120k/H3K4me2/20260621_094106/25d336c0-017d-478b-a53a-6120b767dbb7/distill_methodvanilla_dkd_alpha1.0_dkd_beta8.0_kl_methodkl_mse_normalizeFalse_temperature2.0_weight_ce0.5_weight_kl1.0_weight_mse2.0_zscoreFalse/final_summary.json
raw,H3K4me2,0.5,1.0,2.0,4.0,0.0001,16,,0.5743686864101089,0.5382424447967195,0.442472695335204,0.755331825306355,19,119,True,${OG_SCRATCH}/carbon_distillation/deploy_120k/H3K4me2/20260621_094332/4507c85d-e434-4067-9602-be332c043a8f/distill_methodvanilla_dkd_alpha1.0_dkd_beta8.0_kl_methodkl_mse_normalizeFalse_temperature4.0_weight_ce0.5_weight_kl1.0_weight_mse2.0_zscoreFalse/final_summary.json
raw,H3K4me2,0.5,1.0,2.0,1.5,0.0001,16,,0.5782689136037276,0.5447281628091494,0.45076178557350266,0.7681604875951166,20,120,True,${OG_SCRATCH}/carbon_distillation/deploy_120k/H3K4me2/20260621_094426/46414b55-c736-4743-a872-6b42685e1046/distill_methodvanilla_dkd_alpha1.0_dkd_beta8.0_kl_methodkl_mse_normalizeFalse_temperature1.5_weight_ce0.5_weight_kl1.0_weight_mse2.0_zscoreFalse/final_summary.json
raw,H3K4me2,0.5,1.0,5.0,1.5,0.0001,16,,0.5807646273888917,0.5389035554627184,0.43148856451165946,0.7653711145697873,20,120,True,${OG_SCRATCH}/carbon_distillation/deploy_120k/H3K4me2/20260621_094846/c1c0906e-a1b0-45e1-a47e-06fef64c2c73/distill_methodvanilla_dkd_alpha1.0_dkd_beta8.0_kl_methodkl_mse_normalizeFalse_temperature1.5_weight_ce0.5_weight_kl1.0_weight_mse5.0_zscoreFalse/final_summary.json
raw,H3K4me2,0.5,1.0,5.0,1.0,0.0001,16,,0.5789727886412841,0.5423967507622229,0.43224788639635664,0.7659718189004143,20,120,True,${OG_SCRATCH}/carbon_distillation/deploy_120k/H3K4me2/20260621_094922/e7ca713f-564a-4ae3-9182-8db162a690df/distill_methodvanilla_dkd_alpha1.0_dkd_beta8.0_kl_methodkl_mse_normalizeFalse_temperature1.0_weight_ce0.5_weight_kl1.0_weight_mse5.0_zscoreFalse/final_summary.json
raw,H3K4me2,0.5,1.0,5.0,2.0,0.0001,16,,0.5740467111410484,0.5388960341842931,0.4126072981858293,0.7667166127139584,22,122,True,${OG_SCRATCH}/carbon_distillation/deploy_120k/H3K4me2/20260621_095038/440efc9f-f206-4486-997e-1293846b4080/distill_methodvanilla_dkd_alpha1.0_dkd_beta8.0_kl_methodkl_mse_normalizeFalse_temperature2.0_weight_ce0.5_weight_kl1.0_weight_mse5.0_zscoreFalse/final_summary.json
raw,H3K4me2,0.5,1.0,5.0,4.0,0.0001,16,,0.5671902899595177,0.5178195802625617,0.39549324236310057,0.7333007918429331,23,123,True,${OG_SCRATCH}/carbon_distillation/deploy_120k/H3K4me2/20260621_100243/9c35efba-9bed-4825-af65-bd979743a439/distill_methodvanilla_dkd_alpha1.0_dkd_beta8.0_kl_methodkl_mse_normalizeFalse_temperature4.0_weight_ce0.5_weight_kl1.0_weight_mse5.0_zscoreFalse/final_summary.json
raw,H3K4me2,0.5,1.0,5.0,0.5,0.0001,16,,0.5842120589918643,0.5415729687152261,0.4537056949664521,0.7627798500040226,20,120,True,${OG_SCRATCH}/carbon_distillation/deploy_120k/H3K4me2/20260621_100743/72788f90-61c0-46f9-a3a1-11e9e1c4c558/distill_methodvanilla_dkd_alpha1.0_dkd_beta8.0_kl_methodkl_mse_normalizeFalse_temperature0.5_weight_ce0.5_weight_kl1.0_weight_mse5.0_zscoreFalse/final_summary.json
raw,H3K4me2,0.5,0.5,0.0,2.0,0.0001,16,1,0.5834279593221355,0.5499613576231318,0.3988889942964682,0.7643951765341067,31,131,True,${OG_SCRATCH}/carbon_distillation/deploy_120k/H3K4me2/20260623_235602/ce030a35-2722-4f6d-adfb-f6b45e0d27eb/distill_methodvanilla_dkd_alpha1.0_dkd_beta8.0_kl_methodkl_mse_normalizeFalse_temperature2.0_weight_ce0.5_weight_kl0.5_weight_mse0.0_zscoreFalse/final_summary.json
raw,H3K4me2,0.5,0.5,0.0,2.0,0.0001,16,2,0.5941016392551971,0.5127561052607796,0.4022466728507464,0.7528230259039661,39,139,True,${OG_SCRATCH}/carbon_distillation/deploy_120k/H3K4me2/20260624_000417/b1c219c1-9036-45d2-85aa-d59993121c32/distill_methodvanilla_dkd_alpha1.0_dkd_beta8.0_kl_methodkl_mse_normalizeFalse_temperature2.0_weight_ce0.5_weight_kl0.5_weight_mse0.0_zscoreFalse/final_summary.json
raw,H3K4me2,0.5,0.5,0.0,2.0,0.0001,16,0,0.5858827402033847,0.5187564749039545,0.44300368388333605,0.7534930529146895,39,139,True,${OG_SCRATCH}/carbon_distillation/deploy_120k/H3K4me2/20260624_001208/6bf2a9d7-66ca-4514-b660-cba57375fef2/distill_methodvanilla_dkd_alpha1.0_dkd_beta8.0_kl_methodkl_mse_normalizeFalse_temperature2.0_weight_ce0.5_weight_kl0.5_weight_mse0.0_zscoreFalse/final_summary.json
raw,H3K9ac,0.5,0.5,0.2,2.0,0.0001,16,,0.552097584409762,0.5107552738495669,0.4602698753625871,0.7547893633244377,52,200,,${OG_SCRATCH}/carbon_distillation/deploy_120k/H3K9ac/20260618_205144/2c3b2497-74f5-4498-83b5-7172644dc54a/distill_methodvanilla_dkd_alpha1.0_dkd_beta8.0_kl_methodkl_mse_normalizeFalse_temperature2.0_weight_ce0.5_weight_kl0.5_weight_mse0.2_zscoreFalse/final_summary.json
l2norm,H3K9ac,0.5,0.5,0.2,2.0,0.0001,16,,0.5522501267320284,0.4846496571219751,0.4622834921970986,0.7310891200766867,68,200,,${OG_SCRATCH}/carbon_distillation/deploy_120k/H3K9ac/20260618_225509/d7d6eb88-3196-4736-974c-ea4999fff2c1/distill_methodvanilla_dkd_alpha1.0_dkd_beta8.0_kl_methodkl_mse_normalizeTrue_temperature2.0_weight_ce0.5_weight_kl0.5_weight_mse0.2_zscoreFalse/final_summary.json
raw,H3K9ac,0.5,0.0,0.0,0.5,0.0001,16,,0.5372288160169867,0.4760965621518596,0.42637942686110747,0.7380475488956018,45,145,True,${OG_SCRATCH}/carbon_distillation/deploy_120k/H3K9ac/20260621_130612/711b9974-caf2-4598-afa7-2dceb78e8dff/distill_methodvanilla_dkd_alpha1.0_dkd_beta8.0_kl_methodkl_mse_normalizeFalse_temperature0.5_weight_ce0.5_weight_kl0.0_weight_mse0.0_zscoreFalse/final_summary.json
raw,H3K9ac,0.5,0.0,0.0,1.0,0.0001,16,,0.5372288160169867,0.4760965621518596,0.42637942686110747,0.7380475488956018,45,145,True,${OG_SCRATCH}/carbon_distillation/deploy_120k/H3K9ac/20260621_130735/5d9953ec-e9e3-4e31-8c58-996d78666690/distill_methodvanilla_dkd_alpha1.0_dkd_beta8.0_kl_methodkl_mse_normalizeFalse_temperature1.0_weight_ce0.5_weight_kl0.0_weight_mse0.0_zscoreFalse/final_summary.json
raw,H3K9ac,0.5,0.0,0.0,2.0,0.0001,16,,0.5405234403990061,0.5138407340548393,0.388453151754696,0.7555276609151363,42,142,True,${OG_SCRATCH}/carbon_distillation/deploy_120k/H3K9ac/20260621_130929/60d0c25e-bb7d-4a16-afce-0301d51ddadb/distill_methodvanilla_dkd_alpha1.0_dkd_beta8.0_kl_methodkl_mse_normalizeFalse_temperature2.0_weight_ce0.5_weight_kl0.0_weight_mse0.0_zscoreFalse/final_summary.json
raw,H3K9ac,0.5,0.0,0.0,4.0,0.0001,16,,0.5405234403990061,0.5138407340548393,0.388453151754696,0.7555276609151363,42,142,True,${OG_SCRATCH}/carbon_distillation/deploy_120k/H3K9ac/20260621_131135/eb4fb2ad-b883-47bd-8b30-38018dd19401/distill_methodvanilla_dkd_alpha1.0_dkd_beta8.0_kl_methodkl_mse_normalizeFalse_temperature4.0_weight_ce0.5_weight_kl0.0_weight_mse0.0_zscoreFalse/final_summary.json
raw,H3K9ac,0.5,0.0,1.0,0.5,0.0001,16,,0.5429787960043845,0.4589381104121191,0.3518311615539607,0.7272691994256665,35,135,True,${OG_SCRATCH}/carbon_distillation/deploy_120k/H3K9ac/20260621_131247/1b08dbe3-c103-416b-9827-2dd088c27f67/distill_methodvanilla_dkd_alpha1.0_dkd_beta8.0_kl_methodkl_mse_normalizeFalse_temperature0.5_weight_ce0.5_weight_kl0.0_weight_mse1.0_zscoreFalse/final_summary.json
raw,H3K9ac,0.5,0.0,1.0,1.0,0.0001,16,,0.5403121868128573,0.46064535556335073,0.33680377647251936,0.7283549783549783,35,135,True,${OG_SCRATCH}/carbon_distillation/deploy_120k/H3K9ac/20260621_131948/01836383-4d15-47ec-9fb8-7d7dc70652ce/distill_methodvanilla_dkd_alpha1.0_dkd_beta8.0_kl_methodkl_mse_normalizeFalse_temperature1.0_weight_ce0.5_weight_kl0.0_weight_mse1.0_zscoreFalse/final_summary.json
raw,H3K9ac,0.5,0.5,0.0,1.0,0.0001,16,42,0.5554552945478329,0.48441083272963853,0.4145532463708568,0.7419394534835831,49,149,True,${OG_SCRATCH}/carbon_distillation/deploy_120k/H3K9ac/20260621_142503/bf52e332-2fad-43b2-ab63-9f28d5666d3a/distill_methodvanilla_dkd_alpha1.0_dkd_beta8.0_kl_methodkl_mse_normalizeFalse_temperature1.0_weight_ce0.5_weight_kl0.5_weight_mse0.0_zscoreFalse/final_summary.json
raw,H3K9ac,0.5,0.5,0.0,1.5,0.0001,16,42,0.5542111211636769,0.490355165339839,0.4403447725330379,0.7449379373856297,49,149,True,${OG_SCRATCH}/carbon_distillation/deploy_120k/H3K9ac/20260621_142503/5c2d76df-6244-40eb-b745-5ab7cb994053/distill_methodvanilla_dkd_alpha1.0_dkd_beta8.0_kl_methodkl_mse_normalizeFalse_temperature1.5_weight_ce0.5_weight_kl0.5_weight_mse0.0_zscoreFalse/final_summary.json
raw,H3K9ac,0.5,0.5,0.0,0.5,0.0001,16,42,0.5490584349189496,0.5045007131845244,0.46447623055969456,0.7503769209042919,34,134,True,${OG_SCRATCH}/carbon_distillation/deploy_120k/H3K9ac/20260621_142504/69904503-fc50-4743-883c-999115b6fb10/distill_methodvanilla_dkd_alpha1.0_dkd_beta8.0_kl_methodkl_mse_normalizeFalse_temperature0.5_weight_ce0.5_weight_kl0.5_weight_mse0.0_zscoreFalse/final_summary.json
raw,H3K9ac,0.5,0.25,2.0,0.5,0.0001,16,42,0.5443423827353175,0.4707344358456359,0.3996771911916307,0.7317638239246509,30,130,True,${OG_SCRATCH}/carbon_distillation/deploy_120k/H3K9ac/20260621_142533/b0e79ef0-4821-4ed3-84e3-c787575ced09/distill_methodvanilla_dkd_alpha1.0_dkd_beta8.0_kl_methodkl_mse_normalizeFalse_temperature0.5_weight_ce0.5_weight_kl0.25_weight_mse2.0_zscoreFalse/final_summary.json
raw,H3K9ac,0.5,0.25,2.0,1.0,0.0001,16,42,0.5441394790916744,0.47210175440352126,0.4078043008920908,0.732944407750219,30,130,True,${OG_SCRATCH}/carbon_distillation/deploy_120k/H3K9ac/20260621_142534/51d8762c-0f47-4a16-bd87-b713cace00ec/distill_methodvanilla_dkd_alpha1.0_dkd_beta8.0_kl_methodkl_mse_normalizeFalse_temperature1.0_weight_ce0.5_weight_kl0.25_weight_mse2.0_zscoreFalse/final_summary.json
raw,H3K9ac,0.5,0.25,2.0,2.0,0.0001,16,42,0.5498411650230456,0.5043026724324461,0.42491783751677964,0.7504255691490208,51,151,True,${OG_SCRATCH}/carbon_distillation/deploy_120k/H3K9ac/20260621_142534/774aee4b-721c-4818-8c08-56fe60b4b0de/distill_methodvanilla_dkd_alpha1.0_dkd_beta8.0_kl_methodkl_mse_normalizeFalse_temperature2.0_weight_ce0.5_weight_kl0.25_weight_mse2.0_zscoreFalse/final_summary.json
raw,H3K9ac,0.5,0.25,2.0,4.0,0.0001,16,42,0.5544350018158758,0.5024747914378734,0.47213497338749977,0.7508763989630105,45,145,True,${OG_SCRATCH}/carbon_distillation/deploy_120k/H3K9ac/20260621_142534/27de8a44-cba7-41d4-bc3f-17b71d492aa2/distill_methodvanilla_dkd_alpha1.0_dkd_beta8.0_kl_methodkl_mse_normalizeFalse_temperature4.0_weight_ce0.5_weight_kl0.25_weight_mse2.0_zscoreFalse/final_summary.json
raw,H3K9ac,0.5,0.25,5.0,0.5,0.0001,16,42,0.539620438623326,0.4790565505999443,0.3888545660604722,0.7356925187867958,35,135,True,${OG_SCRATCH}/carbon_distillation/deploy_120k/H3K9ac/20260621_142534/6b475b12-6703-4f6c-bd1d-e4fe4def8423/distill_methodvanilla_dkd_alpha1.0_dkd_beta8.0_kl_methodkl_mse_normalizeFalse_temperature0.5_weight_ce0.5_weight_kl0.25_weight_mse5.0_zscoreFalse/final_summary.json
raw,H3K9ac,0.5,0.25,2.0,1.5,0.0001,16,42,0.5455489536192113,0.5035932609014547,0.4205892376882768,0.7506001494411854,45,145,True,${OG_SCRATCH}/carbon_distillation/deploy_120k/H3K9ac/20260621_142541/28d6c10f-da20-4bc7-b0ce-24684915db32/distill_methodvanilla_dkd_alpha1.0_dkd_beta8.0_kl_methodkl_mse_normalizeFalse_temperature1.5_weight_ce0.5_weight_kl0.25_weight_mse2.0_zscoreFalse/final_summary.json
raw,H3K9ac,0.5,0.25,5.0,1.5,0.0001,16,42,0.5466743005661145,0.46322790100104716,0.40640353139171986,0.7276038861292318,25,125,True,${OG_SCRATCH}/carbon_distillation/deploy_120k/H3K9ac/20260621_142548/d8712db7-fb85-41c0-bdb8-8cfd467c3798/distill_methodvanilla_dkd_alpha1.0_dkd_beta8.0_kl_methodkl_mse_normalizeFalse_temperature1.5_weight_ce0.5_weight_kl0.25_weight_mse5.0_zscoreFalse/final_summary.json
raw,H3K9ac,0.5,0.25,5.0,2.0,0.0001,16,42,0.5443563810338565,0.4659536456662228,0.4263386473824488,0.7299784843413818,30,130,True,${OG_SCRATCH}/carbon_distillation/deploy_120k/H3K9ac/20260621_142548/a9d8bb98-5b06-447d-8aae-545fed47eb60/distill_methodvanilla_dkd_alpha1.0_dkd_beta8.0_kl_methodkl_mse_normalizeFalse_temperature2.0_weight_ce0.5_weight_kl0.25_weight_mse5.0_zscoreFalse/final_summary.json
raw,H3K9ac,0.5,0.25,5.0,4.0,0.0001,16,42,0.5472547372781245,0.4669794947024667,0.40358923469917957,0.7296855305774048,30,130,True,${OG_SCRATCH}/carbon_distillation/deploy_120k/H3K9ac/20260621_142548/aed5fdd6-69db-4c8b-91c2-89b5e90aefc6/distill_methodvanilla_dkd_alpha1.0_dkd_beta8.0_kl_methodkl_mse_normalizeFalse_temperature4.0_weight_ce0.5_weight_kl0.25_weight_mse5.0_zscoreFalse/final_summary.json
raw,H3K9ac,0.5,0.5,0.0,2.0,0.0001,16,42,0.5578420331707352,0.4625186126368324,0.4431047078002356,0.7309689405487805,72,172,True,${OG_SCRATCH}/carbon_distillation/deploy_120k/H3K9ac/20260621_144527/3643c26a-8846-45fd-8f14-3d21a140189e/distill_methodvanilla_dkd_alpha1.0_dkd_beta8.0_kl_methodkl_mse_normalizeFalse_temperature2.0_weight_ce0.5_weight_kl0.5_weight_mse0.0_zscoreFalse/final_summary.json
raw,H3K9ac,0.5,0.5,0.0,4.0,0.0001,16,42,0.5621877125818447,0.48050029645758935,0.4357908705611559,0.739926060094782,66,166,True,${OG_SCRATCH}/carbon_distillation/deploy_120k/H3K9ac/20260621_144733/a85ac82d-9565-421b-80b4-d4153d4e553f/distill_methodvanilla_dkd_alpha1.0_dkd_beta8.0_kl_methodkl_mse_normalizeFalse_temperature4.0_weight_ce0.5_weight_kl0.5_weight_mse0.0_zscoreFalse/final_summary.json
raw,H3K9ac,0.5,0.0,0.0,1.5,0.0001,16,42,0.5405234403990061,0.5138407340548393,0.388453151754696,0.7555276609151363,42,142,True,${OG_SCRATCH}/carbon_distillation/deploy_120k/H3K9ac/20260621_145114/7028787d-b6ef-4708-a81c-4d6b4d0ef4b5/distill_methodvanilla_dkd_alpha1.0_dkd_beta8.0_kl_methodkl_mse_normalizeFalse_temperature1.5_weight_ce0.5_weight_kl0.0_weight_mse0.0_zscoreFalse/final_summary.json
raw,H3K9ac,0.5,0.5,1.0,0.5,0.0001,16,42,0.5468965413695038,0.5129311393047755,0.4107532025246108,0.7557432315017552,33,133,True,${OG_SCRATCH}/carbon_distillation/deploy_120k/H3K9ac/20260621_145844/bd2ce2d9-8e3e-4f01-843b-4cb63493db32/distill_methodvanilla_dkd_alpha1.0_dkd_beta8.0_kl_methodkl_mse_normalizeFalse_temperature0.5_weight_ce0.5_weight_kl0.5_weight_mse1.0_zscoreFalse/final_summary.json
raw,H3K9ac,0.5,0.0,1.0,2.0,0.0001,16,42,0.5429787960043845,0.4589381104121191,0.3518311615539607,0.7272691994256665,35,135,True,${OG_SCRATCH}/carbon_distillation/deploy_120k/H3K9ac/20260621_150230/0106e4ce-905b-43ed-ad2b-5769681023db/distill_methodvanilla_dkd_alpha1.0_dkd_beta8.0_kl_methodkl_mse_normalizeFalse_temperature2.0_weight_ce0.5_weight_kl0.0_weight_mse1.0_zscoreFalse/final_summary.json
raw,H3K9ac,0.5,0.5,1.0,1.5,0.0001,16,42,0.5595838230318236,0.49005539795167485,0.4690226371074796,0.745015873015873,47,147,True,${OG_SCRATCH}/carbon_distillation/deploy_120k/H3K9ac/20260621_150256/492f54bd-6fef-4409-b77a-a63f3b20a111/distill_methodvanilla_dkd_alpha1.0_dkd_beta8.0_kl_methodkl_mse_normalizeFalse_temperature1.5_weight_ce0.5_weight_kl0.5_weight_mse1.0_zscoreFalse/final_summary.json
raw,H3K9ac,0.5,0.0,1.0,1.5,0.0001,16,42,0.5429787960043845,0.4589381104121191,0.3518311615539607,0.7272691994256665,35,135,True,${OG_SCRATCH}/carbon_distillation/deploy_120k/H3K9ac/20260621_150330/82487f9f-0533-4b92-a3fa-7d04dda86389/distill_methodvanilla_dkd_alpha1.0_dkd_beta8.0_kl_methodkl_mse_normalizeFalse_temperature1.5_weight_ce0.5_weight_kl0.0_weight_mse1.0_zscoreFalse/final_summary.json
raw,H3K9ac,0.5,0.25,5.0,1.0,0.0001,16,42,0.5399577662287636,0.4707344358456359,0.4143494654938355,0.7317638239246509,30,130,True,${OG_SCRATCH}/carbon_distillation/deploy_120k/H3K9ac/20260621_150331/00108c9d-0bd6-416e-ad6c-8744e8070e4d/distill_methodvanilla_dkd_alpha1.0_dkd_beta8.0_kl_methodkl_mse_normalizeFalse_temperature1.0_weight_ce0.5_weight_kl0.25_weight_mse5.0_zscoreFalse/final_summary.json
raw,H3K9ac,0.5,0.0,2.0,0.5,0.0001,16,42,0.5411215686313391,0.4864419891525306,0.349891550426447,0.7429258765243902,39,139,True,${OG_SCRATCH}/carbon_distillation/deploy_120k/H3K9ac/20260621_150934/6ee63eeb-aebb-4af4-84c9-262c63d731e4/distill_methodvanilla_dkd_alpha1.0_dkd_beta8.0_kl_methodkl_mse_normalizeFalse_temperature0.5_weight_ce0.5_weight_kl0.0_weight_mse2.0_zscoreFalse/final_summary.json
raw,H3K9ac,0.5,0.0,1.0,4.0,0.0001,16,42,0.5403121868128573,0.46064535556335073,0.33680377647251936,0.7283549783549783,35,135,True,${OG_SCRATCH}/carbon_distillation/deploy_120k/H3K9ac/20260621_150934/98751efe-4e7b-48bd-8572-eecba06b1498/distill_methodvanilla_dkd_alpha1.0_dkd_beta8.0_kl_methodkl_mse_normalizeFalse_temperature4.0_weight_ce0.5_weight_kl0.0_weight_mse1.0_zscoreFalse/final_summary.json
raw,H3K9ac,0.5,0.5,1.0,1.0,0.0001,16,42,0.554502199651878,0.5092072721247328,0.4393782802216041,0.7536847270188152,42,142,True,${OG_SCRATCH}/carbon_distillation/deploy_120k/H3K9ac/20260621_151154/b4310986-8ceb-4c14-8ca9-22fa65a638ae/distill_methodvanilla_dkd_alpha1.0_dkd_beta8.0_kl_methodkl_mse_normalizeFalse_temperature1.0_weight_ce0.5_weight_kl0.5_weight_mse1.0_zscoreFalse/final_summary.json
raw,H3K9ac,0.5,0.0,2.0,1.5,0.0001,16,42,0.5411215686313391,0.4864419891525306,0.349891550426447,0.7429258765243902,39,139,True,${OG_SCRATCH}/carbon_distillation/deploy_120k/H3K9ac/20260621_151222/3ba98db4-004e-49e3-9c8e-8a824f1cdd64/distill_methodvanilla_dkd_alpha1.0_dkd_beta8.0_kl_methodkl_mse_normalizeFalse_temperature1.5_weight_ce0.5_weight_kl0.0_weight_mse2.0_zscoreFalse/final_summary.json
raw,H3K9ac,0.5,0.0,2.0,1.0,0.0001,16,42,0.5395388114204759,0.5062075876751476,0.3673774553067828,0.7514473452660401,36,136,True,${OG_SCRATCH}/carbon_distillation/deploy_120k/H3K9ac/20260621_151417/57cbc127-5979-4047-a163-40518b3ae2b1/distill_methodvanilla_dkd_alpha1.0_dkd_beta8.0_kl_methodkl_mse_normalizeFalse_temperature1.0_weight_ce0.5_weight_kl0.0_weight_mse2.0_zscoreFalse/final_summary.json
raw,H3K9ac,0.5,0.0,2.0,2.0,0.0001,16,42,0.5395388114204759,0.5062075876751476,0.3673774553067828,0.7514473452660401,36,136,True,${OG_SCRATCH}/carbon_distillation/deploy_120k/H3K9ac/20260621_151605/37c7a49e-77c7-4ad3-9f66-03e3b94d910b/distill_methodvanilla_dkd_alpha1.0_dkd_beta8.0_kl_methodkl_mse_normalizeFalse_temperature2.0_weight_ce0.5_weight_kl0.0_weight_mse2.0_zscoreFalse/final_summary.json
raw,H3K9ac,0.5,0.0,2.0,4.0,0.0001,16,42,0.5395388114204759,0.5062075876751476,0.3673774553067828,0.7514473452660401,36,136,True,${OG_SCRATCH}/carbon_distillation/deploy_120k/H3K9ac/20260621_151605/5bf2bf8d-79f6-4616-9471-0662120d427e/distill_methodvanilla_dkd_alpha1.0_dkd_beta8.0_kl_methodkl_mse_normalizeFalse_temperature4.0_weight_ce0.5_weight_kl0.0_weight_mse2.0_zscoreFalse/final_summary.json
raw,H3K9ac,0.5,0.5,1.0,4.0,0.0001,16,42,0.5524534057678621,0.49203284875108505,0.48008063380166593,0.7460156842904124,47,147,True,${OG_SCRATCH}/carbon_distillation/deploy_120k/H3K9ac/20260621_153005/63279d13-6b9a-4bd8-871a-62d2bfbdc87f/distill_methodvanilla_dkd_alpha1.0_dkd_beta8.0_kl_methodkl_mse_normalizeFalse_temperature4.0_weight_ce0.5_weight_kl0.5_weight_mse1.0_zscoreFalse/final_summary.json
raw,H3K9ac,0.5,0.0,5.0,0.5,0.0001,16,42,0.5431656155558487,0.4860557768924303,0.30879496295451075,0.7430278884462151,39,139,True,${OG_SCRATCH}/carbon_distillation/deploy_120k/H3K9ac/20260621_153005/b6f4c72c-9a80-43a0-83d4-ef8f696fcbe7/distill_methodvanilla_dkd_alpha1.0_dkd_beta8.0_kl_methodkl_mse_normalizeFalse_temperature0.5_weight_ce0.5_weight_kl0.0_weight_mse5.0_zscoreFalse/final_summary.json
raw,H3K9ac,0.5,0.0,5.0,1.0,0.0001,16,42,0.5430106407733152,0.48407238910969813,0.3007974095603799,0.7420295692391026,39,139,True,${OG_SCRATCH}/carbon_distillation/deploy_120k/H3K9ac/20260621_153514/1d953cce-2923-46af-8ff7-880a88f1327c/distill_methodvanilla_dkd_alpha1.0_dkd_beta8.0_kl_methodkl_mse_normalizeFalse_temperature1.0_weight_ce0.5_weight_kl0.0_weight_mse5.0_zscoreFalse/final_summary.json
raw,H3K9ac,0.5,0.0,5.0,1.5,0.0001,16,42,0.5430106407733152,0.48407238910969813,0.3007974095603799,0.7420295692391026,39,139,True,${OG_SCRATCH}/carbon_distillation/deploy_120k/H3K9ac/20260621_153721/9c329399-4713-4975-be9c-2b6e47716a46/distill_methodvanilla_dkd_alpha1.0_dkd_beta8.0_kl_methodkl_mse_normalizeFalse_temperature1.5_weight_ce0.5_weight_kl0.0_weight_mse5.0_zscoreFalse/final_summary.json
raw,H3K9ac,0.5,0.5,2.0,0.5,0.0001,16,42,0.546889121030315,0.4566397437758433,0.39325728710349694,0.7263575884899414,25,125,True,${OG_SCRATCH}/carbon_distillation/deploy_120k/H3K9ac/20260621_153825/09c8a7aa-a759-415f-844b-e787f6ebe92f/distill_methodvanilla_dkd_alpha1.0_dkd_beta8.0_kl_methodkl_mse_normalizeFalse_temperature0.5_weight_ce0.5_weight_kl0.5_weight_mse2.0_zscoreFalse/final_summary.json
raw,H3K9ac,0.5,0.5,1.0,2.0,0.0001,16,42,0.5618732981100912,0.4961823401195318,0.46073105123458996,0.747965713049699,45,145,True,${OG_SCRATCH}/carbon_distillation/deploy_120k/H3K9ac/20260621_153923/e09cc4ac-be19-4d4c-8921-a0b5e1dc2e7a/distill_methodvanilla_dkd_alpha1.0_dkd_beta8.0_kl_methodkl_mse_normalizeFalse_temperature2.0_weight_ce0.5_weight_kl0.5_weight_mse1.0_zscoreFalse/final_summary.json
raw,H3K9ac,0.5,0.5,2.0,1.0,0.0001,16,42,0.5483172077224792,0.4972259245453273,0.45693839450899365,0.7477013600638067,45,145,True,${OG_SCRATCH}/carbon_distillation/deploy_120k/H3K9ac/20260621_154208/6564e9af-b6d1-4225-8e38-4438305e787d/distill_methodvanilla_dkd_alpha1.0_dkd_beta8.0_kl_methodkl_mse_normalizeFalse_temperature1.0_weight_ce0.5_weight_kl0.5_weight_mse2.0_zscoreFalse/final_summary.json
raw,H3K9ac,0.5,0.0,5.0,2.0,0.0001,16,42,0.5430106407733152,0.48407238910969813,0.3007974095603799,0.7420295692391026,39,139,True,${OG_SCRATCH}/carbon_distillation/deploy_120k/H3K9ac/20260621_154330/a80b4f16-8395-41cc-975c-8901a6eeb399/distill_methodvanilla_dkd_alpha1.0_dkd_beta8.0_kl_methodkl_mse_normalizeFalse_temperature2.0_weight_ce0.5_weight_kl0.0_weight_mse5.0_zscoreFalse/final_summary.json
raw,H3K9ac,0.5,0.5,2.0,2.0,0.0001,16,42,0.5506972433341376,0.5047070852259321,0.4742390997539201,0.7503262668703845,49,149,True,${OG_SCRATCH}/carbon_distillation/deploy_120k/H3K9ac/20260621_155028/5161dbc3-35cc-4930-b3fe-3103c1e6c344/distill_methodvanilla_dkd_alpha1.0_dkd_beta8.0_kl_methodkl_mse_normalizeFalse_temperature2.0_weight_ce0.5_weight_kl0.5_weight_mse2.0_zscoreFalse/final_summary.json
raw,H3K9ac,0.5,0.0,5.0,4.0,0.0001,16,42,0.5431656155558487,0.4860557768924303,0.30879496295451075,0.7430278884462151,39,139,True,${OG_SCRATCH}/carbon_distillation/deploy_120k/H3K9ac/20260621_155429/587ec63d-46d3-4757-98ce-c2a7f35481da/distill_methodvanilla_dkd_alpha1.0_dkd_beta8.0_kl_methodkl_mse_normalizeFalse_temperature4.0_weight_ce0.5_weight_kl0.0_weight_mse5.0_zscoreFalse/final_summary.json
raw,H3K9ac,0.5,0.5,2.0,4.0,0.0001,16,42,0.5541027956999915,0.5242800370695265,0.4712748081221756,0.7618669088130362,59,159,True,${OG_SCRATCH}/carbon_distillation/deploy_120k/H3K9ac/20260621_155639/a9100950-9422-4434-b297-85b10ccf498f/distill_methodvanilla_dkd_alpha1.0_dkd_beta8.0_kl_methodkl_mse_normalizeFalse_temperature4.0_weight_ce0.5_weight_kl0.5_weight_mse2.0_zscoreFalse/final_summary.json
raw,H3K9ac,0.5,0.5,2.0,1.5,0.0001,16,42,0.551175868873301,0.5152708922598812,0.4523932382204846,0.756659249841068,49,149,True,${OG_SCRATCH}/carbon_distillation/deploy_120k/H3K9ac/20260621_155639/06145c26-60db-498e-8421-f5bbf2ae1967/distill_methodvanilla_dkd_alpha1.0_dkd_beta8.0_kl_methodkl_mse_normalizeFalse_temperature1.5_weight_ce0.5_weight_kl0.5_weight_mse2.0_zscoreFalse/final_summary.json
raw,H3K9ac,0.5,0.25,0.0,0.5,0.0001,16,42,0.5455344579282376,0.5102092286844374,0.43786428310509656,0.753443752131373,36,136,True,${OG_SCRATCH}/carbon_distillation/deploy_120k/H3K9ac/20260621_155757/e6cfb2be-f3af-429e-b81a-0a288c1d85fe/distill_methodvanilla_dkd_alpha1.0_dkd_beta8.0_kl_methodkl_mse_normalizeFalse_temperature0.5_weight_ce0.5_weight_kl0.25_weight_mse0.0_zscoreFalse/final_summary.json
raw,H3K9ac,0.5,0.5,5.0,0.5,0.0001,16,42,0.5418289229771449,0.47344116684451887,0.4258680013761898,0.732571421730642,30,130,True,${OG_SCRATCH}/carbon_distillation/deploy_120k/H3K9ac/20260621_160000/3fedb392-9434-4d80-b57c-53877e9100b0/distill_methodvanilla_dkd_alpha1.0_dkd_beta8.0_kl_methodkl_mse_normalizeFalse_temperature0.5_weight_ce0.5_weight_kl0.5_weight_mse5.0_zscoreFalse/final_summary.json
raw,H3K9ac,0.5,0.5,5.0,1.0,0.0001,16,42,0.5453244931834991,0.474764987942412,0.4252225534410949,0.7353181981422732,30,130,True,${OG_SCRATCH}/carbon_distillation/deploy_120k/H3K9ac/20260621_160250/4c3b7b49-1bc3-43f3-9360-089ebb066b57/distill_methodvanilla_dkd_alpha1.0_dkd_beta8.0_kl_methodkl_mse_normalizeFalse_temperature1.0_weight_ce0.5_weight_kl0.5_weight_mse5.0_zscoreFalse/final_summary.json
raw,H3K9ac,0.5,0.25,0.0,1.5,0.0001,16,42,0.5498411650230456,0.49593255775790557,0.4327253376160126,0.7465251272264631,59,159,True,${OG_SCRATCH}/carbon_distillation/deploy_120k/H3K9ac/20260621_161155/a25aee18-477a-4d99-a926-4160b45a0101/distill_methodvanilla_dkd_alpha1.0_dkd_beta8.0_kl_methodkl_mse_normalizeFalse_temperature1.5_weight_ce0.5_weight_kl0.25_weight_mse0.0_zscoreFalse/final_summary.json
raw,H3K9ac,0.5,0.5,5.0,2.0,0.0001,16,42,0.5484521831282441,0.48422613915279605,0.42442123490126654,0.7419886153354627,47,147,True,${OG_SCRATCH}/carbon_distillation/deploy_120k/H3K9ac/20260621_161405/d10dc586-8d6d-45c5-b5ce-bf89def2da5d/distill_methodvanilla_dkd_alpha1.0_dkd_beta8.0_kl_methodkl_mse_normalizeFalse_temperature2.0_weight_ce0.5_weight_kl0.5_weight_mse5.0_zscoreFalse/final_summary.json
raw,H3K9ac,0.5,0.5,5.0,1.5,0.0001,16,42,0.5475598213271058,0.4626876933525481,0.4663168359993114,0.7277602989086008,30,130,True,${OG_SCRATCH}/carbon_distillation/deploy_120k/H3K9ac/20260621_161455/ee7d5581-fa36-43b7-b4cf-dcc9bc314248/distill_methodvanilla_dkd_alpha1.0_dkd_beta8.0_kl_methodkl_mse_normalizeFalse_temperature1.5_weight_ce0.5_weight_kl0.5_weight_mse5.0_zscoreFalse/final_summary.json
raw,H3K9ac,0.5,0.25,0.0,2.0,0.0001,16,42,0.5518045675073714,0.4847654202656218,0.428662090200754,0.7418451742154917,53,153,True,${OG_SCRATCH}/carbon_distillation/deploy_120k/H3K9ac/20260621_161455/bdc3d9d5-a887-443a-bc7e-0c47ac1f030a/distill_methodvanilla_dkd_alpha1.0_dkd_beta8.0_kl_methodkl_mse_normalizeFalse_temperature2.0_weight_ce0.5_weight_kl0.25_weight_mse0.0_zscoreFalse/final_summary.json
raw,H3K9ac,0.5,0.25,0.0,4.0,0.0001,16,42,0.5500666003656159,0.4676223136942079,0.4224750821874103,0.7326433602009508,67,167,True,${OG_SCRATCH}/carbon_distillation/deploy_120k/H3K9ac/20260621_162008/0d3a5065-6f5b-4a0d-8c04-ae35343afb08/distill_methodvanilla_dkd_alpha1.0_dkd_beta8.0_kl_methodkl_mse_normalizeFalse_temperature4.0_weight_ce0.5_weight_kl0.25_weight_mse0.0_zscoreFalse/final_summary.json
raw,H3K9ac,0.5,0.25,0.0,1.0,0.0001,16,42,0.5502962670442927,0.5004380680948337,0.4270580944457141,0.7498905788650969,49,149,True,${OG_SCRATCH}/carbon_distillation/deploy_120k/H3K9ac/20260621_162116/59f2843b-6807-437e-8dbd-3994660856d4/distill_methodvanilla_dkd_alpha1.0_dkd_beta8.0_kl_methodkl_mse_normalizeFalse_temperature1.0_weight_ce0.5_weight_kl0.25_weight_mse0.0_zscoreFalse/final_summary.json
raw,H3K9ac,0.5,0.5,5.0,4.0,0.0001,16,42,0.5496284639944622,0.49889803457144316,0.4633443682336916,0.7457761614808257,55,155,True,${OG_SCRATCH}/carbon_distillation/deploy_120k/H3K9ac/20260621_162406/618b39f1-2827-43dc-87c5-ebbf8f932d9b/distill_methodvanilla_dkd_alpha1.0_dkd_beta8.0_kl_methodkl_mse_normalizeFalse_temperature4.0_weight_ce0.5_weight_kl0.5_weight_mse5.0_zscoreFalse/final_summary.json
raw,H3K9ac,0.5,1.0,0.0,0.5,0.0001,16,42,0.5542969035462738,0.4592218191334785,0.44462290841332114,0.72877261982798,44,144,True,${OG_SCRATCH}/carbon_distillation/deploy_120k/H3K9ac/20260621_162914/a12c7fd8-b1e2-49d3-af6d-725326ad4793/distill_methodvanilla_dkd_alpha1.0_dkd_beta8.0_kl_methodkl_mse_normalizeFalse_temperature0.5_weight_ce0.5_weight_kl1.0_weight_mse0.0_zscoreFalse/final_summary.json
raw,H3K9ac,0.5,0.25,1.0,1.0,0.0001,16,42,0.552097584409762,0.5135041943068949,0.46416645062990486,0.7556073303891226,34,134,True,${OG_SCRATCH}/carbon_distillation/deploy_120k/H3K9ac/20260621_163514/1a69d87b-4f94-480a-b2ad-a0a02369fdc9/distill_methodvanilla_dkd_alpha1.0_dkd_beta8.0_kl_methodkl_mse_normalizeFalse_temperature1.0_weight_ce0.5_weight_kl0.25_weight_mse1.0_zscoreFalse/final_summary.json
raw,H3K9ac,0.5,1.0,0.0,1.0,0.0001,16,42,0.5595313518175257,0.5111338508616109,0.4651495537642024,0.7546987664620701,49,149,True,${OG_SCRATCH}/carbon_distillation/deploy_120k/H3K9ac/20260621_163716/72839020-c2b7-4bcb-88f6-92d974db4466/distill_methodvanilla_dkd_alpha1.0_dkd_beta8.0_kl_methodkl_mse_normalizeFalse_temperature1.0_weight_ce0.5_weight_kl1.0_weight_mse0.0_zscoreFalse/final_summary.json
raw,H3K9ac,0.5,0.25,1.0,0.5,0.0001,16,42,0.5445682082341279,0.48856086505033686,0.355611436041512,0.7438894993186016,39,139,True,${OG_SCRATCH}/carbon_distillation/deploy_120k/H3K9ac/20260621_163852/70df4a19-7f9e-4215-ab7a-cea894ed5b50/distill_methodvanilla_dkd_alpha1.0_dkd_beta8.0_kl_methodkl_mse_normalizeFalse_temperature0.5_weight_ce0.5_weight_kl0.25_weight_mse1.0_zscoreFalse/final_summary.json
raw,H3K9ac,0.5,0.25,1.0,1.5,0.0001,16,42,0.5552775581424285,0.49297272921509555,0.4056083713785979,0.7457735674814185,42,142,True,${OG_SCRATCH}/carbon_distillation/deploy_120k/H3K9ac/20260621_164423/ffa4191d-437f-4de2-9b85-60893e9247af/distill_methodvanilla_dkd_alpha1.0_dkd_beta8.0_kl_methodkl_mse_normalizeFalse_temperature1.5_weight_ce0.5_weight_kl0.25_weight_mse1.0_zscoreFalse/final_summary.json
raw,H3K9ac,0.5,1.0,0.0,1.5,0.0001,16,42,0.557598093384923,0.4883278980632335,0.45424095106997925,0.7439504945287762,63,163,True,${OG_SCRATCH}/carbon_distillation/deploy_120k/H3K9ac/20260621_164749/8af026eb-6a52-4db5-a130-c64f01efb2bf/distill_methodvanilla_dkd_alpha1.0_dkd_beta8.0_kl_methodkl_mse_normalizeFalse_temperature1.5_weight_ce0.5_weight_kl1.0_weight_mse0.0_zscoreFalse/final_summary.json
raw,H3K9ac,0.5,0.25,1.0,2.0,0.0001,16,42,0.5512654870631487,0.49623751681454037,0.4327253376160126,0.7479517082410936,49,149,True,${OG_SCRATCH}/carbon_distillation/deploy_120k/H3K9ac/20260621_165017/49778545-f6c4-4d43-ae70-5c46aa658ee2/distill_methodvanilla_dkd_alpha1.0_dkd_beta8.0_kl_methodkl_mse_normalizeFalse_temperature2.0_weight_ce0.5_weight_kl0.25_weight_mse1.0_zscoreFalse/final_summary.json
raw,H3K9ac,0.5,1.0,0.0,4.0,0.0001,16,42,0.5560391529723117,0.5192946575577422,0.49060083916001174,0.7571854967370545,85,185,True,${OG_SCRATCH}/carbon_distillation/deploy_120k/H3K9ac/20260621_165242/db6f4494-769c-4221-b5a0-117584910172/distill_methodvanilla_dkd_alpha1.0_dkd_beta8.0_kl_methodkl_mse_normalizeFalse_temperature4.0_weight_ce0.5_weight_kl1.0_weight_mse0.0_zscoreFalse/final_summary.json
raw,H3K9ac,0.5,0.25,1.0,4.0,0.0001,16,42,0.5557215935457351,0.5123192757675601,0.4625186126368324,0.7558886722142003,55,155,True,${OG_SCRATCH}/carbon_distillation/deploy_120k/H3K9ac/20260621_165336/7ad58a32-91d9-4a91-ac1f-14bc64000775/distill_methodvanilla_dkd_alpha1.0_dkd_beta8.0_kl_methodkl_mse_normalizeFalse_temperature4.0_weight_ce0.5_weight_kl0.25_weight_mse1.0_zscoreFalse/final_summary.json
raw,H3K9ac,0.5,1.0,1.0,0.5,0.0001,16,42,0.5491253454705655,0.4941219526240872,0.42677675756986716,0.7469868520789431,34,134,True,${OG_SCRATCH}/carbon_distillation/deploy_120k/H3K9ac/20260621_165444/9ab51874-7b6b-422d-98d6-a30a6c17a497/distill_methodvanilla_dkd_alpha1.0_dkd_beta8.0_kl_methodkl_mse_normalizeFalse_temperature0.5_weight_ce0.5_weight_kl1.0_weight_mse1.0_zscoreFalse/final_summary.json
raw,H3K9ac,0.5,1.0,1.0,1.0,0.0001,16,42,0.5506611634285631,0.48661221445139374,0.4392996134306617,0.7428809656158183,48,148,True,${OG_SCRATCH}/carbon_distillation/deploy_120k/H3K9ac/20260621_165748/14fd9ed8-be99-40cf-a3cf-7981bc6ca7db/distill_methodvanilla_dkd_alpha1.0_dkd_beta8.0_kl_methodkl_mse_normalizeFalse_temperature1.0_weight_ce0.5_weight_kl1.0_weight_mse1.0_zscoreFalse/final_summary.json
raw,H3K9ac,0.5,1.0,1.0,1.5,0.0001,16,42,0.5559374464815472,0.5062332912413348,0.4383027555490259,0.7529252996745257,64,164,True,${OG_SCRATCH}/carbon_distillation/deploy_120k/H3K9ac/20260621_165748/087ac114-e201-4bf2-9a50-ea2ad7e920e0/distill_methodvanilla_dkd_alpha1.0_dkd_beta8.0_kl_methodkl_mse_normalizeFalse_temperature1.5_weight_ce0.5_weight_kl1.0_weight_mse1.0_zscoreFalse/final_summary.json
raw,H3K9ac,0.5,1.0,0.0,2.0,0.0001,16,42,0.5577104280921513,0.48807201890268964,0.42041726098710364,0.744017555712303,70,170,True,${OG_SCRATCH}/carbon_distillation/deploy_120k/H3K9ac/20260621_165927/662e034b-f350-4a52-99b8-e7e742faf16f/distill_methodvanilla_dkd_alpha1.0_dkd_beta8.0_kl_methodkl_mse_normalizeFalse_temperature2.0_weight_ce0.5_weight_kl1.0_weight_mse0.0_zscoreFalse/final_summary.json
raw,H3K9ac,0.5,1.0,1.0,4.0,0.0001,16,42,0.5492391196617813,0.49010207878603024,0.48602041328604606,0.7450037303363652,47,147,True,${OG_SCRATCH}/carbon_distillation/deploy_120k/H3K9ac/20260621_170304/50229f63-1beb-4da3-938b-bbc05d32364c/distill_methodvanilla_dkd_alpha1.0_dkd_beta8.0_kl_methodkl_mse_normalizeFalse_temperature4.0_weight_ce0.5_weight_kl1.0_weight_mse1.0_zscoreFalse/final_summary.json
raw,H3K9ac,0.5,1.0,1.0,2.0,0.0001,16,42,0.550420804097875,0.4988996430440585,0.4735138763082923,0.7487796837702907,56,156,True,${OG_SCRATCH}/carbon_distillation/deploy_120k/H3K9ac/20260621_170938/2a9358dd-3e89-46c7-8c7e-1cf04c1ffdcd/distill_methodvanilla_dkd_alpha1.0_dkd_beta8.0_kl_methodkl_mse_normalizeFalse_temperature2.0_weight_ce0.5_weight_kl1.0_weight_mse1.0_zscoreFalse/final_summary.json
raw,H3K9ac,0.5,1.0,2.0,1.0,0.0001,16,42,0.5498300431388365,0.4786349650341578,0.44026088235712,0.738894623997459,42,142,True,${OG_SCRATCH}/carbon_distillation/deploy_120k/H3K9ac/20260621_172219/447c97e1-7c79-4701-a29e-8c406da62c4f/distill_methodvanilla_dkd_alpha1.0_dkd_beta8.0_kl_methodkl_mse_normalizeFalse_temperature1.0_weight_ce0.5_weight_kl1.0_weight_mse2.0_zscoreFalse/final_summary.json
raw,H3K9ac,0.5,1.0,2.0,1.5,0.0001,16,42,0.562498333027047,0.5063781362489458,0.44922355437109684,0.7528899898373984,53,153,True,${OG_SCRATCH}/carbon_distillation/deploy_120k/H3K9ac/20260621_172446/46bf52a1-abf4-48a8-9f12-93f01be4b0de/distill_methodvanilla_dkd_alpha1.0_dkd_beta8.0_kl_methodkl_mse_normalizeFalse_temperature1.5_weight_ce0.5_weight_kl1.0_weight_mse2.0_zscoreFalse/final_summary.json
raw,H3K9ac,0.5,1.0,2.0,2.0,0.0001,16,42,0.5577917619527235,0.5021355173865036,0.47235345964749653,0.7509604394208789,59,159,True,${OG_SCRATCH}/carbon_distillation/deploy_120k/H3K9ac/20260621_172446/9ceeb05e-adc4-464e-8626-3f3aec9737ba/distill_methodvanilla_dkd_alpha1.0_dkd_beta8.0_kl_methodkl_mse_normalizeFalse_temperature2.0_weight_ce0.5_weight_kl1.0_weight_mse2.0_zscoreFalse/final_summary.json
raw,H3K9ac,0.5,1.0,2.0,0.5,0.0001,16,42,0.5499393122888098,0.48008825421990636,0.4403447725330379,0.7400375195807172,36,136,True,${OG_SCRATCH}/carbon_distillation/deploy_120k/H3K9ac/20260621_172616/b65201fb-e0ca-4b95-8d14-17cb5eb74e35/distill_methodvanilla_dkd_alpha1.0_dkd_beta8.0_kl_methodkl_mse_normalizeFalse_temperature0.5_weight_ce0.5_weight_kl1.0_weight_mse2.0_zscoreFalse/final_summary.json
raw,H3K9ac,0.5,1.0,5.0,1.0,0.0001,16,42,0.5459052663239419,0.49673493681539027,0.4701195219123506,0.7478255948900363,45,145,True,${OG_SCRATCH}/carbon_distillation/deploy_120k/H3K9ac/20260621_173150/ae690fe4-f8e4-44e7-a493-dd1dcc426419/distill_methodvanilla_dkd_alpha1.0_dkd_beta8.0_kl_methodkl_mse_normalizeFalse_temperature1.0_weight_ce0.5_weight_kl1.0_weight_mse5.0_zscoreFalse/final_summary.json
raw,H3K9ac,0.5,1.0,2.0,4.0,0.0001,16,42,0.5563719910946949,0.4768920361906091,0.4487339382821458,0.737829076376995,46,146,True,${OG_SCRATCH}/carbon_distillation/deploy_120k/H3K9ac/20260621_173237/3ec1ecc9-e6da-428c-aa7d-bf8f6c1be3ac/distill_methodvanilla_dkd_alpha1.0_dkd_beta8.0_kl_methodkl_mse_normalizeFalse_temperature4.0_weight_ce0.5_weight_kl1.0_weight_mse2.0_zscoreFalse/final_summary.json
raw,H3K9ac,0.5,1.0,5.0,0.5,0.0001,16,42,0.5453615324679,0.4860712077244254,0.41435578363393644,0.7430238095238095,43,143,True,${OG_SCRATCH}/carbon_distillation/deploy_120k/H3K9ac/20260621_173736/2f369fd2-6c05-4245-a1c2-95ba2ae4897d/distill_methodvanilla_dkd_alpha1.0_dkd_beta8.0_kl_methodkl_mse_normalizeFalse_temperature0.5_weight_ce0.5_weight_kl1.0_weight_mse5.0_zscoreFalse/final_summary.json
raw,H3K9ac,0.5,1.0,5.0,1.5,0.0001,16,42,0.5492209656703969,0.500167740441777,0.4437870333237459,0.7499580789544444,45,145,True,${OG_SCRATCH}/carbon_distillation/deploy_120k/H3K9ac/20260621_174003/d7315583-4d19-4b48-a0aa-0ea10f56606f/distill_methodvanilla_dkd_alpha1.0_dkd_beta8.0_kl_methodkl_mse_normalizeFalse_temperature1.5_weight_ce0.5_weight_kl1.0_weight_mse5.0_zscoreFalse/final_summary.json
raw,H3K9ac,0.5,1.0,5.0,4.0,0.0001,16,42,0.5592785569071944,0.5173433905765261,0.47546777397300594,0.75763897374154,72,172,True,${OG_SCRATCH}/carbon_distillation/deploy_120k/H3K9ac/20260621_174011/970e8b91-677b-4e8c-9308-0c6af0df65ab/distill_methodvanilla_dkd_alpha1.0_dkd_beta8.0_kl_methodkl_mse_normalizeFalse_temperature4.0_weight_ce0.5_weight_kl1.0_weight_mse5.0_zscoreFalse/final_summary.json
raw,H3K9ac,0.5,1.0,5.0,2.0,0.0001,16,42,0.5538175145792629,0.47484279365701926,0.47560157505675726,0.7368471216164697,72,172,True,${OG_SCRATCH}/carbon_distillation/deploy_120k/H3K9ac/20260621_174324/102c944e-0d94-49c6-a4bf-881233bc9f0b/distill_methodvanilla_dkd_alpha1.0_dkd_beta8.0_kl_methodkl_mse_normalizeFalse_temperature2.0_weight_ce0.5_weight_kl1.0_weight_mse5.0_zscoreFalse/final_summary.json
raw,H3K9ac,0.5,1.0,2.0,1.5,0.0001,16,0,0.5494561313729163,0.5254926190767056,0.4980237784061736,0.761592456991838,58,158,True,${OG_SCRATCH}/carbon_distillation/deploy_120k/H3K9ac/20260624_001857/c54482b3-8a86-426a-9643-70c5aaacf2ff/distill_methodvanilla_dkd_alpha1.0_dkd_beta8.0_kl_methodkl_mse_normalizeFalse_temperature1.5_weight_ce0.5_weight_kl1.0_weight_mse2.0_zscoreFalse/final_summary.json
raw,H3K9ac,0.5,1.0,2.0,1.5,0.0001,16,1,0.5335627695272082,0.4823167577968622,0.457035903257909,0.7409700722394221,21,121,True,${OG_SCRATCH}/carbon_distillation/deploy_120k/H3K9ac/20260624_002144/51784781-81e3-460f-b460-4db297cdd450/distill_methodvanilla_dkd_alpha1.0_dkd_beta8.0_kl_methodkl_mse_normalizeFalse_temperature1.5_weight_ce0.5_weight_kl1.0_weight_mse2.0_zscoreFalse/final_summary.json
raw,H3K9ac,0.5,1.0,2.0,1.5,0.0001,16,2,0.5464936592982756,0.5118762714593913,0.45258741616544723,0.7515644955300127,43,143,True,${OG_SCRATCH}/carbon_distillation/deploy_120k/H3K9ac/20260624_002144/03457aa4-9bb4-4eaf-8297-39ed6d0e05bf/distill_methodvanilla_dkd_alpha1.0_dkd_beta8.0_kl_methodkl_mse_normalizeFalse_temperature1.5_weight_ce0.5_weight_kl1.0_weight_mse2.0_zscoreFalse/final_summary.json
raw,promoter_all,0.5,0.5,0.2,2.0,0.0001,16,,0.7445103665345998,0.7097792940414928,0.7179986316769426,0.8547792271155308,95,200,,${OG_SCRATCH}/carbon_distillation/deploy_120k/promoter_all/20260618_212219/9874142d-e86a-481c-9bd7-a03f39206c81/distill_methodvanilla_dkd_alpha1.0_dkd_beta8.0_kl_methodkl_mse_normalizeFalse_temperature2.0_weight_ce0.5_weight_kl0.5_weight_mse0.2_zscoreFalse/final_summary.json
l2norm,promoter_all,0.5,0.5,0.2,2.0,0.0001,16,,0.73787252356538,0.7350828997442492,0.7063132698688175,0.8674031034944607,35,200,,${OG_SCRATCH}/carbon_distillation/deploy_120k/promoter_all/20260619_103149/2340569c-be1e-4d6d-b375-e333bbc6811c/distill_methodvanilla_dkd_alpha1.0_dkd_beta8.0_kl_methodkl_mse_normalizeTrue_temperature2.0_weight_ce0.5_weight_kl0.5_weight_mse0.2_zscoreFalse/final_summary.json
raw,promoter_all,0.5,0.0,0.0,0.5,0.0001,16,42,0.7296606647997971,0.7287032409792157,0.6959517592984544,0.8642520409428217,35,135,True,${OG_SCRATCH}/carbon_distillation/deploy_120k/promoter_all/20260621_214755/609a1bbc-4c43-4c99-97f4-95e45e1f8636/distill_methodvanilla_dkd_alpha1.0_dkd_beta8.0_kl_methodkl_mse_normalizeFalse_temperature0.5_weight_ce0.5_weight_kl0.0_weight_mse0.0_zscoreFalse/final_summary.json
raw,promoter_all,0.5,0.0,0.0,1.0,0.0001,16,42,0.7296606647997971,0.7287032409792157,0.6959517592984544,0.8642520409428217,35,135,True,${OG_SCRATCH}/carbon_distillation/deploy_120k/promoter_all/20260621_215008/6f1c0366-9a3c-4e9d-a0ef-57a217f0ced0/distill_methodvanilla_dkd_alpha1.0_dkd_beta8.0_kl_methodkl_mse_normalizeFalse_temperature1.0_weight_ce0.5_weight_kl0.0_weight_mse0.0_zscoreFalse/final_summary.json
raw,promoter_all,0.5,0.0,0.0,2.0,0.0001,16,42,0.7265666455143669,0.7077747100470905,0.6755960675464185,0.8526996797142372,41,141,True,${OG_SCRATCH}/carbon_distillation/deploy_120k/promoter_all/20260621_220634/90b6eaa8-c00f-48ef-805f-2437eaa94d4e/distill_methodvanilla_dkd_alpha1.0_dkd_beta8.0_kl_methodkl_mse_normalizeFalse_temperature2.0_weight_ce0.5_weight_kl0.0_weight_mse0.0_zscoreFalse/final_summary.json
raw,promoter_all,0.5,0.0,1.0,0.5,0.0001,16,42,0.723796064169059,0.7048691602618428,0.6530532104629362,0.8522388059701492,13,113,True,${OG_SCRATCH}/carbon_distillation/deploy_120k/promoter_all/20260621_221801/4576a8b8-39f8-4ef4-862e-926b742ec01e/distill_methodvanilla_dkd_alpha1.0_dkd_beta8.0_kl_methodkl_mse_normalizeFalse_temperature0.5_weight_ce0.5_weight_kl0.0_weight_mse1.0_zscoreFalse/final_summary.json
raw,promoter_all,0.5,0.0,0.0,1.5,0.0001,16,42,0.7296606647997971,0.7287032409792157,0.6959517592984544,0.8642520409428217,35,135,True,${OG_SCRATCH}/carbon_distillation/deploy_120k/promoter_all/20260621_222114/7d873444-0f10-4f36-bf09-2793ed6a5a4a/distill_methodvanilla_dkd_alpha1.0_dkd_beta8.0_kl_methodkl_mse_normalizeFalse_temperature1.5_weight_ce0.5_weight_kl0.0_weight_mse0.0_zscoreFalse/final_summary.json
raw,promoter_all,0.5,0.0,1.0,1.5,0.0001,16,42,0.7222308507311236,0.7197061487442391,0.7036334625569273,0.8598475911105443,17,117,True,${OG_SCRATCH}/carbon_distillation/deploy_120k/promoter_all/20260621_222114/1f07cf9b-e58a-43dd-8e36-b8f022c4139d/distill_methodvanilla_dkd_alpha1.0_dkd_beta8.0_kl_methodkl_mse_normalizeFalse_temperature1.5_weight_ce0.5_weight_kl0.0_weight_mse1.0_zscoreFalse/final_summary.json
raw,promoter_all,0.5,0.0,1.0,1.0,0.0001,16,42,0.723796064169059,0.7048691602618428,0.6530532104629362,0.8522388059701492,13,113,True,${OG_SCRATCH}/carbon_distillation/deploy_120k/promoter_all/20260621_222607/c499373c-dcd1-4671-b9d7-4fa91db223cd/distill_methodvanilla_dkd_alpha1.0_dkd_beta8.0_kl_methodkl_mse_normalizeFalse_temperature1.0_weight_ce0.5_weight_kl0.0_weight_mse1.0_zscoreFalse/final_summary.json
raw,promoter_all,0.5,0.0,0.0,4.0,0.0001,16,42,0.7296606647997971,0.7287032409792157,0.6959517592984544,0.8642520409428217,35,135,True,${OG_SCRATCH}/carbon_distillation/deploy_120k/promoter_all/20260621_222849/c0d3ae46-e416-4eef-83ec-b82cbfae408f/distill_methodvanilla_dkd_alpha1.0_dkd_beta8.0_kl_methodkl_mse_normalizeFalse_temperature4.0_weight_ce0.5_weight_kl0.0_weight_mse0.0_zscoreFalse/final_summary.json
raw,promoter_all,0.5,0.0,2.0,1.5,0.0001,16,42,0.7276561781179963,0.7247497855797272,0.6487753418777004,0.8623735179661483,17,117,True,${OG_SCRATCH}/carbon_distillation/deploy_120k/promoter_all/20260621_223206/d931c0af-2c3f-4c55-b146-dd47a26c2b0c/distill_methodvanilla_dkd_alpha1.0_dkd_beta8.0_kl_methodkl_mse_normalizeFalse_temperature1.5_weight_ce0.5_weight_kl0.0_weight_mse2.0_zscoreFalse/final_summary.json
raw,promoter_all,0.5,0.0,1.0,2.0,0.0001,16,42,0.7222308507311236,0.7197061487442391,0.7036334625569273,0.8598475911105443,17,117,True,${OG_SCRATCH}/carbon_distillation/deploy_120k/promoter_all/20260621_223931/4796b5ff-28cd-4b18-8591-9cb96a59d393/distill_methodvanilla_dkd_alpha1.0_dkd_beta8.0_kl_methodkl_mse_normalizeFalse_temperature2.0_weight_ce0.5_weight_kl0.0_weight_mse1.0_zscoreFalse/final_summary.json
raw,promoter_all,0.5,0.0,5.0,0.5,0.0001,16,42,0.7288803959053696,0.7173570089244979,0.6930892062043753,0.8585675951038214,20,120,True,${OG_SCRATCH}/carbon_distillation/deploy_120k/promoter_all/20260621_224238/e4f281f6-1dd0-459e-85b0-233cf2381d81/distill_methodvanilla_dkd_alpha1.0_dkd_beta8.0_kl_methodkl_mse_normalizeFalse_temperature0.5_weight_ce0.5_weight_kl0.0_weight_mse5.0_zscoreFalse/final_summary.json
raw,promoter_all,0.5,0.0,1.0,4.0,0.0001,16,42,0.7222308507311236,0.7197061487442391,0.7036334625569273,0.8598475911105443,17,117,True,${OG_SCRATCH}/carbon_distillation/deploy_120k/promoter_all/20260621_224645/7daa4240-a746-4f3f-9833-595af016a2c3/distill_methodvanilla_dkd_alpha1.0_dkd_beta8.0_kl_methodkl_mse_normalizeFalse_temperature4.0_weight_ce0.5_weight_kl0.0_weight_mse1.0_zscoreFalse/final_summary.json
raw,promoter_all,0.5,0.0,5.0,1.5,0.0001,16,42,0.7288803959053696,0.7173570089244979,0.6930892062043753,0.8585675951038214,20,120,True,${OG_SCRATCH}/carbon_distillation/deploy_120k/promoter_all/20260621_224839/9a6f6413-645b-4a32-8c14-bd8372e70bbe/distill_methodvanilla_dkd_alpha1.0_dkd_beta8.0_kl_methodkl_mse_normalizeFalse_temperature1.5_weight_ce0.5_weight_kl0.0_weight_mse5.0_zscoreFalse/final_summary.json
raw,promoter_all,0.5,0.0,5.0,2.0,0.0001,16,42,0.7288803959053696,0.7173570089244979,0.6930892062043753,0.8585675951038214,20,120,True,${OG_SCRATCH}/carbon_distillation/deploy_120k/promoter_all/20260621_225306/db9e9d86-7688-4a48-a115-282adf834c1d/distill_methodvanilla_dkd_alpha1.0_dkd_beta8.0_kl_methodkl_mse_normalizeFalse_temperature2.0_weight_ce0.5_weight_kl0.0_weight_mse5.0_zscoreFalse/final_summary.json
raw,promoter_all,0.5,0.0,2.0,0.5,0.0001,16,42,0.7249818974193976,0.7209647681886645,0.690899477924237,0.8604792975181413,17,117,True,${OG_SCRATCH}/carbon_distillation/deploy_120k/promoter_all/20260621_225949/c31d7ac0-6b9b-495f-8b5c-d9704ddae8d3/distill_methodvanilla_dkd_alpha1.0_dkd_beta8.0_kl_methodkl_mse_normalizeFalse_temperature0.5_weight_ce0.5_weight_kl0.0_weight_mse2.0_zscoreFalse/final_summary.json
raw,promoter_all,0.5,0.0,2.0,2.0,0.0001,16,42,0.7249818974193976,0.7209647681886645,0.690899477924237,0.8604792975181413,17,117,True,${OG_SCRATCH}/carbon_distillation/deploy_120k/promoter_all/20260621_230341/6d02b805-e98d-44bf-89ff-edc4a8ce5625/distill_methodvanilla_dkd_alpha1.0_dkd_beta8.0_kl_methodkl_mse_normalizeFalse_temperature2.0_weight_ce0.5_weight_kl0.0_weight_mse2.0_zscoreFalse/final_summary.json
raw,promoter_all,0.5,0.25,0.0,1.0,0.0001,16,42,0.7365488843060457,0.7241923409988977,0.6995306371024059,0.8616748895758924,39,139,True,${OG_SCRATCH}/carbon_distillation/deploy_120k/promoter_all/20260621_230709/04ea50ef-a319-4ab5-a09f-61ae8b406abf/distill_methodvanilla_dkd_alpha1.0_dkd_beta8.0_kl_methodkl_mse_normalizeFalse_temperature1.0_weight_ce0.5_weight_kl0.25_weight_mse0.0_zscoreFalse/final_summary.json
raw,promoter_all,0.5,0.25,0.0,1.5,0.0001,16,42,0.7348938947559891,0.7298561598665841,0.7089490077940542,0.8648936051489144,37,137,True,${OG_SCRATCH}/carbon_distillation/deploy_120k/promoter_all/20260621_231341/d77710c5-6fde-4108-a11d-4c3f0e6f633a/distill_methodvanilla_dkd_alpha1.0_dkd_beta8.0_kl_methodkl_mse_normalizeFalse_temperature1.5_weight_ce0.5_weight_kl0.25_weight_mse0.0_zscoreFalse/final_summary.json
raw,promoter_all,0.5,0.0,2.0,1.0,0.0001,16,42,0.7249818974193976,0.7209647681886645,0.690899477924237,0.8604792975181413,17,117,True,${OG_SCRATCH}/carbon_distillation/deploy_120k/promoter_all/20260621_231509/8366448e-af73-4788-b3af-cba45928caae/distill_methodvanilla_dkd_alpha1.0_dkd_beta8.0_kl_methodkl_mse_normalizeFalse_temperature1.0_weight_ce0.5_weight_kl0.0_weight_mse2.0_zscoreFalse/final_summary.json
raw,promoter_all,0.5,0.25,0.0,4.0,0.0001,16,42,0.738427709512154,0.7234992663869482,0.6905800198752058,0.8617410466431065,53,153,True,${OG_SCRATCH}/carbon_distillation/deploy_120k/promoter_all/20260621_231559/2acd767c-bcef-4915-930e-c062dbb83ef5/distill_methodvanilla_dkd_alpha1.0_dkd_beta8.0_kl_methodkl_mse_normalizeFalse_temperature4.0_weight_ce0.5_weight_kl0.25_weight_mse0.0_zscoreFalse/final_summary.json
raw,promoter_all,0.5,0.0,5.0,1.0,0.0001,16,42,0.7323379934891927,0.7212397493547658,0.666054735962337,0.8581870503597122,27,127,True,${OG_SCRATCH}/carbon_distillation/deploy_120k/promoter_all/20260621_233046/4a9163f2-2075-440c-9e0f-d2b84563157e/distill_methodvanilla_dkd_alpha1.0_dkd_beta8.0_kl_methodkl_mse_normalizeFalse_temperature1.0_weight_ce0.5_weight_kl0.0_weight_mse5.0_zscoreFalse/final_summary.json
raw,promoter_all,0.5,0.0,5.0,4.0,0.0001,16,42,0.7323379934891927,0.7212397493547658,0.666054735962337,0.8581870503597122,27,127,True,${OG_SCRATCH}/carbon_distillation/deploy_120k/promoter_all/20260621_233300/bc3e6033-8aaf-45b0-8d2a-ba6b5afa2c32/distill_methodvanilla_dkd_alpha1.0_dkd_beta8.0_kl_methodkl_mse_normalizeFalse_temperature4.0_weight_ce0.5_weight_kl0.0_weight_mse5.0_zscoreFalse/final_summary.json
raw,promoter_all,0.5,0.25,1.0,1.0,0.0001,16,42,0.7305560738541621,0.7260245692364663,0.7095838859376501,0.8630036854865484,19,119,True,${OG_SCRATCH}/carbon_distillation/deploy_120k/promoter_all/20260621_233349/910af865-c643-4b3e-8c96-1e465b5e13cd/distill_methodvanilla_dkd_alpha1.0_dkd_beta8.0_kl_methodkl_mse_normalizeFalse_temperature1.0_weight_ce0.5_weight_kl0.25_weight_mse1.0_zscoreFalse/final_summary.json
raw,promoter_all,0.5,0.25,1.0,2.0,0.0001,16,42,0.7326411537116336,0.7167641170322948,0.7160055519604099,0.8555944206935269,27,127,True,${OG_SCRATCH}/carbon_distillation/deploy_120k/promoter_all/20260621_233954/b45dc2cf-945e-4d6a-b049-c990985916b4/distill_methodvanilla_dkd_alpha1.0_dkd_beta8.0_kl_methodkl_mse_normalizeFalse_temperature2.0_weight_ce0.5_weight_kl0.25_weight_mse1.0_zscoreFalse/final_summary.json
raw,promoter_all,0.5,0.25,2.0,0.5,0.0001,16,42,0.7266409378366602,0.723485425184383,0.7197027292308786,0.8617423691389786,17,117,True,${OG_SCRATCH}/carbon_distillation/deploy_120k/promoter_all/20260621_234134/b104bf23-66e9-4eb1-97ce-4da030965e35/distill_methodvanilla_dkd_alpha1.0_dkd_beta8.0_kl_methodkl_mse_normalizeFalse_temperature0.5_weight_ce0.5_weight_kl0.25_weight_mse2.0_zscoreFalse/final_summary.json
raw,promoter_all,0.5,0.25,0.0,2.0,0.0001,16,42,0.7399434995428479,0.7374583908080755,0.7049861636921099,0.8686793319175803,43,143,True,${OG_SCRATCH}/carbon_distillation/deploy_120k/promoter_all/20260621_234311/bcf2966e-1603-41b7-ab1f-c1bdb190d3ce/distill_methodvanilla_dkd_alpha1.0_dkd_beta8.0_kl_methodkl_mse_normalizeFalse_temperature2.0_weight_ce0.5_weight_kl0.25_weight_mse0.0_zscoreFalse/final_summary.json
raw,promoter_all,0.5,0.25,1.0,0.5,0.0001,16,42,0.728122070863806,0.7272918617008,0.709677424031059,0.862884332390449,23,123,True,${OG_SCRATCH}/carbon_distillation/deploy_120k/promoter_all/20260621_234311/3d63d156-8f1b-47da-8bf2-73ff0a1ffdb0/distill_methodvanilla_dkd_alpha1.0_dkd_beta8.0_kl_methodkl_mse_normalizeFalse_temperature0.5_weight_ce0.5_weight_kl0.25_weight_mse1.0_zscoreFalse/final_summary.json
raw,promoter_all,0.5,0.0,2.0,4.0,0.0001,16,42,0.7249818974193976,0.7209647681886645,0.690899477924237,0.8604792975181413,17,117,True,${OG_SCRATCH}/carbon_distillation/deploy_120k/promoter_all/20260621_234336/a2be79e1-2f1d-413b-8356-c55e3dbf384f/distill_methodvanilla_dkd_alpha1.0_dkd_beta8.0_kl_methodkl_mse_normalizeFalse_temperature4.0_weight_ce0.5_weight_kl0.0_weight_mse2.0_zscoreFalse/final_summary.json
raw,promoter_all,0.5,0.25,2.0,1.5,0.0001,16,42,0.7295718880088516,0.725027246027823,0.712266572647756,0.8623471839755845,19,119,True,${OG_SCRATCH}/carbon_distillation/deploy_120k/promoter_all/20260621_234902/69c8c431-dacc-4c70-979d-e4a29d78799a/distill_methodvanilla_dkd_alpha1.0_dkd_beta8.0_kl_methodkl_mse_normalizeFalse_temperature1.5_weight_ce0.5_weight_kl0.25_weight_mse2.0_zscoreFalse/final_summary.json
raw,promoter_all,0.5,0.25,0.0,0.5,0.0001,16,42,0.7312528644337467,0.7121135967609572,0.7201729703014891,0.8553018991585845,99,199,True,${OG_SCRATCH}/carbon_distillation/deploy_120k/promoter_all/20260621_234903/f1863d7f-517e-4e96-9c41-d6b7666c2d32/distill_methodvanilla_dkd_alpha1.0_dkd_beta8.0_kl_methodkl_mse_normalizeFalse_temperature0.5_weight_ce0.5_weight_kl0.25_weight_mse0.0_zscoreFalse/final_summary.json
raw,promoter_all,0.5,0.25,1.0,1.5,0.0001,16,42,0.7309069444551504,0.7226079958015114,0.7108727521393574,0.8588106071113517,38,138,True,${OG_SCRATCH}/carbon_distillation/deploy_120k/promoter_all/20260622_000121/d85ab536-b47a-44f8-966f-72b92f1974ed/distill_methodvanilla_dkd_alpha1.0_dkd_beta8.0_kl_methodkl_mse_normalizeFalse_temperature1.5_weight_ce0.5_weight_kl0.25_weight_mse1.0_zscoreFalse/final_summary.json
raw,promoter_all,0.5,0.25,1.0,4.0,0.0001,16,42,0.737645410326916,0.730079700703975,0.7020224403873316,0.8648729237191518,34,134,True,${OG_SCRATCH}/carbon_distillation/deploy_120k/promoter_all/20260622_000137/d77f6c24-121e-4da6-bf45-ed7c2e251580/distill_methodvanilla_dkd_alpha1.0_dkd_beta8.0_kl_methodkl_mse_normalizeFalse_temperature4.0_weight_ce0.5_weight_kl0.25_weight_mse1.0_zscoreFalse/final_summary.json
raw,promoter_all,0.5,0.25,2.0,1.0,0.0001,16,42,0.7303137362984798,0.7326597006305892,0.7179137470827466,0.8661308840413318,18,118,True,${OG_SCRATCH}/carbon_distillation/deploy_120k/promoter_all/20260622_000233/ce80a5af-202c-4149-91c7-9329bc3e5efe/distill_methodvanilla_dkd_alpha1.0_dkd_beta8.0_kl_methodkl_mse_normalizeFalse_temperature1.0_weight_ce0.5_weight_kl0.25_weight_mse2.0_zscoreFalse/final_summary.json
raw,promoter_all,0.5,0.25,2.0,2.0,0.0001,16,42,0.7276358881310003,0.721135469750102,0.725027246027823,0.8597086999053682,28,128,True,${OG_SCRATCH}/carbon_distillation/deploy_120k/promoter_all/20260622_000718/2f10758f-1853-474b-a606-f65ce4427f50/distill_methodvanilla_dkd_alpha1.0_dkd_beta8.0_kl_methodkl_mse_normalizeFalse_temperature2.0_weight_ce0.5_weight_kl0.25_weight_mse2.0_zscoreFalse/final_summary.json
raw,promoter_all,0.5,0.25,5.0,0.5,0.0001,16,42,0.7364673605066279,0.727795035786693,0.6957120617722489,0.8635874323606665,28,128,True,${OG_SCRATCH}/carbon_distillation/deploy_120k/promoter_all/20260622_001525/f255c89c-e44e-4c41-9caf-0672f1270412/distill_methodvanilla_dkd_alpha1.0_dkd_beta8.0_kl_methodkl_mse_normalizeFalse_temperature0.5_weight_ce0.5_weight_kl0.25_weight_mse5.0_zscoreFalse/final_summary.json
raw,promoter_all,0.5,0.25,5.0,4.0,0.0001,16,42,0.7423764555503753,0.7507759960689286,0.7171922980540819,0.8749354005167959,35,135,True,${OG_SCRATCH}/carbon_distillation/deploy_120k/promoter_all/20260622_002404/d5a37cdb-89af-4075-8d6b-8c7e3c480e46/distill_methodvanilla_dkd_alpha1.0_dkd_beta8.0_kl_methodkl_mse_normalizeFalse_temperature4.0_weight_ce0.5_weight_kl0.25_weight_mse5.0_zscoreFalse/final_summary.json
raw,promoter_all,0.5,0.25,5.0,1.0,0.0001,16,42,0.733634190979616,0.7323325724064187,0.7059031808569121,0.8661607626821414,19,119,True,${OG_SCRATCH}/carbon_distillation/deploy_120k/promoter_all/20260622_002929/92b46059-b953-4224-b4f0-e07cc4e9fe00/distill_methodvanilla_dkd_alpha1.0_dkd_beta8.0_kl_methodkl_mse_normalizeFalse_temperature1.0_weight_ce0.5_weight_kl0.25_weight_mse5.0_zscoreFalse/final_summary.json
raw,promoter_all,0.5,0.25,2.0,4.0,0.0001,16,42,0.7322413138845792,0.7096525291436336,0.7071067811865476,0.8547921924497679,34,134,True,${OG_SCRATCH}/carbon_distillation/deploy_120k/promoter_all/20260622_003039/bc2e5308-d8da-4420-b73d-250534a30f7c/distill_methodvanilla_dkd_alpha1.0_dkd_beta8.0_kl_methodkl_mse_normalizeFalse_temperature4.0_weight_ce0.5_weight_kl0.25_weight_mse2.0_zscoreFalse/final_summary.json
raw,promoter_all,0.5,0.5,0.0,1.0,0.0001,16,42,0.7354487178911587,0.727553473365899,0.7183844327081846,0.8636100538473681,38,138,True,${OG_SCRATCH}/carbon_distillation/deploy_120k/promoter_all/20260622_003249/04165a3a-e12d-463a-bc1e-d025a6660f9d/distill_methodvanilla_dkd_alpha1.0_dkd_beta8.0_kl_methodkl_mse_normalizeFalse_temperature1.0_weight_ce0.5_weight_kl0.5_weight_mse0.0_zscoreFalse/final_summary.json
raw,promoter_all,0.5,0.5,1.0,0.5,0.0001,16,42,0.7297806320143033,0.7247474747474747,0.6965520887163741,0.8623737373737373,19,119,True,${OG_SCRATCH}/carbon_distillation/deploy_120k/promoter_all/20260622_004007/883c79a8-874b-44c5-9aba-540331b7b4ec/distill_methodvanilla_dkd_alpha1.0_dkd_beta8.0_kl_methodkl_mse_normalizeFalse_temperature0.5_weight_ce0.5_weight_kl0.5_weight_mse1.0_zscoreFalse/final_summary.json
raw,promoter_all,0.5,0.5,0.0,2.0,0.0001,16,42,0.7396009635745834,0.7310751749355026,0.6957209350422486,0.8655289631734323,41,141,True,${OG_SCRATCH}/carbon_distillation/deploy_120k/promoter_all/20260622_004007/5b8503ce-2380-4764-b7e6-6a2e11ae90e2/distill_methodvanilla_dkd_alpha1.0_dkd_beta8.0_kl_methodkl_mse_normalizeFalse_temperature2.0_weight_ce0.5_weight_kl0.5_weight_mse0.0_zscoreFalse/final_summary.json
raw,promoter_all,0.5,0.25,5.0,1.5,0.0001,16,42,0.7363897156011728,0.7378925161437049,0.7217476311503365,0.8678962869972477,29,129,True,${OG_SCRATCH}/carbon_distillation/deploy_120k/promoter_all/20260622_004013/fcaf4113-a3e9-4d54-96d1-e45ee34c107f/distill_methodvanilla_dkd_alpha1.0_dkd_beta8.0_kl_methodkl_mse_normalizeFalse_temperature1.5_weight_ce0.5_weight_kl0.25_weight_mse5.0_zscoreFalse/final_summary.json
raw,promoter_all,0.5,0.5,0.0,1.5,0.0001,16,42,0.7355503541154458,0.7353762340761377,0.7034852906747836,0.867376670350648,43,143,True,${OG_SCRATCH}/carbon_distillation/deploy_120k/promoter_all/20260622_005547/8818e1bd-7d8d-462a-a2a2-6cc27e4af3a5/distill_methodvanilla_dkd_alpha1.0_dkd_beta8.0_kl_methodkl_mse_normalizeFalse_temperature1.5_weight_ce0.5_weight_kl0.5_weight_mse0.0_zscoreFalse/final_summary.json
raw,promoter_all,0.5,0.5,1.0,1.5,0.0001,16,42,0.7286898777982984,0.7289691024024234,0.7124483985442281,0.8634776987718165,24,124,True,${OG_SCRATCH}/carbon_distillation/deploy_120k/promoter_all/20260622_005629/a5941c69-39f2-4e2a-a43e-17c9ac03e414/distill_methodvanilla_dkd_alpha1.0_dkd_beta8.0_kl_methodkl_mse_normalizeFalse_temperature1.5_weight_ce0.5_weight_kl0.5_weight_mse1.0_zscoreFalse/final_summary.json
raw,promoter_all,0.5,0.25,5.0,2.0,0.0001,16,42,0.7377981135065184,0.7382620013380392,0.7198829138854997,0.8663710675353389,27,127,True,${OG_SCRATCH}/carbon_distillation/deploy_120k/promoter_all/20260622_005930/a17eb557-5346-4991-b5cc-fa1afe7b9851/distill_methodvanilla_dkd_alpha1.0_dkd_beta8.0_kl_methodkl_mse_normalizeFalse_temperature2.0_weight_ce0.5_weight_kl0.25_weight_mse5.0_zscoreFalse/final_summary.json
raw,promoter_all,0.5,0.5,1.0,2.0,0.0001,16,42,0.729136468052536,0.7299469485645442,0.712566660075896,0.8648852040816326,23,123,True,${OG_SCRATCH}/carbon_distillation/deploy_120k/promoter_all/20260622_010345/16c2d27a-124b-413f-9221-5c9838536798/distill_methodvanilla_dkd_alpha1.0_dkd_beta8.0_kl_methodkl_mse_normalizeFalse_temperature2.0_weight_ce0.5_weight_kl0.5_weight_mse1.0_zscoreFalse/final_summary.json
raw,promoter_all,0.5,0.5,0.0,0.5,0.0001,16,42,0.726270900919668,0.7191368970826751,0.7096050098144954,0.8591484035407491,39,139,True,${OG_SCRATCH}/carbon_distillation/deploy_120k/promoter_all/20260622_010538/6d0a315f-21d7-4d7d-89db-90af89d32ad6/distill_methodvanilla_dkd_alpha1.0_dkd_beta8.0_kl_methodkl_mse_normalizeFalse_temperature0.5_weight_ce0.5_weight_kl0.5_weight_mse0.0_zscoreFalse/final_summary.json
raw,promoter_all,0.5,0.5,2.0,1.0,0.0001,16,42,0.7316485731917147,0.7314857924001186,0.7134117037293684,0.865491221838301,19,119,True,${OG_SCRATCH}/carbon_distillation/deploy_120k/promoter_all/20260622_010547/99b2b28b-9da1-4757-ad95-4da571f9cdf0/distill_methodvanilla_dkd_alpha1.0_dkd_beta8.0_kl_methodkl_mse_normalizeFalse_temperature1.0_weight_ce0.5_weight_kl0.5_weight_mse2.0_zscoreFalse/final_summary.json
raw,promoter_all,0.5,0.5,1.0,4.0,0.0001,16,42,0.741081408829176,0.7354490353500661,0.7058536565083064,0.8673701132999898,34,134,True,${OG_SCRATCH}/carbon_distillation/deploy_120k/promoter_all/20260622_011251/267dfc18-9a52-499a-952d-0a5bc9902e32/distill_methodvanilla_dkd_alpha1.0_dkd_beta8.0_kl_methodkl_mse_normalizeFalse_temperature4.0_weight_ce0.5_weight_kl0.5_weight_mse1.0_zscoreFalse/final_summary.json
raw,promoter_all,0.5,0.5,2.0,1.5,0.0001,16,42,0.7354609394360659,0.728726369431682,0.721568539381252,0.8635003566646826,28,128,True,${OG_SCRATCH}/carbon_distillation/deploy_120k/promoter_all/20260622_011508/0e1d88e0-b744-4434-afdb-c7919471be0e/distill_methodvanilla_dkd_alpha1.0_dkd_beta8.0_kl_methodkl_mse_normalizeFalse_temperature1.5_weight_ce0.5_weight_kl0.5_weight_mse2.0_zscoreFalse/final_summary.json
raw,promoter_all,0.5,0.5,5.0,0.5,0.0001,16,42,0.7407371675388874,0.744029650218837,0.7100475155345085,0.8710731772711894,29,129,True,${OG_SCRATCH}/carbon_distillation/deploy_120k/promoter_all/20260622_012313/496d7c1f-916b-4520-875c-1f082d037059/distill_methodvanilla_dkd_alpha1.0_dkd_beta8.0_kl_methodkl_mse_normalizeFalse_temperature0.5_weight_ce0.5_weight_kl0.5_weight_mse5.0_zscoreFalse/final_summary.json
raw,promoter_all,0.5,0.5,0.0,4.0,0.0001,16,42,0.7414265743985743,0.7174485640135948,0.7150934922038247,0.8585585743602336,48,148,True,${OG_SCRATCH}/carbon_distillation/deploy_120k/promoter_all/20260622_012322/5b2095bf-9842-4d50-83cc-8ea8a6b7e893/distill_methodvanilla_dkd_alpha1.0_dkd_beta8.0_kl_methodkl_mse_normalizeFalse_temperature4.0_weight_ce0.5_weight_kl0.5_weight_mse0.0_zscoreFalse/final_summary.json
raw,promoter_all,0.5,0.5,1.0,1.0,0.0001,16,42,0.7344351263662322,0.71422240030523,0.7030094040780835,0.8543277050855753,38,138,True,${OG_SCRATCH}/carbon_distillation/deploy_120k/promoter_all/20260622_012512/df6dc2b0-0d98-4f4c-aa69-aa06fdc7b8c4/distill_methodvanilla_dkd_alpha1.0_dkd_beta8.0_kl_methodkl_mse_normalizeFalse_temperature1.0_weight_ce0.5_weight_kl0.5_weight_mse1.0_zscoreFalse/final_summary.json
raw,promoter_all,0.5,0.5,2.0,0.5,0.0001,16,42,0.7317574249452231,0.7185078883260413,0.7264972875451775,0.8569398465111744,27,127,True,${OG_SCRATCH}/carbon_distillation/deploy_120k/promoter_all/20260622_013515/f23d9a26-37bf-4960-95f3-923a278d33ee/distill_methodvanilla_dkd_alpha1.0_dkd_beta8.0_kl_methodkl_mse_normalizeFalse_temperature0.5_weight_ce0.5_weight_kl0.5_weight_mse2.0_zscoreFalse/final_summary.json
raw,promoter_all,0.5,0.5,5.0,1.0,0.0001,16,42,0.7391420519035576,0.7428886456110405,0.7323255673105258,0.8711718665280321,34,134,True,${OG_SCRATCH}/carbon_distillation/deploy_120k/promoter_all/20260622_013956/03e68941-2dd9-4ee6-af47-0e7b7b99bb42/distill_methodvanilla_dkd_alpha1.0_dkd_beta8.0_kl_methodkl_mse_normalizeFalse_temperature1.0_weight_ce0.5_weight_kl0.5_weight_mse5.0_zscoreFalse/final_summary.json
raw,promoter_all,0.5,0.5,2.0,2.0,0.0001,16,42,0.7287820662983165,0.740664534842411,0.7200850907605387,0.8698822853861613,34,134,True,${OG_SCRATCH}/carbon_distillation/deploy_120k/promoter_all/20260622_014338/40c1b71f-35c3-49f9-9d38-7613a74d0aaa/distill_methodvanilla_dkd_alpha1.0_dkd_beta8.0_kl_methodkl_mse_normalizeFalse_temperature2.0_weight_ce0.5_weight_kl0.5_weight_mse2.0_zscoreFalse/final_summary.json
raw,promoter_all,0.5,0.5,2.0,4.0,0.0001,16,42,0.7391420519035576,0.7303944028047048,0.7135892086737032,0.8648438297437991,40,140,True,${OG_SCRATCH}/carbon_distillation/deploy_120k/promoter_all/20260622_014916/a06445e0-419c-4818-a3d5-187021d3cfc6/distill_methodvanilla_dkd_alpha1.0_dkd_beta8.0_kl_methodkl_mse_normalizeFalse_temperature4.0_weight_ce0.5_weight_kl0.5_weight_mse2.0_zscoreFalse/final_summary.json
raw,promoter_all,0.5,0.5,5.0,1.5,0.0001,16,42,0.7349536106881487,0.7468607194407951,0.7458084378334439,0.8730509611968579,34,134,True,${OG_SCRATCH}/carbon_distillation/deploy_120k/promoter_all/20260622_014931/f7cca51f-311a-4943-afb3-0e09849f7b06/distill_methodvanilla_dkd_alpha1.0_dkd_beta8.0_kl_methodkl_mse_normalizeFalse_temperature1.5_weight_ce0.5_weight_kl0.5_weight_mse5.0_zscoreFalse/final_summary.json
raw,promoter_all,0.5,1.0,0.0,0.5,0.0001,16,42,0.735276128685845,0.7233393492970543,0.7061599740921406,0.8610038610038611,31,131,True,${OG_SCRATCH}/carbon_distillation/deploy_120k/promoter_all/20260622_015010/b81b6bfe-037f-439f-b5d4-0a52b23a028d/distill_methodvanilla_dkd_alpha1.0_dkd_beta8.0_kl_methodkl_mse_normalizeFalse_temperature0.5_weight_ce0.5_weight_kl1.0_weight_mse0.0_zscoreFalse/final_summary.json
raw,promoter_all,0.5,0.5,5.0,2.0,0.0001,16,42,0.7378863699472142,0.7437586081235559,0.7134799591845356,0.8718372536554355,34,134,True,${OG_SCRATCH}/carbon_distillation/deploy_120k/promoter_all/20260622_015955/b0efbd0a-7966-4086-be22-5213e4e88e64/distill_methodvanilla_dkd_alpha1.0_dkd_beta8.0_kl_methodkl_mse_normalizeFalse_temperature2.0_weight_ce0.5_weight_kl0.5_weight_mse5.0_zscoreFalse/final_summary.json
raw,promoter_all,0.5,1.0,0.0,4.0,0.0001,16,42,0.7408716488279448,0.7173181086239812,0.7198438766120938,0.8585714285714285,40,140,True,${OG_SCRATCH}/carbon_distillation/deploy_120k/promoter_all/20260622_020245/4039c5eb-49c5-4b17-b785-0d6b8d5f61a8/distill_methodvanilla_dkd_alpha1.0_dkd_beta8.0_kl_methodkl_mse_normalizeFalse_temperature4.0_weight_ce0.5_weight_kl1.0_weight_mse0.0_zscoreFalse/final_summary.json
raw,promoter_all,0.5,1.0,0.0,1.0,0.0001,16,42,0.737418898766464,0.7240343913350602,0.7324727165526569,0.8609373004724812,39,139,True,${OG_SCRATCH}/carbon_distillation/deploy_120k/promoter_all/20260622_020306/71b222df-6c47-414a-b18c-f3185416b9ab/distill_methodvanilla_dkd_alpha1.0_dkd_beta8.0_kl_methodkl_mse_normalizeFalse_temperature1.0_weight_ce0.5_weight_kl1.0_weight_mse0.0_zscoreFalse/final_summary.json
raw,promoter_all,0.5,0.5,5.0,4.0,0.0001,16,42,0.7434157552534546,0.7328491679796562,0.7046263391625105,0.8661135910206542,35,135,True,${OG_SCRATCH}/carbon_distillation/deploy_120k/promoter_all/20260622_021728/6a1da28a-a76e-4bb1-992b-133e75c0d58f/distill_methodvanilla_dkd_alpha1.0_dkd_beta8.0_kl_methodkl_mse_normalizeFalse_temperature4.0_weight_ce0.5_weight_kl0.5_weight_mse5.0_zscoreFalse/final_summary.json
raw,promoter_all,0.5,1.0,0.0,1.5,0.0001,16,42,0.7388737764040794,0.7238455548386343,0.7197336879934502,0.8617079760216646,35,135,True,${OG_SCRATCH}/carbon_distillation/deploy_120k/promoter_all/20260622_022851/412fdbe4-c613-4a6f-81e3-dbc797c81f91/distill_methodvanilla_dkd_alpha1.0_dkd_beta8.0_kl_methodkl_mse_normalizeFalse_temperature1.5_weight_ce0.5_weight_kl1.0_weight_mse0.0_zscoreFalse/final_summary.json
raw,promoter_all,0.5,1.0,0.0,2.0,0.0001,16,42,0.7408458592100539,0.7268362089036898,0.7007715407412849,0.8621759871256969,43,143,True,${OG_SCRATCH}/carbon_distillation/deploy_120k/promoter_all/20260622_023037/3f4ffef6-7ca4-4d37-9bf0-40a3b36fb4f2/distill_methodvanilla_dkd_alpha1.0_dkd_beta8.0_kl_methodkl_mse_normalizeFalse_temperature2.0_weight_ce0.5_weight_kl1.0_weight_mse0.0_zscoreFalse/final_summary.json
raw,promoter_all,0.5,1.0,2.0,1.0,0.0001,16,42,0.7326737986498905,0.7313177289179766,0.7172083066320697,0.8655066640357328,23,123,True,${OG_SCRATCH}/carbon_distillation/deploy_120k/promoter_all/20260622_023322/794147b1-2c00-4b9a-832a-40798471e594/distill_methodvanilla_dkd_alpha1.0_dkd_beta8.0_kl_methodkl_mse_normalizeFalse_temperature1.0_weight_ce0.5_weight_kl1.0_weight_mse2.0_zscoreFalse/final_summary.json
raw,promoter_all,0.5,1.0,2.0,0.5,0.0001,16,42,0.7308223837632112,0.736317269113262,0.7221261602576352,0.8672920134239969,28,128,True,${OG_SCRATCH}/carbon_distillation/deploy_120k/promoter_all/20260622_023325/e85c96bb-c5fd-41aa-a21d-705beefa9a20/distill_methodvanilla_dkd_alpha1.0_dkd_beta8.0_kl_methodkl_mse_normalizeFalse_temperature0.5_weight_ce0.5_weight_kl1.0_weight_mse2.0_zscoreFalse/final_summary.json
raw,promoter_all,0.5,1.0,1.0,0.5,0.0001,16,42,0.7379079418265003,0.7249515189415329,0.7267507613203048,0.8600956690740467,27,127,True,${OG_SCRATCH}/carbon_distillation/deploy_120k/promoter_all/20260622_024128/859df4aa-abef-43d6-a78a-0374696ce208/distill_methodvanilla_dkd_alpha1.0_dkd_beta8.0_kl_methodkl_mse_normalizeFalse_temperature0.5_weight_ce0.5_weight_kl1.0_weight_mse1.0_zscoreFalse/final_summary.json
raw,promoter_all,0.5,1.0,1.0,1.0,0.0001,16,42,0.7399889251538665,0.7310611887988792,0.7312710651718127,0.8655302494365409,31,131,True,${OG_SCRATCH}/carbon_distillation/deploy_120k/promoter_all/20260622_024519/302ed9a7-48af-492e-a36a-a69c755ab3a4/distill_methodvanilla_dkd_alpha1.0_dkd_beta8.0_kl_methodkl_mse_normalizeFalse_temperature1.0_weight_ce0.5_weight_kl1.0_weight_mse1.0_zscoreFalse/final_summary.json
raw,promoter_all,0.5,1.0,1.0,1.5,0.0001,16,42,0.7343418798644934,0.7171740038489287,0.7252356976849793,0.8585856331395284,18,118,True,${OG_SCRATCH}/carbon_distillation/deploy_120k/promoter_all/20260622_025142/9c52d92f-30d5-4767-86d1-ece5806d316c/distill_methodvanilla_dkd_alpha1.0_dkd_beta8.0_kl_methodkl_mse_normalizeFalse_temperature1.5_weight_ce0.5_weight_kl1.0_weight_mse1.0_zscoreFalse/final_summary.json
raw,promoter_all,0.5,1.0,5.0,1.0,0.0001,16,42,0.7390160134096415,0.7452335587937626,0.7320421612140782,0.8717104436345355,34,134,True,${OG_SCRATCH}/carbon_distillation/deploy_120k/promoter_all/20260622_025222/b5a68c55-6856-400a-a57a-d749b283394e/distill_methodvanilla_dkd_alpha1.0_dkd_beta8.0_kl_methodkl_mse_normalizeFalse_temperature1.0_weight_ce0.5_weight_kl1.0_weight_mse5.0_zscoreFalse/final_summary.json
raw,promoter_all,0.5,1.0,1.0,2.0,0.0001,16,42,0.7486668141069138,0.7273307060262153,0.7337174628513268,0.8636309285615212,34,134,True,${OG_SCRATCH}/carbon_distillation/deploy_120k/promoter_all/20260622_025248/f0d02670-c899-49fa-988f-4fa169538256/distill_methodvanilla_dkd_alpha1.0_dkd_beta8.0_kl_methodkl_mse_normalizeFalse_temperature2.0_weight_ce0.5_weight_kl1.0_weight_mse1.0_zscoreFalse/final_summary.json
raw,promoter_all,0.5,1.0,1.0,4.0,0.0001,16,42,0.7437181081915435,0.7271111082878213,0.6944998061014208,0.8613976662278275,38,138,True,${OG_SCRATCH}/carbon_distillation/deploy_120k/promoter_all/20260622_025847/b3cb0976-ea57-46a8-b675-334c077aa931/distill_methodvanilla_dkd_alpha1.0_dkd_beta8.0_kl_methodkl_mse_normalizeFalse_temperature4.0_weight_ce0.5_weight_kl1.0_weight_mse1.0_zscoreFalse/final_summary.json
raw,promoter_all,0.5,1.0,2.0,4.0,0.0001,16,42,0.7345233714952688,0.7185311447362844,0.7035904773175792,0.8592076885088886,36,136,True,${OG_SCRATCH}/carbon_distillation/deploy_120k/promoter_all/20260622_030315/3d9144bd-15ab-4510-9eb3-75bdd5145f35/distill_methodvanilla_dkd_alpha1.0_dkd_beta8.0_kl_methodkl_mse_normalizeFalse_temperature4.0_weight_ce0.5_weight_kl1.0_weight_mse2.0_zscoreFalse/final_summary.json
raw,promoter_all,0.5,1.0,2.0,1.5,0.0001,16,42,0.7347547273461928,0.7332386677651648,0.7085020048546766,0.8653305845326074,39,139,True,${OG_SCRATCH}/carbon_distillation/deploy_120k/promoter_all/20260622_031234/740b07ef-cc2c-4e4d-8977-fd1d6942f12d/distill_methodvanilla_dkd_alpha1.0_dkd_beta8.0_kl_methodkl_mse_normalizeFalse_temperature1.5_weight_ce0.5_weight_kl1.0_weight_mse2.0_zscoreFalse/final_summary.json
raw,promoter_all,0.5,1.0,2.0,2.0,0.0001,16,42,0.7389657571943667,0.7374583908080755,0.7252008207155396,0.8686793319175803,34,134,True,${OG_SCRATCH}/carbon_distillation/deploy_120k/promoter_all/20260622_031234/a25c9689-827b-42be-9f18-b9988e95a51e/distill_methodvanilla_dkd_alpha1.0_dkd_beta8.0_kl_methodkl_mse_normalizeFalse_temperature2.0_weight_ce0.5_weight_kl1.0_weight_mse2.0_zscoreFalse/final_summary.json
raw,promoter_all,0.5,1.0,5.0,1.5,0.0001,16,42,0.7363083372111493,0.7276649338211759,0.7324637885259374,0.8635996140935585,28,128,True,${OG_SCRATCH}/carbon_distillation/deploy_120k/promoter_all/20260622_032652/6f2fb7f8-132e-484c-be8f-974e7d5e4424/distill_methodvanilla_dkd_alpha1.0_dkd_beta8.0_kl_methodkl_mse_normalizeFalse_temperature1.5_weight_ce0.5_weight_kl1.0_weight_mse5.0_zscoreFalse/final_summary.json
raw,promoter_all,0.5,1.0,5.0,0.5,0.0001,16,42,0.7391774787694235,0.7215125045365786,0.7216646190407864,0.860426339512658,109,200,False,${OG_SCRATCH}/carbon_distillation/deploy_120k/promoter_all/20260622_032820/c7ecad48-b5c0-4b46-9410-ac4567a66f77/distill_methodvanilla_dkd_alpha1.0_dkd_beta8.0_kl_methodkl_mse_normalizeFalse_temperature0.5_weight_ce0.5_weight_kl1.0_weight_mse5.0_zscoreFalse/final_summary.json
raw,promoter_all,0.5,1.0,5.0,2.0,0.0001,16,42,0.7348297904446423,0.7350828997442492,0.7311078123762244,0.8674031034944607,28,128,True,${OG_SCRATCH}/carbon_distillation/deploy_120k/promoter_all/20260622_033011/5544423b-4a66-41a2-ac02-14299ee3b902/distill_methodvanilla_dkd_alpha1.0_dkd_beta8.0_kl_methodkl_mse_normalizeFalse_temperature2.0_weight_ce0.5_weight_kl1.0_weight_mse5.0_zscoreFalse/final_summary.json
raw,promoter_all,0.5,1.0,5.0,4.0,0.0001,16,42,0.737881981148123,0.7308512458680665,0.6984333316753237,0.8640526257171907,39,139,True,${OG_SCRATCH}/carbon_distillation/deploy_120k/promoter_all/20260622_035349/c34c4516-43db-4fa5-baef-1d9c304ef2df/distill_methodvanilla_dkd_alpha1.0_dkd_beta8.0_kl_methodkl_mse_normalizeFalse_temperature4.0_weight_ce0.5_weight_kl1.0_weight_mse5.0_zscoreFalse/final_summary.json
raw,promoter_all,0.5,1.0,1.0,2.0,0.0001,16,0,0.7477165747659071,0.7180420114384256,0.7195247938263714,0.8577435752105008,37,137,True,${OG_SCRATCH}/carbon_distillation/deploy_120k/promoter_all/20260624_005517/a3f8a083-4f43-44a2-997c-fd101f6e76ed/distill_methodvanilla_dkd_alpha1.0_dkd_beta8.0_kl_methodkl_mse_normalizeFalse_temperature2.0_weight_ce0.5_weight_kl1.0_weight_mse1.0_zscoreFalse/final_summary.json
raw,promoter_all,0.5,1.0,1.0,2.0,0.0001,16,1,0.7525289495851204,0.7298072876739828,0.727403589641475,0.864898128367822,34,134,True,${OG_SCRATCH}/carbon_distillation/deploy_120k/promoter_all/20260624_010020/ea1528ee-7292-4aa6-b93b-c4d8247c43ea/distill_methodvanilla_dkd_alpha1.0_dkd_beta8.0_kl_methodkl_mse_normalizeFalse_temperature2.0_weight_ce0.5_weight_kl1.0_weight_mse1.0_zscoreFalse/final_summary.json
raw,promoter_all,0.5,1.0,1.0,2.0,0.0001,16,2,0.7501337412524811,0.7403618134831118,0.7231450959435693,0.8699088456116402,31,131,True,${OG_SCRATCH}/carbon_distillation/deploy_120k/promoter_all/20260624_010241/9f56485b-c10f-4d5c-b38b-e70d7c5311e2/distill_methodvanilla_dkd_alpha1.0_dkd_beta8.0_kl_methodkl_mse_normalizeFalse_temperature2.0_weight_ce0.5_weight_kl1.0_weight_mse1.0_zscoreFalse/final_summary.json
raw,promoter_tata,0.5,0.5,0.2,2.0,0.0001,16,,0.8463119131156058,0.7937253933193772,0.7833326542457071,0.8961432261512425,166,200,,${OG_SCRATCH}/carbon_distillation/deploy_120k/promoter_tata/20260618_212704/d6d7a194-387f-46fa-93ed-1b34d03dd2e9/distill_methodvanilla_dkd_alpha1.0_dkd_beta8.0_kl_methodkl_mse_normalizeFalse_temperature2.0_weight_ce0.5_weight_kl0.5_weight_mse0.2_zscoreFalse/final_summary.json
l2norm,promoter_tata,0.5,0.5,0.2,2.0,0.0001,16,,0.854048334240755,0.7937253933193772,0.8062397237346689,0.8961432261512425,79,200,,${OG_SCRATCH}/carbon_distillation/deploy_120k/promoter_tata/20260619_104114/3ea675cf-cc9d-453c-b5ff-4a967309bc37/distill_methodvanilla_dkd_alpha1.0_dkd_beta8.0_kl_methodkl_mse_normalizeTrue_temperature2.0_weight_ce0.5_weight_kl0.5_weight_mse0.2_zscoreFalse/final_summary.json
raw,promoter_tata,0.5,0.0,0.0,0.5,0.0001,16,42,0.8490473955280131,0.8027803793850747,0.7833326542457071,0.9008882655446471,61,161,True,${OG_SCRATCH}/carbon_distillation/deploy_120k/promoter_tata/20260622_032229/4024ff3d-8334-4a74-9eb4-1524de84545e/distill_methodvanilla_dkd_alpha1.0_dkd_beta8.0_kl_methodkl_mse_normalizeFalse_temperature0.5_weight_ce0.5_weight_kl0.0_weight_mse0.0_zscoreFalse/final_summary.json
raw,promoter_tata,0.5,0.0,0.0,1.0,0.0001,16,42,0.8490473955280131,0.8027803793850747,0.7833326542457071,0.9008882655446471,61,161,True,${OG_SCRATCH}/carbon_distillation/deploy_120k/promoter_tata/20260622_032242/6a565b26-a2a4-43d1-8a68-27e4ce5f7289/distill_methodvanilla_dkd_alpha1.0_dkd_beta8.0_kl_methodkl_mse_normalizeFalse_temperature1.0_weight_ce0.5_weight_kl0.0_weight_mse0.0_zscoreFalse/final_summary.json
raw,promoter_tata,0.5,0.0,0.0,1.5,0.0001,16,42,0.8490473955280131,0.8027803793850747,0.7833326542457071,0.9008882655446471,61,161,True,${OG_SCRATCH}/carbon_distillation/deploy_120k/promoter_tata/20260622_032847/fc3a7251-4e4f-4d68-b1e0-e77fd671393f/distill_methodvanilla_dkd_alpha1.0_dkd_beta8.0_kl_methodkl_mse_normalizeFalse_temperature1.5_weight_ce0.5_weight_kl0.0_weight_mse0.0_zscoreFalse/final_summary.json
raw,promoter_tata,0.5,0.0,1.0,0.5,0.0001,16,42,0.8699861709246073,0.7937253933193772,0.8325631958694562,0.8961432261512425,99,199,True,${OG_SCRATCH}/carbon_distillation/deploy_120k/promoter_tata/20260622_033903/3ac40707-2f48-4350-bcd7-53f101970512/distill_methodvanilla_dkd_alpha1.0_dkd_beta8.0_kl_methodkl_mse_normalizeFalse_temperature0.5_weight_ce0.5_weight_kl0.0_weight_mse1.0_zscoreFalse/final_summary.json
raw,promoter_tata,0.5,0.0,0.0,4.0,0.0001,16,42,0.8490473955280131,0.8027803793850747,0.7833326542457071,0.9008882655446471,61,161,True,${OG_SCRATCH}/carbon_distillation/deploy_120k/promoter_tata/20260622_033916/23ee086d-d7fb-4a79-94f7-3cae8d289c04/distill_methodvanilla_dkd_alpha1.0_dkd_beta8.0_kl_methodkl_mse_normalizeFalse_temperature4.0_weight_ce0.5_weight_kl0.0_weight_mse0.0_zscoreFalse/final_summary.json
raw,promoter_tata,0.5,0.0,1.0,1.0,0.0001,16,42,0.8699861709246073,0.7937253933193772,0.8325631958694562,0.8961432261512425,99,199,True,${OG_SCRATCH}/carbon_distillation/deploy_120k/promoter_tata/20260622_034312/7023923a-fed1-45bc-acc6-6a63773e8830/distill_methodvanilla_dkd_alpha1.0_dkd_beta8.0_kl_methodkl_mse_normalizeFalse_temperature1.0_weight_ce0.5_weight_kl0.0_weight_mse1.0_zscoreFalse/final_summary.json
raw,promoter_tata,0.5,0.0,1.0,1.5,0.0001,16,42,0.8699861709246073,0.7937253933193772,0.8325631958694562,0.8961432261512425,99,199,True,${OG_SCRATCH}/carbon_distillation/deploy_120k/promoter_tata/20260622_034930/cf4bd424-afb1-4330-9fd8-140478c4c999/distill_methodvanilla_dkd_alpha1.0_dkd_beta8.0_kl_methodkl_mse_normalizeFalse_temperature1.5_weight_ce0.5_weight_kl0.0_weight_mse1.0_zscoreFalse/final_summary.json
raw,promoter_tata,0.5,0.0,1.0,4.0,0.0001,16,42,0.8699861709246073,0.7937253933193772,0.8325631958694562,0.8961432261512425,99,199,True,${OG_SCRATCH}/carbon_distillation/deploy_120k/promoter_tata/20260622_035137/4f51db71-36d9-4073-b36c-083f979b26f2/distill_methodvanilla_dkd_alpha1.0_dkd_beta8.0_kl_methodkl_mse_normalizeFalse_temperature4.0_weight_ce0.5_weight_kl0.0_weight_mse1.0_zscoreFalse/final_summary.json
raw,promoter_tata,0.5,0.0,1.0,2.0,0.0001,16,42,0.8699861709246073,0.7937253933193772,0.8325631958694562,0.8961432261512425,99,199,True,${OG_SCRATCH}/carbon_distillation/deploy_120k/promoter_tata/20260622_035651/6dc102fb-984d-414b-a73a-d9616acffcdd/distill_methodvanilla_dkd_alpha1.0_dkd_beta8.0_kl_methodkl_mse_normalizeFalse_temperature2.0_weight_ce0.5_weight_kl0.0_weight_mse1.0_zscoreFalse/final_summary.json
raw,promoter_tata,0.5,0.0,2.0,1.5,0.0001,16,42,0.88168562591401,0.811465207803627,0.7699633686406923,0.9056519804183356,92,192,True,${OG_SCRATCH}/carbon_distillation/deploy_120k/promoter_tata/20260622_035717/79f9a485-08c8-4a7f-ae84-c64db6d9fdc5/distill_methodvanilla_dkd_alpha1.0_dkd_beta8.0_kl_methodkl_mse_normalizeFalse_temperature1.5_weight_ce0.5_weight_kl0.0_weight_mse2.0_zscoreFalse/final_summary.json
raw,promoter_tata,0.5,0.0,2.0,0.5,0.0001,16,42,0.88168562591401,0.811465207803627,0.7699633686406923,0.9056519804183356,92,192,True,${OG_SCRATCH}/carbon_distillation/deploy_120k/promoter_tata/20260622_035925/986963d0-a31f-41ac-83c5-adde36c717e7/distill_methodvanilla_dkd_alpha1.0_dkd_beta8.0_kl_methodkl_mse_normalizeFalse_temperature0.5_weight_ce0.5_weight_kl0.0_weight_mse2.0_zscoreFalse/final_summary.json
raw,promoter_tata,0.5,0.0,2.0,2.0,0.0001,16,42,0.88168562591401,0.811465207803627,0.7699633686406923,0.9056519804183356,92,192,True,${OG_SCRATCH}/carbon_distillation/deploy_120k/promoter_tata/20260622_040416/2199f030-077b-4036-a946-b056b3b49a37/distill_methodvanilla_dkd_alpha1.0_dkd_beta8.0_kl_methodkl_mse_normalizeFalse_temperature2.0_weight_ce0.5_weight_kl0.0_weight_mse2.0_zscoreFalse/final_summary.json
raw,promoter_tata,0.5,0.0,2.0,4.0,0.0001,16,42,0.88168562591401,0.811465207803627,0.7699633686406923,0.9056519804183356,92,192,True,${OG_SCRATCH}/carbon_distillation/deploy_120k/promoter_tata/20260622_040727/1cabca02-220a-4f6f-b363-3abf962ee6a3/distill_methodvanilla_dkd_alpha1.0_dkd_beta8.0_kl_methodkl_mse_normalizeFalse_temperature4.0_weight_ce0.5_weight_kl0.0_weight_mse2.0_zscoreFalse/final_summary.json
raw,promoter_tata,0.5,0.0,0.0,2.0,0.0001,16,42,0.8545714292773529,0.8118990304530631,0.8027803793850747,0.9056267806267806,80,180,True,${OG_SCRATCH}/carbon_distillation/deploy_120k/promoter_tata/20260622_040923/7cd8d3d3-85a1-48b7-922c-79beb549196c/distill_methodvanilla_dkd_alpha1.0_dkd_beta8.0_kl_methodkl_mse_normalizeFalse_temperature2.0_weight_ce0.5_weight_kl0.0_weight_mse0.0_zscoreFalse/final_summary.json
raw,promoter_tata,0.5,0.0,2.0,1.0,0.0001,16,42,0.8857778853467574,0.7924528301886793,0.7947194142390263,0.8962264150943396,134,200,False,${OG_SCRATCH}/carbon_distillation/deploy_120k/promoter_tata/20260622_040923/eccf3e48-2389-4e5f-9642-ed584f5d9f5c/distill_methodvanilla_dkd_alpha1.0_dkd_beta8.0_kl_methodkl_mse_normalizeFalse_temperature1.0_weight_ce0.5_weight_kl0.0_weight_mse2.0_zscoreFalse/final_summary.json
raw,promoter_tata,0.5,0.0,5.0,1.0,0.0001,16,42,0.8823340256484891,0.8496617760555312,0.821669329488253,0.9245014245014245,134,200,False,${OG_SCRATCH}/carbon_distillation/deploy_120k/promoter_tata/20260622_041053/94339c50-f005-431a-867a-8b7da727d057/distill_methodvanilla_dkd_alpha1.0_dkd_beta8.0_kl_methodkl_mse_normalizeFalse_temperature1.0_weight_ce0.5_weight_kl0.0_weight_mse5.0_zscoreFalse/final_summary.json
raw,promoter_tata,0.5,0.0,5.0,0.5,0.0001,16,42,0.8823340256484891,0.8496617760555312,0.821669329488253,0.9245014245014245,134,200,False,${OG_SCRATCH}/carbon_distillation/deploy_120k/promoter_tata/20260622_041113/07a5c28a-0003-4283-8d5f-45fa3496bf58/distill_methodvanilla_dkd_alpha1.0_dkd_beta8.0_kl_methodkl_mse_normalizeFalse_temperature0.5_weight_ce0.5_weight_kl0.0_weight_mse5.0_zscoreFalse/final_summary.json
raw,promoter_tata,0.5,0.0,5.0,1.5,0.0001,16,42,0.8823340256484891,0.8496617760555312,0.821669329488253,0.9245014245014245,134,200,False,${OG_SCRATCH}/carbon_distillation/deploy_120k/promoter_tata/20260622_041113/ac166985-2e60-4629-824a-5fd8782fcb21/distill_methodvanilla_dkd_alpha1.0_dkd_beta8.0_kl_methodkl_mse_normalizeFalse_temperature1.5_weight_ce0.5_weight_kl0.0_weight_mse5.0_zscoreFalse/final_summary.json
raw,promoter_tata,0.5,0.25,0.0,1.5,0.0001,16,42,0.8423084208347216,0.8207912428580546,0.8126236169698385,0.9103753643503993,60,160,True,${OG_SCRATCH}/carbon_distillation/deploy_120k/promoter_tata/20260622_041551/f072f6e3-6cb2-4759-832b-3569350aee6d/distill_methodvanilla_dkd_alpha1.0_dkd_beta8.0_kl_methodkl_mse_normalizeFalse_temperature1.5_weight_ce0.5_weight_kl0.25_weight_mse0.0_zscoreFalse/final_summary.json
raw,promoter_tata,0.5,0.25,0.0,1.0,0.0001,16,42,0.846484377663212,0.830336491706037,0.8113207547169812,0.915086782376502,174,200,False,${OG_SCRATCH}/carbon_distillation/deploy_120k/promoter_tata/20260622_041635/6156139f-ccd6-4329-a2f8-f0174ec68194/distill_methodvanilla_dkd_alpha1.0_dkd_beta8.0_kl_methodkl_mse_normalizeFalse_temperature1.0_weight_ce0.5_weight_kl0.25_weight_mse0.0_zscoreFalse/final_summary.json
raw,promoter_tata,0.5,0.0,5.0,2.0,0.0001,16,42,0.8823340256484891,0.8496617760555312,0.821669329488253,0.9245014245014245,134,200,False,${OG_SCRATCH}/carbon_distillation/deploy_120k/promoter_tata/20260622_041742/c004e81e-8681-476b-a2ce-496318880663/distill_methodvanilla_dkd_alpha1.0_dkd_beta8.0_kl_methodkl_mse_normalizeFalse_temperature2.0_weight_ce0.5_weight_kl0.0_weight_mse5.0_zscoreFalse/final_summary.json
raw,promoter_tata,0.5,0.25,0.0,2.0,0.0001,16,42,0.8680500853593353,0.8036410393796495,0.8022081398901819,0.900835282325426,66,166,True,${OG_SCRATCH}/carbon_distillation/deploy_120k/promoter_tata/20260622_041829/72b829cd-691a-4707-be39-68e8d41e0076/distill_methodvanilla_dkd_alpha1.0_dkd_beta8.0_kl_methodkl_mse_normalizeFalse_temperature2.0_weight_ce0.5_weight_kl0.25_weight_mse0.0_zscoreFalse/final_summary.json
raw,promoter_tata,0.5,0.25,0.0,4.0,0.0001,16,42,0.845372099043891,0.8237292074834531,0.8307804032542971,0.9102155451039833,78,178,True,${OG_SCRATCH}/carbon_distillation/deploy_120k/promoter_tata/20260622_042020/d901c5bf-5412-46fe-b36a-e8d396750239/distill_methodvanilla_dkd_alpha1.0_dkd_beta8.0_kl_methodkl_mse_normalizeFalse_temperature4.0_weight_ce0.5_weight_kl0.25_weight_mse0.0_zscoreFalse/final_summary.json
raw,promoter_tata,0.5,0.0,5.0,4.0,0.0001,16,42,0.8823340256484891,0.8496617760555312,0.821669329488253,0.9245014245014245,134,200,False,${OG_SCRATCH}/carbon_distillation/deploy_120k/promoter_tata/20260622_042057/3ecb5110-bff8-4408-a0a0-5dcbb3385ab4/distill_methodvanilla_dkd_alpha1.0_dkd_beta8.0_kl_methodkl_mse_normalizeFalse_temperature4.0_weight_ce0.5_weight_kl0.0_weight_mse5.0_zscoreFalse/final_summary.json
raw,promoter_tata,0.5,0.25,1.0,0.5,0.0001,16,42,0.8624665368731766,0.7838914292818965,0.7830537144507878,0.8914490527393752,128,200,False,${OG_SCRATCH}/carbon_distillation/deploy_120k/promoter_tata/20260622_042314/e93c3b10-313b-4320-a929-5b4ff4084a67/distill_methodvanilla_dkd_alpha1.0_dkd_beta8.0_kl_methodkl_mse_normalizeFalse_temperature0.5_weight_ce0.5_weight_kl0.25_weight_mse1.0_zscoreFalse/final_summary.json
raw,promoter_tata,0.5,0.25,0.0,0.5,0.0001,16,42,0.8501992258857786,0.8207912428580546,0.811465207803627,0.9103753643503993,193,200,False,${OG_SCRATCH}/carbon_distillation/deploy_120k/promoter_tata/20260622_042350/e767ec07-10dd-45c5-a668-d7546ee2b415/distill_methodvanilla_dkd_alpha1.0_dkd_beta8.0_kl_methodkl_mse_normalizeFalse_temperature0.5_weight_ce0.5_weight_kl0.25_weight_mse0.0_zscoreFalse/final_summary.json
raw,promoter_tata,0.5,0.25,1.0,2.0,0.0001,16,42,0.858645011085696,0.755254912049361,0.7937253933193772,0.8773148148148149,149,200,False,${OG_SCRATCH}/carbon_distillation/deploy_120k/promoter_tata/20260622_042533/92c43a15-27dc-4f16-bdc6-ce7c2e6cd9f0/distill_methodvanilla_dkd_alpha1.0_dkd_beta8.0_kl_methodkl_mse_normalizeFalse_temperature2.0_weight_ce0.5_weight_kl0.25_weight_mse1.0_zscoreFalse/final_summary.json
raw,promoter_tata,0.5,0.25,1.0,1.0,0.0001,16,42,0.8659020535744151,0.8207912428580546,0.8047929038631438,0.9103753643503993,178,200,False,${OG_SCRATCH}/carbon_distillation/deploy_120k/promoter_tata/20260622_042533/d8cafdae-5557-49e1-ac64-d294208c6cbe/distill_methodvanilla_dkd_alpha1.0_dkd_beta8.0_kl_methodkl_mse_normalizeFalse_temperature1.0_weight_ce0.5_weight_kl0.25_weight_mse1.0_zscoreFalse/final_summary.json
raw,promoter_tata,0.5,0.25,2.0,1.5,0.0001,16,42,0.8782567520648242,0.7930176576518291,0.8027803793850747,0.8961894586894588,133,200,False,${OG_SCRATCH}/carbon_distillation/deploy_120k/promoter_tata/20260622_042534/bb62c19a-17ab-4505-9ee1-5a17f22f25c7/distill_methodvanilla_dkd_alpha1.0_dkd_beta8.0_kl_methodkl_mse_normalizeFalse_temperature1.5_weight_ce0.5_weight_kl0.25_weight_mse2.0_zscoreFalse/final_summary.json
raw,promoter_tata,0.5,0.25,1.0,1.5,0.0001,16,42,0.8619895455905858,0.7559289460184544,0.8126236169698385,0.8772601763605594,156,200,False,${OG_SCRATCH}/carbon_distillation/deploy_120k/promoter_tata/20260622_042724/99390259-941a-4c57-a18d-5333979611d6/distill_methodvanilla_dkd_alpha1.0_dkd_beta8.0_kl_methodkl_mse_normalizeFalse_temperature1.5_weight_ce0.5_weight_kl0.25_weight_mse1.0_zscoreFalse/final_summary.json
raw,promoter_tata,0.5,0.25,5.0,1.0,0.0001,16,42,0.8744376874608913,0.7455816829567573,0.7930176576518291,0.8726160008901747,81,181,True,${OG_SCRATCH}/carbon_distillation/deploy_120k/promoter_tata/20260622_043243/9eeaa25e-671c-4ca2-ab8d-26049a719dee/distill_methodvanilla_dkd_alpha1.0_dkd_beta8.0_kl_methodkl_mse_normalizeFalse_temperature1.0_weight_ce0.5_weight_kl0.25_weight_mse5.0_zscoreFalse/final_summary.json
raw,promoter_tata,0.5,0.25,1.0,4.0,0.0001,16,42,0.8443181196579377,0.7975801845201971,0.7909785586174475,0.8958928571428572,175,200,False,${OG_SCRATCH}/carbon_distillation/deploy_120k/promoter_tata/20260622_043247/0a00c507-cb60-4fae-9360-37122615bc91/distill_methodvanilla_dkd_alpha1.0_dkd_beta8.0_kl_methodkl_mse_normalizeFalse_temperature4.0_weight_ce0.5_weight_kl0.25_weight_mse1.0_zscoreFalse/final_summary.json
raw,promoter_tata,0.5,0.25,2.0,1.0,0.0001,16,42,0.8820883894329168,0.7947194142390263,0.8225502403062295,0.8960784313725491,141,200,False,${OG_SCRATCH}/carbon_distillation/deploy_120k/promoter_tata/20260622_043305/49f685ce-5776-43f1-a5f3-cfa298a89edb/distill_methodvanilla_dkd_alpha1.0_dkd_beta8.0_kl_methodkl_mse_normalizeFalse_temperature1.0_weight_ce0.5_weight_kl0.25_weight_mse2.0_zscoreFalse/final_summary.json
raw,promoter_tata,0.5,0.25,2.0,0.5,0.0001,16,42,0.8709550450606487,0.8149553968473211,0.8027803793850747,0.9054500044599054,124,200,False,${OG_SCRATCH}/carbon_distillation/deploy_120k/promoter_tata/20260622_043305/0c0f3040-1712-4da5-8525-3071d7ade6a0/distill_methodvanilla_dkd_alpha1.0_dkd_beta8.0_kl_methodkl_mse_normalizeFalse_temperature0.5_weight_ce0.5_weight_kl0.25_weight_mse2.0_zscoreFalse/final_summary.json
raw,promoter_tata,0.5,0.25,5.0,2.0,0.0001,16,42,0.8782737343323738,0.8022081398901819,0.8047929038631438,0.9009235562479136,132,200,False,${OG_SCRATCH}/carbon_distillation/deploy_120k/promoter_tata/20260622_043430/eb4321b2-4986-4d54-a839-f8fc76808d5f/distill_methodvanilla_dkd_alpha1.0_dkd_beta8.0_kl_methodkl_mse_normalizeFalse_temperature2.0_weight_ce0.5_weight_kl0.25_weight_mse5.0_zscoreFalse/final_summary.json
raw,promoter_tata,0.5,0.25,2.0,4.0,0.0001,16,42,0.8663003883229142,0.7924528301886793,0.8301886792452831,0.8962264150943396,136,200,False,${OG_SCRATCH}/carbon_distillation/deploy_120k/promoter_tata/20260622_043853/5dd6d2d9-a033-488c-8bca-089475e9cba9/distill_methodvanilla_dkd_alpha1.0_dkd_beta8.0_kl_methodkl_mse_normalizeFalse_temperature4.0_weight_ce0.5_weight_kl0.25_weight_mse2.0_zscoreFalse/final_summary.json
raw,promoter_tata,0.5,0.25,5.0,1.5,0.0001,16,42,0.8703616444690004,0.8414594412328095,0.8315218406202999,0.9197237999777258,187,200,False,${OG_SCRATCH}/carbon_distillation/deploy_120k/promoter_tata/20260622_043853/b7445a76-18ff-4e14-b3a0-4a818564519e/distill_methodvanilla_dkd_alpha1.0_dkd_beta8.0_kl_methodkl_mse_normalizeFalse_temperature1.5_weight_ce0.5_weight_kl0.25_weight_mse5.0_zscoreFalse/final_summary.json
raw,promoter_tata,0.5,0.25,5.0,0.5,0.0001,16,42,0.8698859313235084,0.8585287712653215,0.8680790595108568,0.9292437086976837,174,200,False,${OG_SCRATCH}/carbon_distillation/deploy_120k/promoter_tata/20260622_043903/510f4b86-914d-49c6-9280-56a3458bad00/distill_methodvanilla_dkd_alpha1.0_dkd_beta8.0_kl_methodkl_mse_normalizeFalse_temperature0.5_weight_ce0.5_weight_kl0.25_weight_mse5.0_zscoreFalse/final_summary.json
raw,promoter_tata,0.5,0.25,2.0,2.0,0.0001,16,42,0.8698798593700043,0.7830537144507878,0.8118990304530631,0.891507020003115,69,169,True,${OG_SCRATCH}/carbon_distillation/deploy_120k/promoter_tata/20260622_043903/502183d2-d543-45dd-aef6-a843c8f83020/distill_methodvanilla_dkd_alpha1.0_dkd_beta8.0_kl_methodkl_mse_normalizeFalse_temperature2.0_weight_ce0.5_weight_kl0.25_weight_mse2.0_zscoreFalse/final_summary.json
raw,promoter_tata,0.5,0.5,0.0,0.5,0.0001,16,42,0.8540992318111674,0.8019224786544211,0.8210836255346567,0.9009411921767572,193,200,False,${OG_SCRATCH}/carbon_distillation/deploy_120k/promoter_tata/20260622_044144/4526dd1c-e2b3-461a-a4d4-ab317b5ab7e0/distill_methodvanilla_dkd_alpha1.0_dkd_beta8.0_kl_methodkl_mse_normalizeFalse_temperature0.5_weight_ce0.5_weight_kl0.5_weight_mse0.0_zscoreFalse/final_summary.json
raw,promoter_tata,0.5,0.5,0.0,4.0,0.0001,16,42,0.8307000646204842,0.7830537144507878,0.7847318384530695,0.891507020003115,161,200,False,${OG_SCRATCH}/carbon_distillation/deploy_120k/promoter_tata/20260622_044649/45fbcda5-7d79-4f52-b16b-fabbfd62be13/distill_methodvanilla_dkd_alpha1.0_dkd_beta8.0_kl_methodkl_mse_normalizeFalse_temperature4.0_weight_ce0.5_weight_kl0.5_weight_mse0.0_zscoreFalse/final_summary.json
raw,promoter_tata,0.5,0.5,0.0,2.0,0.0001,16,42,0.8540506053344122,0.8301886792452831,0.7838914292818965,0.9150943396226415,138,200,False,${OG_SCRATCH}/carbon_distillation/deploy_120k/promoter_tata/20260622_044720/b25480e1-57a9-429d-85c6-46f56e7da641/distill_methodvanilla_dkd_alpha1.0_dkd_beta8.0_kl_methodkl_mse_normalizeFalse_temperature2.0_weight_ce0.5_weight_kl0.5_weight_mse0.0_zscoreFalse/final_summary.json
raw,promoter_tata,0.5,0.5,0.0,1.0,0.0001,16,42,0.8439103041659214,0.7785901801268591,0.774136284850595,0.8864285714285715,148,200,False,${OG_SCRATCH}/carbon_distillation/deploy_120k/promoter_tata/20260622_044939/11c27ce3-d5bf-4117-9e14-c4f57026c505/distill_methodvanilla_dkd_alpha1.0_dkd_beta8.0_kl_methodkl_mse_normalizeFalse_temperature1.0_weight_ce0.5_weight_kl0.5_weight_mse0.0_zscoreFalse/final_summary.json
raw,promoter_tata,0.5,0.25,5.0,4.0,0.0001,16,42,0.8564309100602925,0.7872693772938532,0.8062397237346689,0.891216562925284,90,190,True,${OG_SCRATCH}/carbon_distillation/deploy_120k/promoter_tata/20260622_044939/b9eadbb9-dd29-4931-acc9-047928578021/distill_methodvanilla_dkd_alpha1.0_dkd_beta8.0_kl_methodkl_mse_normalizeFalse_temperature4.0_weight_ce0.5_weight_kl0.25_weight_mse5.0_zscoreFalse/final_summary.json
raw,promoter_tata,0.5,0.5,1.0,0.5,0.0001,16,42,0.8601394301255361,0.7548513560963972,0.8022081398901819,0.8773475745438362,60,160,True,${OG_SCRATCH}/carbon_distillation/deploy_120k/promoter_tata/20260622_045016/0c6d5950-9611-4f29-9cd8-2c9cdc3e879d/distill_methodvanilla_dkd_alpha1.0_dkd_beta8.0_kl_methodkl_mse_normalizeFalse_temperature0.5_weight_ce0.5_weight_kl0.5_weight_mse1.0_zscoreFalse/final_summary.json
raw,promoter_tata,0.5,0.5,1.0,2.0,0.0001,16,42,0.8543607001571788,0.8325631958694562,0.7947194142390263,0.9149732620320856,195,200,False,${OG_SCRATCH}/carbon_distillation/deploy_120k/promoter_tata/20260622_045016/29a25dca-965f-4772-a88d-517d464c50c7/distill_methodvanilla_dkd_alpha1.0_dkd_beta8.0_kl_methodkl_mse_normalizeFalse_temperature2.0_weight_ce0.5_weight_kl0.5_weight_mse1.0_zscoreFalse/final_summary.json
raw,promoter_tata,0.5,0.5,2.0,0.5,0.0001,16,42,0.8661260684021665,0.7757975234238114,0.8022081398901819,0.8866310160427807,81,181,True,${OG_SCRATCH}/carbon_distillation/deploy_120k/promoter_tata/20260622_045019/510a1c10-5c77-4419-a231-3d98f6e53aa0/distill_methodvanilla_dkd_alpha1.0_dkd_beta8.0_kl_methodkl_mse_normalizeFalse_temperature0.5_weight_ce0.5_weight_kl0.5_weight_mse2.0_zscoreFalse/final_summary.json
raw,promoter_tata,0.5,0.5,0.0,1.5,0.0001,16,42,0.8513813481376464,0.7947194142390263,0.8022081398901819,0.8960784313725491,84,184,True,${OG_SCRATCH}/carbon_distillation/deploy_120k/promoter_tata/20260622_045409/15559f0d-3e09-4aa9-bff4-9054fcece9c3/distill_methodvanilla_dkd_alpha1.0_dkd_beta8.0_kl_methodkl_mse_normalizeFalse_temperature1.5_weight_ce0.5_weight_kl0.5_weight_mse0.0_zscoreFalse/final_summary.json
raw,promoter_tata,0.5,0.5,1.0,1.0,0.0001,16,42,0.8665413492732936,0.8118990304530631,0.8207912428580546,0.9056267806267806,175,200,False,${OG_SCRATCH}/carbon_distillation/deploy_120k/promoter_tata/20260622_045423/db846aca-0d96-420e-8027-2da69aaa3e5c/distill_methodvanilla_dkd_alpha1.0_dkd_beta8.0_kl_methodkl_mse_normalizeFalse_temperature1.0_weight_ce0.5_weight_kl0.5_weight_mse1.0_zscoreFalse/final_summary.json
raw,promoter_tata,0.5,0.5,2.0,1.0,0.0001,16,42,0.8698798593700043,0.8136413050542411,0.7937253933193772,0.9055258467023173,180,200,False,${OG_SCRATCH}/carbon_distillation/deploy_120k/promoter_tata/20260622_045506/9f1115ef-00a3-4f30-9de7-02bc39554247/distill_methodvanilla_dkd_alpha1.0_dkd_beta8.0_kl_methodkl_mse_normalizeFalse_temperature1.0_weight_ce0.5_weight_kl0.5_weight_mse2.0_zscoreFalse/final_summary.json
raw,promoter_tata,0.5,0.5,1.0,4.0,0.0001,16,42,0.8431682442281385,0.7641849502471543,0.8062397237346689,0.8820728478294728,69,169,True,${OG_SCRATCH}/carbon_distillation/deploy_120k/promoter_tata/20260622_045521/33d3a7a5-2471-4729-a1ec-510a85e52faf/distill_methodvanilla_dkd_alpha1.0_dkd_beta8.0_kl_methodkl_mse_normalizeFalse_temperature4.0_weight_ce0.5_weight_kl0.5_weight_mse1.0_zscoreFalse/final_summary.json
raw,promoter_tata,0.5,0.5,2.0,4.0,0.0001,16,42,0.8582214309513942,0.7644571686012321,0.7669202966225253,0.8820518526760877,136,200,False,${OG_SCRATCH}/carbon_distillation/deploy_120k/promoter_tata/20260622_045909/077733df-b08c-4122-94e3-7a124b8fc44e/distill_methodvanilla_dkd_alpha1.0_dkd_beta8.0_kl_methodkl_mse_normalizeFalse_temperature4.0_weight_ce0.5_weight_kl0.5_weight_mse2.0_zscoreFalse/final_summary.json
raw,promoter_tata,0.5,0.5,5.0,1.5,0.0001,16,42,0.8823340256484891,0.8126236169698385,0.8027803793850747,0.9055847510465842,175,200,False,${OG_SCRATCH}/carbon_distillation/deploy_120k/promoter_tata/20260622_050208/58040502-52de-4ccf-a572-448542057967/distill_methodvanilla_dkd_alpha1.0_dkd_beta8.0_kl_methodkl_mse_normalizeFalse_temperature1.5_weight_ce0.5_weight_kl0.5_weight_mse5.0_zscoreFalse/final_summary.json
raw,promoter_tata,0.5,0.5,5.0,0.5,0.0001,16,42,0.8741943888779155,0.830336491706037,0.8036410393796495,0.915086782376502,98,198,True,${OG_SCRATCH}/carbon_distillation/deploy_120k/promoter_tata/20260622_050330/07ea6037-b9e9-4473-9b62-3a9604628bb7/distill_methodvanilla_dkd_alpha1.0_dkd_beta8.0_kl_methodkl_mse_normalizeFalse_temperature0.5_weight_ce0.5_weight_kl0.5_weight_mse5.0_zscoreFalse/final_summary.json
raw,promoter_tata,0.5,1.0,0.0,0.5,0.0001,16,42,0.862733336504789,0.774136284850595,0.811465207803627,0.8867521367521367,63,163,True,${OG_SCRATCH}/carbon_distillation/deploy_120k/promoter_tata/20260622_050422/5024558c-615c-4ca0-8ba9-714aac8da897/distill_methodvanilla_dkd_alpha1.0_dkd_beta8.0_kl_methodkl_mse_normalizeFalse_temperature0.5_weight_ce0.5_weight_kl1.0_weight_mse0.0_zscoreFalse/final_summary.json
raw,promoter_tata,0.5,0.5,1.0,1.5,0.0001,16,42,0.8501221628026158,0.755254912049361,0.8113207547169812,0.8773148148148149,55,155,True,${OG_SCRATCH}/carbon_distillation/deploy_120k/promoter_tata/20260622_050427/e1daaf67-733d-4a94-8062-b1f7f28fcad5/distill_methodvanilla_dkd_alpha1.0_dkd_beta8.0_kl_methodkl_mse_normalizeFalse_temperature1.5_weight_ce0.5_weight_kl0.5_weight_mse1.0_zscoreFalse/final_summary.json
raw,promoter_tata,0.5,0.5,2.0,1.5,0.0001,16,42,0.8817697996608833,0.8022081398901819,0.8252100701754846,0.9009235562479136,176,200,False,${OG_SCRATCH}/carbon_distillation/deploy_120k/promoter_tata/20260622_050522/253b61e3-c605-4d46-8022-899384c3cff0/distill_methodvanilla_dkd_alpha1.0_dkd_beta8.0_kl_methodkl_mse_normalizeFalse_temperature1.5_weight_ce0.5_weight_kl0.5_weight_mse2.0_zscoreFalse/final_summary.json
raw,promoter_tata,0.5,0.5,2.0,2.0,0.0001,16,42,0.8661135874727581,0.7924528301886793,0.839660007061688,0.8962264150943396,110,200,False,${OG_SCRATCH}/carbon_distillation/deploy_120k/promoter_tata/20260622_050757/abd5afbe-857f-4ba0-bb6f-0a28b97479be/distill_methodvanilla_dkd_alpha1.0_dkd_beta8.0_kl_methodkl_mse_normalizeFalse_temperature2.0_weight_ce0.5_weight_kl0.5_weight_mse2.0_zscoreFalse/final_summary.json
raw,promoter_tata,0.5,0.5,5.0,1.0,0.0001,16,42,0.8819089069415008,0.830336491706037,0.8405582795914311,0.915086782376502,154,200,False,${OG_SCRATCH}/carbon_distillation/deploy_120k/promoter_tata/20260622_050828/07413981-6c2d-40ad-aa37-80f5b770cbc3/distill_methodvanilla_dkd_alpha1.0_dkd_beta8.0_kl_methodkl_mse_normalizeFalse_temperature1.0_weight_ce0.5_weight_kl0.5_weight_mse5.0_zscoreFalse/final_summary.json
raw,promoter_tata,0.5,0.5,5.0,2.0,0.0001,16,42,0.8668366116746727,0.8027803793850747,0.8136413050542411,0.9008882655446471,89,189,True,${OG_SCRATCH}/carbon_distillation/deploy_120k/promoter_tata/20260622_051027/cfdde83a-6f1f-408a-9b5b-3af9a02a4e73/distill_methodvanilla_dkd_alpha1.0_dkd_beta8.0_kl_methodkl_mse_normalizeFalse_temperature2.0_weight_ce0.5_weight_kl0.5_weight_mse5.0_zscoreFalse/final_summary.json
raw,promoter_tata,0.5,1.0,1.0,0.5,0.0001,16,42,0.8505123872129116,0.8019224786544211,0.8027803793850747,0.9009411921767572,55,155,True,${OG_SCRATCH}/carbon_distillation/deploy_120k/promoter_tata/20260622_051038/e5c50769-1aee-493a-8d37-e9fa47abb211/distill_methodvanilla_dkd_alpha1.0_dkd_beta8.0_kl_methodkl_mse_normalizeFalse_temperature0.5_weight_ce0.5_weight_kl1.0_weight_mse1.0_zscoreFalse/final_summary.json
raw,promoter_tata,0.5,0.5,5.0,4.0,0.0001,16,42,0.8559509003849514,0.8339078479367937,0.8325631958694562,0.914905004013915,64,164,True,${OG_SCRATCH}/carbon_distillation/deploy_120k/promoter_tata/20260622_051436/57f98d24-8639-4fd3-9908-4b81a619c9f3/distill_methodvanilla_dkd_alpha1.0_dkd_beta8.0_kl_methodkl_mse_normalizeFalse_temperature4.0_weight_ce0.5_weight_kl0.5_weight_mse5.0_zscoreFalse/final_summary.json
raw,promoter_tata,0.5,1.0,0.0,2.0,0.0001,16,42,0.8469379514980027,0.8036410393796495,0.811465207803627,0.900835282325426,75,175,True,${OG_SCRATCH}/carbon_distillation/deploy_120k/promoter_tata/20260622_051437/e50965a9-a461-4fcc-a70b-15240eabaa94/distill_methodvanilla_dkd_alpha1.0_dkd_beta8.0_kl_methodkl_mse_normalizeFalse_temperature2.0_weight_ce0.5_weight_kl1.0_weight_mse0.0_zscoreFalse/final_summary.json
raw,promoter_tata,0.5,1.0,1.0,4.0,0.0001,16,42,0.8551534988861721,0.8036410393796495,0.8047929038631438,0.900835282325426,192,200,False,${OG_SCRATCH}/carbon_distillation/deploy_120k/promoter_tata/20260622_051741/5da118e7-d28d-4004-9b6a-2ca76b2674d3/distill_methodvanilla_dkd_alpha1.0_dkd_beta8.0_kl_methodkl_mse_normalizeFalse_temperature4.0_weight_ce0.5_weight_kl1.0_weight_mse1.0_zscoreFalse/final_summary.json
raw,promoter_tata,0.5,1.0,0.0,1.0,0.0001,16,42,0.8505123872129116,0.8118990304530631,0.8036410393796495,0.9056267806267806,93,193,True,${OG_SCRATCH}/carbon_distillation/deploy_120k/promoter_tata/20260622_051746/088231e5-b07a-4dd0-81f4-911175c76f2b/distill_methodvanilla_dkd_alpha1.0_dkd_beta8.0_kl_methodkl_mse_normalizeFalse_temperature1.0_weight_ce0.5_weight_kl1.0_weight_mse0.0_zscoreFalse/final_summary.json
raw,promoter_tata,0.5,1.0,1.0,1.0,0.0001,16,42,0.8522287748917369,0.7830537144507878,0.7461135290755401,0.891507020003115,52,152,True,${OG_SCRATCH}/carbon_distillation/deploy_120k/promoter_tata/20260622_051749/75701702-8cbf-4358-833c-f41958c15eaa/distill_methodvanilla_dkd_alpha1.0_dkd_beta8.0_kl_methodkl_mse_normalizeFalse_temperature1.0_weight_ce0.5_weight_kl1.0_weight_mse1.0_zscoreFalse/final_summary.json
raw,promoter_tata,0.5,1.0,0.0,1.5,0.0001,16,42,0.8480424718669798,0.8225502403062295,0.8019224786544211,0.9102795411515758,66,166,True,${OG_SCRATCH}/carbon_distillation/deploy_120k/promoter_tata/20260622_052110/3bd8f6ff-d081-4d72-9474-016dffc946f5/distill_methodvanilla_dkd_alpha1.0_dkd_beta8.0_kl_methodkl_mse_normalizeFalse_temperature1.5_weight_ce0.5_weight_kl1.0_weight_mse0.0_zscoreFalse/final_summary.json
raw,promoter_tata,0.5,1.0,1.0,2.0,0.0001,16,42,0.8541060405517091,0.7833326542457071,0.7833326542457071,0.8914877044620007,200,200,False,${OG_SCRATCH}/carbon_distillation/deploy_120k/promoter_tata/20260622_052237/4206d61c-2160-44e8-9af1-932709582785/distill_methodvanilla_dkd_alpha1.0_dkd_beta8.0_kl_methodkl_mse_normalizeFalse_temperature2.0_weight_ce0.5_weight_kl1.0_weight_mse1.0_zscoreFalse/final_summary.json
raw,promoter_tata,0.5,1.0,2.0,0.5,0.0001,16,42,0.8659891721020465,0.8307804032542971,0.8441804166163004,0.9150641025641025,167,200,False,${OG_SCRATCH}/carbon_distillation/deploy_120k/promoter_tata/20260622_052340/5120d9d0-7bc3-49ab-9f10-4db9ab9c5a5f/distill_methodvanilla_dkd_alpha1.0_dkd_beta8.0_kl_methodkl_mse_normalizeFalse_temperature0.5_weight_ce0.5_weight_kl1.0_weight_mse2.0_zscoreFalse/final_summary.json
raw,promoter_tata,0.5,1.0,5.0,0.5,0.0001,16,42,0.8817697996608833,0.7737226399988072,0.8126236169698385,0.8867823765020026,65,165,True,${OG_SCRATCH}/carbon_distillation/deploy_120k/promoter_tata/20260622_052342/305aa501-36ef-4d15-8653-728562024073/distill_methodvanilla_dkd_alpha1.0_dkd_beta8.0_kl_methodkl_mse_normalizeFalse_temperature0.5_weight_ce0.5_weight_kl1.0_weight_mse5.0_zscoreFalse/final_summary.json
raw,promoter_tata,0.5,1.0,0.0,4.0,0.0001,16,42,0.8592838479272145,0.821669329488253,0.8315218406202999,0.9103274783499188,173,200,False,${OG_SCRATCH}/carbon_distillation/deploy_120k/promoter_tata/20260622_052353/aa5a5918-f295-4be8-b4a1-dd0e6dd9278a/distill_methodvanilla_dkd_alpha1.0_dkd_beta8.0_kl_methodkl_mse_normalizeFalse_temperature4.0_weight_ce0.5_weight_kl1.0_weight_mse0.0_zscoreFalse/final_summary.json
raw,promoter_tata,0.5,1.0,2.0,2.0,0.0001,16,42,0.8620947516549401,0.7925939239012171,0.8019224786544211,0.8962171784601691,157,200,False,${OG_SCRATCH}/carbon_distillation/deploy_120k/promoter_tata/20260622_052536/60d04fe5-40c4-443b-81ba-72952758fbfe/distill_methodvanilla_dkd_alpha1.0_dkd_beta8.0_kl_methodkl_mse_normalizeFalse_temperature2.0_weight_ce0.5_weight_kl1.0_weight_mse2.0_zscoreFalse/final_summary.json
raw,promoter_tata,0.5,1.0,2.0,4.0,0.0001,16,42,0.8606491019886934,0.7975801845201971,0.7872693772938532,0.8958928571428572,189,200,False,${OG_SCRATCH}/carbon_distillation/deploy_120k/promoter_tata/20260622_052548/957c190e-7413-472e-9df8-8911537ec568/distill_methodvanilla_dkd_alpha1.0_dkd_beta8.0_kl_methodkl_mse_normalizeFalse_temperature4.0_weight_ce0.5_weight_kl1.0_weight_mse2.0_zscoreFalse/final_summary.json
raw,promoter_tata,0.5,1.0,1.0,1.5,0.0001,16,42,0.8505123872129116,0.7641849502471543,0.7669202966225253,0.8820728478294728,186,200,False,${OG_SCRATCH}/carbon_distillation/deploy_120k/promoter_tata/20260622_052609/f64685df-6569-46a4-9502-d172ef6a30db/distill_methodvanilla_dkd_alpha1.0_dkd_beta8.0_kl_methodkl_mse_normalizeFalse_temperature1.5_weight_ce0.5_weight_kl1.0_weight_mse1.0_zscoreFalse/final_summary.json
raw,promoter_tata,0.5,1.0,5.0,1.5,0.0001,16,42,0.863429530118549,0.821669329488253,0.7669202966225253,0.9103274783499188,47,147,True,${OG_SCRATCH}/carbon_distillation/deploy_120k/promoter_tata/20260622_053228/5ba4559a-0db4-4714-a515-ecc991ad6d55/distill_methodvanilla_dkd_alpha1.0_dkd_beta8.0_kl_methodkl_mse_normalizeFalse_temperature1.5_weight_ce0.5_weight_kl1.0_weight_mse5.0_zscoreFalse/final_summary.json
raw,promoter_tata,0.5,1.0,2.0,1.0,0.0001,16,42,0.8699861709246073,0.8588345968236065,0.8036410393796495,0.9292311116056526,181,200,False,${OG_SCRATCH}/carbon_distillation/deploy_120k/promoter_tata/20260622_053235/f8284511-4d70-43c4-b8a4-e01d3bef8531/distill_methodvanilla_dkd_alpha1.0_dkd_beta8.0_kl_methodkl_mse_normalizeFalse_temperature1.0_weight_ce0.5_weight_kl1.0_weight_mse2.0_zscoreFalse/final_summary.json
raw,promoter_tata,0.5,1.0,2.0,1.5,0.0001,16,42,0.8668366116746727,0.8118990304530631,0.8210836255346567,0.9056267806267806,148,200,False,${OG_SCRATCH}/carbon_distillation/deploy_120k/promoter_tata/20260622_053443/4bc0375e-69b6-409f-ad84-16815ca1b5db/distill_methodvanilla_dkd_alpha1.0_dkd_beta8.0_kl_methodkl_mse_normalizeFalse_temperature1.5_weight_ce0.5_weight_kl1.0_weight_mse2.0_zscoreFalse/final_summary.json
raw,promoter_tata,0.5,1.0,5.0,4.0,0.0001,16,42,0.8575549411812396,0.8136413050542411,0.8126236169698385,0.9055258467023173,151,200,False,${OG_SCRATCH}/carbon_distillation/deploy_120k/promoter_tata/20260622_053506/17e2ccb9-4289-46d3-8715-67aa22c5bf00/distill_methodvanilla_dkd_alpha1.0_dkd_beta8.0_kl_methodkl_mse_normalizeFalse_temperature4.0_weight_ce0.5_weight_kl1.0_weight_mse5.0_zscoreFalse/final_summary.json
raw,promoter_tata,0.5,1.0,5.0,1.0,0.0001,16,42,0.8737959260951247,0.811465207803627,0.8062397237346689,0.9056519804183356,194,200,False,${OG_SCRATCH}/carbon_distillation/deploy_120k/promoter_tata/20260622_053823/64f19273-71dd-4af1-b92f-d1ba24e55b80/distill_methodvanilla_dkd_alpha1.0_dkd_beta8.0_kl_methodkl_mse_normalizeFalse_temperature1.0_weight_ce0.5_weight_kl1.0_weight_mse5.0_zscoreFalse/final_summary.json
raw,promoter_tata,0.5,1.0,5.0,2.0,0.0001,16,42,0.8817624460900065,0.7737226399988072,0.8062397237346689,0.8867823765020026,73,173,True,${OG_SCRATCH}/carbon_distillation/deploy_120k/promoter_tata/20260622_053823/ecd5a5f5-026f-4030-a938-0d7a3318763a/distill_methodvanilla_dkd_alpha1.0_dkd_beta8.0_kl_methodkl_mse_normalizeFalse_temperature2.0_weight_ce0.5_weight_kl1.0_weight_mse5.0_zscoreFalse/final_summary.json
raw,promoter_tata,0.5,0.0,2.0,1.0,0.0001,16,1,0.8698798593700043,0.7924528301886793,0.8022081398901819,0.8962264150943396,154,200,False,${OG_SCRATCH}/carbon_distillation/deploy_120k/promoter_tata/20260624_010729/894c5a0c-87b0-4f41-bb66-e0a81b30e34e/distill_methodvanilla_dkd_alpha1.0_dkd_beta8.0_kl_methodkl_mse_normalizeFalse_temperature1.0_weight_ce0.5_weight_kl0.0_weight_mse2.0_zscoreFalse/final_summary.json
raw,promoter_tata,0.5,0.0,2.0,1.0,0.0001,16,2,0.8589374409408255,0.8405582795914311,0.811465207803627,0.9197666911551905,79,179,True,${OG_SCRATCH}/carbon_distillation/deploy_120k/promoter_tata/20260624_010736/517d0a76-003c-4531-b7b6-6a8c352b4d4f/distill_methodvanilla_dkd_alpha1.0_dkd_beta8.0_kl_methodkl_mse_normalizeFalse_temperature1.0_weight_ce0.5_weight_kl0.0_weight_mse2.0_zscoreFalse/final_summary.json
raw,promoter_tata,0.5,0.0,2.0,1.0,0.0001,16,0,0.8709550450606487,0.8399591111791317,0.8528602990262663,0.9197952598197396,82,182,True,${OG_SCRATCH}/carbon_distillation/deploy_120k/promoter_tata/20260624_010736/7f44166c-40e8-4593-a733-429513f87389/distill_methodvanilla_dkd_alpha1.0_dkd_beta8.0_kl_methodkl_mse_normalizeFalse_temperature1.0_weight_ce0.5_weight_kl0.0_weight_mse2.0_zscoreFalse/final_summary.json
raw,promoter_no_tata,0.5,0.5,0.2,2.0,0.0001,16,,0.7405468252981141,0.7298686792437226,0.6951736466013723,0.8643380851932498,28,200,,${OG_SCRATCH}/carbon_distillation/deploy_120k/promoter_no_tata/20260618_212707/45849605-c94b-4a28-aade-624521cfe9b8/distill_methodvanilla_dkd_alpha1.0_dkd_beta8.0_kl_methodkl_mse_normalizeFalse_temperature2.0_weight_ce0.5_weight_kl0.5_weight_mse0.2_zscoreFalse/final_summary.json
l2norm,promoter_no_tata,0.5,0.5,0.2,2.0,0.0001,16,,0.743276987830941,0.714366624411354,0.7094323562248983,0.8562593632386156,28,200,,${OG_SCRATCH}/carbon_distillation/deploy_120k/promoter_no_tata/20260618_231745/483f970b-e82f-4917-9075-6b2c66a4e9ab/distill_methodvanilla_dkd_alpha1.0_dkd_beta8.0_kl_methodkl_mse_normalizeTrue_temperature2.0_weight_ce0.5_weight_kl0.5_weight_mse0.2_zscoreFalse/final_summary.json
raw,promoter_no_tata,0.5,0.0,0.0,1.5,0.0001,16,42,0.7482354966415581,0.7122052612562021,0.6807934616401591,0.854722807084756,41,141,True,${OG_SCRATCH}/carbon_distillation/deploy_120k/promoter_no_tata/20260622_053451/cde1d489-f505-4324-8fca-0763344d1a12/distill_methodvanilla_dkd_alpha1.0_dkd_beta8.0_kl_methodkl_mse_normalizeFalse_temperature1.5_weight_ce0.5_weight_kl0.0_weight_mse0.0_zscoreFalse/final_summary.json
raw,promoter_no_tata,0.5,0.0,0.0,1.0,0.0001,16,42,0.7438143888525114,0.7205577271472203,0.6763877142566089,0.8600154744798619,33,133,True,${OG_SCRATCH}/carbon_distillation/deploy_120k/promoter_no_tata/20260622_053620/d5333f98-71c4-45e4-8588-60a5f157e334/distill_methodvanilla_dkd_alpha1.0_dkd_beta8.0_kl_methodkl_mse_normalizeFalse_temperature1.0_weight_ce0.5_weight_kl0.0_weight_mse0.0_zscoreFalse/final_summary.json
raw,promoter_no_tata,0.5,0.0,0.0,0.5,0.0001,16,42,0.7482354966415581,0.7122052612562021,0.6807934616401591,0.854722807084756,41,141,True,${OG_SCRATCH}/carbon_distillation/deploy_120k/promoter_no_tata/20260622_053825/371eb490-e35e-43f6-b387-366c1956f103/distill_methodvanilla_dkd_alpha1.0_dkd_beta8.0_kl_methodkl_mse_normalizeFalse_temperature0.5_weight_ce0.5_weight_kl0.0_weight_mse0.0_zscoreFalse/final_summary.json
raw,promoter_no_tata,0.5,0.0,0.0,4.0,0.0001,16,42,0.7482354966415581,0.7122052612562021,0.6807934616401591,0.854722807084756,41,141,True,${OG_SCRATCH}/carbon_distillation/deploy_120k/promoter_no_tata/20260622_053929/e6ee4401-fac3-49bc-bdbb-80640eb3d7d3/distill_methodvanilla_dkd_alpha1.0_dkd_beta8.0_kl_methodkl_mse_normalizeFalse_temperature4.0_weight_ce0.5_weight_kl0.0_weight_mse0.0_zscoreFalse/final_summary.json
raw,promoter_no_tata,0.5,0.0,0.0,2.0,0.0001,16,42,0.7438143888525114,0.7205577271472203,0.6763877142566089,0.8600154744798619,33,133,True,${OG_SCRATCH}/carbon_distillation/deploy_120k/promoter_no_tata/20260622_054002/1b58fca3-d338-410f-9516-5a6840aad3a3/distill_methodvanilla_dkd_alpha1.0_dkd_beta8.0_kl_methodkl_mse_normalizeFalse_temperature2.0_weight_ce0.5_weight_kl0.0_weight_mse0.0_zscoreFalse/final_summary.json
raw,promoter_no_tata,0.5,0.0,1.0,2.0,0.0001,16,42,0.7411975712308028,0.7142935495446934,0.6722181030726271,0.8553898240122648,24,124,True,${OG_SCRATCH}/carbon_distillation/deploy_120k/promoter_no_tata/20260622_054257/1a3a798c-7d0d-467c-bd94-bb91fe9dd902/distill_methodvanilla_dkd_alpha1.0_dkd_beta8.0_kl_methodkl_mse_normalizeFalse_temperature2.0_weight_ce0.5_weight_kl0.0_weight_mse1.0_zscoreFalse/final_summary.json
raw,promoter_no_tata,0.5,0.0,1.0,0.5,0.0001,16,42,0.7411975712308028,0.7142935495446934,0.6722181030726271,0.8553898240122648,24,124,True,${OG_SCRATCH}/carbon_distillation/deploy_120k/promoter_no_tata/20260622_054432/8d08013b-9c6e-467c-afe2-f8d2920f41e4/distill_methodvanilla_dkd_alpha1.0_dkd_beta8.0_kl_methodkl_mse_normalizeFalse_temperature0.5_weight_ce0.5_weight_kl0.0_weight_mse1.0_zscoreFalse/final_summary.json
raw,promoter_no_tata,0.5,0.0,1.0,1.5,0.0001,16,42,0.7411975712308028,0.7142935495446934,0.6722181030726271,0.8553898240122648,24,124,True,${OG_SCRATCH}/carbon_distillation/deploy_120k/promoter_no_tata/20260622_054919/443401c0-b2f3-48b2-8eec-5fb35be71476/distill_methodvanilla_dkd_alpha1.0_dkd_beta8.0_kl_methodkl_mse_normalizeFalse_temperature1.5_weight_ce0.5_weight_kl0.0_weight_mse1.0_zscoreFalse/final_summary.json
raw,promoter_no_tata,0.5,0.0,2.0,0.5,0.0001,16,42,0.7446452599559019,0.7170252166253039,0.6858814528319482,0.8577446837698457,27,127,True,${OG_SCRATCH}/carbon_distillation/deploy_120k/promoter_no_tata/20260622_055045/880e69bb-5b46-464b-a2be-4cf910af7632/distill_methodvanilla_dkd_alpha1.0_dkd_beta8.0_kl_methodkl_mse_normalizeFalse_temperature0.5_weight_ce0.5_weight_kl0.0_weight_mse2.0_zscoreFalse/final_summary.json
raw,promoter_no_tata,0.5,0.0,2.0,1.0,0.0001,16,42,0.7446452599559019,0.7170252166253039,0.6858814528319482,0.8577446837698457,27,127,True,${OG_SCRATCH}/carbon_distillation/deploy_120k/promoter_no_tata/20260622_055237/4f24ce22-0a0f-45ac-b187-35807f405d4d/distill_methodvanilla_dkd_alpha1.0_dkd_beta8.0_kl_methodkl_mse_normalizeFalse_temperature1.0_weight_ce0.5_weight_kl0.0_weight_mse2.0_zscoreFalse/final_summary.json
raw,promoter_no_tata,0.5,0.0,2.0,1.5,0.0001,16,42,0.7446452599559019,0.7170252166253039,0.6858814528319482,0.8577446837698457,27,127,True,${OG_SCRATCH}/carbon_distillation/deploy_120k/promoter_no_tata/20260622_055535/7f5256df-f168-448d-a8cc-8bb454324b28/distill_methodvanilla_dkd_alpha1.0_dkd_beta8.0_kl_methodkl_mse_normalizeFalse_temperature1.5_weight_ce0.5_weight_kl0.0_weight_mse2.0_zscoreFalse/final_summary.json
raw,promoter_no_tata,0.5,0.0,2.0,2.0,0.0001,16,42,0.7446452599559019,0.7170252166253039,0.6858814528319482,0.8577446837698457,27,127,True,${OG_SCRATCH}/carbon_distillation/deploy_120k/promoter_no_tata/20260622_062142/24a31c9a-cb64-4a02-afb3-6f075450484b/distill_methodvanilla_dkd_alpha1.0_dkd_beta8.0_kl_methodkl_mse_normalizeFalse_temperature2.0_weight_ce0.5_weight_kl0.0_weight_mse2.0_zscoreFalse/final_summary.json
raw,promoter_no_tata,0.5,0.0,5.0,1.5,0.0001,16,42,0.7456542047537023,0.7344239676069205,0.6895109665491943,0.8665102136625581,25,125,True,${OG_SCRATCH}/carbon_distillation/deploy_120k/promoter_no_tata/20260622_062344/5671d95e-f853-499e-b5e0-ab9546dacc1e/distill_methodvanilla_dkd_alpha1.0_dkd_beta8.0_kl_methodkl_mse_normalizeFalse_temperature1.5_weight_ce0.5_weight_kl0.0_weight_mse5.0_zscoreFalse/final_summary.json
raw,promoter_no_tata,0.5,0.0,5.0,2.0,0.0001,16,42,0.7456542047537023,0.7344239676069205,0.6895109665491943,0.8665102136625581,25,125,True,${OG_SCRATCH}/carbon_distillation/deploy_120k/promoter_no_tata/20260622_062526/29a696a6-8b2a-4f26-83c2-be60c3f87f94/distill_methodvanilla_dkd_alpha1.0_dkd_beta8.0_kl_methodkl_mse_normalizeFalse_temperature2.0_weight_ce0.5_weight_kl0.0_weight_mse5.0_zscoreFalse/final_summary.json
raw,promoter_no_tata,0.5,0.0,1.0,4.0,0.0001,16,42,0.7427799611250185,0.7168524772542858,0.6684600112492894,0.8568871007227172,24,124,True,${OG_SCRATCH}/carbon_distillation/deploy_120k/promoter_no_tata/20260622_062946/ac5ca23e-85c9-4d89-9196-43a98e045d31/distill_methodvanilla_dkd_alpha1.0_dkd_beta8.0_kl_methodkl_mse_normalizeFalse_temperature4.0_weight_ce0.5_weight_kl0.0_weight_mse1.0_zscoreFalse/final_summary.json
raw,promoter_no_tata,0.5,0.0,1.0,1.0,0.0001,16,42,0.7427799611250185,0.7168524772542858,0.6684600112492894,0.8568871007227172,24,124,True,${OG_SCRATCH}/carbon_distillation/deploy_120k/promoter_no_tata/20260622_062946/0a93ea0b-fc7f-42b7-8f7c-3fdfaf5ed526/distill_methodvanilla_dkd_alpha1.0_dkd_beta8.0_kl_methodkl_mse_normalizeFalse_temperature1.0_weight_ce0.5_weight_kl0.0_weight_mse1.0_zscoreFalse/final_summary.json
raw,promoter_no_tata,0.5,0.0,2.0,4.0,0.0001,16,42,0.7463952705920793,0.72481718222182,0.6877669107628285,0.8596045408516761,25,125,True,${OG_SCRATCH}/carbon_distillation/deploy_120k/promoter_no_tata/20260622_063715/ff84f67f-2ab8-4994-873e-7e337aad08c1/distill_methodvanilla_dkd_alpha1.0_dkd_beta8.0_kl_methodkl_mse_normalizeFalse_temperature4.0_weight_ce0.5_weight_kl0.0_weight_mse2.0_zscoreFalse/final_summary.json
raw,promoter_no_tata,0.5,0.0,5.0,1.0,0.0001,16,42,0.7456542047537023,0.7344239676069205,0.6895109665491943,0.8665102136625581,25,125,True,${OG_SCRATCH}/carbon_distillation/deploy_120k/promoter_no_tata/20260622_064326/bd66d4f4-c8d0-4811-be64-b2f5c7b9a7ca/distill_methodvanilla_dkd_alpha1.0_dkd_beta8.0_kl_methodkl_mse_normalizeFalse_temperature1.0_weight_ce0.5_weight_kl0.0_weight_mse5.0_zscoreFalse/final_summary.json
raw,promoter_no_tata,0.5,0.0,5.0,0.5,0.0001,16,42,0.747180717242356,0.7275644265283685,0.6955488832226532,0.8619538280944307,28,128,True,${OG_SCRATCH}/carbon_distillation/deploy_120k/promoter_no_tata/20260622_064356/2d2f4448-5015-4eae-b359-8411cd3d090d/distill_methodvanilla_dkd_alpha1.0_dkd_beta8.0_kl_methodkl_mse_normalizeFalse_temperature0.5_weight_ce0.5_weight_kl0.0_weight_mse5.0_zscoreFalse/final_summary.json
raw,promoter_no_tata,0.5,0.25,1.0,0.5,0.0001,16,42,0.7444948557018436,0.7108272066221435,0.6749450418725955,0.8539841468502295,27,127,True,${OG_SCRATCH}/carbon_distillation/deploy_120k/promoter_no_tata/20260622_065407/c6115e56-d106-4ebe-9c1d-32d0e38f3de1/distill_methodvanilla_dkd_alpha1.0_dkd_beta8.0_kl_methodkl_mse_normalizeFalse_temperature0.5_weight_ce0.5_weight_kl0.25_weight_mse1.0_zscoreFalse/final_summary.json
raw,promoter_no_tata,0.5,0.25,1.0,1.0,0.0001,16,42,0.748288404340957,0.717576332966044,0.6986512358519068,0.8576902025177887,24,124,True,${OG_SCRATCH}/carbon_distillation/deploy_120k/promoter_no_tata/20260622_065946/d7b70b3a-cfa1-40a6-8050-c41e4182298f/distill_methodvanilla_dkd_alpha1.0_dkd_beta8.0_kl_methodkl_mse_normalizeFalse_temperature1.0_weight_ce0.5_weight_kl0.25_weight_mse1.0_zscoreFalse/final_summary.json
raw,promoter_no_tata,0.5,0.25,0.0,0.5,0.0001,16,42,0.7446176863237691,0.7118825618058251,0.6629761303377297,0.8547555755105776,41,141,True,${OG_SCRATCH}/carbon_distillation/deploy_120k/promoter_no_tata/20260622_070428/d00c95f9-e154-4b27-baf8-e23b613b16a0/distill_methodvanilla_dkd_alpha1.0_dkd_beta8.0_kl_methodkl_mse_normalizeFalse_temperature0.5_weight_ce0.5_weight_kl0.25_weight_mse0.0_zscoreFalse/final_summary.json
raw,promoter_no_tata,0.5,0.25,1.0,1.5,0.0001,16,42,0.7523549155569177,0.7075751169011225,0.6720466505698358,0.8525578821927136,27,127,True,${OG_SCRATCH}/carbon_distillation/deploy_120k/promoter_no_tata/20260622_070603/d1608260-3de6-4d05-bf6f-57e5343926e0/distill_methodvanilla_dkd_alpha1.0_dkd_beta8.0_kl_methodkl_mse_normalizeFalse_temperature1.5_weight_ce0.5_weight_kl0.25_weight_mse1.0_zscoreFalse/final_summary.json
raw,promoter_no_tata,0.5,0.0,5.0,4.0,0.0001,16,42,0.7456542047537023,0.7344239676069205,0.6895109665491943,0.8665102136625581,25,125,True,${OG_SCRATCH}/carbon_distillation/deploy_120k/promoter_no_tata/20260622_070641/4a843b66-8e46-427a-805c-3b5a8c610696/distill_methodvanilla_dkd_alpha1.0_dkd_beta8.0_kl_methodkl_mse_normalizeFalse_temperature4.0_weight_ce0.5_weight_kl0.0_weight_mse5.0_zscoreFalse/final_summary.json
raw,promoter_no_tata,0.5,0.25,2.0,0.5,0.0001,16,42,0.7467166924518026,0.720813389117347,0.695501562445179,0.859119215780163,24,124,True,${OG_SCRATCH}/carbon_distillation/deploy_120k/promoter_no_tata/20260622_070746/5d14548c-0f72-4180-ba8c-69f3d9ef9bfb/distill_methodvanilla_dkd_alpha1.0_dkd_beta8.0_kl_methodkl_mse_normalizeFalse_temperature0.5_weight_ce0.5_weight_kl0.25_weight_mse2.0_zscoreFalse/final_summary.json
raw,promoter_no_tata,0.5,0.25,1.0,4.0,0.0001,16,42,0.7447562995373519,0.7221283676147271,0.6373845838614354,0.8581181929056965,28,128,True,${OG_SCRATCH}/carbon_distillation/deploy_120k/promoter_no_tata/20260622_071850/431aaeda-a0d8-4f46-b11c-0d35309c42b7/distill_methodvanilla_dkd_alpha1.0_dkd_beta8.0_kl_methodkl_mse_normalizeFalse_temperature4.0_weight_ce0.5_weight_kl0.25_weight_mse1.0_zscoreFalse/final_summary.json
raw,promoter_no_tata,0.5,0.25,2.0,1.5,0.0001,16,42,0.7434052754711247,0.7125528056278722,0.6841279165247284,0.8546875490645339,24,124,True,${OG_SCRATCH}/carbon_distillation/deploy_120k/promoter_no_tata/20260622_072119/5bf2a334-5182-42b5-bada-57c7fede6cdf/distill_methodvanilla_dkd_alpha1.0_dkd_beta8.0_kl_methodkl_mse_normalizeFalse_temperature1.5_weight_ce0.5_weight_kl0.25_weight_mse2.0_zscoreFalse/final_summary.json
raw,promoter_no_tata,0.5,0.25,2.0,2.0,0.0001,16,42,0.7458775663291685,0.713926548775697,0.7004491986681077,0.8554267650158061,24,124,True,${OG_SCRATCH}/carbon_distillation/deploy_120k/promoter_no_tata/20260622_073027/0236f90e-2733-49ad-ab64-8ca933e4badb/distill_methodvanilla_dkd_alpha1.0_dkd_beta8.0_kl_methodkl_mse_normalizeFalse_temperature2.0_weight_ce0.5_weight_kl0.25_weight_mse2.0_zscoreFalse/final_summary.json
raw,promoter_no_tata,0.5,0.25,0.0,1.0,0.0001,16,42,0.7484767139244607,0.7101954734794372,0.6823201446870562,0.8540487638823879,41,141,True,${OG_SCRATCH}/carbon_distillation/deploy_120k/promoter_no_tata/20260622_073224/0db9c230-9dde-4aac-b037-56b640399530/distill_methodvanilla_dkd_alpha1.0_dkd_beta8.0_kl_methodkl_mse_normalizeFalse_temperature1.0_weight_ce0.5_weight_kl0.25_weight_mse0.0_zscoreFalse/final_summary.json
raw,promoter_no_tata,0.5,0.25,2.0,4.0,0.0001,16,42,0.7460168068377845,0.7315591058377002,0.6937841262859666,0.8633156726893991,28,128,True,${OG_SCRATCH}/carbon_distillation/deploy_120k/promoter_no_tata/20260622_073932/088a2b61-a957-4271-a392-eb1d92cb27eb/distill_methodvanilla_dkd_alpha1.0_dkd_beta8.0_kl_methodkl_mse_normalizeFalse_temperature4.0_weight_ce0.5_weight_kl0.25_weight_mse2.0_zscoreFalse/final_summary.json
raw,promoter_no_tata,0.5,0.25,0.0,1.5,0.0001,16,42,0.7460846196183964,0.7276844092066467,0.6451640644879713,0.8636764800430176,33,133,True,${OG_SCRATCH}/carbon_distillation/deploy_120k/promoter_no_tata/20260622_074324/e2409ccd-a7e2-4219-94e6-e397ed64b3bd/distill_methodvanilla_dkd_alpha1.0_dkd_beta8.0_kl_methodkl_mse_normalizeFalse_temperature1.5_weight_ce0.5_weight_kl0.25_weight_mse0.0_zscoreFalse/final_summary.json
raw,promoter_no_tata,0.5,0.25,5.0,1.0,0.0001,16,42,0.743477396503028,0.7285836179639232,0.6958744752467091,0.8635924041251277,27,127,True,${OG_SCRATCH}/carbon_distillation/deploy_120k/promoter_no_tata/20260622_074446/fb8ca8cd-7252-428b-80f3-f3b22783afaa/distill_methodvanilla_dkd_alpha1.0_dkd_beta8.0_kl_methodkl_mse_normalizeFalse_temperature1.0_weight_ce0.5_weight_kl0.25_weight_mse5.0_zscoreFalse/final_summary.json
raw,promoter_no_tata,0.5,0.25,2.0,1.0,0.0001,16,42,0.744647292812196,0.7206531888506607,0.6914520812152214,0.8591348043896556,24,124,True,${OG_SCRATCH}/carbon_distillation/deploy_120k/promoter_no_tata/20260622_074705/2e602cc6-abcf-4f32-ad59-140d5452d0aa/distill_methodvanilla_dkd_alpha1.0_dkd_beta8.0_kl_methodkl_mse_normalizeFalse_temperature1.0_weight_ce0.5_weight_kl0.25_weight_mse2.0_zscoreFalse/final_summary.json
raw,promoter_no_tata,0.5,0.25,5.0,2.0,0.0001,16,42,0.7435127077887059,0.725813590932687,0.6838919374246433,0.8612506812917291,24,124,True,${OG_SCRATCH}/carbon_distillation/deploy_120k/promoter_no_tata/20260622_074958/68fe3c24-3fda-4817-87dc-da842381a54f/distill_methodvanilla_dkd_alpha1.0_dkd_beta8.0_kl_methodkl_mse_normalizeFalse_temperature2.0_weight_ce0.5_weight_kl0.25_weight_mse5.0_zscoreFalse/final_summary.json
raw,promoter_no_tata,0.5,0.25,1.0,2.0,0.0001,16,42,0.7421149612639004,0.7260032798650982,0.6939040929216447,0.8612326594057087,28,128,True,${OG_SCRATCH}/carbon_distillation/deploy_120k/promoter_no_tata/20260622_075133/b0d35ffe-365b-43ae-ae56-fcae6eafc259/distill_methodvanilla_dkd_alpha1.0_dkd_beta8.0_kl_methodkl_mse_normalizeFalse_temperature2.0_weight_ce0.5_weight_kl0.25_weight_mse1.0_zscoreFalse/final_summary.json
raw,promoter_no_tata,0.5,0.25,0.0,2.0,0.0001,16,42,0.7508837484020934,0.7125826643344976,0.7028659059619732,0.8555623612280836,41,141,True,${OG_SCRATCH}/carbon_distillation/deploy_120k/promoter_no_tata/20260622_075133/7e3d1d2a-f5a8-41bc-ab1c-ad8805b1ab67/distill_methodvanilla_dkd_alpha1.0_dkd_beta8.0_kl_methodkl_mse_normalizeFalse_temperature2.0_weight_ce0.5_weight_kl0.25_weight_mse0.0_zscoreFalse/final_summary.json
raw,promoter_no_tata,0.5,0.25,0.0,4.0,0.0001,16,42,0.7433253769841341,0.7076996826475206,0.6926325357038999,0.8498933947436538,45,145,True,${OG_SCRATCH}/carbon_distillation/deploy_120k/promoter_no_tata/20260622_075133/9bf48ad6-2420-482a-b53a-6f049d47b1e0/distill_methodvanilla_dkd_alpha1.0_dkd_beta8.0_kl_methodkl_mse_normalizeFalse_temperature4.0_weight_ce0.5_weight_kl0.25_weight_mse0.0_zscoreFalse/final_summary.json
raw,promoter_no_tata,0.5,0.5,0.0,0.5,0.0001,16,42,0.7458775663291685,0.7020208579550326,0.6924794231645646,0.8487202391891093,45,145,True,${OG_SCRATCH}/carbon_distillation/deploy_120k/promoter_no_tata/20260622_075435/b7972b8d-1ae7-47f9-861f-ece4b4a3b31b/distill_methodvanilla_dkd_alpha1.0_dkd_beta8.0_kl_methodkl_mse_normalizeFalse_temperature0.5_weight_ce0.5_weight_kl0.5_weight_mse0.0_zscoreFalse/final_summary.json
raw,promoter_no_tata,0.5,0.25,5.0,1.5,0.0001,16,42,0.7444481069682386,0.7306861472600533,0.6922607655927099,0.8625294462505996,22,122,True,${OG_SCRATCH}/carbon_distillation/deploy_120k/promoter_no_tata/20260622_080414/2406a212-74b2-4485-a327-f05880ebab2e/distill_methodvanilla_dkd_alpha1.0_dkd_beta8.0_kl_methodkl_mse_normalizeFalse_temperature1.5_weight_ce0.5_weight_kl0.25_weight_mse5.0_zscoreFalse/final_summary.json
raw,promoter_no_tata,0.5,0.5,0.0,1.0,0.0001,16,42,0.7492583343703205,0.7194335780882595,0.6856238134861853,0.858381201488932,41,141,True,${OG_SCRATCH}/carbon_distillation/deploy_120k/promoter_no_tata/20260622_080738/c3027955-0b8a-4c40-a643-702d87d974b9/distill_methodvanilla_dkd_alpha1.0_dkd_beta8.0_kl_methodkl_mse_normalizeFalse_temperature1.0_weight_ce0.5_weight_kl0.5_weight_mse0.0_zscoreFalse/final_summary.json
raw,promoter_no_tata,0.5,0.5,0.0,1.5,0.0001,16,42,0.7463649564990489,0.7157595246863235,0.6750138993241399,0.8569957797290859,41,141,True,${OG_SCRATCH}/carbon_distillation/deploy_120k/promoter_no_tata/20260622_080954/ba24519c-4ef6-4def-a9cb-02f46134fbf6/distill_methodvanilla_dkd_alpha1.0_dkd_beta8.0_kl_methodkl_mse_normalizeFalse_temperature1.5_weight_ce0.5_weight_kl0.5_weight_mse0.0_zscoreFalse/final_summary.json
raw,promoter_no_tata,0.5,0.25,5.0,0.5,0.0001,16,42,0.7499028964298138,0.7118825618058251,0.7160790411249537,0.8547555755105776,28,128,True,${OG_SCRATCH}/carbon_distillation/deploy_120k/promoter_no_tata/20260622_083514/106efcf7-680c-4cab-aecf-ea468c71a168/distill_methodvanilla_dkd_alpha1.0_dkd_beta8.0_kl_methodkl_mse_normalizeFalse_temperature0.5_weight_ce0.5_weight_kl0.25_weight_mse5.0_zscoreFalse/final_summary.json
raw,promoter_no_tata,0.5,0.5,1.0,4.0,0.0001,16,42,0.7394999712371728,0.7254704064462236,0.6742033083150708,0.8604133607976805,29,129,True,${OG_SCRATCH}/carbon_distillation/deploy_120k/promoter_no_tata/20260622_083546/4efa82d9-3213-4791-aeca-73ff591de682/distill_methodvanilla_dkd_alpha1.0_dkd_beta8.0_kl_methodkl_mse_normalizeFalse_temperature4.0_weight_ce0.5_weight_kl0.5_weight_mse1.0_zscoreFalse/final_summary.json
raw,promoter_no_tata,0.5,0.5,0.0,2.0,0.0001,16,42,0.7435924745643422,0.7131180885966366,0.6679224066495129,0.8555082762435641,28,128,True,${OG_SCRATCH}/carbon_distillation/deploy_120k/promoter_no_tata/20260622_083548/9c731b01-968b-42c7-a3e0-e4e00cdb14bf/distill_methodvanilla_dkd_alpha1.0_dkd_beta8.0_kl_methodkl_mse_normalizeFalse_temperature2.0_weight_ce0.5_weight_kl0.5_weight_mse0.0_zscoreFalse/final_summary.json
raw,promoter_no_tata,0.5,0.5,2.0,0.5,0.0001,16,42,0.7442156115949942,0.706524784314138,0.6763963382959085,0.8517849968203455,28,128,True,${OG_SCRATCH}/carbon_distillation/deploy_120k/promoter_no_tata/20260622_083551/c9c4be7a-f8bd-474f-8508-2899aaeb2e59/distill_methodvanilla_dkd_alpha1.0_dkd_beta8.0_kl_methodkl_mse_normalizeFalse_temperature0.5_weight_ce0.5_weight_kl0.5_weight_mse2.0_zscoreFalse/final_summary.json
raw,promoter_no_tata,0.5,0.25,5.0,4.0,0.0001,16,42,0.7477756979739199,0.718033697379441,0.6986435141181409,0.8567700177471552,28,128,True,${OG_SCRATCH}/carbon_distillation/deploy_120k/promoter_no_tata/20260622_083926/582de877-2338-40f1-983e-7fad128c8636/distill_methodvanilla_dkd_alpha1.0_dkd_beta8.0_kl_methodkl_mse_normalizeFalse_temperature4.0_weight_ce0.5_weight_kl0.25_weight_mse5.0_zscoreFalse/final_summary.json
raw,promoter_no_tata,0.5,0.5,1.0,0.5,0.0001,16,42,0.7535420567135531,0.7182270581744136,0.6910678388497108,0.8576259821673269,25,125,True,${OG_SCRATCH}/carbon_distillation/deploy_120k/promoter_no_tata/20260622_084241/457a4e9e-b099-4535-921c-f96679bed9e1/distill_methodvanilla_dkd_alpha1.0_dkd_beta8.0_kl_methodkl_mse_normalizeFalse_temperature0.5_weight_ce0.5_weight_kl0.5_weight_mse1.0_zscoreFalse/final_summary.json
raw,promoter_no_tata,0.5,0.5,0.0,4.0,0.0001,16,42,0.7388908882741207,0.7153014897093447,0.6652802012454412,0.8561657358305816,28,128,True,${OG_SCRATCH}/carbon_distillation/deploy_120k/promoter_no_tata/20260622_084813/5961df42-183a-4f57-beca-8d83dfbb0964/distill_methodvanilla_dkd_alpha1.0_dkd_beta8.0_kl_methodkl_mse_normalizeFalse_temperature4.0_weight_ce0.5_weight_kl0.5_weight_mse0.0_zscoreFalse/final_summary.json
raw,promoter_no_tata,0.5,0.5,1.0,1.0,0.0001,16,42,0.7423193760557607,0.7464699018798564,0.6606032813038296,0.8731681400884053,20,120,True,${OG_SCRATCH}/carbon_distillation/deploy_120k/promoter_no_tata/20260622_084825/295043ea-e43b-4dbb-b4c1-9a6472a71dd2/distill_methodvanilla_dkd_alpha1.0_dkd_beta8.0_kl_methodkl_mse_normalizeFalse_temperature1.0_weight_ce0.5_weight_kl0.5_weight_mse1.0_zscoreFalse/final_summary.json
raw,promoter_no_tata,0.5,0.5,1.0,1.5,0.0001,16,42,0.7430296121675559,0.7367224528293251,0.6827988898941199,0.8680246910299709,17,117,True,${OG_SCRATCH}/carbon_distillation/deploy_120k/promoter_no_tata/20260622_090436/ba95d73b-4347-4843-946f-7ac6ed342c49/distill_methodvanilla_dkd_alpha1.0_dkd_beta8.0_kl_methodkl_mse_normalizeFalse_temperature1.5_weight_ce0.5_weight_kl0.5_weight_mse1.0_zscoreFalse/final_summary.json
raw,promoter_no_tata,0.5,0.5,1.0,2.0,0.0001,16,42,0.7427510968487703,0.7112276012217279,0.6930154539590359,0.8512975346707778,25,125,True,${OG_SCRATCH}/carbon_distillation/deploy_120k/promoter_no_tata/20260622_090656/e0c7fa85-ba77-428a-87e2-e7256d6a32e7/distill_methodvanilla_dkd_alpha1.0_dkd_beta8.0_kl_methodkl_mse_normalizeFalse_temperature2.0_weight_ce0.5_weight_kl0.5_weight_mse1.0_zscoreFalse/final_summary.json
raw,promoter_no_tata,0.5,0.5,5.0,0.5,0.0001,16,42,0.7431410601297594,0.7427412675934375,0.6751344505913803,0.8709253580933156,20,120,True,${OG_SCRATCH}/carbon_distillation/deploy_120k/promoter_no_tata/20260622_090813/eb73fade-2590-4392-b290-552733860978/distill_methodvanilla_dkd_alpha1.0_dkd_beta8.0_kl_methodkl_mse_normalizeFalse_temperature0.5_weight_ce0.5_weight_kl0.5_weight_mse5.0_zscoreFalse/final_summary.json
raw,promoter_no_tata,0.5,0.5,2.0,1.0,0.0001,16,42,0.7449901670089494,0.7211526266394824,0.688996033206074,0.8590862285040723,24,124,True,${OG_SCRATCH}/carbon_distillation/deploy_120k/promoter_no_tata/20260622_092317/db96b454-5909-45df-a3d4-98a3aba874d2/distill_methodvanilla_dkd_alpha1.0_dkd_beta8.0_kl_methodkl_mse_normalizeFalse_temperature1.0_weight_ce0.5_weight_kl0.5_weight_mse2.0_zscoreFalse/final_summary.json
raw,promoter_no_tata,0.5,0.5,2.0,1.5,0.0001,16,42,0.7463554798362336,0.7144864516584131,0.6657452195550064,0.8553704224272316,24,124,True,${OG_SCRATCH}/carbon_distillation/deploy_120k/promoter_no_tata/20260622_092351/7961a0ae-c379-4819-9601-4ae34bbcb746/distill_methodvanilla_dkd_alpha1.0_dkd_beta8.0_kl_methodkl_mse_normalizeFalse_temperature1.5_weight_ce0.5_weight_kl0.5_weight_mse2.0_zscoreFalse/final_summary.json
raw,promoter_no_tata,0.5,0.5,2.0,2.0,0.0001,16,42,0.7436357736543656,0.7301105749657253,0.6651058842333684,0.8634501089199389,28,128,True,${OG_SCRATCH}/carbon_distillation/deploy_120k/promoter_no_tata/20260622_092650/4ebadfcc-5aa2-44c3-9613-abd4e24e11cf/distill_methodvanilla_dkd_alpha1.0_dkd_beta8.0_kl_methodkl_mse_normalizeFalse_temperature2.0_weight_ce0.5_weight_kl0.5_weight_mse2.0_zscoreFalse/final_summary.json
raw,promoter_no_tata,0.5,1.0,0.0,1.0,0.0001,16,42,0.7474649064406148,0.7276844092066467,0.6967959642557308,0.8636764800430176,33,133,True,${OG_SCRATCH}/carbon_distillation/deploy_120k/promoter_no_tata/20260622_093148/7c63ae5d-04ea-48b7-8fe1-3513146875c7/distill_methodvanilla_dkd_alpha1.0_dkd_beta8.0_kl_methodkl_mse_normalizeFalse_temperature1.0_weight_ce0.5_weight_kl1.0_weight_mse0.0_zscoreFalse/final_summary.json
raw,promoter_no_tata,0.5,0.5,5.0,1.0,0.0001,16,42,0.7458556088472281,0.7234221686724883,0.6764107124278217,0.8606093778507571,27,127,True,${OG_SCRATCH}/carbon_distillation/deploy_120k/promoter_no_tata/20260622_093148/47342d14-6dc6-4479-9d66-8be6c0f1ff71/distill_methodvanilla_dkd_alpha1.0_dkd_beta8.0_kl_methodkl_mse_normalizeFalse_temperature1.0_weight_ce0.5_weight_kl0.5_weight_mse5.0_zscoreFalse/final_summary.json
raw,promoter_no_tata,0.5,1.0,0.0,1.5,0.0001,16,42,0.7459830924679596,0.714366624411354,0.6619088583075289,0.8562593632386156,41,141,True,${OG_SCRATCH}/carbon_distillation/deploy_120k/promoter_no_tata/20260622_093415/6bf5b8a9-a287-4e2b-8ae0-b153df192549/distill_methodvanilla_dkd_alpha1.0_dkd_beta8.0_kl_methodkl_mse_normalizeFalse_temperature1.5_weight_ce0.5_weight_kl1.0_weight_mse0.0_zscoreFalse/final_summary.json
raw,promoter_no_tata,0.5,0.5,5.0,1.5,0.0001,16,42,0.745507303125529,0.72616327922635,0.6834979710915364,0.8603473038255647,22,122,True,${OG_SCRATCH}/carbon_distillation/deploy_120k/promoter_no_tata/20260622_093652/1da0ef14-7fb0-451d-afb3-1901e2c2776d/distill_methodvanilla_dkd_alpha1.0_dkd_beta8.0_kl_methodkl_mse_normalizeFalse_temperature1.5_weight_ce0.5_weight_kl0.5_weight_mse5.0_zscoreFalse/final_summary.json
raw,promoter_no_tata,0.5,0.5,2.0,4.0,0.0001,16,42,0.7457939774848367,0.7159636021566455,0.6676838872639587,0.8543433506022792,28,128,True,${OG_SCRATCH}/carbon_distillation/deploy_120k/promoter_no_tata/20260622_093735/a54c8894-8ea1-43f9-807b-bdab3291c870/distill_methodvanilla_dkd_alpha1.0_dkd_beta8.0_kl_methodkl_mse_normalizeFalse_temperature4.0_weight_ce0.5_weight_kl0.5_weight_mse2.0_zscoreFalse/final_summary.json
raw,promoter_no_tata,0.5,0.5,5.0,2.0,0.0001,16,42,0.7452228413403884,0.7232292861789709,0.696141209084754,0.8588849719284501,25,125,True,${OG_SCRATCH}/carbon_distillation/deploy_120k/promoter_no_tata/20260622_094158/0fcf89ad-7c72-4be6-8b24-b254816efd03/distill_methodvanilla_dkd_alpha1.0_dkd_beta8.0_kl_methodkl_mse_normalizeFalse_temperature2.0_weight_ce0.5_weight_kl0.5_weight_mse5.0_zscoreFalse/final_summary.json
raw,promoter_no_tata,0.5,0.5,5.0,4.0,0.0001,16,42,0.7493132980682211,0.725252343991559,0.6797163984830054,0.8604341766158595,28,128,True,${OG_SCRATCH}/carbon_distillation/deploy_120k/promoter_no_tata/20260622_094532/c1d49ce3-8439-4cc5-8f36-19cc81496a2f/distill_methodvanilla_dkd_alpha1.0_dkd_beta8.0_kl_methodkl_mse_normalizeFalse_temperature4.0_weight_ce0.5_weight_kl0.5_weight_mse5.0_zscoreFalse/final_summary.json
raw,promoter_no_tata,0.5,1.0,0.0,0.5,0.0001,16,42,0.7458821876516396,0.7053946197719867,0.6963488809246333,0.8501352597749632,34,134,True,${OG_SCRATCH}/carbon_distillation/deploy_120k/promoter_no_tata/20260622_095253/45878dc1-75cd-4b3d-9087-64202dfc276d/distill_methodvanilla_dkd_alpha1.0_dkd_beta8.0_kl_methodkl_mse_normalizeFalse_temperature0.5_weight_ce0.5_weight_kl1.0_weight_mse0.0_zscoreFalse/final_summary.json
raw,promoter_no_tata,0.5,1.0,0.0,2.0,0.0001,16,42,0.7485611197295986,0.7119612531156728,0.6640340673659603,0.8538684389911384,45,145,True,${OG_SCRATCH}/carbon_distillation/deploy_120k/promoter_no_tata/20260622_095441/05f8b4a2-5e15-4b61-8944-28ac2157d47f/distill_methodvanilla_dkd_alpha1.0_dkd_beta8.0_kl_methodkl_mse_normalizeFalse_temperature2.0_weight_ce0.5_weight_kl1.0_weight_mse0.0_zscoreFalse/final_summary.json
raw,promoter_no_tata,0.5,1.0,1.0,1.0,0.0001,16,42,0.7442341331872102,0.7335799545536694,0.6912559405062644,0.8665868201109173,17,117,True,${OG_SCRATCH}/carbon_distillation/deploy_120k/promoter_no_tata/20260622_095926/9f2c53e9-120b-4660-b2a3-2be322d1edb8/distill_methodvanilla_dkd_alpha1.0_dkd_beta8.0_kl_methodkl_mse_normalizeFalse_temperature1.0_weight_ce0.5_weight_kl1.0_weight_mse1.0_zscoreFalse/final_summary.json
raw,promoter_no_tata,0.5,1.0,0.0,4.0,0.0001,16,42,0.7445515310161124,0.7103441435649095,0.6647258571142536,0.8540335467507569,46,146,True,${OG_SCRATCH}/carbon_distillation/deploy_120k/promoter_no_tata/20260622_100900/4d6f0ae6-0ed3-443f-9cdb-8099f02c3750/distill_methodvanilla_dkd_alpha1.0_dkd_beta8.0_kl_methodkl_mse_normalizeFalse_temperature4.0_weight_ce0.5_weight_kl1.0_weight_mse0.0_zscoreFalse/final_summary.json
raw,promoter_no_tata,0.5,1.0,1.0,0.5,0.0001,16,42,0.741783701985301,0.7333678466192942,0.6785357356207239,0.8666060997282456,17,117,True,${OG_SCRATCH}/carbon_distillation/deploy_120k/promoter_no_tata/20260622_101454/10fc5d91-3d6f-4e2b-be6f-bd9a15976afc/distill_methodvanilla_dkd_alpha1.0_dkd_beta8.0_kl_methodkl_mse_normalizeFalse_temperature0.5_weight_ce0.5_weight_kl1.0_weight_mse1.0_zscoreFalse/final_summary.json
raw,promoter_no_tata,0.5,1.0,1.0,1.5,0.0001,16,42,0.7419722818901364,0.7409783914793278,0.6755656769853169,0.8702226794657053,17,117,True,${OG_SCRATCH}/carbon_distillation/deploy_120k/promoter_no_tata/20260622_101725/77b06692-25bf-45d9-bf23-b262fef25131/distill_methodvanilla_dkd_alpha1.0_dkd_beta8.0_kl_methodkl_mse_normalizeFalse_temperature1.5_weight_ce0.5_weight_kl1.0_weight_mse1.0_zscoreFalse/final_summary.json
raw,promoter_no_tata,0.5,1.0,1.0,2.0,0.0001,16,42,0.7413379634973389,0.7178551179234037,0.68982767098188,0.8550332991803279,25,125,True,${OG_SCRATCH}/carbon_distillation/deploy_120k/promoter_no_tata/20260622_101725/ada4bbde-8c04-4c69-bb31-4411ef337597/distill_methodvanilla_dkd_alpha1.0_dkd_beta8.0_kl_methodkl_mse_normalizeFalse_temperature2.0_weight_ce0.5_weight_kl1.0_weight_mse1.0_zscoreFalse/final_summary.json
raw,promoter_no_tata,0.5,1.0,1.0,4.0,0.0001,16,42,0.7428756499128062,0.7362097968202185,0.6578714080013912,0.867210366891294,19,119,True,${OG_SCRATCH}/carbon_distillation/deploy_120k/promoter_no_tata/20260622_101837/01283877-0d95-41c4-89c1-01a59c55c9d3/distill_methodvanilla_dkd_alpha1.0_dkd_beta8.0_kl_methodkl_mse_normalizeFalse_temperature4.0_weight_ce0.5_weight_kl1.0_weight_mse1.0_zscoreFalse/final_summary.json
raw,promoter_no_tata,0.5,1.0,2.0,0.5,0.0001,16,42,0.748058776351203,0.7134228451399748,0.6941726322383583,0.8554775280898876,25,125,True,${OG_SCRATCH}/carbon_distillation/deploy_120k/promoter_no_tata/20260622_102649/7cdf6f67-f8c3-496c-a52d-7ecd6f65f3b8/distill_methodvanilla_dkd_alpha1.0_dkd_beta8.0_kl_methodkl_mse_normalizeFalse_temperature0.5_weight_ce0.5_weight_kl1.0_weight_mse2.0_zscoreFalse/final_summary.json
raw,promoter_no_tata,0.5,1.0,2.0,2.0,0.0001,16,42,0.7424195354756136,0.7106423008705872,0.6866246690203746,0.8513578494290814,25,125,True,${OG_SCRATCH}/carbon_distillation/deploy_120k/promoter_no_tata/20260622_103101/3f2d8481-0482-4c2b-9a50-ba68eac58d5d/distill_methodvanilla_dkd_alpha1.0_dkd_beta8.0_kl_methodkl_mse_normalizeFalse_temperature2.0_weight_ce0.5_weight_kl1.0_weight_mse2.0_zscoreFalse/final_summary.json
raw,promoter_no_tata,0.5,1.0,2.0,4.0,0.0001,16,42,0.7419006463436827,0.7313327935690214,0.6809208169012549,0.8633366411998233,22,122,True,${OG_SCRATCH}/carbon_distillation/deploy_120k/promoter_no_tata/20260622_104654/b3f52319-1c98-4047-a3aa-419f63e92dfe/distill_methodvanilla_dkd_alpha1.0_dkd_beta8.0_kl_methodkl_mse_normalizeFalse_temperature4.0_weight_ce0.5_weight_kl1.0_weight_mse2.0_zscoreFalse/final_summary.json
raw,promoter_no_tata,0.5,1.0,2.0,1.5,0.0001,16,42,0.7399872274658956,0.7167640484330365,0.6866767301241459,0.8551421404682275,25,125,True,${OG_SCRATCH}/carbon_distillation/deploy_120k/promoter_no_tata/20260622_104654/6bd7999f-0347-4690-a221-615d26dca491/distill_methodvanilla_dkd_alpha1.0_dkd_beta8.0_kl_methodkl_mse_normalizeFalse_temperature1.5_weight_ce0.5_weight_kl1.0_weight_mse2.0_zscoreFalse/final_summary.json
raw,promoter_no_tata,0.5,1.0,2.0,1.0,0.0001,16,42,0.7488034354206892,0.7241160280443787,0.7177296465023821,0.8596718516940124,25,125,True,${OG_SCRATCH}/carbon_distillation/deploy_120k/promoter_no_tata/20260622_104736/2464ee4a-fe07-4d25-bb5b-deaadd3797d3/distill_methodvanilla_dkd_alpha1.0_dkd_beta8.0_kl_methodkl_mse_normalizeFalse_temperature1.0_weight_ce0.5_weight_kl1.0_weight_mse2.0_zscoreFalse/final_summary.json
raw,promoter_no_tata,0.5,1.0,5.0,1.5,0.0001,16,42,0.740825522901539,0.7113661169645921,0.6676640221809101,0.8539291151639039,24,124,True,${OG_SCRATCH}/carbon_distillation/deploy_120k/promoter_no_tata/20260622_110007/783810d4-7fbf-4629-bd52-f3c55bbd19e7/distill_methodvanilla_dkd_alpha1.0_dkd_beta8.0_kl_methodkl_mse_normalizeFalse_temperature1.5_weight_ce0.5_weight_kl1.0_weight_mse5.0_zscoreFalse/final_summary.json
raw,promoter_no_tata,0.5,1.0,5.0,0.5,0.0001,16,42,0.744749903284268,0.7275105126214919,0.6881899753533691,0.8610897960575676,29,129,True,${OG_SCRATCH}/carbon_distillation/deploy_120k/promoter_no_tata/20260622_110007/04350295-177e-4e5d-808c-03c0a314990a/distill_methodvanilla_dkd_alpha1.0_dkd_beta8.0_kl_methodkl_mse_normalizeFalse_temperature0.5_weight_ce0.5_weight_kl1.0_weight_mse5.0_zscoreFalse/final_summary.json
raw,promoter_no_tata,0.5,1.0,5.0,4.0,0.0001,16,42,0.74426089745517,0.7299293320346891,0.6749450418725955,0.8634669675143085,27,127,True,${OG_SCRATCH}/carbon_distillation/deploy_120k/promoter_no_tata/20260622_110447/d283c955-df89-419a-9c58-1c7b453650b8/distill_methodvanilla_dkd_alpha1.0_dkd_beta8.0_kl_methodkl_mse_normalizeFalse_temperature4.0_weight_ce0.5_weight_kl1.0_weight_mse5.0_zscoreFalse/final_summary.json
raw,promoter_no_tata,0.5,1.0,5.0,2.0,0.0001,16,42,0.7481538834498623,0.7182270581744136,0.6953092525524285,0.8576259821673269,24,124,True,${OG_SCRATCH}/carbon_distillation/deploy_120k/promoter_no_tata/20260622_110631/f211eaf8-b3a2-407f-b2d9-4694a7c52a66/distill_methodvanilla_dkd_alpha1.0_dkd_beta8.0_kl_methodkl_mse_normalizeFalse_temperature2.0_weight_ce0.5_weight_kl1.0_weight_mse5.0_zscoreFalse/final_summary.json
raw,promoter_no_tata,0.5,1.0,5.0,1.0,0.0001,16,42,0.742797371054057,0.7287402586380608,0.7041182911610211,0.8627112004360267,25,125,True,${OG_SCRATCH}/carbon_distillation/deploy_120k/promoter_no_tata/20260622_111223/a2376cd4-8dfb-4d8b-a9e7-b27a014550cd/distill_methodvanilla_dkd_alpha1.0_dkd_beta8.0_kl_methodkl_mse_normalizeFalse_temperature1.0_weight_ce0.5_weight_kl1.0_weight_mse5.0_zscoreFalse/final_summary.json
raw,promoter_no_tata,0.5,0.5,1.0,0.5,0.0001,16,2,0.7468305975175987,0.7389956695989688,0.6766724818457948,0.8686816050026056,25,125,True,${OG_SCRATCH}/carbon_distillation/deploy_120k/promoter_no_tata/20260624_010347/14848dbf-fc07-4bda-a1ba-ebc965fa0a60/distill_methodvanilla_dkd_alpha1.0_dkd_beta8.0_kl_methodkl_mse_normalizeFalse_temperature0.5_weight_ce0.5_weight_kl0.5_weight_mse1.0_zscoreFalse/final_summary.json
raw,promoter_no_tata,0.5,0.5,1.0,0.5,0.0001,16,0,0.7435648857031635,0.7259172858192114,0.6983648446794505,0.8621094528950538,13,113,True,${OG_SCRATCH}/carbon_distillation/deploy_120k/promoter_no_tata/20260624_010443/8ea4e99d-d973-48fb-8d35-0f12f109f1fd/distill_methodvanilla_dkd_alpha1.0_dkd_beta8.0_kl_methodkl_mse_normalizeFalse_temperature0.5_weight_ce0.5_weight_kl0.5_weight_mse1.0_zscoreFalse/final_summary.json
raw,promoter_no_tata,0.5,0.5,1.0,0.5,0.0001,16,1,0.7380374766149098,0.7433112734465981,0.6750885186836854,0.8708759437295521,20,120,True,${OG_SCRATCH}/carbon_distillation/deploy_120k/promoter_no_tata/20260624_010443/24230082-c6a4-4288-a087-59b9ae69a9be/distill_methodvanilla_dkd_alpha1.0_dkd_beta8.0_kl_methodkl_mse_normalizeFalse_temperature0.5_weight_ce0.5_weight_kl0.5_weight_mse1.0_zscoreFalse/final_summary.json
raw,enhancers,0.5,0.5,0.2,2.0,0.0001,16,,0.514771939215891,0.49126968722490744,0.45749881590541713,0.7180502198695649,67,200,,${OG_SCRATCH}/carbon_distillation/deploy_120k/enhancers/20260618_213209/b4e07e56-a842-4a3b-84af-15e952d8e354/distill_methodvanilla_dkd_alpha1.0_dkd_beta8.0_kl_methodkl_mse_normalizeFalse_temperature2.0_weight_ce0.5_weight_kl0.5_weight_mse0.2_zscoreFalse/final_summary.json
l2norm,enhancers,0.5,0.5,0.2,2.0,0.0001,16,,0.5279147931378851,0.5048184051597013,0.4423907151628046,0.7254897140586141,64,200,,${OG_SCRATCH}/carbon_distillation/deploy_120k/enhancers/20260619_105816/404fa103-a4bf-4835-8532-1e5876275ca6/distill_methodvanilla_dkd_alpha1.0_dkd_beta8.0_kl_methodkl_mse_normalizeTrue_temperature2.0_weight_ce0.5_weight_kl0.5_weight_mse0.2_zscoreFalse/final_summary.json
raw,enhancers,0.5,0.0,0.0,4.0,0.0001,16,42,0.4984142310088176,0.5092391956409845,0.37104779466503574,0.7391579875864398,31,131,True,${OG_SCRATCH}/carbon_distillation/deploy_120k/enhancers/20260622_111553/126eb301-983d-4f39-9d12-56a633911461/distill_methodvanilla_dkd_alpha1.0_dkd_beta8.0_kl_methodkl_mse_normalizeFalse_temperature4.0_weight_ce0.5_weight_kl0.0_weight_mse0.0_zscoreFalse/final_summary.json
raw,enhancers,0.5,0.0,0.0,0.5,0.0001,16,42,0.5079357904688114,0.4788372879973867,0.3856999497440188,0.7191056976763122,50,150,True,${OG_SCRATCH}/carbon_distillation/deploy_120k/enhancers/20260622_111708/040016a8-d598-4a6c-97d0-1873597992c5/distill_methodvanilla_dkd_alpha1.0_dkd_beta8.0_kl_methodkl_mse_normalizeFalse_temperature0.5_weight_ce0.5_weight_kl0.0_weight_mse0.0_zscoreFalse/final_summary.json
raw,enhancers,0.5,0.0,1.0,0.5,0.0001,16,42,0.5170241567344975,0.4981092387242094,0.362837745167927,0.736520925386966,41,141,True,${OG_SCRATCH}/carbon_distillation/deploy_120k/enhancers/20260622_111934/24a7f85a-6128-4c17-b4b1-6f5356fcb43a/distill_methodvanilla_dkd_alpha1.0_dkd_beta8.0_kl_methodkl_mse_normalizeFalse_temperature0.5_weight_ce0.5_weight_kl0.0_weight_mse1.0_zscoreFalse/final_summary.json
raw,enhancers,0.5,0.0,0.0,1.0,0.0001,16,42,0.4984142310088176,0.5092391956409845,0.37104779466503574,0.7391579875864398,31,131,True,${OG_SCRATCH}/carbon_distillation/deploy_120k/enhancers/20260622_114051/820c54d6-9a5c-4f3c-9f0a-9aca50e690a7/distill_methodvanilla_dkd_alpha1.0_dkd_beta8.0_kl_methodkl_mse_normalizeFalse_temperature1.0_weight_ce0.5_weight_kl0.0_weight_mse0.0_zscoreFalse/final_summary.json
raw,enhancers,0.5,0.0,1.0,1.0,0.0001,16,42,0.5170241567344975,0.4981092387242094,0.362837745167927,0.736520925386966,41,141,True,${OG_SCRATCH}/carbon_distillation/deploy_120k/enhancers/20260622_114214/74fb8af6-0f89-4176-8921-e7afb976318f/distill_methodvanilla_dkd_alpha1.0_dkd_beta8.0_kl_methodkl_mse_normalizeFalse_temperature1.0_weight_ce0.5_weight_kl0.0_weight_mse1.0_zscoreFalse/final_summary.json
raw,enhancers,0.5,0.0,1.0,2.0,0.0001,16,42,0.5170241567344975,0.4981092387242094,0.362837745167927,0.736520925386966,41,141,True,${OG_SCRATCH}/carbon_distillation/deploy_120k/enhancers/20260622_114628/7acf7949-ac4b-4ff0-93f4-a1e262acfafa/distill_methodvanilla_dkd_alpha1.0_dkd_beta8.0_kl_methodkl_mse_normalizeFalse_temperature2.0_weight_ce0.5_weight_kl0.0_weight_mse1.0_zscoreFalse/final_summary.json
raw,enhancers,0.5,0.0,0.0,1.5,0.0001,16,42,0.4984142310088176,0.5092391956409845,0.37104779466503574,0.7391579875864398,31,131,True,${OG_SCRATCH}/carbon_distillation/deploy_120k/enhancers/20260622_114922/d9dafa2a-82b1-45f8-bf33-544960b410c4/distill_methodvanilla_dkd_alpha1.0_dkd_beta8.0_kl_methodkl_mse_normalizeFalse_temperature1.5_weight_ce0.5_weight_kl0.0_weight_mse0.0_zscoreFalse/final_summary.json
raw,enhancers,0.5,0.0,1.0,4.0,0.0001,16,42,0.4963711344145253,0.5044073755208296,0.3588104904764467,0.7298299967998731,27,127,True,${OG_SCRATCH}/carbon_distillation/deploy_120k/enhancers/20260622_115105/93ff135b-561a-48f2-8e93-911fef34c01a/distill_methodvanilla_dkd_alpha1.0_dkd_beta8.0_kl_methodkl_mse_normalizeFalse_temperature4.0_weight_ce0.5_weight_kl0.0_weight_mse1.0_zscoreFalse/final_summary.json
raw,enhancers,0.5,0.0,2.0,1.5,0.0001,16,42,0.4985422175325724,0.501229007030045,0.37727501939655433,0.7452935007725874,29,129,True,${OG_SCRATCH}/carbon_distillation/deploy_120k/enhancers/20260622_115105/a2827693-92ef-4986-89f0-44b3f0c33e92/distill_methodvanilla_dkd_alpha1.0_dkd_beta8.0_kl_methodkl_mse_normalizeFalse_temperature1.5_weight_ce0.5_weight_kl0.0_weight_mse2.0_zscoreFalse/final_summary.json
raw,enhancers,0.5,0.0,0.0,2.0,0.0001,16,42,0.4984142310088176,0.5092391956409845,0.37104779466503574,0.7391579875864398,31,131,True,${OG_SCRATCH}/carbon_distillation/deploy_120k/enhancers/20260622_115105/03d8adef-5f3a-4352-a083-19f96523443a/distill_methodvanilla_dkd_alpha1.0_dkd_beta8.0_kl_methodkl_mse_normalizeFalse_temperature2.0_weight_ce0.5_weight_kl0.0_weight_mse0.0_zscoreFalse/final_summary.json
raw,enhancers,0.5,0.0,1.0,1.5,0.0001,16,42,0.4963711344145253,0.5044073755208296,0.3588104904764467,0.7298299967998731,27,127,True,${OG_SCRATCH}/carbon_distillation/deploy_120k/enhancers/20260622_115517/88ee8776-6865-483b-9015-2ce473f202ae/distill_methodvanilla_dkd_alpha1.0_dkd_beta8.0_kl_methodkl_mse_normalizeFalse_temperature1.5_weight_ce0.5_weight_kl0.0_weight_mse1.0_zscoreFalse/final_summary.json
raw,enhancers,0.5,0.0,5.0,0.5,0.0001,16,42,0.5017427256752736,0.4952663835077655,0.3544367512364631,0.7374512673292235,33,133,True,${OG_SCRATCH}/carbon_distillation/deploy_120k/enhancers/20260622_115825/f34095e1-c292-4b92-91cd-de5b84621c33/distill_methodvanilla_dkd_alpha1.0_dkd_beta8.0_kl_methodkl_mse_normalizeFalse_temperature0.5_weight_ce0.5_weight_kl0.0_weight_mse5.0_zscoreFalse/final_summary.json
raw,enhancers,0.5,0.0,2.0,0.5,0.0001,16,42,0.49759847226507625,0.4992676306165673,0.34463487302884355,0.7463618499743692,29,129,True,${OG_SCRATCH}/carbon_distillation/deploy_120k/enhancers/20260622_115850/d461f34b-f51b-4cf7-bd39-456c911dd344/distill_methodvanilla_dkd_alpha1.0_dkd_beta8.0_kl_methodkl_mse_normalizeFalse_temperature0.5_weight_ce0.5_weight_kl0.0_weight_mse2.0_zscoreFalse/final_summary.json
raw,enhancers,0.5,0.0,2.0,1.0,0.0001,16,42,0.49759847226507625,0.4992676306165673,0.34463487302884355,0.7463618499743692,29,129,True,${OG_SCRATCH}/carbon_distillation/deploy_120k/enhancers/20260622_120704/b7c3a7a3-0651-40b3-88e3-91aefca0ec64/distill_methodvanilla_dkd_alpha1.0_dkd_beta8.0_kl_methodkl_mse_normalizeFalse_temperature1.0_weight_ce0.5_weight_kl0.0_weight_mse2.0_zscoreFalse/final_summary.json
raw,enhancers,0.5,0.0,2.0,2.0,0.0001,16,42,0.4985422175325724,0.501229007030045,0.37727501939655433,0.7452935007725874,29,129,True,${OG_SCRATCH}/carbon_distillation/deploy_120k/enhancers/20260622_121304/5323d9fc-19fc-4de4-b2ae-b6a456585338/distill_methodvanilla_dkd_alpha1.0_dkd_beta8.0_kl_methodkl_mse_normalizeFalse_temperature2.0_weight_ce0.5_weight_kl0.0_weight_mse2.0_zscoreFalse/final_summary.json
raw,enhancers,0.5,0.0,5.0,1.5,0.0001,16,42,0.5088933964037519,0.5016448936476662,0.3351797047299748,0.7246665662076828,32,132,True,${OG_SCRATCH}/carbon_distillation/deploy_120k/enhancers/20260622_122201/ff429ae5-3104-4134-8be9-e98b81873e65/distill_methodvanilla_dkd_alpha1.0_dkd_beta8.0_kl_methodkl_mse_normalizeFalse_temperature1.5_weight_ce0.5_weight_kl0.0_weight_mse5.0_zscoreFalse/final_summary.json
raw,enhancers,0.5,0.0,2.0,4.0,0.0001,16,42,0.4985422175325724,0.501229007030045,0.37727501939655433,0.7452935007725874,29,129,True,${OG_SCRATCH}/carbon_distillation/deploy_120k/enhancers/20260622_123054/619f05ae-b54b-4aa1-bdf6-e96b63330a65/distill_methodvanilla_dkd_alpha1.0_dkd_beta8.0_kl_methodkl_mse_normalizeFalse_temperature4.0_weight_ce0.5_weight_kl0.0_weight_mse2.0_zscoreFalse/final_summary.json
raw,enhancers,0.5,0.0,5.0,2.0,0.0001,16,42,0.5088933964037519,0.5016448936476662,0.3351797047299748,0.7246665662076828,32,132,True,${OG_SCRATCH}/carbon_distillation/deploy_120k/enhancers/20260622_123215/bc559afc-0b1c-4420-ad90-7fb1ae0f1e9b/distill_methodvanilla_dkd_alpha1.0_dkd_beta8.0_kl_methodkl_mse_normalizeFalse_temperature2.0_weight_ce0.5_weight_kl0.0_weight_mse5.0_zscoreFalse/final_summary.json
raw,enhancers,0.5,0.0,5.0,1.0,0.0001,16,42,0.5017427256752736,0.4952663835077655,0.3544367512364631,0.7374512673292235,33,133,True,${OG_SCRATCH}/carbon_distillation/deploy_120k/enhancers/20260622_123614/7c5f84c8-4469-438a-a469-937ca3cd6da8/distill_methodvanilla_dkd_alpha1.0_dkd_beta8.0_kl_methodkl_mse_normalizeFalse_temperature1.0_weight_ce0.5_weight_kl0.0_weight_mse5.0_zscoreFalse/final_summary.json
raw,enhancers,0.5,0.0,5.0,4.0,0.0001,16,42,0.5088933964037519,0.5016448936476662,0.3351797047299748,0.7246665662076828,32,132,True,${OG_SCRATCH}/carbon_distillation/deploy_120k/enhancers/20260622_123947/ab2402b6-615a-4bcb-8ab1-bffbdce7f9d4/distill_methodvanilla_dkd_alpha1.0_dkd_beta8.0_kl_methodkl_mse_normalizeFalse_temperature4.0_weight_ce0.5_weight_kl0.0_weight_mse5.0_zscoreFalse/final_summary.json
raw,enhancers,0.5,0.25,0.0,1.0,0.0001,16,42,0.5114495281261927,0.4860726009501042,0.43046986207763904,0.7224483000580438,64,164,True,${OG_SCRATCH}/carbon_distillation/deploy_120k/enhancers/20260622_124331/8b40b1a1-f73c-4bdc-9e7b-d321accdf228/distill_methodvanilla_dkd_alpha1.0_dkd_beta8.0_kl_methodkl_mse_normalizeFalse_temperature1.0_weight_ce0.5_weight_kl0.25_weight_mse0.0_zscoreFalse/final_summary.json
raw,enhancers,0.5,0.25,0.0,0.5,0.0001,16,42,0.5060556680123832,0.5032780446998046,0.4438492402286948,0.7290992601384687,50,150,True,${OG_SCRATCH}/carbon_distillation/deploy_120k/enhancers/20260622_124331/376ce07c-64e1-4ad8-b35b-4ea7c983d41e/distill_methodvanilla_dkd_alpha1.0_dkd_beta8.0_kl_methodkl_mse_normalizeFalse_temperature0.5_weight_ce0.5_weight_kl0.25_weight_mse0.0_zscoreFalse/final_summary.json
raw,enhancers,0.5,0.25,0.0,4.0,0.0001,16,42,0.5117310844789685,0.4985433829023186,0.43664797974354264,0.7359912607719381,30,130,True,${OG_SCRATCH}/carbon_distillation/deploy_120k/enhancers/20260622_124357/58006153-59c5-4ab1-bdfa-7aac451c37ae/distill_methodvanilla_dkd_alpha1.0_dkd_beta8.0_kl_methodkl_mse_normalizeFalse_temperature4.0_weight_ce0.5_weight_kl0.25_weight_mse0.0_zscoreFalse/final_summary.json
raw,enhancers,0.5,0.25,0.0,1.5,0.0001,16,42,0.5132660087800172,0.4764741306403128,0.45394758756617326,0.7333333333333334,47,147,True,${OG_SCRATCH}/carbon_distillation/deploy_120k/enhancers/20260622_125214/b8973d96-e00d-40ce-9314-33e21edc53c3/distill_methodvanilla_dkd_alpha1.0_dkd_beta8.0_kl_methodkl_mse_normalizeFalse_temperature1.5_weight_ce0.5_weight_kl0.25_weight_mse0.0_zscoreFalse/final_summary.json
raw,enhancers,0.5,0.25,0.0,2.0,0.0001,16,42,0.5107244940398419,0.5016623132950069,0.43671774479820574,0.7377280696842041,30,130,True,${OG_SCRATCH}/carbon_distillation/deploy_120k/enhancers/20260622_130342/2bc87f3a-d2e6-46cd-8899-de26aad3d787/distill_methodvanilla_dkd_alpha1.0_dkd_beta8.0_kl_methodkl_mse_normalizeFalse_temperature2.0_weight_ce0.5_weight_kl0.25_weight_mse0.0_zscoreFalse/final_summary.json
raw,enhancers,0.5,0.25,1.0,2.0,0.0001,16,42,0.5073320131259205,0.5021239802100299,0.46292875841502756,0.7358227995158213,41,141,True,${OG_SCRATCH}/carbon_distillation/deploy_120k/enhancers/20260622_130447/a6b81530-44fc-47fa-93d8-5dfc573ada08/distill_methodvanilla_dkd_alpha1.0_dkd_beta8.0_kl_methodkl_mse_normalizeFalse_temperature2.0_weight_ce0.5_weight_kl0.25_weight_mse1.0_zscoreFalse/final_summary.json
raw,enhancers,0.5,0.25,2.0,0.5,0.0001,16,42,0.5072438473710563,0.502620383760253,0.43905653853694443,0.7366515907289222,32,132,True,${OG_SCRATCH}/carbon_distillation/deploy_120k/enhancers/20260622_130933/78eddf62-f2cb-4dd5-a7d8-91b33f07f1d4/distill_methodvanilla_dkd_alpha1.0_dkd_beta8.0_kl_methodkl_mse_normalizeFalse_temperature0.5_weight_ce0.5_weight_kl0.25_weight_mse2.0_zscoreFalse/final_summary.json
raw,enhancers,0.5,0.25,1.0,1.5,0.0001,16,42,0.5136289431939028,0.5032402006212444,0.4770890777509341,0.7383661905814298,33,133,True,${OG_SCRATCH}/carbon_distillation/deploy_120k/enhancers/20260622_130935/2afde54b-b861-4b8e-bd5b-9a7acdaeb082/distill_methodvanilla_dkd_alpha1.0_dkd_beta8.0_kl_methodkl_mse_normalizeFalse_temperature1.5_weight_ce0.5_weight_kl0.25_weight_mse1.0_zscoreFalse/final_summary.json
raw,enhancers,0.5,0.25,2.0,1.5,0.0001,16,42,0.5083850556358298,0.5145266645165788,0.4377628190404304,0.7409868547170391,53,153,True,${OG_SCRATCH}/carbon_distillation/deploy_120k/enhancers/20260622_131006/f8e03732-e178-42a7-998e-ed7c4b0ee0d0/distill_methodvanilla_dkd_alpha1.0_dkd_beta8.0_kl_methodkl_mse_normalizeFalse_temperature1.5_weight_ce0.5_weight_kl0.25_weight_mse2.0_zscoreFalse/final_summary.json
raw,enhancers,0.5,0.25,1.0,0.5,0.0001,16,42,0.5003575237322749,0.5027640810701322,0.4312618446504059,0.725405640679807,28,128,True,${OG_SCRATCH}/carbon_distillation/deploy_120k/enhancers/20260622_131430/0ac07e94-e0a9-416a-8cf7-9cc893ce5e5a/distill_methodvanilla_dkd_alpha1.0_dkd_beta8.0_kl_methodkl_mse_normalizeFalse_temperature0.5_weight_ce0.5_weight_kl0.25_weight_mse1.0_zscoreFalse/final_summary.json
raw,enhancers,0.5,0.25,1.0,1.0,0.0001,16,42,0.5099766330915266,0.4973190408316915,0.44161326009230917,0.7371082172844288,23,123,True,${OG_SCRATCH}/carbon_distillation/deploy_120k/enhancers/20260622_133541/b5f51158-ea6e-43ec-a80d-c2ab2b10cab7/distill_methodvanilla_dkd_alpha1.0_dkd_beta8.0_kl_methodkl_mse_normalizeFalse_temperature1.0_weight_ce0.5_weight_kl0.25_weight_mse1.0_zscoreFalse/final_summary.json
raw,enhancers,0.5,0.25,1.0,4.0,0.0001,16,42,0.5081604260473543,0.5059203782495758,0.46731804234744095,0.7406261819983357,46,146,True,${OG_SCRATCH}/carbon_distillation/deploy_120k/enhancers/20260622_133541/976f73e4-624f-443e-9309-a770c5c402c5/distill_methodvanilla_dkd_alpha1.0_dkd_beta8.0_kl_methodkl_mse_normalizeFalse_temperature4.0_weight_ce0.5_weight_kl0.25_weight_mse1.0_zscoreFalse/final_summary.json
raw,enhancers,0.5,0.25,2.0,1.0,0.0001,16,42,0.5078061762204493,0.5042155466233085,0.4556124649231725,0.7372879460132913,27,127,True,${OG_SCRATCH}/carbon_distillation/deploy_120k/enhancers/20260622_133605/70479047-2cec-451c-a4a5-5afece6ab314/distill_methodvanilla_dkd_alpha1.0_dkd_beta8.0_kl_methodkl_mse_normalizeFalse_temperature1.0_weight_ce0.5_weight_kl0.25_weight_mse2.0_zscoreFalse/final_summary.json
raw,enhancers,0.5,0.25,5.0,1.0,0.0001,16,42,0.5103137104461198,0.5112837428298221,0.43071542482998454,0.7460001738070146,45,145,True,${OG_SCRATCH}/carbon_distillation/deploy_120k/enhancers/20260622_135235/4268bf75-7392-4784-a110-ae88eb95d0e7/distill_methodvanilla_dkd_alpha1.0_dkd_beta8.0_kl_methodkl_mse_normalizeFalse_temperature1.0_weight_ce0.5_weight_kl0.25_weight_mse5.0_zscoreFalse/final_summary.json
raw,enhancers,0.5,0.25,5.0,2.0,0.0001,16,42,0.5060206410643655,0.5007309041742941,0.4556696327999283,0.7272178121553375,41,141,True,${OG_SCRATCH}/carbon_distillation/deploy_120k/enhancers/20260622_135235/d8378fca-6494-41a1-aec7-d4a930aa27e9/distill_methodvanilla_dkd_alpha1.0_dkd_beta8.0_kl_methodkl_mse_normalizeFalse_temperature2.0_weight_ce0.5_weight_kl0.25_weight_mse5.0_zscoreFalse/final_summary.json
raw,enhancers,0.5,0.25,5.0,1.5,0.0001,16,42,0.5103982847599634,0.5053260314412402,0.44205119489826855,0.7315367602878948,56,156,True,${OG_SCRATCH}/carbon_distillation/deploy_120k/enhancers/20260622_135235/2f0f48d6-8f8a-4ebd-b157-91589b894b88/distill_methodvanilla_dkd_alpha1.0_dkd_beta8.0_kl_methodkl_mse_normalizeFalse_temperature1.5_weight_ce0.5_weight_kl0.25_weight_mse5.0_zscoreFalse/final_summary.json
raw,enhancers,0.5,0.25,2.0,2.0,0.0001,16,42,0.5182548567261727,0.513723768627398,0.45089611271573027,0.741577542031322,41,141,True,${OG_SCRATCH}/carbon_distillation/deploy_120k/enhancers/20260622_140154/1c1849dc-491b-4e77-925f-10ecc86c15c9/distill_methodvanilla_dkd_alpha1.0_dkd_beta8.0_kl_methodkl_mse_normalizeFalse_temperature2.0_weight_ce0.5_weight_kl0.25_weight_mse2.0_zscoreFalse/final_summary.json
raw,enhancers,0.5,0.25,5.0,4.0,0.0001,16,42,0.5192171359702084,0.5000625751706826,0.406484935601357,0.7375475274509584,44,144,True,${OG_SCRATCH}/carbon_distillation/deploy_120k/enhancers/20260622_140241/a0a171fb-687f-4b5b-8a8a-d51684aeab7d/distill_methodvanilla_dkd_alpha1.0_dkd_beta8.0_kl_methodkl_mse_normalizeFalse_temperature4.0_weight_ce0.5_weight_kl0.25_weight_mse5.0_zscoreFalse/final_summary.json
raw,enhancers,0.5,0.25,2.0,4.0,0.0001,16,42,0.5115990328497625,0.502622808092128,0.45606020481662085,0.7384711614247768,27,127,True,${OG_SCRATCH}/carbon_distillation/deploy_120k/enhancers/20260622_141511/7e727af7-b860-4ef2-999f-f98202939b3a/distill_methodvanilla_dkd_alpha1.0_dkd_beta8.0_kl_methodkl_mse_normalizeFalse_temperature4.0_weight_ce0.5_weight_kl0.25_weight_mse2.0_zscoreFalse/final_summary.json
raw,enhancers,0.5,0.25,5.0,0.5,0.0001,16,42,0.5058747638970694,0.5013029150035042,0.42860886861521413,0.7457060466602115,36,136,True,${OG_SCRATCH}/carbon_distillation/deploy_120k/enhancers/20260622_141807/8c118819-de51-4268-b538-2916625cb0a7/distill_methodvanilla_dkd_alpha1.0_dkd_beta8.0_kl_methodkl_mse_normalizeFalse_temperature0.5_weight_ce0.5_weight_kl0.25_weight_mse5.0_zscoreFalse/final_summary.json
raw,enhancers,0.5,0.5,0.0,1.0,0.0001,16,42,0.5153643593674475,0.5091659360610586,0.42316092907074077,0.7317676511787321,51,151,True,${OG_SCRATCH}/carbon_distillation/deploy_120k/enhancers/20260622_143013/f1ae7220-88eb-451b-b75d-d14aabbfffc9/distill_methodvanilla_dkd_alpha1.0_dkd_beta8.0_kl_methodkl_mse_normalizeFalse_temperature1.0_weight_ce0.5_weight_kl0.5_weight_mse0.0_zscoreFalse/final_summary.json
raw,enhancers,0.5,0.5,0.0,4.0,0.0001,16,42,0.546138290207225,0.49886306111165163,0.44592323258297006,0.7280435945099437,65,165,True,${OG_SCRATCH}/carbon_distillation/deploy_120k/enhancers/20260622_144500/cc3ca96a-ccfb-4053-ad37-abf69af10b8c/distill_methodvanilla_dkd_alpha1.0_dkd_beta8.0_kl_methodkl_mse_normalizeFalse_temperature4.0_weight_ce0.5_weight_kl0.5_weight_mse0.0_zscoreFalse/final_summary.json
raw,enhancers,0.5,0.5,1.0,1.0,0.0001,16,42,0.5186634363953401,0.5231493317535927,0.46192269036192113,0.7454352786639651,61,161,True,${OG_SCRATCH}/carbon_distillation/deploy_120k/enhancers/20260622_144606/6d4a88d2-4688-446f-9a94-59284be6a5fc/distill_methodvanilla_dkd_alpha1.0_dkd_beta8.0_kl_methodkl_mse_normalizeFalse_temperature1.0_weight_ce0.5_weight_kl0.5_weight_mse1.0_zscoreFalse/final_summary.json
raw,enhancers,0.5,0.5,0.0,0.5,0.0001,16,42,0.5142568574417994,0.5025347873535315,0.41296022017832784,0.7416241483663488,40,140,True,${OG_SCRATCH}/carbon_distillation/deploy_120k/enhancers/20260622_145301/12672972-99d3-48a5-bc25-2d1296030c70/distill_methodvanilla_dkd_alpha1.0_dkd_beta8.0_kl_methodkl_mse_normalizeFalse_temperature0.5_weight_ce0.5_weight_kl0.5_weight_mse0.0_zscoreFalse/final_summary.json
raw,enhancers,0.5,0.5,0.0,2.0,0.0001,16,42,0.5379319657482728,0.5022473911404328,0.47650115585847586,0.733495670995671,65,165,True,${OG_SCRATCH}/carbon_distillation/deploy_120k/enhancers/20260622_145427/346c8b1e-e845-4b29-b597-d213836c017e/distill_methodvanilla_dkd_alpha1.0_dkd_beta8.0_kl_methodkl_mse_normalizeFalse_temperature2.0_weight_ce0.5_weight_kl0.5_weight_mse0.0_zscoreFalse/final_summary.json
raw,enhancers,0.5,0.5,1.0,0.5,0.0001,16,42,0.5139495543388531,0.504603709618325,0.4579142077174413,0.7339974297699067,61,161,True,${OG_SCRATCH}/carbon_distillation/deploy_120k/enhancers/20260622_145427/7daaf3f7-f198-4fa2-838a-395d5847c85f/distill_methodvanilla_dkd_alpha1.0_dkd_beta8.0_kl_methodkl_mse_normalizeFalse_temperature0.5_weight_ce0.5_weight_kl0.5_weight_mse1.0_zscoreFalse/final_summary.json
raw,enhancers,0.5,0.5,0.0,1.5,0.0001,16,42,0.5282334010531397,0.5147849076815431,0.44687425647304163,0.7349524341560681,64,164,True,${OG_SCRATCH}/carbon_distillation/deploy_120k/enhancers/20260622_145513/e4593f3e-1193-4492-90d9-842126ac8307/distill_methodvanilla_dkd_alpha1.0_dkd_beta8.0_kl_methodkl_mse_normalizeFalse_temperature1.5_weight_ce0.5_weight_kl0.5_weight_mse0.0_zscoreFalse/final_summary.json
raw,enhancers,0.5,0.5,1.0,2.0,0.0001,16,42,0.5084657245533765,0.5003697667635131,0.45888955729404646,0.7338336599988471,67,167,True,${OG_SCRATCH}/carbon_distillation/deploy_120k/enhancers/20260622_145558/011fd810-d36b-4df5-8302-5dc484829e31/distill_methodvanilla_dkd_alpha1.0_dkd_beta8.0_kl_methodkl_mse_normalizeFalse_temperature2.0_weight_ce0.5_weight_kl0.5_weight_mse1.0_zscoreFalse/final_summary.json
raw,enhancers,0.5,0.5,1.0,1.5,0.0001,16,42,0.5297441036959973,0.5013914377172252,0.4733984514910692,0.7364087592290642,67,167,True,${OG_SCRATCH}/carbon_distillation/deploy_120k/enhancers/20260622_145659/6acd6818-aea6-4e70-977b-bb8d331f90fc/distill_methodvanilla_dkd_alpha1.0_dkd_beta8.0_kl_methodkl_mse_normalizeFalse_temperature1.5_weight_ce0.5_weight_kl0.5_weight_mse1.0_zscoreFalse/final_summary.json
raw,enhancers,0.5,0.5,1.0,4.0,0.0001,16,42,0.5126798078315471,0.49860218328730876,0.4801500437326979,0.7404745671781918,61,161,True,${OG_SCRATCH}/carbon_distillation/deploy_120k/enhancers/20260622_145801/ea4547e1-680a-46bb-bf5b-2f523783e0a5/distill_methodvanilla_dkd_alpha1.0_dkd_beta8.0_kl_methodkl_mse_normalizeFalse_temperature4.0_weight_ce0.5_weight_kl0.5_weight_mse1.0_zscoreFalse/final_summary.json
raw,enhancers,0.5,0.5,2.0,0.5,0.0001,16,42,0.5084477635510277,0.5003026408742001,0.46626194614428057,0.7291855203619909,41,141,True,${OG_SCRATCH}/carbon_distillation/deploy_120k/enhancers/20260622_153007/899fd18f-33cf-44cf-9b1b-663cd622027a/distill_methodvanilla_dkd_alpha1.0_dkd_beta8.0_kl_methodkl_mse_normalizeFalse_temperature0.5_weight_ce0.5_weight_kl0.5_weight_mse2.0_zscoreFalse/final_summary.json
raw,enhancers,0.5,0.5,2.0,1.5,0.0001,16,42,0.5152153255839521,0.5205789646200119,0.465977987967021,0.7408641632526414,61,161,True,${OG_SCRATCH}/carbon_distillation/deploy_120k/enhancers/20260622_153028/bf02fbe2-3f3e-4d5a-a981-59d7b026e601/distill_methodvanilla_dkd_alpha1.0_dkd_beta8.0_kl_methodkl_mse_normalizeFalse_temperature1.5_weight_ce0.5_weight_kl0.5_weight_mse2.0_zscoreFalse/final_summary.json
raw,enhancers,0.5,0.5,2.0,2.0,0.0001,16,42,0.521291823643738,0.5109907599333154,0.4706062289061506,0.7433830898088558,71,171,True,${OG_SCRATCH}/carbon_distillation/deploy_120k/enhancers/20260622_160307/2f19323e-3275-4fbe-a1f3-01f25b92cdc4/distill_methodvanilla_dkd_alpha1.0_dkd_beta8.0_kl_methodkl_mse_normalizeFalse_temperature2.0_weight_ce0.5_weight_kl0.5_weight_mse2.0_zscoreFalse/final_summary.json
raw,enhancers,0.5,0.5,2.0,1.0,0.0001,16,42,0.5188367594562443,0.5061313378502775,0.4707560428209292,0.737411857463466,61,161,True,${OG_SCRATCH}/carbon_distillation/deploy_120k/enhancers/20260622_160518/f0e2d14a-d0ae-42b6-8956-8544347a9268/distill_methodvanilla_dkd_alpha1.0_dkd_beta8.0_kl_methodkl_mse_normalizeFalse_temperature1.0_weight_ce0.5_weight_kl0.5_weight_mse2.0_zscoreFalse/final_summary.json
raw,enhancers,0.5,0.5,5.0,1.0,0.0001,16,42,0.5143975786826308,0.5106370854144218,0.44427027097395233,0.7425441862046088,56,156,True,${OG_SCRATCH}/carbon_distillation/deploy_120k/enhancers/20260622_160518/4b7ba206-6ba9-48ff-8f18-0fe0a24bef4e/distill_methodvanilla_dkd_alpha1.0_dkd_beta8.0_kl_methodkl_mse_normalizeFalse_temperature1.0_weight_ce0.5_weight_kl0.5_weight_mse5.0_zscoreFalse/final_summary.json
raw,enhancers,0.5,0.5,5.0,1.5,0.0001,16,42,0.515097300899008,0.5086054721755033,0.4557682181627181,0.7365180859420053,45,145,True,${OG_SCRATCH}/carbon_distillation/deploy_120k/enhancers/20260622_160937/2973ebea-d2a3-411f-8b55-4e83adcbd41f/distill_methodvanilla_dkd_alpha1.0_dkd_beta8.0_kl_methodkl_mse_normalizeFalse_temperature1.5_weight_ce0.5_weight_kl0.5_weight_mse5.0_zscoreFalse/final_summary.json
raw,enhancers,0.5,0.5,2.0,4.0,0.0001,16,42,0.5212620599150751,0.5163605511972765,0.46620091791147733,0.7424939344328134,67,167,True,${OG_SCRATCH}/carbon_distillation/deploy_120k/enhancers/20260622_161645/a66db642-de99-41f9-8d12-56146ec5b788/distill_methodvanilla_dkd_alpha1.0_dkd_beta8.0_kl_methodkl_mse_normalizeFalse_temperature4.0_weight_ce0.5_weight_kl0.5_weight_mse2.0_zscoreFalse/final_summary.json
raw,enhancers,0.5,0.5,5.0,4.0,0.0001,16,42,0.5106737464081489,0.5101518814499306,0.4699612405592816,0.7412729013908379,72,172,True,${OG_SCRATCH}/carbon_distillation/deploy_120k/enhancers/20260622_162412/91b2235c-5a58-4b7c-af2f-9cc3bbedb654/distill_methodvanilla_dkd_alpha1.0_dkd_beta8.0_kl_methodkl_mse_normalizeFalse_temperature4.0_weight_ce0.5_weight_kl0.5_weight_mse5.0_zscoreFalse/final_summary.json
raw,enhancers,0.5,0.5,5.0,0.5,0.0001,16,42,0.5103833272618687,0.49875274625293137,0.45069440135852734,0.7256979501083368,41,141,True,${OG_SCRATCH}/carbon_distillation/deploy_120k/enhancers/20260622_170127/41ffd3c5-a47c-4316-a396-45e0fcd18541/distill_methodvanilla_dkd_alpha1.0_dkd_beta8.0_kl_methodkl_mse_normalizeFalse_temperature0.5_weight_ce0.5_weight_kl0.5_weight_mse5.0_zscoreFalse/final_summary.json
raw,enhancers,0.5,1.0,0.0,0.5,0.0001,16,42,0.5175493499300652,0.49549705268360766,0.44989281100208844,0.7263208696522215,64,164,True,${OG_SCRATCH}/carbon_distillation/deploy_120k/enhancers/20260622_170357/0923dc6c-9290-489c-9128-351e942e4b7d/distill_methodvanilla_dkd_alpha1.0_dkd_beta8.0_kl_methodkl_mse_normalizeFalse_temperature0.5_weight_ce0.5_weight_kl1.0_weight_mse0.0_zscoreFalse/final_summary.json
raw,enhancers,0.5,1.0,0.0,1.0,0.0001,16,42,0.5496732255297094,0.49660503477697454,0.44890878569631887,0.7289384007998124,65,165,True,${OG_SCRATCH}/carbon_distillation/deploy_120k/enhancers/20260622_171522/04fe10fd-b17b-43ac-9be9-47478f4a1c58/distill_methodvanilla_dkd_alpha1.0_dkd_beta8.0_kl_methodkl_mse_normalizeFalse_temperature1.0_weight_ce0.5_weight_kl1.0_weight_mse0.0_zscoreFalse/final_summary.json
raw,enhancers,0.5,1.0,0.0,1.5,0.0001,16,42,0.5304144698404871,0.4902963813447974,0.429181591030566,0.7355841933930947,67,167,True,${OG_SCRATCH}/carbon_distillation/deploy_120k/enhancers/20260622_172658/e1366163-414f-41fe-9fd3-c3e29c57a203/distill_methodvanilla_dkd_alpha1.0_dkd_beta8.0_kl_methodkl_mse_normalizeFalse_temperature1.5_weight_ce0.5_weight_kl1.0_weight_mse0.0_zscoreFalse/final_summary.json
raw,enhancers,0.5,1.0,1.0,0.5,0.0001,16,42,0.5275660000049948,0.48555702245191457,0.45316801997392103,0.7327811706064659,72,172,True,${OG_SCRATCH}/carbon_distillation/deploy_120k/enhancers/20260622_173612/dd6b1c7f-2701-4be2-9562-1685314dbac5/distill_methodvanilla_dkd_alpha1.0_dkd_beta8.0_kl_methodkl_mse_normalizeFalse_temperature0.5_weight_ce0.5_weight_kl1.0_weight_mse1.0_zscoreFalse/final_summary.json
raw,enhancers,0.5,1.0,1.0,1.0,0.0001,16,42,0.5373230916317905,0.5044042317434229,0.47042021548904117,0.7390747804945548,71,171,True,${OG_SCRATCH}/carbon_distillation/deploy_120k/enhancers/20260622_174039/a24635a9-8816-4e9b-9671-acf5ec6f6f40/distill_methodvanilla_dkd_alpha1.0_dkd_beta8.0_kl_methodkl_mse_normalizeFalse_temperature1.0_weight_ce0.5_weight_kl1.0_weight_mse1.0_zscoreFalse/final_summary.json
raw,enhancers,0.5,1.0,1.0,4.0,0.0001,16,42,0.5409922245801916,0.5184322297001761,0.49271904281590345,0.743957964577141,74,174,True,${OG_SCRATCH}/carbon_distillation/deploy_120k/enhancers/20260622_180431/60163ee4-6eb5-4eee-bf25-82e6ce343623/distill_methodvanilla_dkd_alpha1.0_dkd_beta8.0_kl_methodkl_mse_normalizeFalse_temperature4.0_weight_ce0.5_weight_kl1.0_weight_mse1.0_zscoreFalse/final_summary.json
raw,enhancers,0.5,1.0,0.0,2.0,0.0001,16,42,0.5361346080370857,0.49151616649526897,0.46131841170755866,0.7384927606693112,67,167,True,${OG_SCRATCH}/carbon_distillation/deploy_120k/enhancers/20260622_181807/78fcf02d-c0c2-478a-91fd-bf34f3a3331b/distill_methodvanilla_dkd_alpha1.0_dkd_beta8.0_kl_methodkl_mse_normalizeFalse_temperature2.0_weight_ce0.5_weight_kl1.0_weight_mse0.0_zscoreFalse/final_summary.json
raw,enhancers,0.5,1.0,1.0,1.5,0.0001,16,42,0.5353426152634914,0.516058903881728,0.4899353245619257,0.746137678111318,61,161,True,${OG_SCRATCH}/carbon_distillation/deploy_120k/enhancers/20260622_182049/12afec25-b175-4aae-86eb-6bebe380e7fa/distill_methodvanilla_dkd_alpha1.0_dkd_beta8.0_kl_methodkl_mse_normalizeFalse_temperature1.5_weight_ce0.5_weight_kl1.0_weight_mse1.0_zscoreFalse/final_summary.json
raw,enhancers,0.5,1.0,2.0,0.5,0.0001,16,42,0.5142311551459328,0.5165418748631374,0.4666977914063545,0.7487116579785614,46,146,True,${OG_SCRATCH}/carbon_distillation/deploy_120k/enhancers/20260622_182328/9b2e13e7-96cc-42b8-8d4b-7ae57a4a6c19/distill_methodvanilla_dkd_alpha1.0_dkd_beta8.0_kl_methodkl_mse_normalizeFalse_temperature0.5_weight_ce0.5_weight_kl1.0_weight_mse2.0_zscoreFalse/final_summary.json
raw,enhancers,0.5,1.0,1.0,2.0,0.0001,16,42,0.5318735785708844,0.5111765904500287,0.4844601439666799,0.7437999819785814,61,161,True,${OG_SCRATCH}/carbon_distillation/deploy_120k/enhancers/20260622_182343/cf74836b-6d2a-4081-a517-97d8e452cfea/distill_methodvanilla_dkd_alpha1.0_dkd_beta8.0_kl_methodkl_mse_normalizeFalse_temperature2.0_weight_ce0.5_weight_kl1.0_weight_mse1.0_zscoreFalse/final_summary.json
raw,enhancers,0.5,1.0,2.0,1.5,0.0001,16,42,0.5269410672089148,0.5235235335627995,0.4784071300610791,0.7476210730900379,61,161,True,${OG_SCRATCH}/carbon_distillation/deploy_120k/enhancers/20260622_182343/1b9236e9-e436-4fbe-b143-0b0889b46824/distill_methodvanilla_dkd_alpha1.0_dkd_beta8.0_kl_methodkl_mse_normalizeFalse_temperature1.5_weight_ce0.5_weight_kl1.0_weight_mse2.0_zscoreFalse/final_summary.json
raw,enhancers,0.5,1.0,2.0,1.0,0.0001,16,42,0.5275965876607467,0.5191390187909009,0.48100726095845797,0.7397358318693474,72,172,True,${OG_SCRATCH}/carbon_distillation/deploy_120k/enhancers/20260622_182808/bc2f71f1-2ae0-4450-b36f-7e2ee76e4121/distill_methodvanilla_dkd_alpha1.0_dkd_beta8.0_kl_methodkl_mse_normalizeFalse_temperature1.0_weight_ce0.5_weight_kl1.0_weight_mse2.0_zscoreFalse/final_summary.json
raw,enhancers,0.5,1.0,2.0,4.0,0.0001,16,42,0.533463028294873,0.50416077769249,0.45063329210036246,0.7303458094244479,65,165,True,${OG_SCRATCH}/carbon_distillation/deploy_120k/enhancers/20260622_190247/e5e5b063-1b48-4d8e-9ea8-c379e4d0494c/distill_methodvanilla_dkd_alpha1.0_dkd_beta8.0_kl_methodkl_mse_normalizeFalse_temperature4.0_weight_ce0.5_weight_kl1.0_weight_mse2.0_zscoreFalse/final_summary.json
raw,enhancers,0.5,1.0,5.0,0.5,0.0001,16,42,0.5210508521014571,0.5000669809734989,0.46794291547714906,0.743314548777431,49,149,True,${OG_SCRATCH}/carbon_distillation/deploy_120k/enhancers/20260622_190752/93a260f8-8727-4534-95c1-d3d6d7d4b766/distill_methodvanilla_dkd_alpha1.0_dkd_beta8.0_kl_methodkl_mse_normalizeFalse_temperature0.5_weight_ce0.5_weight_kl1.0_weight_mse5.0_zscoreFalse/final_summary.json
raw,enhancers,0.5,1.0,2.0,2.0,0.0001,16,42,0.5368022666088685,0.5023997429293112,0.47279671781988997,0.7389608939198968,67,167,True,${OG_SCRATCH}/carbon_distillation/deploy_120k/enhancers/20260622_191943/637777d8-c715-4c93-8c79-c7e01e295fe0/distill_methodvanilla_dkd_alpha1.0_dkd_beta8.0_kl_methodkl_mse_normalizeFalse_temperature2.0_weight_ce0.5_weight_kl1.0_weight_mse2.0_zscoreFalse/final_summary.json
raw,enhancers,0.5,1.0,5.0,2.0,0.0001,16,42,0.5274875629775617,0.5017515240174779,0.4753839765775861,0.7345092090851444,71,171,True,${OG_SCRATCH}/carbon_distillation/deploy_120k/enhancers/20260622_192246/48495862-7d08-4403-9252-0e7a227b67da/distill_methodvanilla_dkd_alpha1.0_dkd_beta8.0_kl_methodkl_mse_normalizeFalse_temperature2.0_weight_ce0.5_weight_kl1.0_weight_mse5.0_zscoreFalse/final_summary.json
raw,enhancers,0.5,1.0,5.0,4.0,0.0001,16,42,0.5372551990462547,0.5102148330500093,0.45885072186243236,0.7353073253669462,67,167,True,${OG_SCRATCH}/carbon_distillation/deploy_120k/enhancers/20260622_193318/500b5ef0-7aff-4a5b-a73c-fe3b55179b99/distill_methodvanilla_dkd_alpha1.0_dkd_beta8.0_kl_methodkl_mse_normalizeFalse_temperature4.0_weight_ce0.5_weight_kl1.0_weight_mse5.0_zscoreFalse/final_summary.json
raw,enhancers,0.5,1.0,5.0,1.0,0.0001,16,42,0.5214239945593294,0.49856865912715964,0.45614675308285996,0.7341554871027176,71,171,True,${OG_SCRATCH}/carbon_distillation/deploy_120k/enhancers/20260622_193925/fd04b303-da6e-44a9-b825-831d549159a9/distill_methodvanilla_dkd_alpha1.0_dkd_beta8.0_kl_methodkl_mse_normalizeFalse_temperature1.0_weight_ce0.5_weight_kl1.0_weight_mse5.0_zscoreFalse/final_summary.json
raw,enhancers,0.5,1.0,5.0,1.5,0.0001,16,42,0.5211855675869017,0.5171695131932353,0.4979092320947275,0.7405344989321996,67,167,True,${OG_SCRATCH}/carbon_distillation/deploy_120k/enhancers/20260622_194201/f4e61de3-226f-4e92-95d6-51dcd6529dc2/distill_methodvanilla_dkd_alpha1.0_dkd_beta8.0_kl_methodkl_mse_normalizeFalse_temperature1.5_weight_ce0.5_weight_kl1.0_weight_mse5.0_zscoreFalse/final_summary.json
raw,enhancers,0.5,1.0,0.0,4.0,0.0001,16,42,0.5379726981089986,0.4944953988941872,0.4331661747199494,0.7371304424993266,82,182,True,${OG_SCRATCH}/carbon_distillation/deploy_120k/enhancers/20260622_213743/bec6e23d-cd71-4a3b-b8bf-0883c26b81df/distill_methodvanilla_dkd_alpha1.0_dkd_beta8.0_kl_methodkl_mse_normalizeFalse_temperature4.0_weight_ce0.5_weight_kl1.0_weight_mse0.0_zscoreFalse/final_summary.json
raw,enhancers,0.5,0.5,5.0,2.0,0.0001,16,42,0.5211855675869017,0.5053445480106752,0.4664707849296198,0.733863769852431,56,156,True,${OG_SCRATCH}/carbon_distillation/deploy_120k/enhancers/20260622_213748/be4ef9fa-4def-449b-be96-f4ca9872de2a/distill_methodvanilla_dkd_alpha1.0_dkd_beta8.0_kl_methodkl_mse_normalizeFalse_temperature2.0_weight_ce0.5_weight_kl0.5_weight_mse5.0_zscoreFalse/final_summary.json
raw,enhancers,0.5,1.0,0.0,1.0,0.0001,16,0,0.5342666158798827,0.5050856425978154,0.46131278582278745,0.7385050034506556,78,178,True,${OG_SCRATCH}/carbon_distillation/deploy_120k/enhancers/20260624_002934/c1e2fb12-6626-4b13-916e-d545f2cb7898/distill_methodvanilla_dkd_alpha1.0_dkd_beta8.0_kl_methodkl_mse_normalizeFalse_temperature1.0_weight_ce0.5_weight_kl1.0_weight_mse0.0_zscoreFalse/final_summary.json
raw,enhancers,0.5,1.0,0.0,1.0,0.0001,16,1,0.5285919276973386,0.5065009702618077,0.4764053169750202,0.7327232247236897,47,147,True,${OG_SCRATCH}/carbon_distillation/deploy_120k/enhancers/20260624_004143/c4cf94e7-31d9-4ae6-b1f1-afcec4b770ad/distill_methodvanilla_dkd_alpha1.0_dkd_beta8.0_kl_methodkl_mse_normalizeFalse_temperature1.0_weight_ce0.5_weight_kl1.0_weight_mse0.0_zscoreFalse/final_summary.json
raw,enhancers,0.5,1.0,0.0,1.0,0.0001,16,2,0.5289882685048298,0.5049367698313925,0.4608574864575518,0.7380754965076171,43,143,True,${OG_SCRATCH}/carbon_distillation/deploy_120k/enhancers/20260624_004403/74f5068e-1e51-4b2b-9c18-ab9769f5e4e4/distill_methodvanilla_dkd_alpha1.0_dkd_beta8.0_kl_methodkl_mse_normalizeFalse_temperature1.0_weight_ce0.5_weight_kl1.0_weight_mse0.0_zscoreFalse/final_summary.json
raw,splice_sites_acceptors,0.5,0.5,0.2,2.0,0.0001,16,,0.7851564684922114,0.7806597528411489,0.7626598618826526,0.889300074155613,171,200,,${OG_SCRATCH}/carbon_distillation/deploy_120k/splice_sites_acceptors/20260618_214031/16705b61-210f-49b8-85d7-305ab201c987/distill_methodvanilla_dkd_alpha1.0_dkd_beta8.0_kl_methodkl_mse_normalizeFalse_temperature2.0_weight_ce0.5_weight_kl0.5_weight_mse0.2_zscoreFalse/final_summary.json
l2norm,splice_sites_acceptors,0.5,0.5,0.2,2.0,0.0001,16,,0.8271751151506685,0.8012884156489402,0.8026393709406694,0.9006185660526361,183,200,,${OG_SCRATCH}/carbon_distillation/deploy_120k/splice_sites_acceptors/20260618_233748/e3066b27-7b3f-4247-bb63-f901affce92c/distill_methodvanilla_dkd_alpha1.0_dkd_beta8.0_kl_methodkl_mse_normalizeTrue_temperature2.0_weight_ce0.5_weight_kl0.5_weight_mse0.2_zscoreFalse/final_summary.json
raw,splice_sites_acceptors,0.5,0.0,0.0,0.5,0.0001,16,42,0.8348879834301434,0.8126240387471307,0.8167028304030672,0.9062893413852614,183,200,False,${OG_SCRATCH}/carbon_distillation/deploy_120k/splice_sites_acceptors/20260623_124614/c71cc5c5-e6f2-469e-bce0-8144736f45ef/distill_methodvanilla_dkd_alpha1.0_dkd_beta8.0_kl_methodkl_mse_normalizeFalse_temperature0.5_weight_ce0.5_weight_kl0.0_weight_mse0.0_zscoreFalse/final_summary.json
raw,splice_sites_acceptors,0.5,0.0,0.0,1.0,0.0001,16,42,0.828273828004984,0.7959908772329735,0.8074099926964413,0.8979379008828039,146,200,False,${OG_SCRATCH}/carbon_distillation/deploy_120k/splice_sites_acceptors/20260623_124726/828fb57b-bd6c-4a5d-a420-8c1646346a9a/distill_methodvanilla_dkd_alpha1.0_dkd_beta8.0_kl_methodkl_mse_normalizeFalse_temperature1.0_weight_ce0.5_weight_kl0.0_weight_mse0.0_zscoreFalse/final_summary.json
raw,splice_sites_acceptors,0.5,0.0,0.0,1.5,0.0001,16,42,0.8348879834301434,0.8126240387471307,0.8167028304030672,0.9062893413852614,183,200,False,${OG_SCRATCH}/carbon_distillation/deploy_120k/splice_sites_acceptors/20260623_125234/0fda3ff2-43b5-4054-9f24-6b66fea10ecf/distill_methodvanilla_dkd_alpha1.0_dkd_beta8.0_kl_methodkl_mse_normalizeFalse_temperature1.5_weight_ce0.5_weight_kl0.0_weight_mse0.0_zscoreFalse/final_summary.json
raw,splice_sites_acceptors,0.5,0.0,0.0,2.0,0.0001,16,42,0.828273828004984,0.7959908772329735,0.8074099926964413,0.8979379008828039,146,200,False,${OG_SCRATCH}/carbon_distillation/deploy_120k/splice_sites_acceptors/20260623_125751/f5cfba3d-b158-48b7-8de7-a9cfbcd0511c/distill_methodvanilla_dkd_alpha1.0_dkd_beta8.0_kl_methodkl_mse_normalizeFalse_temperature2.0_weight_ce0.5_weight_kl0.0_weight_mse0.0_zscoreFalse/final_summary.json
raw,splice_sites_acceptors,0.5,0.0,0.0,4.0,0.0001,16,42,0.828273828004984,0.7959908772329735,0.8074099926964413,0.8979379008828039,146,200,False,${OG_SCRATCH}/carbon_distillation/deploy_120k/splice_sites_acceptors/20260623_130303/02e6ee6d-cded-48a2-b000-ea3f5dbe9fa4/distill_methodvanilla_dkd_alpha1.0_dkd_beta8.0_kl_methodkl_mse_normalizeFalse_temperature4.0_weight_ce0.5_weight_kl0.0_weight_mse0.0_zscoreFalse/final_summary.json
raw,splice_sites_acceptors,0.5,0.0,1.0,1.5,0.0001,16,42,0.7780815799433568,0.7673619420480133,0.7499653188400385,0.8836525886298909,48,148,True,${OG_SCRATCH}/carbon_distillation/deploy_120k/splice_sites_acceptors/20260623_130435/95ce4201-3dcc-4c3e-ba37-5e116264fd22/distill_methodvanilla_dkd_alpha1.0_dkd_beta8.0_kl_methodkl_mse_normalizeFalse_temperature1.5_weight_ce0.5_weight_kl0.0_weight_mse1.0_zscoreFalse/final_summary.json
raw,splice_sites_acceptors,0.5,0.0,1.0,1.0,0.0001,16,42,0.7852095350037908,0.784779109738733,0.7231453181439289,0.8922384912321166,41,141,True,${OG_SCRATCH}/carbon_distillation/deploy_120k/splice_sites_acceptors/20260623_130531/a8595049-be1e-45d2-b52b-ea70bb489f91/distill_methodvanilla_dkd_alpha1.0_dkd_beta8.0_kl_methodkl_mse_normalizeFalse_temperature1.0_weight_ce0.5_weight_kl0.0_weight_mse1.0_zscoreFalse/final_summary.json
raw,splice_sites_acceptors,0.5,0.0,1.0,0.5,0.0001,16,42,0.7780815799433568,0.7673619420480133,0.7499653188400385,0.8836525886298909,48,148,True,${OG_SCRATCH}/carbon_distillation/deploy_120k/splice_sites_acceptors/20260623_130555/0509c28a-4b20-46f2-9d89-b88853182e4d/distill_methodvanilla_dkd_alpha1.0_dkd_beta8.0_kl_methodkl_mse_normalizeFalse_temperature0.5_weight_ce0.5_weight_kl0.0_weight_mse1.0_zscoreFalse/final_summary.json
raw,splice_sites_acceptors,0.5,0.0,1.0,2.0,0.0001,16,42,0.7780815799433568,0.7673619420480133,0.7499653188400385,0.8836525886298909,48,148,True,${OG_SCRATCH}/carbon_distillation/deploy_120k/splice_sites_acceptors/20260623_130818/70d21f40-4cd3-432f-88ec-aada3f135ff9/distill_methodvanilla_dkd_alpha1.0_dkd_beta8.0_kl_methodkl_mse_normalizeFalse_temperature2.0_weight_ce0.5_weight_kl0.0_weight_mse1.0_zscoreFalse/final_summary.json
raw,splice_sites_acceptors,0.5,0.0,1.0,4.0,0.0001,16,42,0.7780815799433568,0.7673619420480133,0.7499653188400385,0.8836525886298909,48,148,True,${OG_SCRATCH}/carbon_distillation/deploy_120k/splice_sites_acceptors/20260623_131021/c9773cc3-225f-446c-a4cf-0177e27990d2/distill_methodvanilla_dkd_alpha1.0_dkd_beta8.0_kl_methodkl_mse_normalizeFalse_temperature4.0_weight_ce0.5_weight_kl0.0_weight_mse1.0_zscoreFalse/final_summary.json
raw,splice_sites_acceptors,0.5,0.0,2.0,0.5,0.0001,16,42,0.7841646130354913,0.7739285313267333,0.725276653668535,0.8869562772001037,42,142,True,${OG_SCRATCH}/carbon_distillation/deploy_120k/splice_sites_acceptors/20260623_131327/19661cea-69e2-4dc5-9cef-2415465819de/distill_methodvanilla_dkd_alpha1.0_dkd_beta8.0_kl_methodkl_mse_normalizeFalse_temperature0.5_weight_ce0.5_weight_kl0.0_weight_mse2.0_zscoreFalse/final_summary.json
raw,splice_sites_acceptors,0.5,0.0,2.0,1.0,0.0001,16,42,0.7841646130354913,0.7739285313267333,0.725276653668535,0.8869562772001037,42,142,True,${OG_SCRATCH}/carbon_distillation/deploy_120k/splice_sites_acceptors/20260623_131532/8f9813ba-7322-405f-a37d-555bfbe83a60/distill_methodvanilla_dkd_alpha1.0_dkd_beta8.0_kl_methodkl_mse_normalizeFalse_temperature1.0_weight_ce0.5_weight_kl0.0_weight_mse2.0_zscoreFalse/final_summary.json
raw,splice_sites_acceptors,0.5,0.0,2.0,1.5,0.0001,16,42,0.7841646130354913,0.7739285313267333,0.725276653668535,0.8869562772001037,42,142,True,${OG_SCRATCH}/carbon_distillation/deploy_120k/splice_sites_acceptors/20260623_132537/68a85689-378e-4389-a46b-fe9c6ccc86f1/distill_methodvanilla_dkd_alpha1.0_dkd_beta8.0_kl_methodkl_mse_normalizeFalse_temperature1.5_weight_ce0.5_weight_kl0.0_weight_mse2.0_zscoreFalse/final_summary.json
raw,splice_sites_acceptors,0.5,0.0,2.0,4.0,0.0001,16,42,0.7841646130354913,0.7739285313267333,0.725276653668535,0.8869562772001037,42,142,True,${OG_SCRATCH}/carbon_distillation/deploy_120k/splice_sites_acceptors/20260623_133016/5911d2d2-48f0-4369-8506-197c1fdb1508/distill_methodvanilla_dkd_alpha1.0_dkd_beta8.0_kl_methodkl_mse_normalizeFalse_temperature4.0_weight_ce0.5_weight_kl0.0_weight_mse2.0_zscoreFalse/final_summary.json
raw,splice_sites_acceptors,0.5,0.0,2.0,2.0,0.0001,16,42,0.7636925847821058,0.7698301030365258,0.717017879374913,0.8839702963958773,39,139,True,${OG_SCRATCH}/carbon_distillation/deploy_120k/splice_sites_acceptors/20260623_133040/539b22c3-b32b-4359-8e30-db81bf16ccf6/distill_methodvanilla_dkd_alpha1.0_dkd_beta8.0_kl_methodkl_mse_normalizeFalse_temperature2.0_weight_ce0.5_weight_kl0.0_weight_mse2.0_zscoreFalse/final_summary.json
raw,splice_sites_acceptors,0.5,0.0,5.0,1.0,0.0001,16,42,0.7649624229415921,0.7627029019750791,0.7050440221907252,0.8803675856307436,41,141,True,${OG_SCRATCH}/carbon_distillation/deploy_120k/splice_sites_acceptors/20260623_133836/437abcca-69a0-4f60-bc87-060d968dd0c9/distill_methodvanilla_dkd_alpha1.0_dkd_beta8.0_kl_methodkl_mse_normalizeFalse_temperature1.0_weight_ce0.5_weight_kl0.0_weight_mse5.0_zscoreFalse/final_summary.json
raw,splice_sites_acceptors,0.5,0.0,5.0,0.5,0.0001,16,42,0.7666741486017606,0.7693540420567534,0.7048787531872386,0.8846518508377299,44,144,True,${OG_SCRATCH}/carbon_distillation/deploy_120k/splice_sites_acceptors/20260623_133855/88fea59a-53c5-4c93-80d8-ae0073aa593a/distill_methodvanilla_dkd_alpha1.0_dkd_beta8.0_kl_methodkl_mse_normalizeFalse_temperature0.5_weight_ce0.5_weight_kl0.0_weight_mse5.0_zscoreFalse/final_summary.json
raw,splice_sites_acceptors,0.5,0.0,5.0,1.5,0.0001,16,42,0.7649624229415921,0.7627029019750791,0.7050440221907252,0.8803675856307436,41,141,True,${OG_SCRATCH}/carbon_distillation/deploy_120k/splice_sites_acceptors/20260623_134019/eed3fda2-720b-4dc7-9092-cc342cee13ec/distill_methodvanilla_dkd_alpha1.0_dkd_beta8.0_kl_methodkl_mse_normalizeFalse_temperature1.5_weight_ce0.5_weight_kl0.0_weight_mse5.0_zscoreFalse/final_summary.json
raw,splice_sites_acceptors,0.5,0.0,5.0,2.0,0.0001,16,42,0.7666741486017606,0.7693540420567534,0.7048787531872386,0.8846518508377299,44,144,True,${OG_SCRATCH}/carbon_distillation/deploy_120k/splice_sites_acceptors/20260623_134424/9e7b4f69-cbba-4ec7-8e07-1206dacb180e/distill_methodvanilla_dkd_alpha1.0_dkd_beta8.0_kl_methodkl_mse_normalizeFalse_temperature2.0_weight_ce0.5_weight_kl0.0_weight_mse5.0_zscoreFalse/final_summary.json
raw,splice_sites_acceptors,0.5,0.0,5.0,4.0,0.0001,16,42,0.7666741486017606,0.7693540420567534,0.7048787531872386,0.8846518508377299,44,144,True,${OG_SCRATCH}/carbon_distillation/deploy_120k/splice_sites_acceptors/20260623_134722/09be5a52-154c-4b85-9271-f5bd6db7d39c/distill_methodvanilla_dkd_alpha1.0_dkd_beta8.0_kl_methodkl_mse_normalizeFalse_temperature4.0_weight_ce0.5_weight_kl0.0_weight_mse5.0_zscoreFalse/final_summary.json
raw,splice_sites_acceptors,0.5,0.25,0.0,1.5,0.0001,16,42,0.8333406666960002,0.8080117332360219,0.8016192231526805,0.9039861740090573,189,200,False,${OG_SCRATCH}/carbon_distillation/deploy_120k/splice_sites_acceptors/20260623_135300/bbe3b3fe-60db-4ccb-a518-67432a58c933/distill_methodvanilla_dkd_alpha1.0_dkd_beta8.0_kl_methodkl_mse_normalizeFalse_temperature1.5_weight_ce0.5_weight_kl0.25_weight_mse0.0_zscoreFalse/final_summary.json
raw,splice_sites_acceptors,0.5,0.25,0.0,0.5,0.0001,16,42,0.8466906955582741,0.8328053044947535,0.8187293793001004,0.9163284153035217,192,200,False,${OG_SCRATCH}/carbon_distillation/deploy_120k/splice_sites_acceptors/20260623_135317/dc75c4dd-a4f5-4a22-92e4-1adf87f34c64/distill_methodvanilla_dkd_alpha1.0_dkd_beta8.0_kl_methodkl_mse_normalizeFalse_temperature0.5_weight_ce0.5_weight_kl0.25_weight_mse0.0_zscoreFalse/final_summary.json
raw,splice_sites_acceptors,0.5,0.25,0.0,1.0,0.0001,16,42,0.8482639621518148,0.8142322403383725,0.8252796796552149,0.9063175009910008,175,200,False,${OG_SCRATCH}/carbon_distillation/deploy_120k/splice_sites_acceptors/20260623_135317/740ac725-243b-46c0-8c41-6795956c9dbd/distill_methodvanilla_dkd_alpha1.0_dkd_beta8.0_kl_methodkl_mse_normalizeFalse_temperature1.0_weight_ce0.5_weight_kl0.25_weight_mse0.0_zscoreFalse/final_summary.json
raw,splice_sites_acceptors,0.5,0.25,0.0,2.0,0.0001,16,42,0.8347446135926412,0.8193333520427643,0.8188951482012408,0.9096131476070665,192,200,False,${OG_SCRATCH}/carbon_distillation/deploy_120k/splice_sites_acceptors/20260623_135442/c3955ec4-12cc-4a33-970b-a1f563575aa8/distill_methodvanilla_dkd_alpha1.0_dkd_beta8.0_kl_methodkl_mse_normalizeFalse_temperature2.0_weight_ce0.5_weight_kl0.25_weight_mse0.0_zscoreFalse/final_summary.json
raw,splice_sites_acceptors,0.5,0.25,1.0,1.0,0.0001,16,42,0.7802490542356626,0.7767861995610382,0.7454965783555784,0.8873813535825597,35,135,True,${OG_SCRATCH}/carbon_distillation/deploy_120k/splice_sites_acceptors/20260623_135611/3e10ac2d-59b0-4590-98b1-934e0e17ea80/distill_methodvanilla_dkd_alpha1.0_dkd_beta8.0_kl_methodkl_mse_normalizeFalse_temperature1.0_weight_ce0.5_weight_kl0.25_weight_mse1.0_zscoreFalse/final_summary.json
raw,splice_sites_acceptors,0.5,0.25,1.0,0.5,0.0001,16,42,0.7662108375032695,0.7632517399328357,0.7280088588387505,0.8803001723945003,34,134,True,${OG_SCRATCH}/carbon_distillation/deploy_120k/splice_sites_acceptors/20260623_135655/2d792ce8-9a15-4e76-9e89-ec6c65ee0ce9/distill_methodvanilla_dkd_alpha1.0_dkd_beta8.0_kl_methodkl_mse_normalizeFalse_temperature0.5_weight_ce0.5_weight_kl0.25_weight_mse1.0_zscoreFalse/final_summary.json
raw,splice_sites_acceptors,0.5,0.25,0.0,4.0,0.0001,16,42,0.8194524468003869,0.7932720202820189,0.7982605060855169,0.8966356114103615,72,172,True,${OG_SCRATCH}/carbon_distillation/deploy_120k/splice_sites_acceptors/20260623_135655/e4f75b62-16bb-4477-936f-33534a01ce58/distill_methodvanilla_dkd_alpha1.0_dkd_beta8.0_kl_methodkl_mse_normalizeFalse_temperature4.0_weight_ce0.5_weight_kl0.25_weight_mse0.0_zscoreFalse/final_summary.json
raw,splice_sites_acceptors,0.5,0.25,1.0,1.5,0.0001,16,42,0.7713239258317774,0.7704185463823054,0.7269393792589562,0.884842349176022,35,135,True,${OG_SCRATCH}/carbon_distillation/deploy_120k/splice_sites_acceptors/20260623_135807/3fe37594-c57b-4ec5-ae9c-8d1ff97f630e/distill_methodvanilla_dkd_alpha1.0_dkd_beta8.0_kl_methodkl_mse_normalizeFalse_temperature1.5_weight_ce0.5_weight_kl0.25_weight_mse1.0_zscoreFalse/final_summary.json
raw,splice_sites_acceptors,0.5,0.25,1.0,2.0,0.0001,16,42,0.7767639354767836,0.7661293173717981,0.7670113462208424,0.8829931225957615,49,149,True,${OG_SCRATCH}/carbon_distillation/deploy_120k/splice_sites_acceptors/20260623_140011/b47007be-5fe3-4a0b-ae44-5708e50f31ee/distill_methodvanilla_dkd_alpha1.0_dkd_beta8.0_kl_methodkl_mse_normalizeFalse_temperature2.0_weight_ce0.5_weight_kl0.25_weight_mse1.0_zscoreFalse/final_summary.json
raw,splice_sites_acceptors,0.5,0.25,1.0,4.0,0.0001,16,42,0.7681242573103828,0.7590827623011035,0.7273014624637721,0.8789915966386554,37,137,True,${OG_SCRATCH}/carbon_distillation/deploy_120k/splice_sites_acceptors/20260623_140013/2c3dda3a-4b9d-457e-857f-e658e0c950a8/distill_methodvanilla_dkd_alpha1.0_dkd_beta8.0_kl_methodkl_mse_normalizeFalse_temperature4.0_weight_ce0.5_weight_kl0.25_weight_mse1.0_zscoreFalse/final_summary.json
raw,splice_sites_acceptors,0.5,0.25,2.0,0.5,0.0001,16,42,0.7769400110543832,0.771283423160403,0.6586704345242838,0.8856061523212446,46,146,True,${OG_SCRATCH}/carbon_distillation/deploy_120k/splice_sites_acceptors/20260623_140318/9587800f-a4c3-4fc6-a26e-df891a8b55c5/distill_methodvanilla_dkd_alpha1.0_dkd_beta8.0_kl_methodkl_mse_normalizeFalse_temperature0.5_weight_ce0.5_weight_kl0.25_weight_mse2.0_zscoreFalse/final_summary.json
raw,splice_sites_acceptors,0.5,0.25,2.0,1.0,0.0001,16,42,0.7691743697016534,0.7852873181375667,0.745425926418785,0.8926114928380982,36,136,True,${OG_SCRATCH}/carbon_distillation/deploy_120k/splice_sites_acceptors/20260623_140529/d8b3234e-ae22-473c-b969-4cfc04c32802/distill_methodvanilla_dkd_alpha1.0_dkd_beta8.0_kl_methodkl_mse_normalizeFalse_temperature1.0_weight_ce0.5_weight_kl0.25_weight_mse2.0_zscoreFalse/final_summary.json
raw,splice_sites_acceptors,0.5,0.25,2.0,1.5,0.0001,16,42,0.7781531274141971,0.7773719949746549,0.7426324566046987,0.8886539979659908,46,146,True,${OG_SCRATCH}/carbon_distillation/deploy_120k/splice_sites_acceptors/20260623_141544/cb296573-eed7-45e1-b95e-259216b83f32/distill_methodvanilla_dkd_alpha1.0_dkd_beta8.0_kl_methodkl_mse_normalizeFalse_temperature1.5_weight_ce0.5_weight_kl0.25_weight_mse2.0_zscoreFalse/final_summary.json
raw,splice_sites_acceptors,0.5,0.25,2.0,2.0,0.0001,16,42,0.7774415300239517,0.7683794729137617,0.7423345085442814,0.8839995359981441,39,139,True,${OG_SCRATCH}/carbon_distillation/deploy_120k/splice_sites_acceptors/20260623_142938/183b7d8f-db3c-431f-8214-2733617ba70e/distill_methodvanilla_dkd_alpha1.0_dkd_beta8.0_kl_methodkl_mse_normalizeFalse_temperature2.0_weight_ce0.5_weight_kl0.25_weight_mse2.0_zscoreFalse/final_summary.json
raw,splice_sites_acceptors,0.5,0.25,2.0,4.0,0.0001,16,42,0.7688582312507022,0.7520141952912444,0.6892309893563818,0.8759072889567717,44,144,True,${OG_SCRATCH}/carbon_distillation/deploy_120k/splice_sites_acceptors/20260623_142938/d48affb5-7edc-4f62-af91-368dd1ef2dbd/distill_methodvanilla_dkd_alpha1.0_dkd_beta8.0_kl_methodkl_mse_normalizeFalse_temperature4.0_weight_ce0.5_weight_kl0.25_weight_mse2.0_zscoreFalse/final_summary.json
raw,splice_sites_acceptors,0.5,0.25,5.0,0.5,0.0001,16,42,0.7744667866797605,0.7606563962814252,0.6865113117274025,0.8799991466605985,42,142,True,${OG_SCRATCH}/carbon_distillation/deploy_120k/splice_sites_acceptors/20260623_143148/2f271c9a-3e13-43e2-82ba-042a95d1276d/distill_methodvanilla_dkd_alpha1.0_dkd_beta8.0_kl_methodkl_mse_normalizeFalse_temperature0.5_weight_ce0.5_weight_kl0.25_weight_mse5.0_zscoreFalse/final_summary.json
raw,splice_sites_acceptors,0.5,0.25,5.0,1.0,0.0001,16,42,0.7960376635568431,0.7946148858649295,0.7540441004934815,0.8973070439365811,44,144,True,${OG_SCRATCH}/carbon_distillation/deploy_120k/splice_sites_acceptors/20260623_143148/b90a48ea-733d-473f-ab86-3ae07ac67f19/distill_methodvanilla_dkd_alpha1.0_dkd_beta8.0_kl_methodkl_mse_normalizeFalse_temperature1.0_weight_ce0.5_weight_kl0.25_weight_mse5.0_zscoreFalse/final_summary.json
raw,splice_sites_acceptors,0.5,0.25,5.0,2.0,0.0001,16,42,0.765073304820233,0.7672319756719671,0.7280434526948777,0.8827260349872897,40,140,True,${OG_SCRATCH}/carbon_distillation/deploy_120k/splice_sites_acceptors/20260623_143512/628848cb-21ae-477a-9733-2be775547cf7/distill_methodvanilla_dkd_alpha1.0_dkd_beta8.0_kl_methodkl_mse_normalizeFalse_temperature2.0_weight_ce0.5_weight_kl0.25_weight_mse5.0_zscoreFalse/final_summary.json
raw,splice_sites_acceptors,0.5,0.25,5.0,1.5,0.0001,16,42,0.7810629977623205,0.7800563597838225,0.721243089019922,0.8899136923347906,44,144,True,${OG_SCRATCH}/carbon_distillation/deploy_120k/splice_sites_acceptors/20260623_143612/44b6c610-f103-4cdc-8ffd-51cb966323b0/distill_methodvanilla_dkd_alpha1.0_dkd_beta8.0_kl_methodkl_mse_normalizeFalse_temperature1.5_weight_ce0.5_weight_kl0.25_weight_mse5.0_zscoreFalse/final_summary.json
raw,splice_sites_acceptors,0.5,0.25,5.0,4.0,0.0001,16,42,0.7556327074944896,0.7552744251477943,0.7039869353256404,0.8771301338791841,48,148,True,${OG_SCRATCH}/carbon_distillation/deploy_120k/splice_sites_acceptors/20260623_144223/be56e9f6-4b95-45a0-bfd9-100896819ac6/distill_methodvanilla_dkd_alpha1.0_dkd_beta8.0_kl_methodkl_mse_normalizeFalse_temperature4.0_weight_ce0.5_weight_kl0.25_weight_mse5.0_zscoreFalse/final_summary.json
raw,splice_sites_acceptors,0.5,0.5,0.0,1.0,0.0001,16,42,0.8416856247953021,0.8115906689977884,0.8099040762291705,0.9053299252106409,193,200,False,${OG_SCRATCH}/carbon_distillation/deploy_120k/splice_sites_acceptors/20260623_144528/25b28d2d-7c28-4f64-9cbd-ee2140b4d3cb/distill_methodvanilla_dkd_alpha1.0_dkd_beta8.0_kl_methodkl_mse_normalizeFalse_temperature1.0_weight_ce0.5_weight_kl0.5_weight_mse0.0_zscoreFalse/final_summary.json
raw,splice_sites_acceptors,0.5,0.5,0.0,0.5,0.0001,16,42,0.846890570923209,0.8273555240215025,0.8301627041129745,0.9136549141410915,179,200,False,${OG_SCRATCH}/carbon_distillation/deploy_120k/splice_sites_acceptors/20260623_144632/01db865b-e74e-4e2f-810b-1e54047c45c0/distill_methodvanilla_dkd_alpha1.0_dkd_beta8.0_kl_methodkl_mse_normalizeFalse_temperature0.5_weight_ce0.5_weight_kl0.5_weight_mse0.0_zscoreFalse/final_summary.json
raw,splice_sites_acceptors,0.5,0.5,0.0,1.5,0.0001,16,42,0.8494285111653933,0.8233069614658283,0.8152774951736735,0.9116485153449858,199,200,False,${OG_SCRATCH}/carbon_distillation/deploy_120k/splice_sites_acceptors/20260623_144731/42377e40-900b-4a78-9fde-5bd4f4cb6f55/distill_methodvanilla_dkd_alpha1.0_dkd_beta8.0_kl_methodkl_mse_normalizeFalse_temperature1.5_weight_ce0.5_weight_kl0.5_weight_mse0.0_zscoreFalse/final_summary.json
raw,splice_sites_acceptors,0.5,0.5,0.0,2.0,0.0001,16,42,0.847999391997568,0.8146795053129534,0.8240097205320905,0.9073199874115205,196,200,False,${OG_SCRATCH}/carbon_distillation/deploy_120k/splice_sites_acceptors/20260623_144937/8e2e99d6-8c01-4708-b7e4-970ab6cc8828/distill_methodvanilla_dkd_alpha1.0_dkd_beta8.0_kl_methodkl_mse_normalizeFalse_temperature2.0_weight_ce0.5_weight_kl0.5_weight_mse0.0_zscoreFalse/final_summary.json
raw,splice_sites_acceptors,0.5,0.5,0.0,4.0,0.0001,16,42,0.8387171764540418,0.791957652252585,0.7800341172620511,0.8959465396443684,122,200,False,${OG_SCRATCH}/carbon_distillation/deploy_120k/splice_sites_acceptors/20260623_145452/aab9ab7f-d0b9-4b94-978e-6f8235161f7b/distill_methodvanilla_dkd_alpha1.0_dkd_beta8.0_kl_methodkl_mse_normalizeFalse_temperature4.0_weight_ce0.5_weight_kl0.5_weight_mse0.0_zscoreFalse/final_summary.json
raw,splice_sites_acceptors,0.5,0.5,1.0,1.5,0.0001,16,42,0.7754529878659376,0.7622703554675417,0.7392912386904991,0.8808595598967717,41,141,True,${OG_SCRATCH}/carbon_distillation/deploy_120k/splice_sites_acceptors/20260623_145611/a9fd7c43-8d4e-4088-8026-474a4bd789d9/distill_methodvanilla_dkd_alpha1.0_dkd_beta8.0_kl_methodkl_mse_normalizeFalse_temperature1.5_weight_ce0.5_weight_kl0.5_weight_mse1.0_zscoreFalse/final_summary.json
raw,splice_sites_acceptors,0.5,0.5,1.0,1.0,0.0001,16,42,0.7673652541152838,0.7626863292513042,0.7288952158572243,0.881318089301248,32,132,True,${OG_SCRATCH}/carbon_distillation/deploy_120k/splice_sites_acceptors/20260623_145649/8409e562-4efd-428b-8390-5d321acc80cc/distill_methodvanilla_dkd_alpha1.0_dkd_beta8.0_kl_methodkl_mse_normalizeFalse_temperature1.0_weight_ce0.5_weight_kl0.5_weight_mse1.0_zscoreFalse/final_summary.json
raw,splice_sites_acceptors,0.5,0.5,1.0,0.5,0.0001,16,42,0.7627919139919643,0.7731047066408808,0.7409051532472025,0.8857511914836755,36,136,True,${OG_SCRATCH}/carbon_distillation/deploy_120k/splice_sites_acceptors/20260623_145649/3cf764d7-8384-4256-aad0-fbcf4f7f8572/distill_methodvanilla_dkd_alpha1.0_dkd_beta8.0_kl_methodkl_mse_normalizeFalse_temperature0.5_weight_ce0.5_weight_kl0.5_weight_mse1.0_zscoreFalse/final_summary.json
raw,splice_sites_acceptors,0.5,0.5,1.0,2.0,0.0001,16,42,0.7867040605831996,0.7704343140792494,0.7713318164441534,0.884999884999885,44,144,True,${OG_SCRATCH}/carbon_distillation/deploy_120k/splice_sites_acceptors/20260623_145902/76b5e231-7eb8-4bd0-bfe4-f75d549c3695/distill_methodvanilla_dkd_alpha1.0_dkd_beta8.0_kl_methodkl_mse_normalizeFalse_temperature2.0_weight_ce0.5_weight_kl0.5_weight_mse1.0_zscoreFalse/final_summary.json
raw,splice_sites_acceptors,0.5,0.5,1.0,4.0,0.0001,16,42,0.776112571825119,0.7550017506424216,0.7503498176428538,0.876314851132109,58,158,True,${OG_SCRATCH}/carbon_distillation/deploy_120k/splice_sites_acceptors/20260623_145902/f0c11d2a-f969-457a-8cd1-8956e7246a39/distill_methodvanilla_dkd_alpha1.0_dkd_beta8.0_kl_methodkl_mse_normalizeFalse_temperature4.0_weight_ce0.5_weight_kl0.5_weight_mse1.0_zscoreFalse/final_summary.json
raw,splice_sites_acceptors,0.5,0.5,2.0,0.5,0.0001,16,42,0.7660948580823193,0.7741477508278658,0.7450237855720174,0.8868913025417426,44,144,True,${OG_SCRATCH}/carbon_distillation/deploy_120k/splice_sites_acceptors/20260623_150322/b10ad429-ed77-47a0-85c2-b16e4aa05234/distill_methodvanilla_dkd_alpha1.0_dkd_beta8.0_kl_methodkl_mse_normalizeFalse_temperature0.5_weight_ce0.5_weight_kl0.5_weight_mse2.0_zscoreFalse/final_summary.json
raw,splice_sites_acceptors,0.5,0.5,2.0,1.0,0.0001,16,42,0.7872381343328455,0.7608428797347964,0.7433010798886636,0.879646326895912,39,139,True,${OG_SCRATCH}/carbon_distillation/deploy_120k/splice_sites_acceptors/20260623_150734/f2fc5dec-6888-4e50-8367-028eddf4d7f8/distill_methodvanilla_dkd_alpha1.0_dkd_beta8.0_kl_methodkl_mse_normalizeFalse_temperature1.0_weight_ce0.5_weight_kl0.5_weight_mse2.0_zscoreFalse/final_summary.json
raw,splice_sites_acceptors,0.5,0.5,2.0,1.5,0.0001,16,42,0.7735692383087657,0.7610622429068734,0.7251268616787502,0.8803330009250026,40,140,True,${OG_SCRATCH}/carbon_distillation/deploy_120k/splice_sites_acceptors/20260623_152327/28416946-43d8-4258-871e-c7588c7f7902/distill_methodvanilla_dkd_alpha1.0_dkd_beta8.0_kl_methodkl_mse_normalizeFalse_temperature1.5_weight_ce0.5_weight_kl0.5_weight_mse2.0_zscoreFalse/final_summary.json
raw,splice_sites_acceptors,0.5,0.5,2.0,2.0,0.0001,16,42,0.7835357014905157,0.7629774543117269,0.7400756519490888,0.8813320148001644,46,146,True,${OG_SCRATCH}/carbon_distillation/deploy_120k/splice_sites_acceptors/20260623_152327/4a3b6c39-5b78-400a-966a-db6f3d80748b/distill_methodvanilla_dkd_alpha1.0_dkd_beta8.0_kl_methodkl_mse_normalizeFalse_temperature2.0_weight_ce0.5_weight_kl0.5_weight_mse2.0_zscoreFalse/final_summary.json
raw,splice_sites_acceptors,0.5,0.5,2.0,4.0,0.0001,16,42,0.7766988135300759,0.7653112284782911,0.7313224481106183,0.8826458036984353,42,142,True,${OG_SCRATCH}/carbon_distillation/deploy_120k/splice_sites_acceptors/20260623_152540/a6c84882-407c-4914-bd71-b95f7b6148d9/distill_methodvanilla_dkd_alpha1.0_dkd_beta8.0_kl_methodkl_mse_normalizeFalse_temperature4.0_weight_ce0.5_weight_kl0.5_weight_mse2.0_zscoreFalse/final_summary.json
raw,splice_sites_acceptors,0.5,0.5,5.0,1.0,0.0001,16,42,0.7738887762526856,0.7673873259582853,0.7252679136862,0.8835732018203502,44,144,True,${OG_SCRATCH}/carbon_distillation/deploy_120k/splice_sites_acceptors/20260623_152915/e084fdc4-c9c2-4d03-8279-bfe6c7c1bdcc/distill_methodvanilla_dkd_alpha1.0_dkd_beta8.0_kl_methodkl_mse_normalizeFalse_temperature1.0_weight_ce0.5_weight_kl0.5_weight_mse5.0_zscoreFalse/final_summary.json
raw,splice_sites_acceptors,0.5,0.5,5.0,0.5,0.0001,16,42,0.7646828362117092,0.7655534457576474,0.7367690028020033,0.8826633290902497,39,139,True,${OG_SCRATCH}/carbon_distillation/deploy_120k/splice_sites_acceptors/20260623_152946/7d1f9db3-cb6d-4722-992a-e94d1a23d7fc/distill_methodvanilla_dkd_alpha1.0_dkd_beta8.0_kl_methodkl_mse_normalizeFalse_temperature0.5_weight_ce0.5_weight_kl0.5_weight_mse5.0_zscoreFalse/final_summary.json
raw,splice_sites_acceptors,0.5,0.5,5.0,1.5,0.0001,16,42,0.7663580033578234,0.784757329982191,0.7265234863581052,0.8922427094519825,40,140,True,${OG_SCRATCH}/carbon_distillation/deploy_120k/splice_sites_acceptors/20260623_154903/42f267e6-e6cd-4a4a-8f1d-a0f74c6d8c85/distill_methodvanilla_dkd_alpha1.0_dkd_beta8.0_kl_methodkl_mse_normalizeFalse_temperature1.5_weight_ce0.5_weight_kl0.5_weight_mse5.0_zscoreFalse/final_summary.json
raw,splice_sites_acceptors,0.5,1.0,0.0,1.0,0.0001,16,42,0.8172840738299195,0.789183717387658,0.8021587148437962,0.8943333215925913,183,200,False,${OG_SCRATCH}/carbon_distillation/deploy_120k/splice_sites_acceptors/20260623_154943/5bfcc626-821d-4df5-95d4-ecee89b35030/distill_methodvanilla_dkd_alpha1.0_dkd_beta8.0_kl_methodkl_mse_normalizeFalse_temperature1.0_weight_ce0.5_weight_kl1.0_weight_mse0.0_zscoreFalse/final_summary.json
raw,splice_sites_acceptors,0.5,1.0,0.0,0.5,0.0001,16,42,0.8362323662242169,0.8090372854511132,0.8031338441717669,0.9043328124786456,193,200,False,${OG_SCRATCH}/carbon_distillation/deploy_120k/splice_sites_acceptors/20260623_155039/e3dd64dc-0316-4204-8e9c-9eb1efae33f5/distill_methodvanilla_dkd_alpha1.0_dkd_beta8.0_kl_methodkl_mse_normalizeFalse_temperature0.5_weight_ce0.5_weight_kl1.0_weight_mse0.0_zscoreFalse/final_summary.json
raw,splice_sites_acceptors,0.5,0.5,5.0,4.0,0.0001,16,42,0.7738887762526856,0.7808222055137022,0.7545899330571977,0.8902278422897738,49,149,True,${OG_SCRATCH}/carbon_distillation/deploy_120k/splice_sites_acceptors/20260623_155156/dcdc53f4-b52b-41cd-86e6-6362918eec8e/distill_methodvanilla_dkd_alpha1.0_dkd_beta8.0_kl_methodkl_mse_normalizeFalse_temperature4.0_weight_ce0.5_weight_kl0.5_weight_mse5.0_zscoreFalse/final_summary.json
raw,splice_sites_acceptors,0.5,0.5,5.0,2.0,0.0001,16,42,0.784919984857396,0.7763812262005884,0.7319120147813039,0.887999551998208,46,146,True,${OG_SCRATCH}/carbon_distillation/deploy_120k/splice_sites_acceptors/20260623_155156/b81b8a3c-761d-437a-82c4-00ebc46c4600/distill_methodvanilla_dkd_alpha1.0_dkd_beta8.0_kl_methodkl_mse_normalizeFalse_temperature2.0_weight_ce0.5_weight_kl0.5_weight_mse5.0_zscoreFalse/final_summary.json
raw,splice_sites_acceptors,0.5,1.0,0.0,2.0,0.0001,16,42,0.824727691428801,0.788998915551934,0.7908739572568151,0.8943323823247742,176,200,False,${OG_SCRATCH}/carbon_distillation/deploy_120k/splice_sites_acceptors/20260623_155325/1292dfd4-28e0-4340-bd87-c5de665f28d7/distill_methodvanilla_dkd_alpha1.0_dkd_beta8.0_kl_methodkl_mse_normalizeFalse_temperature2.0_weight_ce0.5_weight_kl1.0_weight_mse0.0_zscoreFalse/final_summary.json
raw,splice_sites_acceptors,0.5,1.0,0.0,1.5,0.0001,16,42,0.8456729098754727,0.8079664541286286,0.740943703633541,0.9039506519794169,198,200,False,${OG_SCRATCH}/carbon_distillation/deploy_120k/splice_sites_acceptors/20260623_155336/c13b09fd-e78d-413a-8b42-96875c57c7ec/distill_methodvanilla_dkd_alpha1.0_dkd_beta8.0_kl_methodkl_mse_normalizeFalse_temperature1.5_weight_ce0.5_weight_kl1.0_weight_mse0.0_zscoreFalse/final_summary.json
raw,splice_sites_acceptors,0.5,1.0,1.0,0.5,0.0001,16,42,0.7813735772662741,0.7826905159359479,0.7420612648566073,0.8912560042697029,41,141,True,${OG_SCRATCH}/carbon_distillation/deploy_120k/splice_sites_acceptors/20260623_155357/e12f1b15-a31d-4cd0-a9e0-a89deb60f4db/distill_methodvanilla_dkd_alpha1.0_dkd_beta8.0_kl_methodkl_mse_normalizeFalse_temperature0.5_weight_ce0.5_weight_kl1.0_weight_mse1.0_zscoreFalse/final_summary.json
raw,splice_sites_acceptors,0.5,1.0,0.0,4.0,0.0001,16,42,0.8441981407471935,0.8126180816449768,0.8239596201952601,0.9062920081089094,170,200,False,${OG_SCRATCH}/carbon_distillation/deploy_120k/splice_sites_acceptors/20260623_155358/f79d2f22-8dcd-4c6b-b113-6d5a5afb7d4d/distill_methodvanilla_dkd_alpha1.0_dkd_beta8.0_kl_methodkl_mse_normalizeFalse_temperature4.0_weight_ce0.5_weight_kl1.0_weight_mse0.0_zscoreFalse/final_summary.json
raw,splice_sites_acceptors,0.5,1.0,2.0,0.5,0.0001,16,42,0.773928640495329,0.779418693422319,0.7339921019551556,0.8895737982309789,41,141,True,${OG_SCRATCH}/carbon_distillation/deploy_120k/splice_sites_acceptors/20260623_155649/e4c6fde3-c3c2-4c94-8ab7-44cc207aebdc/distill_methodvanilla_dkd_alpha1.0_dkd_beta8.0_kl_methodkl_mse_normalizeFalse_temperature0.5_weight_ce0.5_weight_kl1.0_weight_mse2.0_zscoreFalse/final_summary.json
raw,splice_sites_acceptors,0.5,1.0,1.0,2.0,0.0001,16,42,0.7615158549019542,0.7519220842005807,0.7437940276954185,0.8759470155919928,34,134,True,${OG_SCRATCH}/carbon_distillation/deploy_120k/splice_sites_acceptors/20260623_155734/ea365c26-130e-447c-8c78-da343773e974/distill_methodvanilla_dkd_alpha1.0_dkd_beta8.0_kl_methodkl_mse_normalizeFalse_temperature2.0_weight_ce0.5_weight_kl1.0_weight_mse1.0_zscoreFalse/final_summary.json
raw,splice_sites_acceptors,0.5,1.0,1.0,1.5,0.0001,16,42,0.7546859112034926,0.7398780063621267,0.7319202268593417,0.8693202653598693,42,142,True,${OG_SCRATCH}/carbon_distillation/deploy_120k/splice_sites_acceptors/20260623_155751/dad35673-e558-41b4-b8c0-f5c644241582/distill_methodvanilla_dkd_alpha1.0_dkd_beta8.0_kl_methodkl_mse_normalizeFalse_temperature1.5_weight_ce0.5_weight_kl1.0_weight_mse1.0_zscoreFalse/final_summary.json
raw,splice_sites_acceptors,0.5,1.0,1.0,1.0,0.0001,16,42,0.7869570196780159,0.7812934136350014,0.7622339206532553,0.890643142791605,41,141,True,${OG_SCRATCH}/carbon_distillation/deploy_120k/splice_sites_acceptors/20260623_155751/6c6f2309-d8e3-4c66-be0b-84f35ad1e0c2/distill_methodvanilla_dkd_alpha1.0_dkd_beta8.0_kl_methodkl_mse_normalizeFalse_temperature1.0_weight_ce0.5_weight_kl1.0_weight_mse1.0_zscoreFalse/final_summary.json
raw,splice_sites_acceptors,0.5,1.0,1.0,4.0,0.0001,16,42,0.7702194944276859,0.7559212593618705,0.7119664741464667,0.877954382060139,49,149,True,${OG_SCRATCH}/carbon_distillation/deploy_120k/splice_sites_acceptors/20260623_160119/ae01389c-c32d-4ffa-b88d-204feda52482/distill_methodvanilla_dkd_alpha1.0_dkd_beta8.0_kl_methodkl_mse_normalizeFalse_temperature4.0_weight_ce0.5_weight_kl1.0_weight_mse1.0_zscoreFalse/final_summary.json
raw,splice_sites_acceptors,0.5,1.0,2.0,1.0,0.0001,16,42,0.768216632775919,0.7653792481476651,0.7373333492205478,0.8817042606516291,35,135,True,${OG_SCRATCH}/carbon_distillation/deploy_120k/splice_sites_acceptors/20260623_160537/c1d8f87b-77dc-4b7b-ac2f-5f84d375693a/distill_methodvanilla_dkd_alpha1.0_dkd_beta8.0_kl_methodkl_mse_normalizeFalse_temperature1.0_weight_ce0.5_weight_kl1.0_weight_mse2.0_zscoreFalse/final_summary.json
raw,splice_sites_acceptors,0.5,1.0,2.0,1.5,0.0001,16,42,0.7846656925881305,0.792284242665965,0.7506688933744109,0.8959983359733756,44,144,True,${OG_SCRATCH}/carbon_distillation/deploy_120k/splice_sites_acceptors/20260623_162342/d9e1d47c-9480-4b7c-95f1-b39651feb47f/distill_methodvanilla_dkd_alpha1.0_dkd_beta8.0_kl_methodkl_mse_normalizeFalse_temperature1.5_weight_ce0.5_weight_kl1.0_weight_mse2.0_zscoreFalse/final_summary.json
raw,splice_sites_acceptors,0.5,1.0,2.0,2.0,0.0001,16,42,0.7816511388581967,0.7467941454258705,0.7461265212349115,0.8732088526023994,129,200,False,${OG_SCRATCH}/carbon_distillation/deploy_120k/splice_sites_acceptors/20260623_162510/d94bb48a-77e7-412a-8a8c-362ff4ac97c1/distill_methodvanilla_dkd_alpha1.0_dkd_beta8.0_kl_methodkl_mse_normalizeFalse_temperature2.0_weight_ce0.5_weight_kl1.0_weight_mse2.0_zscoreFalse/final_summary.json
raw,splice_sites_acceptors,0.5,1.0,5.0,0.5,0.0001,16,42,0.772767425884828,0.7614545206814686,0.7132836038410295,0.8805543346542792,40,140,True,${OG_SCRATCH}/carbon_distillation/deploy_120k/splice_sites_acceptors/20260623_162758/2db0da2c-7c24-4272-b693-895d363dad0b/distill_methodvanilla_dkd_alpha1.0_dkd_beta8.0_kl_methodkl_mse_normalizeFalse_temperature0.5_weight_ce0.5_weight_kl1.0_weight_mse5.0_zscoreFalse/final_summary.json
raw,splice_sites_acceptors,0.5,1.0,5.0,1.0,0.0001,16,42,0.7827149612199055,0.7812642433096717,0.7399510216530637,0.890628556794901,44,144,True,${OG_SCRATCH}/carbon_distillation/deploy_120k/splice_sites_acceptors/20260623_163843/628862f0-30d4-40ae-adcf-bd0b48b128c7/distill_methodvanilla_dkd_alpha1.0_dkd_beta8.0_kl_methodkl_mse_normalizeFalse_temperature1.0_weight_ce0.5_weight_kl1.0_weight_mse5.0_zscoreFalse/final_summary.json
raw,splice_sites_acceptors,0.5,1.0,2.0,4.0,0.0001,16,42,0.7949105879782082,0.7660471930342656,0.7446346743146345,0.8819617556088173,47,147,True,${OG_SCRATCH}/carbon_distillation/deploy_120k/splice_sites_acceptors/20260623_164610/8423b171-c045-4067-9c6a-f254ddad1c5a/distill_methodvanilla_dkd_alpha1.0_dkd_beta8.0_kl_methodkl_mse_normalizeFalse_temperature4.0_weight_ce0.5_weight_kl1.0_weight_mse2.0_zscoreFalse/final_summary.json
raw,splice_sites_acceptors,0.5,1.0,5.0,1.5,0.0001,16,42,0.8006924864304311,0.7838488416821392,0.7485974460586362,0.8916666546296284,46,146,True,${OG_SCRATCH}/carbon_distillation/deploy_120k/splice_sites_acceptors/20260623_164629/36284263-e379-493a-b422-e667633df78a/distill_methodvanilla_dkd_alpha1.0_dkd_beta8.0_kl_methodkl_mse_normalizeFalse_temperature1.5_weight_ce0.5_weight_kl1.0_weight_mse5.0_zscoreFalse/final_summary.json
raw,splice_sites_acceptors,0.5,1.0,5.0,2.0,0.0001,16,42,0.780565934882285,0.7720629270051317,0.7468441218986439,0.8856651294978521,50,150,True,${OG_SCRATCH}/carbon_distillation/deploy_120k/splice_sites_acceptors/20260623_164645/1c347213-46c5-4277-9c94-a715aa012524/distill_methodvanilla_dkd_alpha1.0_dkd_beta8.0_kl_methodkl_mse_normalizeFalse_temperature2.0_weight_ce0.5_weight_kl1.0_weight_mse5.0_zscoreFalse/final_summary.json
raw,splice_sites_acceptors,0.5,1.0,5.0,4.0,0.0001,16,42,0.7771667661189897,0.7515103949652515,0.7215570540469038,0.8756616793184704,42,142,True,${OG_SCRATCH}/carbon_distillation/deploy_120k/splice_sites_acceptors/20260623_164837/6268990a-10fd-4bf9-b4f7-bd35183e4f0b/distill_methodvanilla_dkd_alpha1.0_dkd_beta8.0_kl_methodkl_mse_normalizeFalse_temperature4.0_weight_ce0.5_weight_kl1.0_weight_mse5.0_zscoreFalse/final_summary.json
raw,splice_sites_acceptors,0.5,0.5,0.0,1.5,0.0001,16,0,0.8207363334871758,0.792668796152152,0.7692451088919262,0.896317562082499,190,200,False,${OG_SCRATCH}/carbon_distillation/deploy_120k/splice_sites_acceptors/20260624_010918/49dee9e7-07a4-473d-b4b4-e6d06405cd87/distill_methodvanilla_dkd_alpha1.0_dkd_beta8.0_kl_methodkl_mse_normalizeFalse_temperature1.5_weight_ce0.5_weight_kl0.5_weight_mse0.0_zscoreFalse/final_summary.json
raw,splice_sites_acceptors,0.5,0.5,0.0,1.5,0.0001,16,1,0.8063737726153097,0.7667295608992336,0.7555188484781036,0.8832373804072768,179,200,False,${OG_SCRATCH}/carbon_distillation/deploy_120k/splice_sites_acceptors/20260624_011123/0a2400c1-0f3d-40bd-82b7-f1975328b6d5/distill_methodvanilla_dkd_alpha1.0_dkd_beta8.0_kl_methodkl_mse_normalizeFalse_temperature1.5_weight_ce0.5_weight_kl0.5_weight_mse0.0_zscoreFalse/final_summary.json
raw,splice_sites_acceptors,0.5,0.5,0.0,1.5,0.0001,16,2,0.8253628848980799,0.8071310871950357,0.8180808904898053,0.9032031954071585,197,200,False,${OG_SCRATCH}/carbon_distillation/deploy_120k/splice_sites_acceptors/20260624_011719/c45e7364-9493-479e-9b56-ee7b3a31b84e/distill_methodvanilla_dkd_alpha1.0_dkd_beta8.0_kl_methodkl_mse_normalizeFalse_temperature1.5_weight_ce0.5_weight_kl0.5_weight_mse0.0_zscoreFalse/final_summary.json
raw,splice_sites_donors,0.5,0.5,0.2,2.0,0.0001,16,,0.5778420778660607,0.5518845073303352,0.5012710905488816,0.7727499572235214,36,200,,${OG_SCRATCH}/carbon_distillation/deploy_120k/splice_sites_donors/20260618_214428/b925f2b6-8bb4-4b93-a692-5f4d6993f083/distill_methodvanilla_dkd_alpha1.0_dkd_beta8.0_kl_methodkl_mse_normalizeFalse_temperature2.0_weight_ce0.5_weight_kl0.5_weight_mse0.2_zscoreFalse/final_summary.json
l2norm,splice_sites_donors,0.5,0.5,0.2,2.0,0.0001,16,,0.6355987679227477,0.6010876778080589,0.6175836961920831,0.798771919149694,163,200,,${OG_SCRATCH}/carbon_distillation/deploy_120k/splice_sites_donors/20260618_235946/a1e9c9d9-9c21-41f8-a031-847497b3704e/distill_methodvanilla_dkd_alpha1.0_dkd_beta8.0_kl_methodkl_mse_normalizeTrue_temperature2.0_weight_ce0.5_weight_kl0.5_weight_mse0.2_zscoreFalse/final_summary.json
raw,splice_sites_donors,0.5,0.0,0.0,1.0,0.0001,16,42,0.6526556966882173,0.6312592091050441,0.6191121917893015,0.8156287886255743,190,200,False,${OG_SCRATCH}/carbon_distillation/deploy_120k/splice_sites_donors/20260623_164740/55f27217-a387-4c92-9aee-f5053a1e7303/distill_methodvanilla_dkd_alpha1.0_dkd_beta8.0_kl_methodkl_mse_normalizeFalse_temperature1.0_weight_ce0.5_weight_kl0.0_weight_mse0.0_zscoreFalse/final_summary.json
raw,splice_sites_donors,0.5,0.0,0.0,0.5,0.0001,16,42,0.6526556966882173,0.6312592091050441,0.6191121917893015,0.8156287886255743,190,200,False,${OG_SCRATCH}/carbon_distillation/deploy_120k/splice_sites_donors/20260623_164837/6a882433-ce65-4a16-abf5-e51c6e1f3dab/distill_methodvanilla_dkd_alpha1.0_dkd_beta8.0_kl_methodkl_mse_normalizeFalse_temperature0.5_weight_ce0.5_weight_kl0.0_weight_mse0.0_zscoreFalse/final_summary.json
raw,splice_sites_donors,0.5,0.0,0.0,2.0,0.0001,16,42,0.6335610188460589,0.6216775694614173,0.5475660191930366,0.8103044785367908,187,200,False,${OG_SCRATCH}/carbon_distillation/deploy_120k/splice_sites_donors/20260623_165126/371b4c8b-7a03-4737-b208-488f806839e5/distill_methodvanilla_dkd_alpha1.0_dkd_beta8.0_kl_methodkl_mse_normalizeFalse_temperature2.0_weight_ce0.5_weight_kl0.0_weight_mse0.0_zscoreFalse/final_summary.json
raw,splice_sites_donors,0.5,0.0,0.0,1.5,0.0001,16,42,0.6526556966882173,0.6312592091050441,0.6191121917893015,0.8156287886255743,190,200,False,${OG_SCRATCH}/carbon_distillation/deploy_120k/splice_sites_donors/20260623_165129/2e618b4b-a187-42fd-8ea4-233696845c67/distill_methodvanilla_dkd_alpha1.0_dkd_beta8.0_kl_methodkl_mse_normalizeFalse_temperature1.5_weight_ce0.5_weight_kl0.0_weight_mse0.0_zscoreFalse/final_summary.json
raw,splice_sites_donors,0.5,0.0,0.0,4.0,0.0001,16,42,0.6335610188460589,0.6216775694614173,0.5475660191930366,0.8103044785367908,187,200,False,${OG_SCRATCH}/carbon_distillation/deploy_120k/splice_sites_donors/20260623_165456/b81061c8-05b9-41d7-8dfe-fa356bc0439b/distill_methodvanilla_dkd_alpha1.0_dkd_beta8.0_kl_methodkl_mse_normalizeFalse_temperature4.0_weight_ce0.5_weight_kl0.0_weight_mse0.0_zscoreFalse/final_summary.json
raw,splice_sites_donors,0.5,0.0,1.0,1.0,0.0001,16,42,0.5911975151597563,0.567770666672163,0.47072670706496283,0.7759970732970936,40,140,True,${OG_SCRATCH}/carbon_distillation/deploy_120k/splice_sites_donors/20260623_165813/c6141fff-2893-457d-8b8d-fefa1efb3ccb/distill_methodvanilla_dkd_alpha1.0_dkd_beta8.0_kl_methodkl_mse_normalizeFalse_temperature1.0_weight_ce0.5_weight_kl0.0_weight_mse1.0_zscoreFalse/final_summary.json
raw,splice_sites_donors,0.5,0.0,1.0,0.5,0.0001,16,42,0.5911975151597563,0.567770666672163,0.47072670706496283,0.7759970732970936,40,140,True,${OG_SCRATCH}/carbon_distillation/deploy_120k/splice_sites_donors/20260623_165913/c7b22ce3-e993-4e16-9312-831b7c9d51bf/distill_methodvanilla_dkd_alpha1.0_dkd_beta8.0_kl_methodkl_mse_normalizeFalse_temperature0.5_weight_ce0.5_weight_kl0.0_weight_mse1.0_zscoreFalse/final_summary.json
raw,splice_sites_donors,0.5,0.0,1.0,2.0,0.0001,16,42,0.5911975151597563,0.567770666672163,0.47072670706496283,0.7759970732970936,40,140,True,${OG_SCRATCH}/carbon_distillation/deploy_120k/splice_sites_donors/20260623_170223/6c1bb42e-2c17-4c7f-9e58-43b9a922ca0a/distill_methodvanilla_dkd_alpha1.0_dkd_beta8.0_kl_methodkl_mse_normalizeFalse_temperature2.0_weight_ce0.5_weight_kl0.0_weight_mse1.0_zscoreFalse/final_summary.json
raw,splice_sites_donors,0.5,0.0,1.0,1.5,0.0001,16,42,0.5911975151597563,0.567770666672163,0.47072670706496283,0.7759970732970936,40,140,True,${OG_SCRATCH}/carbon_distillation/deploy_120k/splice_sites_donors/20260623_170324/ef1f19b5-0cf8-4386-9ac9-94d7938305ca/distill_methodvanilla_dkd_alpha1.0_dkd_beta8.0_kl_methodkl_mse_normalizeFalse_temperature1.5_weight_ce0.5_weight_kl0.0_weight_mse1.0_zscoreFalse/final_summary.json
raw,splice_sites_donors,0.5,0.0,1.0,4.0,0.0001,16,42,0.5873578629246904,0.5828308673758552,0.47585723075229924,0.7905503581633415,33,133,True,${OG_SCRATCH}/carbon_distillation/deploy_120k/splice_sites_donors/20260623_170620/9a583f14-c8ea-4eed-9126-6c82c2075b72/distill_methodvanilla_dkd_alpha1.0_dkd_beta8.0_kl_methodkl_mse_normalizeFalse_temperature4.0_weight_ce0.5_weight_kl0.0_weight_mse1.0_zscoreFalse/final_summary.json
raw,splice_sites_donors,0.5,0.0,2.0,0.5,0.0001,16,42,0.5847624128009452,0.571440852543604,0.48577150214269377,0.7836985238091847,38,138,True,${OG_SCRATCH}/carbon_distillation/deploy_120k/splice_sites_donors/20260623_171035/61ac3122-fe44-45ff-a902-d4579550e309/distill_methodvanilla_dkd_alpha1.0_dkd_beta8.0_kl_methodkl_mse_normalizeFalse_temperature0.5_weight_ce0.5_weight_kl0.0_weight_mse2.0_zscoreFalse/final_summary.json
raw,splice_sites_donors,0.5,0.0,2.0,1.0,0.0001,16,42,0.5830612962352365,0.5519067730140372,0.48351002668272797,0.7723112415055543,40,140,True,${OG_SCRATCH}/carbon_distillation/deploy_120k/splice_sites_donors/20260623_171152/81fd4a5f-00b4-4d59-a861-3071ad58674c/distill_methodvanilla_dkd_alpha1.0_dkd_beta8.0_kl_methodkl_mse_normalizeFalse_temperature1.0_weight_ce0.5_weight_kl0.0_weight_mse2.0_zscoreFalse/final_summary.json
raw,splice_sites_donors,0.5,0.0,2.0,1.5,0.0001,16,42,0.5847624128009452,0.571440852543604,0.48577150214269377,0.7836985238091847,38,138,True,${OG_SCRATCH}/carbon_distillation/deploy_120k/splice_sites_donors/20260623_172447/cea5989d-63cb-4b76-9f08-7f836ad25f18/distill_methodvanilla_dkd_alpha1.0_dkd_beta8.0_kl_methodkl_mse_normalizeFalse_temperature1.5_weight_ce0.5_weight_kl0.0_weight_mse2.0_zscoreFalse/final_summary.json
raw,splice_sites_donors,0.5,0.0,2.0,2.0,0.0001,16,42,0.5847624128009452,0.571440852543604,0.48577150214269377,0.7836985238091847,38,138,True,${OG_SCRATCH}/carbon_distillation/deploy_120k/splice_sites_donors/20260623_172645/3b1ce36c-7cd8-4958-ac39-36331de4ac5e/distill_methodvanilla_dkd_alpha1.0_dkd_beta8.0_kl_methodkl_mse_normalizeFalse_temperature2.0_weight_ce0.5_weight_kl0.0_weight_mse2.0_zscoreFalse/final_summary.json
raw,splice_sites_donors,0.5,0.0,2.0,4.0,0.0001,16,42,0.5830612962352365,0.5519067730140372,0.48351002668272797,0.7723112415055543,40,140,True,${OG_SCRATCH}/carbon_distillation/deploy_120k/splice_sites_donors/20260623_173843/01a88793-4bcc-4f6c-a92e-d45ed8546b88/distill_methodvanilla_dkd_alpha1.0_dkd_beta8.0_kl_methodkl_mse_normalizeFalse_temperature4.0_weight_ce0.5_weight_kl0.0_weight_mse2.0_zscoreFalse/final_summary.json
raw,splice_sites_donors,0.5,0.0,5.0,2.0,0.0001,16,42,0.5635743222484291,0.5652837581631297,0.45144060066890834,0.7826387478213868,30,130,True,${OG_SCRATCH}/carbon_distillation/deploy_120k/splice_sites_donors/20260623_173943/318c7aac-6a99-4b5b-9b90-a8aacaa8eebf/distill_methodvanilla_dkd_alpha1.0_dkd_beta8.0_kl_methodkl_mse_normalizeFalse_temperature2.0_weight_ce0.5_weight_kl0.0_weight_mse5.0_zscoreFalse/final_summary.json
raw,splice_sites_donors,0.5,0.0,5.0,0.5,0.0001,16,42,0.5547805241976359,0.5645661688548008,0.4234378065271443,0.7800124760047855,28,128,True,${OG_SCRATCH}/carbon_distillation/deploy_120k/splice_sites_donors/20260623_173944/6c271464-8999-401b-9b23-26986041b5f4/distill_methodvanilla_dkd_alpha1.0_dkd_beta8.0_kl_methodkl_mse_normalizeFalse_temperature0.5_weight_ce0.5_weight_kl0.0_weight_mse5.0_zscoreFalse/final_summary.json
raw,splice_sites_donors,0.5,0.0,5.0,1.5,0.0001,16,42,0.5635743222484291,0.5652837581631297,0.45144060066890834,0.7826387478213868,30,130,True,${OG_SCRATCH}/carbon_distillation/deploy_120k/splice_sites_donors/20260623_173945/e0450673-3f13-4afb-8172-c54a0bb9b605/distill_methodvanilla_dkd_alpha1.0_dkd_beta8.0_kl_methodkl_mse_normalizeFalse_temperature1.5_weight_ce0.5_weight_kl0.0_weight_mse5.0_zscoreFalse/final_summary.json
raw,splice_sites_donors,0.5,0.0,5.0,1.0,0.0001,16,42,0.5635743222484291,0.5652837581631297,0.45144060066890834,0.7826387478213868,30,130,True,${OG_SCRATCH}/carbon_distillation/deploy_120k/splice_sites_donors/20260623_174040/abbd83b8-34c6-4ee3-8c4c-a98d6954183d/distill_methodvanilla_dkd_alpha1.0_dkd_beta8.0_kl_methodkl_mse_normalizeFalse_temperature1.0_weight_ce0.5_weight_kl0.0_weight_mse5.0_zscoreFalse/final_summary.json
raw,splice_sites_donors,0.5,0.25,0.0,0.5,0.0001,16,42,0.6477616438769092,0.6132503553053995,0.6097771460794505,0.8065893023876217,189,200,False,${OG_SCRATCH}/carbon_distillation/deploy_120k/splice_sites_donors/20260623_174552/8d0c0728-7aab-4745-858d-f7ed7d1f968a/distill_methodvanilla_dkd_alpha1.0_dkd_beta8.0_kl_methodkl_mse_normalizeFalse_temperature0.5_weight_ce0.5_weight_kl0.25_weight_mse0.0_zscoreFalse/final_summary.json
raw,splice_sites_donors,0.5,0.0,5.0,4.0,0.0001,16,42,0.5635743222484291,0.5652837581631297,0.45144060066890834,0.7826387478213868,30,130,True,${OG_SCRATCH}/carbon_distillation/deploy_120k/splice_sites_donors/20260623_174652/6d3ffdaf-349d-4b81-9957-d1d943e993cb/distill_methodvanilla_dkd_alpha1.0_dkd_beta8.0_kl_methodkl_mse_normalizeFalse_temperature4.0_weight_ce0.5_weight_kl0.0_weight_mse5.0_zscoreFalse/final_summary.json
raw,splice_sites_donors,0.5,0.25,0.0,1.5,0.0001,16,42,0.6499874328595849,0.6364163394168131,0.6217784692729345,0.8179987057685744,194,200,False,${OG_SCRATCH}/carbon_distillation/deploy_120k/splice_sites_donors/20260623_174759/d6b698dc-de19-42d9-a21d-00b320fce0b9/distill_methodvanilla_dkd_alpha1.0_dkd_beta8.0_kl_methodkl_mse_normalizeFalse_temperature1.5_weight_ce0.5_weight_kl0.25_weight_mse0.0_zscoreFalse/final_summary.json
raw,splice_sites_donors,0.5,0.25,0.0,1.0,0.0001,16,42,0.6827178249636087,0.6555336375483393,0.6583360453957563,0.8273160649398272,198,200,False,${OG_SCRATCH}/carbon_distillation/deploy_120k/splice_sites_donors/20260623_174925/8bcf5522-5320-4683-8b5a-44a557b2b89f/distill_methodvanilla_dkd_alpha1.0_dkd_beta8.0_kl_methodkl_mse_normalizeFalse_temperature1.0_weight_ce0.5_weight_kl0.25_weight_mse0.0_zscoreFalse/final_summary.json
raw,splice_sites_donors,0.5,0.25,0.0,4.0,0.0001,16,42,0.6246891968080703,0.5951052563041498,0.5619247294047961,0.7973310814564607,66,166,True,${OG_SCRATCH}/carbon_distillation/deploy_120k/splice_sites_donors/20260623_175014/5efb48d0-f002-402d-b0d1-a0884d115532/distill_methodvanilla_dkd_alpha1.0_dkd_beta8.0_kl_methodkl_mse_normalizeFalse_temperature4.0_weight_ce0.5_weight_kl0.25_weight_mse0.0_zscoreFalse/final_summary.json
raw,splice_sites_donors,0.5,0.25,0.0,2.0,0.0001,16,42,0.6020296846097056,0.580468135943757,0.5619013809384117,0.7899966399462391,53,153,True,${OG_SCRATCH}/carbon_distillation/deploy_120k/splice_sites_donors/20260623_175117/d980742e-7962-4289-9aa2-b756bc0d9d8d/distill_methodvanilla_dkd_alpha1.0_dkd_beta8.0_kl_methodkl_mse_normalizeFalse_temperature2.0_weight_ce0.5_weight_kl0.25_weight_mse0.0_zscoreFalse/final_summary.json
raw,splice_sites_donors,0.5,0.25,1.0,0.5,0.0001,16,42,0.5957235011042117,0.5984779920734368,0.5446587909452695,0.798683239261242,29,129,True,${OG_SCRATCH}/carbon_distillation/deploy_120k/splice_sites_donors/20260623_175529/8a07d86c-031d-4be1-b07e-c0599ebd68d6/distill_methodvanilla_dkd_alpha1.0_dkd_beta8.0_kl_methodkl_mse_normalizeFalse_temperature0.5_weight_ce0.5_weight_kl0.25_weight_mse1.0_zscoreFalse/final_summary.json
raw,splice_sites_donors,0.5,0.25,1.0,1.0,0.0001,16,42,0.6468364598989871,0.6545320444896597,0.6165989852330211,0.8262517681911786,42,142,True,${OG_SCRATCH}/carbon_distillation/deploy_120k/splice_sites_donors/20260623_175802/8eec5129-3f23-4191-b98b-d10f5a65982e/distill_methodvanilla_dkd_alpha1.0_dkd_beta8.0_kl_methodkl_mse_normalizeFalse_temperature1.0_weight_ce0.5_weight_kl0.25_weight_mse1.0_zscoreFalse/final_summary.json
raw,splice_sites_donors,0.5,0.25,1.0,1.5,0.0001,16,42,0.6015398072528487,0.6136226950874304,0.5285713430567178,0.8063069695597456,38,138,True,${OG_SCRATCH}/carbon_distillation/deploy_120k/splice_sites_donors/20260623_175817/53fa672c-40cf-4aa6-ae08-5ec6cd531bcf/distill_methodvanilla_dkd_alpha1.0_dkd_beta8.0_kl_methodkl_mse_normalizeFalse_temperature1.5_weight_ce0.5_weight_kl0.25_weight_mse1.0_zscoreFalse/final_summary.json
raw,splice_sites_donors,0.5,0.25,1.0,2.0,0.0001,16,42,0.5996295582960658,0.5871029444757658,0.5442365393657436,0.7933310370115223,41,141,True,${OG_SCRATCH}/carbon_distillation/deploy_120k/splice_sites_donors/20260623_175817/c2ea60ff-acef-4969-9277-a2a94b6679d4/distill_methodvanilla_dkd_alpha1.0_dkd_beta8.0_kl_methodkl_mse_normalizeFalse_temperature2.0_weight_ce0.5_weight_kl0.25_weight_mse1.0_zscoreFalse/final_summary.json
raw,splice_sites_donors,0.5,0.25,1.0,4.0,0.0001,16,42,0.5659228933237899,0.5665668498745168,0.46322321743937583,0.783277852463564,31,131,True,${OG_SCRATCH}/carbon_distillation/deploy_120k/splice_sites_donors/20260623_180756/29c8cb2d-1226-466b-b8cb-0caa5e487b3e/distill_methodvanilla_dkd_alpha1.0_dkd_beta8.0_kl_methodkl_mse_normalizeFalse_temperature4.0_weight_ce0.5_weight_kl0.25_weight_mse1.0_zscoreFalse/final_summary.json
raw,splice_sites_donors,0.5,0.25,2.0,0.5,0.0001,16,42,0.5734469094426012,0.5627532757915709,0.5162695590327169,0.7779357100399448,23,123,True,${OG_SCRATCH}/carbon_distillation/deploy_120k/splice_sites_donors/20260623_180950/9694cdee-f6d6-467a-949e-91fdddaef2f9/distill_methodvanilla_dkd_alpha1.0_dkd_beta8.0_kl_methodkl_mse_normalizeFalse_temperature0.5_weight_ce0.5_weight_kl0.25_weight_mse2.0_zscoreFalse/final_summary.json
raw,splice_sites_donors,0.5,0.25,2.0,2.0,0.0001,16,42,0.5899870106967771,0.5904864365274725,0.5203036945148682,0.7942307001792339,30,130,True,${OG_SCRATCH}/carbon_distillation/deploy_120k/splice_sites_donors/20260623_182330/8d6dd67c-3d4a-4710-8f4a-e4e648214d58/distill_methodvanilla_dkd_alpha1.0_dkd_beta8.0_kl_methodkl_mse_normalizeFalse_temperature2.0_weight_ce0.5_weight_kl0.25_weight_mse2.0_zscoreFalse/final_summary.json
raw,splice_sites_donors,0.5,0.25,2.0,4.0,0.0001,16,42,0.5916940603700782,0.5750405264617581,0.4958457529923702,0.7857523296931253,38,138,True,${OG_SCRATCH}/carbon_distillation/deploy_120k/splice_sites_donors/20260623_182339/d5e41319-11b0-4558-8be4-ef384d6270b3/distill_methodvanilla_dkd_alpha1.0_dkd_beta8.0_kl_methodkl_mse_normalizeFalse_temperature4.0_weight_ce0.5_weight_kl0.25_weight_mse2.0_zscoreFalse/final_summary.json
raw,splice_sites_donors,0.5,0.25,2.0,1.5,0.0001,16,42,0.5866511164109793,0.5867623652148715,0.5215251529853567,0.7917955895365717,30,130,True,${OG_SCRATCH}/carbon_distillation/deploy_120k/splice_sites_donors/20260623_182438/24d52f0c-ab3b-4d50-a042-36aea80e30c2/distill_methodvanilla_dkd_alpha1.0_dkd_beta8.0_kl_methodkl_mse_normalizeFalse_temperature1.5_weight_ce0.5_weight_kl0.25_weight_mse2.0_zscoreFalse/final_summary.json
raw,splice_sites_donors,0.5,0.25,2.0,1.0,0.0001,16,42,0.5920571327677852,0.6022822036848108,0.5483967581241775,0.7998576765700054,30,130,True,${OG_SCRATCH}/carbon_distillation/deploy_120k/splice_sites_donors/20260623_182450/0c3038b1-8ad7-4c46-921e-d3be5d6144c9/distill_methodvanilla_dkd_alpha1.0_dkd_beta8.0_kl_methodkl_mse_normalizeFalse_temperature1.0_weight_ce0.5_weight_kl0.25_weight_mse2.0_zscoreFalse/final_summary.json
raw,splice_sites_donors,0.5,0.25,5.0,0.5,0.0001,16,42,0.5523265259968267,0.5545562054854343,0.4937121251660678,0.7772611659511015,34,134,True,${OG_SCRATCH}/carbon_distillation/deploy_120k/splice_sites_donors/20260623_182624/f11165d5-a7b8-4024-885e-09c43f8c72e1/distill_methodvanilla_dkd_alpha1.0_dkd_beta8.0_kl_methodkl_mse_normalizeFalse_temperature0.5_weight_ce0.5_weight_kl0.25_weight_mse5.0_zscoreFalse/final_summary.json
raw,splice_sites_donors,0.5,0.25,5.0,1.0,0.0001,16,42,0.5613234702811097,0.5745757690597855,0.4698810208172208,0.7858072265038535,32,132,True,${OG_SCRATCH}/carbon_distillation/deploy_120k/splice_sites_donors/20260623_182830/429c0389-0c4f-4240-95ec-283be412aef4/distill_methodvanilla_dkd_alpha1.0_dkd_beta8.0_kl_methodkl_mse_normalizeFalse_temperature1.0_weight_ce0.5_weight_kl0.25_weight_mse5.0_zscoreFalse/final_summary.json
raw,splice_sites_donors,0.5,0.25,5.0,1.5,0.0001,16,42,0.5846270500731918,0.5722914921722988,0.503665909984119,0.7823091702457098,35,135,True,${OG_SCRATCH}/carbon_distillation/deploy_120k/splice_sites_donors/20260623_183046/ee7ab3b3-3750-4070-95e1-71ccb981b159/distill_methodvanilla_dkd_alpha1.0_dkd_beta8.0_kl_methodkl_mse_normalizeFalse_temperature1.5_weight_ce0.5_weight_kl0.25_weight_mse5.0_zscoreFalse/final_summary.json
raw,splice_sites_donors,0.5,0.25,5.0,4.0,0.0001,16,42,0.5788932990828222,0.5653155433112999,0.44439432796906037,0.7825041731177826,34,134,True,${OG_SCRATCH}/carbon_distillation/deploy_120k/splice_sites_donors/20260623_183525/aaae329a-afb6-4db5-a0d8-322ac1f49287/distill_methodvanilla_dkd_alpha1.0_dkd_beta8.0_kl_methodkl_mse_normalizeFalse_temperature4.0_weight_ce0.5_weight_kl0.25_weight_mse5.0_zscoreFalse/final_summary.json
raw,splice_sites_donors,0.5,0.25,5.0,2.0,0.0001,16,42,0.581447467996728,0.5940722323403342,0.45794678230295127,0.7962697468576582,32,132,True,${OG_SCRATCH}/carbon_distillation/deploy_120k/splice_sites_donors/20260623_183531/689a66c9-ad00-4e45-b855-7ffee1906914/distill_methodvanilla_dkd_alpha1.0_dkd_beta8.0_kl_methodkl_mse_normalizeFalse_temperature2.0_weight_ce0.5_weight_kl0.25_weight_mse5.0_zscoreFalse/final_summary.json
raw,splice_sites_donors,0.5,0.5,0.0,0.5,0.0001,16,42,0.7314900920110077,0.6906069624522032,0.6911698346126057,0.8452794218074209,184,200,False,${OG_SCRATCH}/carbon_distillation/deploy_120k/splice_sites_donors/20260623_184312/dd1918d3-ebb6-4255-940e-4b8b38100171/distill_methodvanilla_dkd_alpha1.0_dkd_beta8.0_kl_methodkl_mse_normalizeFalse_temperature0.5_weight_ce0.5_weight_kl0.5_weight_mse0.0_zscoreFalse/final_summary.json
raw,splice_sites_donors,0.5,0.5,0.0,1.0,0.0001,16,42,0.6546904922788294,0.61324382978182,0.6048706866351606,0.8066129480411226,196,200,False,${OG_SCRATCH}/carbon_distillation/deploy_120k/splice_sites_donors/20260623_184618/b87fae66-0919-4196-8174-e1bf02f315ee/distill_methodvanilla_dkd_alpha1.0_dkd_beta8.0_kl_methodkl_mse_normalizeFalse_temperature1.0_weight_ce0.5_weight_kl0.5_weight_mse0.0_zscoreFalse/final_summary.json
raw,splice_sites_donors,0.5,0.5,0.0,1.5,0.0001,16,42,0.6280108342570995,0.5851030998652412,0.606783822478285,0.7919592240079055,58,158,True,${OG_SCRATCH}/carbon_distillation/deploy_120k/splice_sites_donors/20260623_184911/4909c2de-6398-498d-a384-56657fd22e92/distill_methodvanilla_dkd_alpha1.0_dkd_beta8.0_kl_methodkl_mse_normalizeFalse_temperature1.5_weight_ce0.5_weight_kl0.5_weight_mse0.0_zscoreFalse/final_summary.json
raw,splice_sites_donors,0.5,0.5,0.0,2.0,0.0001,16,42,0.614087295316147,0.5932632050705944,0.56036510168744,0.7965621448175151,48,148,True,${OG_SCRATCH}/carbon_distillation/deploy_120k/splice_sites_donors/20260623_185129/eaf1f660-1940-4865-8942-fe013a040f42/distill_methodvanilla_dkd_alpha1.0_dkd_beta8.0_kl_methodkl_mse_normalizeFalse_temperature2.0_weight_ce0.5_weight_kl0.5_weight_mse0.0_zscoreFalse/final_summary.json
raw,splice_sites_donors,0.5,0.5,0.0,4.0,0.0001,16,42,0.6254918919338669,0.5922945001470535,0.5406708810782439,0.7948504459751158,58,158,True,${OG_SCRATCH}/carbon_distillation/deploy_120k/splice_sites_donors/20260623_185324/e32444fa-b436-48b5-a1d9-0fa302721909/distill_methodvanilla_dkd_alpha1.0_dkd_beta8.0_kl_methodkl_mse_normalizeFalse_temperature4.0_weight_ce0.5_weight_kl0.5_weight_mse0.0_zscoreFalse/final_summary.json
raw,splice_sites_donors,0.5,0.5,1.0,0.5,0.0001,16,42,0.6287603807913477,0.6110515858344105,0.5678868159801308,0.8049670394296636,41,141,True,${OG_SCRATCH}/carbon_distillation/deploy_120k/splice_sites_donors/20260623_185435/fc16ea76-5c76-4133-a217-c237eba5fb8f/distill_methodvanilla_dkd_alpha1.0_dkd_beta8.0_kl_methodkl_mse_normalizeFalse_temperature0.5_weight_ce0.5_weight_kl0.5_weight_mse1.0_zscoreFalse/final_summary.json
raw,splice_sites_donors,0.5,0.5,1.0,1.0,0.0001,16,42,0.613091875851804,0.6036581124180116,0.5393402140200526,0.7997107823697419,38,138,True,${OG_SCRATCH}/carbon_distillation/deploy_120k/splice_sites_donors/20260623_185435/03c2e13c-d3c0-42f3-bc72-743f2407eb23/distill_methodvanilla_dkd_alpha1.0_dkd_beta8.0_kl_methodkl_mse_normalizeFalse_temperature1.0_weight_ce0.5_weight_kl0.5_weight_mse1.0_zscoreFalse/final_summary.json
raw,splice_sites_donors,0.5,0.5,1.0,1.5,0.0001,16,42,0.6019548397304175,0.598791158521564,0.5381382765373732,0.7991361296490644,32,132,True,${OG_SCRATCH}/carbon_distillation/deploy_120k/splice_sites_donors/20260623_185740/5c408393-5a91-45e2-a58f-f356a1bd1f65/distill_methodvanilla_dkd_alpha1.0_dkd_beta8.0_kl_methodkl_mse_normalizeFalse_temperature1.5_weight_ce0.5_weight_kl0.5_weight_mse1.0_zscoreFalse/final_summary.json
raw,splice_sites_donors,0.5,0.5,1.0,2.0,0.0001,16,42,0.5688211334837637,0.5785682731463064,0.47104246437650715,0.7892490329465119,29,129,True,${OG_SCRATCH}/carbon_distillation/deploy_120k/splice_sites_donors/20260623_185957/022d7e96-1b02-46bd-b702-1a9bf481f480/distill_methodvanilla_dkd_alpha1.0_dkd_beta8.0_kl_methodkl_mse_normalizeFalse_temperature2.0_weight_ce0.5_weight_kl0.5_weight_mse1.0_zscoreFalse/final_summary.json
raw,splice_sites_donors,0.5,0.5,1.0,4.0,0.0001,16,42,0.565318077257891,0.5545199905865538,0.41892525103223555,0.7757982183965569,30,130,True,${OG_SCRATCH}/carbon_distillation/deploy_120k/splice_sites_donors/20260623_190153/69d3748c-894e-4c8a-8532-fe804d884b46/distill_methodvanilla_dkd_alpha1.0_dkd_beta8.0_kl_methodkl_mse_normalizeFalse_temperature4.0_weight_ce0.5_weight_kl0.5_weight_mse1.0_zscoreFalse/final_summary.json
raw,splice_sites_donors,0.5,0.5,2.0,0.5,0.0001,16,42,0.5754130305152606,0.5806744087260217,0.5247582404043213,0.7885551222075559,29,129,True,${OG_SCRATCH}/carbon_distillation/deploy_120k/splice_sites_donors/20260623_190608/62711992-68dc-4d89-8c87-b68c3d69c8ee/distill_methodvanilla_dkd_alpha1.0_dkd_beta8.0_kl_methodkl_mse_normalizeFalse_temperature0.5_weight_ce0.5_weight_kl0.5_weight_mse2.0_zscoreFalse/final_summary.json
raw,splice_sites_donors,0.5,0.5,2.0,1.5,0.0001,16,42,0.6057347304576934,0.6045310207359518,0.5659560071831254,0.7954005141149049,40,140,True,${OG_SCRATCH}/carbon_distillation/deploy_120k/splice_sites_donors/20260623_191117/0b4fdc6a-f784-4f4f-aabd-13fda3916ce3/distill_methodvanilla_dkd_alpha1.0_dkd_beta8.0_kl_methodkl_mse_normalizeFalse_temperature1.5_weight_ce0.5_weight_kl0.5_weight_mse2.0_zscoreFalse/final_summary.json
raw,splice_sites_donors,0.5,0.5,2.0,1.0,0.0001,16,42,0.6003610165675777,0.5883169783386017,0.5279469562939644,0.7886408467585846,40,140,True,${OG_SCRATCH}/carbon_distillation/deploy_120k/splice_sites_donors/20260623_191221/9f41532c-52e1-48d0-bc36-5efbd374f66a/distill_methodvanilla_dkd_alpha1.0_dkd_beta8.0_kl_methodkl_mse_normalizeFalse_temperature1.0_weight_ce0.5_weight_kl0.5_weight_mse2.0_zscoreFalse/final_summary.json
raw,splice_sites_donors,0.5,0.5,2.0,4.0,0.0001,16,42,0.5719914361154197,0.5850193216290349,0.49592233177319045,0.7915747511319158,32,132,True,${OG_SCRATCH}/carbon_distillation/deploy_120k/splice_sites_donors/20260623_191626/60b34be9-577c-444b-b354-abbe1f9d8c7e/distill_methodvanilla_dkd_alpha1.0_dkd_beta8.0_kl_methodkl_mse_normalizeFalse_temperature4.0_weight_ce0.5_weight_kl0.5_weight_mse2.0_zscoreFalse/final_summary.json
raw,splice_sites_donors,0.5,0.5,5.0,0.5,0.0001,16,42,0.5628631433159254,0.5567457965607309,0.47525687429755453,0.778110827802324,34,134,True,${OG_SCRATCH}/carbon_distillation/deploy_120k/splice_sites_donors/20260623_191844/2077cc95-f888-4ace-90e3-f6578ef75b87/distill_methodvanilla_dkd_alpha1.0_dkd_beta8.0_kl_methodkl_mse_normalizeFalse_temperature0.5_weight_ce0.5_weight_kl0.5_weight_mse5.0_zscoreFalse/final_summary.json
raw,splice_sites_donors,0.5,0.5,5.0,1.0,0.0001,16,42,0.5926629918655069,0.5831498567640859,0.488112241721635,0.7897473230050692,35,135,True,${OG_SCRATCH}/carbon_distillation/deploy_120k/splice_sites_donors/20260623_192039/164446d6-a08d-4b06-82e6-52d21662a51c/distill_methodvanilla_dkd_alpha1.0_dkd_beta8.0_kl_methodkl_mse_normalizeFalse_temperature1.0_weight_ce0.5_weight_kl0.5_weight_mse5.0_zscoreFalse/final_summary.json
raw,splice_sites_donors,0.5,0.5,2.0,2.0,0.0001,16,42,0.6173919460443261,0.6135180133615998,0.5259762223357056,0.8059323782153426,38,138,True,${OG_SCRATCH}/carbon_distillation/deploy_120k/splice_sites_donors/20260623_192355/b175fdab-6c52-4ab4-918e-248b7ef33d46/distill_methodvanilla_dkd_alpha1.0_dkd_beta8.0_kl_methodkl_mse_normalizeFalse_temperature2.0_weight_ce0.5_weight_kl0.5_weight_mse2.0_zscoreFalse/final_summary.json
raw,splice_sites_donors,0.5,0.5,5.0,1.5,0.0001,16,42,0.5762634901217072,0.5785472545328945,0.49698740794232255,0.7835653509792718,35,135,True,${OG_SCRATCH}/carbon_distillation/deploy_120k/splice_sites_donors/20260623_192650/9de4894d-a280-459d-b627-21accd22df28/distill_methodvanilla_dkd_alpha1.0_dkd_beta8.0_kl_methodkl_mse_normalizeFalse_temperature1.5_weight_ce0.5_weight_kl0.5_weight_mse5.0_zscoreFalse/final_summary.json
raw,splice_sites_donors,0.5,0.5,5.0,2.0,0.0001,16,42,0.5822490730941569,0.5792184064112805,0.5209209883801047,0.787734998938675,40,140,True,${OG_SCRATCH}/carbon_distillation/deploy_120k/splice_sites_donors/20260623_192853/e4f22190-df48-450b-92e3-e3f25574ed6d/distill_methodvanilla_dkd_alpha1.0_dkd_beta8.0_kl_methodkl_mse_normalizeFalse_temperature2.0_weight_ce0.5_weight_kl0.5_weight_mse5.0_zscoreFalse/final_summary.json
raw,splice_sites_donors,0.5,0.5,5.0,4.0,0.0001,16,42,0.5877944247125797,0.5845817294009301,0.5061319628443711,0.7922357995836935,31,131,True,${OG_SCRATCH}/carbon_distillation/deploy_120k/splice_sites_donors/20260623_193114/fb4d53cf-26d8-4fa4-810f-5f8e74448680/distill_methodvanilla_dkd_alpha1.0_dkd_beta8.0_kl_methodkl_mse_normalizeFalse_temperature4.0_weight_ce0.5_weight_kl0.5_weight_mse5.0_zscoreFalse/final_summary.json
raw,splice_sites_donors,0.5,1.0,0.0,0.5,0.0001,16,42,0.6887743615386397,0.6477408734301402,0.6361933405756527,0.8234335793729477,198,200,False,${OG_SCRATCH}/carbon_distillation/deploy_120k/splice_sites_donors/20260623_194111/267d210f-3b47-44cd-a2b3-4da4368d12dd/distill_methodvanilla_dkd_alpha1.0_dkd_beta8.0_kl_methodkl_mse_normalizeFalse_temperature0.5_weight_ce0.5_weight_kl1.0_weight_mse0.0_zscoreFalse/final_summary.json
raw,splice_sites_donors,0.5,1.0,0.0,1.0,0.0001,16,42,0.6459872257366605,0.6365989733012158,0.6282610803167596,0.818299395698241,189,200,False,${OG_SCRATCH}/carbon_distillation/deploy_120k/splice_sites_donors/20260623_194422/051e4d37-4a8c-4650-84dd-b566153d99af/distill_methodvanilla_dkd_alpha1.0_dkd_beta8.0_kl_methodkl_mse_normalizeFalse_temperature1.0_weight_ce0.5_weight_kl1.0_weight_mse0.0_zscoreFalse/final_summary.json
raw,splice_sites_donors,0.5,1.0,0.0,1.5,0.0001,16,42,0.6786553690665306,0.646016570474981,0.6640765052725198,0.8229877074796861,183,200,False,${OG_SCRATCH}/carbon_distillation/deploy_120k/splice_sites_donors/20260623_194535/77e3aa27-9be1-4cd3-91a7-8599388a11cb/distill_methodvanilla_dkd_alpha1.0_dkd_beta8.0_kl_methodkl_mse_normalizeFalse_temperature1.5_weight_ce0.5_weight_kl1.0_weight_mse0.0_zscoreFalse/final_summary.json
raw,splice_sites_donors,0.5,1.0,0.0,4.0,0.0001,16,42,0.6821593311131842,0.6426849858453304,0.596524421371493,0.819844986619598,76,176,True,${OG_SCRATCH}/carbon_distillation/deploy_120k/splice_sites_donors/20260623_194640/dbed17d9-b938-4cc0-a0e5-7cee0f25fc40/distill_methodvanilla_dkd_alpha1.0_dkd_beta8.0_kl_methodkl_mse_normalizeFalse_temperature4.0_weight_ce0.5_weight_kl1.0_weight_mse0.0_zscoreFalse/final_summary.json
raw,splice_sites_donors,0.5,1.0,0.0,2.0,0.0001,16,42,0.628374617811025,0.6139176153355094,0.5460387871392428,0.8069565652271762,48,148,True,${OG_SCRATCH}/carbon_distillation/deploy_120k/splice_sites_donors/20260623_194804/bbd8170a-a70b-4449-8cda-f70c9ae4514a/distill_methodvanilla_dkd_alpha1.0_dkd_beta8.0_kl_methodkl_mse_normalizeFalse_temperature2.0_weight_ce0.5_weight_kl1.0_weight_mse0.0_zscoreFalse/final_summary.json
raw,splice_sites_donors,0.5,1.0,1.0,0.5,0.0001,16,42,0.6091183252922969,0.5990546841626924,0.5631493842548801,0.7952792921212857,38,138,True,${OG_SCRATCH}/carbon_distillation/deploy_120k/splice_sites_donors/20260623_194829/82d35087-a5a4-4e0c-a53e-fb13f2ae765b/distill_methodvanilla_dkd_alpha1.0_dkd_beta8.0_kl_methodkl_mse_normalizeFalse_temperature0.5_weight_ce0.5_weight_kl1.0_weight_mse1.0_zscoreFalse/final_summary.json
raw,splice_sites_donors,0.5,1.0,1.0,4.0,0.0001,16,42,0.5763563977705705,0.5840232206460426,0.4906828505460559,0.7907380994829738,29,129,True,${OG_SCRATCH}/carbon_distillation/deploy_120k/splice_sites_donors/20260623_195531/cfd58eac-a12f-42ba-93bf-1ad32e36d6f4/distill_methodvanilla_dkd_alpha1.0_dkd_beta8.0_kl_methodkl_mse_normalizeFalse_temperature4.0_weight_ce0.5_weight_kl1.0_weight_mse1.0_zscoreFalse/final_summary.json
raw,splice_sites_donors,0.5,1.0,1.0,2.0,0.0001,16,42,0.5673421178544793,0.5709459459459459,0.46740267732791246,0.7853333333333333,32,132,True,${OG_SCRATCH}/carbon_distillation/deploy_120k/splice_sites_donors/20260623_195633/c44c25e3-f728-4761-afb8-c5d82d2c03cc/distill_methodvanilla_dkd_alpha1.0_dkd_beta8.0_kl_methodkl_mse_normalizeFalse_temperature2.0_weight_ce0.5_weight_kl1.0_weight_mse1.0_zscoreFalse/final_summary.json
raw,splice_sites_donors,0.5,1.0,1.0,1.5,0.0001,16,42,0.5647795941499792,0.5782790001795477,0.5054705409424363,0.7887210883612021,23,123,True,${OG_SCRATCH}/carbon_distillation/deploy_120k/splice_sites_donors/20260623_195633/ede1faf3-69f7-4c08-a8e9-6427e1307e71/distill_methodvanilla_dkd_alpha1.0_dkd_beta8.0_kl_methodkl_mse_normalizeFalse_temperature1.5_weight_ce0.5_weight_kl1.0_weight_mse1.0_zscoreFalse/final_summary.json
raw,splice_sites_donors,0.5,1.0,1.0,1.0,0.0001,16,42,0.5817380144796404,0.5925703353231636,0.5339114930449113,0.7962744566513056,29,129,True,${OG_SCRATCH}/carbon_distillation/deploy_120k/splice_sites_donors/20260623_195639/6e323cd8-1a2d-460d-b745-f19f322af9c2/distill_methodvanilla_dkd_alpha1.0_dkd_beta8.0_kl_methodkl_mse_normalizeFalse_temperature1.0_weight_ce0.5_weight_kl1.0_weight_mse1.0_zscoreFalse/final_summary.json
raw,splice_sites_donors,0.5,1.0,2.0,1.0,0.0001,16,42,0.6229564643217993,0.6148476625791486,0.5957867095398504,0.8073319632495164,41,141,True,${OG_SCRATCH}/carbon_distillation/deploy_120k/splice_sites_donors/20260623_200123/79451039-a5eb-4baa-aa96-30935ea53012/distill_methodvanilla_dkd_alpha1.0_dkd_beta8.0_kl_methodkl_mse_normalizeFalse_temperature1.0_weight_ce0.5_weight_kl1.0_weight_mse2.0_zscoreFalse/final_summary.json
raw,splice_sites_donors,0.5,1.0,2.0,0.5,0.0001,16,42,0.5960517649746355,0.6084089702647977,0.5105500148964921,0.8039986062123108,30,130,True,${OG_SCRATCH}/carbon_distillation/deploy_120k/splice_sites_donors/20260623_200230/d52ed9d0-ba54-41a9-a190-55e61f4f12f2/distill_methodvanilla_dkd_alpha1.0_dkd_beta8.0_kl_methodkl_mse_normalizeFalse_temperature0.5_weight_ce0.5_weight_kl1.0_weight_mse2.0_zscoreFalse/final_summary.json
raw,splice_sites_donors,0.5,1.0,2.0,1.5,0.0001,16,42,0.6127309678778361,0.6061922059910615,0.565640005824155,0.8029989274386049,38,138,True,${OG_SCRATCH}/carbon_distillation/deploy_120k/splice_sites_donors/20260623_200442/941c45a9-4e8d-4f7e-ae94-39de90606528/distill_methodvanilla_dkd_alpha1.0_dkd_beta8.0_kl_methodkl_mse_normalizeFalse_temperature1.5_weight_ce0.5_weight_kl1.0_weight_mse2.0_zscoreFalse/final_summary.json
raw,splice_sites_donors,0.5,1.0,5.0,1.0,0.0001,16,42,0.5957389579377874,0.5913194768813472,0.5529814289561127,0.79248811429171,38,138,True,${OG_SCRATCH}/carbon_distillation/deploy_120k/splice_sites_donors/20260623_201417/1d39b2f6-15a8-4167-ae21-81d45b0081f2/distill_methodvanilla_dkd_alpha1.0_dkd_beta8.0_kl_methodkl_mse_normalizeFalse_temperature1.0_weight_ce0.5_weight_kl1.0_weight_mse5.0_zscoreFalse/final_summary.json
raw,splice_sites_donors,0.5,1.0,5.0,0.5,0.0001,16,42,0.5779554618497469,0.5814644015059867,0.5125502413173841,0.7906633172797431,34,134,True,${OG_SCRATCH}/carbon_distillation/deploy_120k/splice_sites_donors/20260623_201449/06171be5-3ac3-46c6-b31e-1d43f8bf6f0c/distill_methodvanilla_dkd_alpha1.0_dkd_beta8.0_kl_methodkl_mse_normalizeFalse_temperature0.5_weight_ce0.5_weight_kl1.0_weight_mse5.0_zscoreFalse/final_summary.json
raw,splice_sites_donors,0.5,1.0,2.0,4.0,0.0001,16,42,0.5604055620954892,0.5606963878015278,0.47584203822685117,0.779597876715077,31,131,True,${OG_SCRATCH}/carbon_distillation/deploy_120k/splice_sites_donors/20260623_201449/a965cd52-9ea7-4d06-8a78-ee019a3f7abb/distill_methodvanilla_dkd_alpha1.0_dkd_beta8.0_kl_methodkl_mse_normalizeFalse_temperature4.0_weight_ce0.5_weight_kl1.0_weight_mse2.0_zscoreFalse/final_summary.json
raw,splice_sites_donors,0.5,1.0,5.0,1.5,0.0001,16,42,0.5954693169842207,0.5819027008510135,0.5179223563120383,0.7909442285658652,33,133,True,${OG_SCRATCH}/carbon_distillation/deploy_120k/splice_sites_donors/20260623_202118/2a63ad80-ea9b-4ce0-b9b3-2bf10ffb89b6/distill_methodvanilla_dkd_alpha1.0_dkd_beta8.0_kl_methodkl_mse_normalizeFalse_temperature1.5_weight_ce0.5_weight_kl1.0_weight_mse5.0_zscoreFalse/final_summary.json
raw,splice_sites_donors,0.5,1.0,5.0,2.0,0.0001,16,42,0.5834442365377864,0.5894822197786819,0.5108778106533941,0.7923002843682924,30,130,True,${OG_SCRATCH}/carbon_distillation/deploy_120k/splice_sites_donors/20260623_202323/77e40fbc-1b65-4b74-947a-8bc6d8b19d5d/distill_methodvanilla_dkd_alpha1.0_dkd_beta8.0_kl_methodkl_mse_normalizeFalse_temperature2.0_weight_ce0.5_weight_kl1.0_weight_mse5.0_zscoreFalse/final_summary.json
raw,splice_sites_donors,0.5,1.0,2.0,2.0,0.0001,16,42,0.5856947477487314,0.5847833546609115,0.5050970615529533,0.7921248807832298,29,129,True,${OG_SCRATCH}/carbon_distillation/deploy_120k/splice_sites_donors/20260623_202649/28ec99c6-57d9-49e2-b03f-0b2c4a0640e7/distill_methodvanilla_dkd_alpha1.0_dkd_beta8.0_kl_methodkl_mse_normalizeFalse_temperature2.0_weight_ce0.5_weight_kl1.0_weight_mse2.0_zscoreFalse/final_summary.json
raw,splice_sites_donors,0.5,1.0,5.0,4.0,0.0001,16,42,0.5808558807953529,0.5819868031481166,0.4667501713315753,0.7897427206355987,34,134,True,${OG_SCRATCH}/carbon_distillation/deploy_120k/splice_sites_donors/20260623_205043/528127f6-e5b4-4fd7-818d-84eb4e4c6715/distill_methodvanilla_dkd_alpha1.0_dkd_beta8.0_kl_methodkl_mse_normalizeFalse_temperature4.0_weight_ce0.5_weight_kl1.0_weight_mse5.0_zscoreFalse/final_summary.json
raw,splice_sites_donors,0.5,0.5,0.0,0.5,0.0001,16,0,0.6997184930919524,0.6674215356029822,0.671926379532082,0.8335392502105223,192,200,False,${OG_SCRATCH}/carbon_distillation/deploy_120k/splice_sites_donors/20260624_012151/7dadc8a7-0848-410d-967f-9cc7d07c2770/distill_methodvanilla_dkd_alpha1.0_dkd_beta8.0_kl_methodkl_mse_normalizeFalse_temperature0.5_weight_ce0.5_weight_kl0.5_weight_mse0.0_zscoreFalse/final_summary.json
raw,splice_sites_donors,0.5,0.5,0.0,0.5,0.0001,16,1,0.616287989561134,0.5880188056573654,0.5409824136740752,0.79398681515617,42,142,True,${OG_SCRATCH}/carbon_distillation/deploy_120k/splice_sites_donors/20260624_012346/21c41eb2-bb1e-4e45-88d8-094b2d97da55/distill_methodvanilla_dkd_alpha1.0_dkd_beta8.0_kl_methodkl_mse_normalizeFalse_temperature0.5_weight_ce0.5_weight_kl0.5_weight_mse0.0_zscoreFalse/final_summary.json
raw,splice_sites_donors,0.5,0.5,0.0,0.5,0.0001,16,2,0.6454825453529193,0.6244998499027105,0.61152311326895,0.8116279666789321,198,200,False,${OG_SCRATCH}/carbon_distillation/deploy_120k/splice_sites_donors/20260624_012754/219ece0a-7c89-4ec1-b892-e415fe10dc6f/distill_methodvanilla_dkd_alpha1.0_dkd_beta8.0_kl_methodkl_mse_normalizeFalse_temperature0.5_weight_ce0.5_weight_kl0.5_weight_mse0.0_zscoreFalse/final_summary.json
raw,H3K4me3,0.5,0.5,0.2,2.0,0.0001,16,,0.5357585649945293,0.4721177114932235,0.4721177114932235,0.7336798613887778,2,2,,${OG_SCRATCH}/carbon_distillation/smoke_vy/H3K4me3/20260618_183440/4615dde6-f60e-43fc-b16f-d21139cb22a2/distill_methodvanilla_dkd_alpha1.0_dkd_beta8.0_kl_methodkl_mse_normalizeFalse_temperature2.0_weight_ce0.5_weight_kl0.5_weight_mse0.2_zscoreFalse/final_summary.json
