variant,task,weight_ce,weight_kl,weight_mse,temperature,lr,batch_size,random_state,best_val_mcc,best_test_mcc,final_test_mcc,best_test_f1,best_epoch,total_epochs,early_stopped,path
raw,splice_sites_acceptors,0.5,0.0,0.0,0.5,0.0001,16,0,0.9060103667253557,0.8906586829357546,0.8840387023104792,0.9453226165661803,197,200,False,/tmp/galaxy_srv_disk00/pengchx3/carbon_distillation/original/splice_sites_acceptors/20260624_154123/49edc00b-036a-4bb8-96dd-ef845895e3d6/distill_methodvanilla_dkd_alpha1.0_dkd_beta8.0_kl_methodkl_mse_normalizeFalse_temperature0.5_weight_ce0.5_weight_kl0.0_weight_mse0.0_zscoreFalse/final_summary.json
raw,splice_sites_acceptors,0.5,0.5,0.2,2.0,0.0001,16,0,0.8861188336403611,0.860130773129301,0.8627024088975379,0.9299955197132617,189,200,False,/tmp/galaxy_srv_disk00/pengchx3/carbon_distillation/original/splice_sites_acceptors/20260624_164449/8f693d6a-055c-4b3b-9b4b-ccc64f614374/distill_methodvanilla_dkd_alpha1.0_dkd_beta8.0_kl_methodkl_mse_normalizeFalse_temperature2.0_weight_ce0.5_weight_kl0.5_weight_mse0.2_zscoreFalse/final_summary.json
raw,splice_sites_donors,0.5,0.0,0.0,0.5,0.0001,16,0,0.9336540919302907,0.9024664212102296,0.8936058238843636,0.9509997332207698,191,200,False,/tmp/galaxy_srv_disk00/pengchx3/carbon_distillation/original/splice_sites_donors/20260624_154125/71f34882-b1c3-4707-ae62-99e8ccced8bd/distill_methodvanilla_dkd_alpha1.0_dkd_beta8.0_kl_methodkl_mse_normalizeFalse_temperature0.5_weight_ce0.5_weight_kl0.0_weight_mse0.0_zscoreFalse/final_summary.json
raw,splice_sites_donors,0.5,0.5,0.2,2.0,0.0001,16,0,0.9295901205249092,0.8920623130487024,0.9178237151823017,0.945997095843821,56,200,False,/tmp/galaxy_srv_disk00/pengchx3/carbon_distillation/original/splice_sites_donors/20260624_164448/f26a1e73-4fab-4ee7-bf9e-6ba65c3c16be/distill_methodvanilla_dkd_alpha1.0_dkd_beta8.0_kl_methodkl_mse_normalizeFalse_temperature2.0_weight_ce0.5_weight_kl0.5_weight_mse0.2_zscoreFalse/final_summary.json
raw,H3K4me1,0.5,0.5,0.2,2.0,0.0001,16,0,0.4900585296762172,0.4713112548805978,0.38455478144672967,0.7205109871635904,42,200,False,/tmp/galaxy_srv_disk00/pengchx3/carbon_distillation/original/H3K4me1/20260624_175628/2d03c315-cde7-4bac-9dcf-9ddd75958b4d/distill_methodvanilla_dkd_alpha1.0_dkd_beta8.0_kl_methodkl_mse_normalizeFalse_temperature2.0_weight_ce0.5_weight_kl0.5_weight_mse0.2_zscoreFalse/final_summary.json
raw,H3K4me1,0.5,1.0,1.0,4.0,0.0001,16,42,0.4894934123938651,0.47756690650753186,0.41550490036063137,0.7299864858236155,43,113,True,/tmp/galaxy_srv_disk00/pengchx3/carbon_distillation/original/H3K4me1/20260625_164418/5cc4a40c-9233-434a-bb02-7c474774eaf5/distill_methodvanilla_dkd_alpha1.0_dkd_beta8.0_kl_methodkl_mse_normalizeFalse_temperature4.0_weight_ce0.5_weight_kl1.0_weight_mse1.0_zscoreFalse/final_summary.json
raw,H3K4me1,0.5,1.0,1.0,2.0,0.0001,16,42,0.4930626385467742,0.47175686928083327,0.4109158301466543,0.7279236936656792,42,112,True,/tmp/galaxy_srv_disk00/pengchx3/carbon_distillation/original/H3K4me1/20260625_164528/ebeab862-1df7-4a3c-aea3-e3c0b31d9cb8/distill_methodvanilla_dkd_alpha1.0_dkd_beta8.0_kl_methodkl_mse_normalizeFalse_temperature2.0_weight_ce0.5_weight_kl1.0_weight_mse1.0_zscoreFalse/final_summary.json
raw,H3K4me1,0.5,1.0,1.0,0.5,0.0001,16,42,0.4908370945599966,0.4863779940384986,0.39897768604446515,0.7301791712122332,28,98,True,/tmp/galaxy_srv_disk00/pengchx3/carbon_distillation/original/H3K4me1/20260625_164528/50420f57-9aea-43c1-a3b3-b703533fd60e/distill_methodvanilla_dkd_alpha1.0_dkd_beta8.0_kl_methodkl_mse_normalizeFalse_temperature0.5_weight_ce0.5_weight_kl1.0_weight_mse1.0_zscoreFalse/final_summary.json
raw,H3K4me1,0.5,1.0,1.0,1.0,0.0001,16,42,0.4899085888078599,0.4706015168569993,0.3784092439221219,0.716375597170781,55,125,True,/tmp/galaxy_srv_disk00/pengchx3/carbon_distillation/original/H3K4me1/20260625_164528/ba399558-8718-40f4-8aaa-94ab05890f9f/distill_methodvanilla_dkd_alpha1.0_dkd_beta8.0_kl_methodkl_mse_normalizeFalse_temperature1.0_weight_ce0.5_weight_kl1.0_weight_mse1.0_zscoreFalse/final_summary.json
raw,H3K4me1,0.5,1.0,1.0,1.5,0.0001,16,42,0.4897944893402463,0.4798219321199058,0.4035941171161053,0.7266855100880208,43,113,True,/tmp/galaxy_srv_disk00/pengchx3/carbon_distillation/original/H3K4me1/20260625_164528/d12b4d1a-8df0-4d46-8269-9a055bc09e30/distill_methodvanilla_dkd_alpha1.0_dkd_beta8.0_kl_methodkl_mse_normalizeFalse_temperature1.5_weight_ce0.5_weight_kl1.0_weight_mse1.0_zscoreFalse/final_summary.json
raw,H3K27me3,0.5,0.5,0.2,2.0,0.0001,16,0,0.5873621009641303,0.5736277939684753,0.4914764552519287,0.7763097267930901,38,200,False,/tmp/galaxy_srv_disk00/pengchx3/carbon_distillation/original/H3K27me3/20260624_175633/24a39e64-4720-4a8b-a814-852979333668/distill_methodvanilla_dkd_alpha1.0_dkd_beta8.0_kl_methodkl_mse_normalizeFalse_temperature2.0_weight_ce0.5_weight_kl0.5_weight_mse0.2_zscoreFalse/final_summary.json
raw,H3K27me3,0.5,0.0,0.0,0.5,0.0001,16,42,0.5739703401102543,0.5659569211599733,0.4175982357065777,0.7716996756514327,26,126,True,/tmp/galaxy_srv_disk00/pengchx3/carbon_distillation/original/H3K27me3/20260624_205457/f932a81f-bae3-4e5b-84b2-499b1a866c56/distill_methodvanilla_dkd_alpha1.0_dkd_beta8.0_kl_methodkl_mse_normalizeFalse_temperature0.5_weight_ce0.5_weight_kl0.0_weight_mse0.0_zscoreFalse/final_summary.json
raw,H3K27me3,0.5,0.25,0.0,0.5,0.0001,16,42,0.578372400249568,0.5736889512473449,0.47281495347342495,0.7781293939947247,39,139,True,/tmp/galaxy_srv_disk00/pengchx3/carbon_distillation/original/H3K27me3/20260624_210956/bed2fc0d-4754-4f5e-b96b-a2dcd4787912/distill_methodvanilla_dkd_alpha1.0_dkd_beta8.0_kl_methodkl_mse_normalizeFalse_temperature0.5_weight_ce0.5_weight_kl0.25_weight_mse0.0_zscoreFalse/final_summary.json
raw,H3K27me3,0.5,0.25,0.0,1.0,0.0001,16,42,0.5867063013596363,0.5653012027830849,0.47777183633687675,0.7624637154224301,32,132,True,/tmp/galaxy_srv_disk00/pengchx3/carbon_distillation/original/H3K27me3/20260624_212004/13f91de5-ccbf-4cac-ba34-f6d6233ad073/distill_methodvanilla_dkd_alpha1.0_dkd_beta8.0_kl_methodkl_mse_normalizeFalse_temperature1.0_weight_ce0.5_weight_kl0.25_weight_mse0.0_zscoreFalse/final_summary.json
raw,H3K27me3,0.5,0.0,1.0,0.5,0.0001,16,42,0.5788956799295872,0.5384617199047037,0.4049194899857708,0.7567722356352693,26,126,True,/tmp/galaxy_srv_disk00/pengchx3/carbon_distillation/original/H3K27me3/20260624_213137/e455f16e-a5e5-415c-bdf9-f44a7582ae6d/distill_methodvanilla_dkd_alpha1.0_dkd_beta8.0_kl_methodkl_mse_normalizeFalse_temperature0.5_weight_ce0.5_weight_kl0.0_weight_mse1.0_zscoreFalse/final_summary.json
raw,H3K27me3,0.5,0.25,1.0,2.0,0.0001,16,42,0.5770474136542513,0.5742796448869516,0.4742869700934424,0.7738940099965024,26,126,True,/tmp/galaxy_srv_disk00/pengchx3/carbon_distillation/original/H3K27me3/20260624_220449/8f929a48-3a82-4670-bcdb-49cfb9bfa94b/distill_methodvanilla_dkd_alpha1.0_dkd_beta8.0_kl_methodkl_mse_normalizeFalse_temperature2.0_weight_ce0.5_weight_kl0.25_weight_mse1.0_zscoreFalse/final_summary.json
raw,H3K27me3,0.5,0.25,1.0,4.0,0.0001,16,42,0.5833314582558846,0.5676573640571922,0.45608714674995077,0.7699957736582268,26,126,True,/tmp/galaxy_srv_disk00/pengchx3/carbon_distillation/original/H3K27me3/20260624_220450/9404ec1b-d48e-4109-9509-53d1bf4e663e/distill_methodvanilla_dkd_alpha1.0_dkd_beta8.0_kl_methodkl_mse_normalizeFalse_temperature4.0_weight_ce0.5_weight_kl0.25_weight_mse1.0_zscoreFalse/final_summary.json
raw,H3K27me3,0.5,0.5,0.0,0.5,0.0001,16,42,0.5806626963422228,0.5671051351475712,0.5027854999401751,0.764484675314347,32,132,True,/tmp/galaxy_srv_disk00/pengchx3/carbon_distillation/original/H3K27me3/20260624_220452/02ebe6cf-e10a-48db-b4fa-af82c6e5439c/distill_methodvanilla_dkd_alpha1.0_dkd_beta8.0_kl_methodkl_mse_normalizeFalse_temperature0.5_weight_ce0.5_weight_kl0.5_weight_mse0.0_zscoreFalse/final_summary.json
raw,H3K27me3,0.5,0.5,0.0,1.0,0.0001,16,42,0.5904613878836122,0.5786512394954306,0.4995701570202724,0.7708033948342332,38,138,True,/tmp/galaxy_srv_disk00/pengchx3/carbon_distillation/original/H3K27me3/20260624_220500/08bd4a3e-2816-4642-9d3b-37cb71c84adc/distill_methodvanilla_dkd_alpha1.0_dkd_beta8.0_kl_methodkl_mse_normalizeFalse_temperature1.0_weight_ce0.5_weight_kl0.5_weight_mse0.0_zscoreFalse/final_summary.json
raw,H3K27me3,0.5,0.5,0.0,1.5,0.0001,16,42,0.6001383036047946,0.5783034684497561,0.4861633399128417,0.7773197018899891,42,142,True,/tmp/galaxy_srv_disk00/pengchx3/carbon_distillation/original/H3K27me3/20260624_220502/1c698646-686a-47ee-8a00-8847f7ba3f6f/distill_methodvanilla_dkd_alpha1.0_dkd_beta8.0_kl_methodkl_mse_normalizeFalse_temperature1.5_weight_ce0.5_weight_kl0.5_weight_mse0.0_zscoreFalse/final_summary.json
raw,H3K27me3,0.5,0.25,1.0,1.0,0.0001,16,42,0.5817021401652995,0.5674430000014121,0.4433791252484007,0.7700350343778997,26,126,True,/tmp/galaxy_srv_disk00/pengchx3/carbon_distillation/original/H3K27me3/20260624_221515/6542c688-1115-4bc7-9cfa-d8f78fbe1242/distill_methodvanilla_dkd_alpha1.0_dkd_beta8.0_kl_methodkl_mse_normalizeFalse_temperature1.0_weight_ce0.5_weight_kl0.25_weight_mse1.0_zscoreFalse/final_summary.json
raw,H3K27me3,0.5,0.5,0.0,2.0,0.0001,16,42,0.5964210194625008,0.5842501278647516,0.4676063367234695,0.7753680853895801,37,137,True,/tmp/galaxy_srv_disk00/pengchx3/carbon_distillation/original/H3K27me3/20260624_223440/09d8d6c9-bcac-48ee-8eb6-c39b68a254b8/distill_methodvanilla_dkd_alpha1.0_dkd_beta8.0_kl_methodkl_mse_normalizeFalse_temperature2.0_weight_ce0.5_weight_kl0.5_weight_mse0.0_zscoreFalse/final_summary.json
raw,H3K27me3,0.5,0.5,1.0,0.5,0.0001,16,42,0.5818304522711261,0.5625000999639197,0.45739736764228783,0.7662815645679686,26,126,True,/tmp/galaxy_srv_disk00/pengchx3/carbon_distillation/original/H3K27me3/20260624_224840/4a5bd0ba-149c-4786-b34a-33f2932b42d6/distill_methodvanilla_dkd_alpha1.0_dkd_beta8.0_kl_methodkl_mse_normalizeFalse_temperature0.5_weight_ce0.5_weight_kl0.5_weight_mse1.0_zscoreFalse/final_summary.json
raw,H3K27me3,0.5,0.5,1.0,1.0,0.0001,16,42,0.5887444694570222,0.5693389956902911,0.47023684351216966,0.7811587743285189,33,133,True,/tmp/galaxy_srv_disk00/pengchx3/carbon_distillation/original/H3K27me3/20260624_225005/4a6257fc-13c4-443f-a8dd-211cffd5330f/distill_methodvanilla_dkd_alpha1.0_dkd_beta8.0_kl_methodkl_mse_normalizeFalse_temperature1.0_weight_ce0.5_weight_kl0.5_weight_mse1.0_zscoreFalse/final_summary.json
raw,H3K27me3,0.5,0.5,1.0,4.0,0.0001,16,42,0.5906678444335355,0.5750509405241669,0.46783879161535674,0.7788027493999001,44,144,True,/tmp/galaxy_srv_disk00/pengchx3/carbon_distillation/original/H3K27me3/20260624_225150/c01d7a5e-792a-40b5-b03b-4a27c43275da/distill_methodvanilla_dkd_alpha1.0_dkd_beta8.0_kl_methodkl_mse_normalizeFalse_temperature4.0_weight_ce0.5_weight_kl0.5_weight_mse1.0_zscoreFalse/final_summary.json
raw,H3K27me3,0.5,0.5,1.0,2.0,0.0001,16,42,0.59152210394669,0.5729736497399192,0.48323187814595203,0.7787113602457986,39,139,True,/tmp/galaxy_srv_disk00/pengchx3/carbon_distillation/original/H3K27me3/20260624_225150/98e3f27e-1ade-4d9a-8c3f-0f29296ac8c2/distill_methodvanilla_dkd_alpha1.0_dkd_beta8.0_kl_methodkl_mse_normalizeFalse_temperature2.0_weight_ce0.5_weight_kl0.5_weight_mse1.0_zscoreFalse/final_summary.json
raw,H3K27me3,0.5,0.5,0.0,4.0,0.0001,16,42,0.5978673403448762,0.5854627109003424,0.510450446697975,0.7783687943262412,54,154,True,/tmp/galaxy_srv_disk00/pengchx3/carbon_distillation/original/H3K27me3/20260624_230028/b94f9384-94e1-4341-ab6f-ba3c53cbf3d1/distill_methodvanilla_dkd_alpha1.0_dkd_beta8.0_kl_methodkl_mse_normalizeFalse_temperature4.0_weight_ce0.5_weight_kl0.5_weight_mse0.0_zscoreFalse/final_summary.json
raw,H3K27me3,0.5,0.5,1.0,1.5,0.0001,16,42,0.5862850876034743,0.5724238793783629,0.4713609034856995,0.7778958344924629,39,139,True,/tmp/galaxy_srv_disk00/pengchx3/carbon_distillation/original/H3K27me3/20260624_230142/d6534c83-04d4-4fc6-9276-6f8982f3054a/distill_methodvanilla_dkd_alpha1.0_dkd_beta8.0_kl_methodkl_mse_normalizeFalse_temperature1.5_weight_ce0.5_weight_kl0.5_weight_mse1.0_zscoreFalse/final_summary.json
raw,H3K27me3,0.5,1.0,0.0,1.0,0.0001,16,42,0.5996166265516784,0.5730431920447536,0.5089096040377985,0.7694818441452469,49,149,True,/tmp/galaxy_srv_disk00/pengchx3/carbon_distillation/original/H3K27me3/20260624_231632/6a2a1842-a67f-40dd-87e6-4040e37ae4d5/distill_methodvanilla_dkd_alpha1.0_dkd_beta8.0_kl_methodkl_mse_normalizeFalse_temperature1.0_weight_ce0.5_weight_kl1.0_weight_mse0.0_zscoreFalse/final_summary.json
raw,H3K27me3,0.5,0.25,0.0,2.0,0.0001,16,42,0.5908526685416795,0.5681393454620501,0.5037731294544948,0.7685100328159091,37,107,True,/tmp/galaxy_srv_disk00/pengchx3/carbon_distillation/original/H3K27me3/20260624_232923/7a3b904b-ba4a-471a-bb60-3961a8f10766/distill_methodvanilla_dkd_alpha1.0_dkd_beta8.0_kl_methodkl_mse_normalizeFalse_temperature2.0_weight_ce0.5_weight_kl0.25_weight_mse0.0_zscoreFalse/final_summary.json
raw,H3K27me3,0.5,0.25,0.0,1.5,0.0001,16,42,0.5961290836055562,0.5677469080746983,0.49311954567452443,0.7620085385135837,38,108,True,/tmp/galaxy_srv_disk00/pengchx3/carbon_distillation/original/H3K27me3/20260624_233237/ad7ba929-b5f6-4f7d-925a-ee1ca8c3c8fc/distill_methodvanilla_dkd_alpha1.0_dkd_beta8.0_kl_methodkl_mse_normalizeFalse_temperature1.5_weight_ce0.5_weight_kl0.25_weight_mse0.0_zscoreFalse/final_summary.json
raw,H3K27me3,0.5,0.25,0.0,4.0,0.0001,16,42,0.589899501207929,0.5792920436813961,0.49153629403172217,0.7776049290138367,37,107,True,/tmp/galaxy_srv_disk00/pengchx3/carbon_distillation/original/H3K27me3/20260624_233816/930325ad-e275-48a1-978c-d6fba6f7cedd/distill_methodvanilla_dkd_alpha1.0_dkd_beta8.0_kl_methodkl_mse_normalizeFalse_temperature4.0_weight_ce0.5_weight_kl0.25_weight_mse0.0_zscoreFalse/final_summary.json
raw,H3K27me3,0.5,0.25,1.0,0.5,0.0001,16,42,0.5815232473717432,0.5624187530036825,0.48519555692858907,0.7667653243318007,26,96,True,/tmp/galaxy_srv_disk00/pengchx3/carbon_distillation/original/H3K27me3/20260624_234142/c7337e40-162f-449c-8c17-d41fbbdf08c3/distill_methodvanilla_dkd_alpha1.0_dkd_beta8.0_kl_methodkl_mse_normalizeFalse_temperature0.5_weight_ce0.5_weight_kl0.25_weight_mse1.0_zscoreFalse/final_summary.json
raw,H3K27me3,0.5,0.25,1.0,1.5,0.0001,16,42,0.5791404971865652,0.5789102730271201,0.4575537227007868,0.7772137063717218,26,96,True,/tmp/galaxy_srv_disk00/pengchx3/carbon_distillation/original/H3K27me3/20260624_234544/194b5d8d-be15-47d5-9636-844c6812bbea/distill_methodvanilla_dkd_alpha1.0_dkd_beta8.0_kl_methodkl_mse_normalizeFalse_temperature1.5_weight_ce0.5_weight_kl0.25_weight_mse1.0_zscoreFalse/final_summary.json
raw,H3K27me3,0.5,0.5,0.0,4.0,0.0001,16,42,0.5978673403448762,0.5854627109003424,0.5129387627312256,0.7783687943262412,54,124,True,/tmp/galaxy_srv_disk00/pengchx3/carbon_distillation/original/H3K27me3/20260625_000716/fb6b5e96-67f2-48f5-8c5b-96a1531e989f/distill_methodvanilla_dkd_alpha1.0_dkd_beta8.0_kl_methodkl_mse_normalizeFalse_temperature4.0_weight_ce0.5_weight_kl0.5_weight_mse0.0_zscoreFalse/final_summary.json
raw,H3K27me3,0.5,0.5,1.0,0.5,0.0001,16,42,0.5818304522711261,0.5625000999639197,0.46455388940599696,0.7662815645679686,26,96,True,/tmp/galaxy_srv_disk00/pengchx3/carbon_distillation/original/H3K27me3/20260625_001234/e6f78520-159e-4127-bf07-ed2d64364463/distill_methodvanilla_dkd_alpha1.0_dkd_beta8.0_kl_methodkl_mse_normalizeFalse_temperature0.5_weight_ce0.5_weight_kl0.5_weight_mse1.0_zscoreFalse/final_summary.json
raw,H3K27me3,0.5,0.5,1.0,1.0,0.0001,16,42,0.5887444694570222,0.5693389956902911,0.4590691114769847,0.7811587743285189,33,103,True,/tmp/galaxy_srv_disk00/pengchx3/carbon_distillation/original/H3K27me3/20260625_001422/bf67fd9c-3ea7-47be-a1fc-3074a2d6abe9/distill_methodvanilla_dkd_alpha1.0_dkd_beta8.0_kl_methodkl_mse_normalizeFalse_temperature1.0_weight_ce0.5_weight_kl0.5_weight_mse1.0_zscoreFalse/final_summary.json
raw,H3K27me3,0.5,0.5,1.0,2.0,0.0001,16,42,0.59152210394669,0.5729736497399192,0.49443569929221354,0.7787113602457986,39,109,True,/tmp/galaxy_srv_disk00/pengchx3/carbon_distillation/original/H3K27me3/20260625_001835/f41f777b-2d0b-425a-9739-9f629b89ebd5/distill_methodvanilla_dkd_alpha1.0_dkd_beta8.0_kl_methodkl_mse_normalizeFalse_temperature2.0_weight_ce0.5_weight_kl0.5_weight_mse1.0_zscoreFalse/final_summary.json
raw,H3K27me3,0.5,1.0,0.0,0.5,0.0001,16,42,0.5873789975459068,0.5639942742484692,0.5031091867811459,0.762708289390424,38,108,True,/tmp/galaxy_srv_disk00/pengchx3/carbon_distillation/original/H3K27me3/20260625_003236/de2752e9-0ab0-40b9-887c-fea56ebb4318/distill_methodvanilla_dkd_alpha1.0_dkd_beta8.0_kl_methodkl_mse_normalizeFalse_temperature0.5_weight_ce0.5_weight_kl1.0_weight_mse0.0_zscoreFalse/final_summary.json
raw,H3K27me3,0.5,0.5,1.0,4.0,0.0001,16,42,0.5906678444335355,0.5750509405241669,0.46826268603845245,0.7788027493999001,44,114,True,/tmp/galaxy_srv_disk00/pengchx3/carbon_distillation/original/H3K27me3/20260625_004653/d7a23c3d-3a30-454d-ac6e-7329d1b22d51/distill_methodvanilla_dkd_alpha1.0_dkd_beta8.0_kl_methodkl_mse_normalizeFalse_temperature4.0_weight_ce0.5_weight_kl0.5_weight_mse1.0_zscoreFalse/final_summary.json
raw,H3K27me3,0.5,1.0,0.0,1.0,0.0001,16,42,0.5996166265516784,0.5730431920447536,0.500939334012096,0.7694818441452469,49,119,True,/tmp/galaxy_srv_disk00/pengchx3/carbon_distillation/original/H3K27me3/20260625_004742/1e639d33-b8ed-4074-8b27-7a8a1ef705d5/distill_methodvanilla_dkd_alpha1.0_dkd_beta8.0_kl_methodkl_mse_normalizeFalse_temperature1.0_weight_ce0.5_weight_kl1.0_weight_mse0.0_zscoreFalse/final_summary.json
raw,H3K27me3,0.5,1.0,0.0,2.0,0.0001,16,42,0.596439355356261,0.5920011942007064,0.5190503034430891,0.7854351393367112,54,124,True,/tmp/galaxy_srv_disk00/pengchx3/carbon_distillation/original/H3K27me3/20260625_005057/0a71d103-20bf-4fad-970e-6f2694ec4192/distill_methodvanilla_dkd_alpha1.0_dkd_beta8.0_kl_methodkl_mse_normalizeFalse_temperature2.0_weight_ce0.5_weight_kl1.0_weight_mse0.0_zscoreFalse/final_summary.json
raw,H3K27me3,0.5,1.0,0.0,1.5,0.0001,16,42,0.6012140713950515,0.5898701311021713,0.5257136144102054,0.7812671696242626,54,124,True,/tmp/galaxy_srv_disk00/pengchx3/carbon_distillation/original/H3K27me3/20260625_005133/c4dfda9f-f0ae-4eff-adf6-dac51dfa1691/distill_methodvanilla_dkd_alpha1.0_dkd_beta8.0_kl_methodkl_mse_normalizeFalse_temperature1.5_weight_ce0.5_weight_kl1.0_weight_mse0.0_zscoreFalse/final_summary.json
raw,H3K27me3,0.5,1.0,0.0,4.0,0.0001,16,42,0.5962167215999087,0.5826039906334886,0.5048756481570326,0.7802267299436636,55,125,True,/tmp/galaxy_srv_disk00/pengchx3/carbon_distillation/original/H3K27me3/20260625_005805/de3d4b1d-c65d-45ba-975f-902b47eeb12c/distill_methodvanilla_dkd_alpha1.0_dkd_beta8.0_kl_methodkl_mse_normalizeFalse_temperature4.0_weight_ce0.5_weight_kl1.0_weight_mse0.0_zscoreFalse/final_summary.json
raw,H3K27me3,0.5,1.0,1.0,0.5,0.0001,16,42,0.587746248379848,0.573067635277747,0.48593083552315747,0.7680789181012078,26,96,True,/tmp/galaxy_srv_disk00/pengchx3/carbon_distillation/original/H3K27me3/20260625_010416/788f8859-9552-4b22-8f14-e4d8e0817685/distill_methodvanilla_dkd_alpha1.0_dkd_beta8.0_kl_methodkl_mse_normalizeFalse_temperature0.5_weight_ce0.5_weight_kl1.0_weight_mse1.0_zscoreFalse/final_summary.json
raw,H3K27me3,0.5,1.0,1.0,1.0,0.0001,16,42,0.5914443148201735,0.579060234203261,0.5059809408084189,0.7803817584819125,39,109,True,/tmp/galaxy_srv_disk00/pengchx3/carbon_distillation/original/H3K27me3/20260625_011119/542f928e-0dd6-4bda-a559-ac792e66f39c/distill_methodvanilla_dkd_alpha1.0_dkd_beta8.0_kl_methodkl_mse_normalizeFalse_temperature1.0_weight_ce0.5_weight_kl1.0_weight_mse1.0_zscoreFalse/final_summary.json
raw,H3K27me3,0.5,1.0,1.0,1.5,0.0001,16,42,0.5982941561488593,0.5854111717385865,0.5211611964321797,0.7829248605415822,39,109,True,/tmp/galaxy_srv_disk00/pengchx3/carbon_distillation/original/H3K27me3/20260625_012830/870e7157-bf99-4875-b573-3ab4fead369c/distill_methodvanilla_dkd_alpha1.0_dkd_beta8.0_kl_methodkl_mse_normalizeFalse_temperature1.5_weight_ce0.5_weight_kl1.0_weight_mse1.0_zscoreFalse/final_summary.json
raw,H3K27me3,0.5,1.0,1.0,4.0,0.0001,16,42,0.5946960650769374,0.5771185738454928,0.5213179313886559,0.7829789046774251,53,123,True,/tmp/galaxy_srv_disk00/pengchx3/carbon_distillation/original/H3K27me3/20260625_013250/f29cb94e-0982-4ad2-abda-dc6b1633d0c9/distill_methodvanilla_dkd_alpha1.0_dkd_beta8.0_kl_methodkl_mse_normalizeFalse_temperature4.0_weight_ce0.5_weight_kl1.0_weight_mse1.0_zscoreFalse/final_summary.json
raw,H3K27me3,0.5,1.0,1.0,2.0,0.0001,16,42,0.5976875142524269,0.5849318632405084,0.5016497495335199,0.7834577188567242,39,109,True,/tmp/galaxy_srv_disk00/pengchx3/carbon_distillation/original/H3K27me3/20260625_013333/9f5e3da4-0956-42f8-9ed0-d109c5a9e578/distill_methodvanilla_dkd_alpha1.0_dkd_beta8.0_kl_methodkl_mse_normalizeFalse_temperature2.0_weight_ce0.5_weight_kl1.0_weight_mse1.0_zscoreFalse/final_summary.json
raw,H2AFZ,0.5,0.5,0.2,2.0,0.0001,16,0,0.523328071658081,0.4918921215394466,0.4422322917628924,0.7145148415326396,28,200,False,/tmp/galaxy_srv_disk00/pengchx3/carbon_distillation/original/H2AFZ/20260624_175633/8148f7ab-d5ab-4260-8b24-df482e970510/distill_methodvanilla_dkd_alpha1.0_dkd_beta8.0_kl_methodkl_mse_normalizeFalse_temperature2.0_weight_ce0.5_weight_kl0.5_weight_mse0.2_zscoreFalse/final_summary.json
raw,H2AFZ,0.5,0.0,0.0,0.5,0.0001,16,42,0.5119441885999265,0.46543930000553657,0.3340181354679962,0.707015616079139,21,91,True,/tmp/galaxy_srv_disk00/pengchx3/carbon_distillation/original/H2AFZ/20260625_110618/2b8911c7-d482-4217-9cf5-cdf4c01adb04/distill_methodvanilla_dkd_alpha1.0_dkd_beta8.0_kl_methodkl_mse_normalizeFalse_temperature0.5_weight_ce0.5_weight_kl0.0_weight_mse0.0_zscoreFalse/final_summary.json
raw,H2AFZ,0.5,0.0,1.0,0.5,0.0001,16,42,0.4975258528908874,0.4654681950641407,0.34503997130194325,0.7134489442181751,15,85,True,/tmp/galaxy_srv_disk00/pengchx3/carbon_distillation/original/H2AFZ/20260625_111424/a5aacdf4-21d2-419c-be30-56e618c072f9/distill_methodvanilla_dkd_alpha1.0_dkd_beta8.0_kl_methodkl_mse_normalizeFalse_temperature0.5_weight_ce0.5_weight_kl0.0_weight_mse1.0_zscoreFalse/final_summary.json
raw,H2AFZ,0.5,0.25,0.0,0.5,0.0001,16,42,0.5152319977096206,0.4695773188660751,0.39933395009122385,0.7069710853977376,21,91,True,/tmp/galaxy_srv_disk00/pengchx3/carbon_distillation/original/H2AFZ/20260625_112045/e13e25c2-3d00-4e99-9c7d-5b813f6c15a4/distill_methodvanilla_dkd_alpha1.0_dkd_beta8.0_kl_methodkl_mse_normalizeFalse_temperature0.5_weight_ce0.5_weight_kl0.25_weight_mse0.0_zscoreFalse/final_summary.json
raw,H2AFZ,0.5,0.25,0.0,1.0,0.0001,16,42,0.5123758206922974,0.48366851831364094,0.4094779401947015,0.7139469330728989,33,103,True,/tmp/galaxy_srv_disk00/pengchx3/carbon_distillation/original/H2AFZ/20260625_112644/3af6bf1e-1037-4e89-9fd7-d1bb8f85f6e1/distill_methodvanilla_dkd_alpha1.0_dkd_beta8.0_kl_methodkl_mse_normalizeFalse_temperature1.0_weight_ce0.5_weight_kl0.25_weight_mse0.0_zscoreFalse/final_summary.json
raw,H2AFZ,0.5,0.25,0.0,1.5,0.0001,16,42,0.5156245238138608,0.4875305953256699,0.41335442994944205,0.7187529224940816,31,101,True,/tmp/galaxy_srv_disk00/pengchx3/carbon_distillation/original/H2AFZ/20260625_112716/d4399349-e7a3-4e47-b10c-2255816693e7/distill_methodvanilla_dkd_alpha1.0_dkd_beta8.0_kl_methodkl_mse_normalizeFalse_temperature1.5_weight_ce0.5_weight_kl0.25_weight_mse0.0_zscoreFalse/final_summary.json
raw,H2AFZ,0.5,0.25,0.0,4.0,0.0001,16,42,0.5150958244774428,0.48015165822501316,0.40615649522142355,0.7047216676725939,31,101,True,/tmp/galaxy_srv_disk00/pengchx3/carbon_distillation/original/H2AFZ/20260625_121427/0458281f-a7fd-491f-a85e-a592e67835dc/distill_methodvanilla_dkd_alpha1.0_dkd_beta8.0_kl_methodkl_mse_normalizeFalse_temperature4.0_weight_ce0.5_weight_kl0.25_weight_mse0.0_zscoreFalse/final_summary.json
raw,H2AFZ,0.5,0.25,0.0,2.0,0.0001,16,42,0.5146388456113438,0.4882671350611232,0.4260126439284789,0.7159448801912109,31,101,True,/tmp/galaxy_srv_disk00/pengchx3/carbon_distillation/original/H2AFZ/20260625_121439/396c2654-2a79-4219-94dc-726f45a7dcaa/distill_methodvanilla_dkd_alpha1.0_dkd_beta8.0_kl_methodkl_mse_normalizeFalse_temperature2.0_weight_ce0.5_weight_kl0.25_weight_mse0.0_zscoreFalse/final_summary.json
raw,H2AFZ,0.5,0.25,1.0,0.5,0.0001,16,42,0.5126621037620719,0.4592870604876179,0.39693659938261944,0.7027482339612787,15,85,True,/tmp/galaxy_srv_disk00/pengchx3/carbon_distillation/original/H2AFZ/20260625_121504/0cffa2a8-7d0b-4186-9dff-09ab2f19bfc6/distill_methodvanilla_dkd_alpha1.0_dkd_beta8.0_kl_methodkl_mse_normalizeFalse_temperature0.5_weight_ce0.5_weight_kl0.25_weight_mse1.0_zscoreFalse/final_summary.json
raw,H2AFZ,0.5,0.25,1.0,1.0,0.0001,16,42,0.5097193688940728,0.46027880552171374,0.3936241243274821,0.6991891970569521,15,85,True,/tmp/galaxy_srv_disk00/pengchx3/carbon_distillation/original/H2AFZ/20260625_121559/0ceb0262-9690-4ecb-8535-5a86dda3fcef/distill_methodvanilla_dkd_alpha1.0_dkd_beta8.0_kl_methodkl_mse_normalizeFalse_temperature1.0_weight_ce0.5_weight_kl0.25_weight_mse1.0_zscoreFalse/final_summary.json
raw,H2AFZ,0.5,0.25,1.0,1.5,0.0001,16,42,0.5052031820895957,0.4611475400002866,0.4083689407055838,0.7005908916634005,15,85,True,/tmp/galaxy_srv_disk00/pengchx3/carbon_distillation/original/H2AFZ/20260625_121646/ae68ca0d-83e0-491c-a6ae-478fa88a984f/distill_methodvanilla_dkd_alpha1.0_dkd_beta8.0_kl_methodkl_mse_normalizeFalse_temperature1.5_weight_ce0.5_weight_kl0.25_weight_mse1.0_zscoreFalse/final_summary.json
raw,H2AFZ,0.5,0.25,1.0,2.0,0.0001,16,42,0.5080608769821485,0.4912726754146952,0.426844834397844,0.7322803478864381,25,95,True,/tmp/galaxy_srv_disk00/pengchx3/carbon_distillation/original/H2AFZ/20260625_124630/87e636d7-78a1-439e-b8b2-ff90f26d2617/distill_methodvanilla_dkd_alpha1.0_dkd_beta8.0_kl_methodkl_mse_normalizeFalse_temperature2.0_weight_ce0.5_weight_kl0.25_weight_mse1.0_zscoreFalse/final_summary.json
raw,H2AFZ,0.5,0.25,1.0,4.0,0.0001,16,42,0.5115080505646116,0.5038791117472753,0.4439751123789557,0.745300719878282,35,105,True,/tmp/galaxy_srv_disk00/pengchx3/carbon_distillation/original/H2AFZ/20260625_124740/7e487604-7965-4546-9de1-ff20f560a171/distill_methodvanilla_dkd_alpha1.0_dkd_beta8.0_kl_methodkl_mse_normalizeFalse_temperature4.0_weight_ce0.5_weight_kl0.25_weight_mse1.0_zscoreFalse/final_summary.json
raw,H2AFZ,0.5,0.5,0.0,0.5,0.0001,16,42,0.5165637535527191,0.4851002019010604,0.43232456551517123,0.7281919880770957,31,101,True,/tmp/galaxy_srv_disk00/pengchx3/carbon_distillation/original/H2AFZ/20260625_124746/5f74b7c3-df09-45a4-9546-fee080f8527a/distill_methodvanilla_dkd_alpha1.0_dkd_beta8.0_kl_methodkl_mse_normalizeFalse_temperature0.5_weight_ce0.5_weight_kl0.5_weight_mse0.0_zscoreFalse/final_summary.json
raw,H2AFZ,0.5,0.5,0.0,1.0,0.0001,16,42,0.5201555407992362,0.4944322356204832,0.4057408768833163,0.7294607068367165,38,108,True,/tmp/galaxy_srv_disk00/pengchx3/carbon_distillation/original/H2AFZ/20260625_124820/b26d13ee-1c1a-4c64-8e14-a92b943904f4/distill_methodvanilla_dkd_alpha1.0_dkd_beta8.0_kl_methodkl_mse_normalizeFalse_temperature1.0_weight_ce0.5_weight_kl0.5_weight_mse0.0_zscoreFalse/final_summary.json
raw,H2AFZ,0.5,0.5,0.0,1.5,0.0001,16,42,0.516409700446792,0.49248657906603494,0.4550879605388774,0.7299388314854589,29,99,True,/tmp/galaxy_srv_disk00/pengchx3/carbon_distillation/original/H2AFZ/20260625_124954/c72b9bd2-2f38-48ed-830d-aea5e8d6f682/distill_methodvanilla_dkd_alpha1.0_dkd_beta8.0_kl_methodkl_mse_normalizeFalse_temperature1.5_weight_ce0.5_weight_kl0.5_weight_mse0.0_zscoreFalse/final_summary.json
raw,H2AFZ,0.5,0.5,0.0,2.0,0.0001,16,42,0.5199248944470156,0.4768067446143027,0.4492696623317357,0.7114779716131553,55,125,True,/tmp/galaxy_srv_disk00/pengchx3/carbon_distillation/original/H2AFZ/20260625_132058/4aa19927-0dc0-4f92-ad5b-e7b206704f72/distill_methodvanilla_dkd_alpha1.0_dkd_beta8.0_kl_methodkl_mse_normalizeFalse_temperature2.0_weight_ce0.5_weight_kl0.5_weight_mse0.0_zscoreFalse/final_summary.json
raw,H2AFZ,0.5,0.5,1.0,1.0,0.0001,16,42,0.5072418990828866,0.5052546013325672,0.40958341474504484,0.7449830975604504,26,96,True,/tmp/galaxy_srv_disk00/pengchx3/carbon_distillation/original/H2AFZ/20260625_132220/62d29f86-db72-4ef5-adab-9ba8becd2d74/distill_methodvanilla_dkd_alpha1.0_dkd_beta8.0_kl_methodkl_mse_normalizeFalse_temperature1.0_weight_ce0.5_weight_kl0.5_weight_mse1.0_zscoreFalse/final_summary.json
raw,H2AFZ,0.5,0.5,1.0,0.5,0.0001,16,42,0.51301159148865,0.470494761980295,0.4101746127870276,0.7126198960310453,18,88,True,/tmp/galaxy_srv_disk00/pengchx3/carbon_distillation/original/H2AFZ/20260625_132222/4adc5312-7c69-402e-8dbe-06d90eed41f1/distill_methodvanilla_dkd_alpha1.0_dkd_beta8.0_kl_methodkl_mse_normalizeFalse_temperature0.5_weight_ce0.5_weight_kl0.5_weight_mse1.0_zscoreFalse/final_summary.json
raw,H2AFZ,0.5,0.5,0.0,4.0,0.0001,16,42,0.5177686733427047,0.48715556540891264,0.4635512532694806,0.7250928181237732,43,113,True,/tmp/galaxy_srv_disk00/pengchx3/carbon_distillation/original/H2AFZ/20260625_132325/62f85574-99a9-4594-8179-e7c8d6e53104/distill_methodvanilla_dkd_alpha1.0_dkd_beta8.0_kl_methodkl_mse_normalizeFalse_temperature4.0_weight_ce0.5_weight_kl0.5_weight_mse0.0_zscoreFalse/final_summary.json
raw,H2AFZ,0.5,0.5,1.0,1.5,0.0001,16,42,0.5088148549299291,0.49600097042017627,0.4424840811281193,0.7326487510756048,29,99,True,/tmp/galaxy_srv_disk00/pengchx3/carbon_distillation/original/H2AFZ/20260625_132437/2448af2d-98ca-4662-adbb-285efeb83913/distill_methodvanilla_dkd_alpha1.0_dkd_beta8.0_kl_methodkl_mse_normalizeFalse_temperature1.5_weight_ce0.5_weight_kl0.5_weight_mse1.0_zscoreFalse/final_summary.json
raw,H2AFZ,0.5,0.5,1.0,2.0,0.0001,16,42,0.5071238898519261,0.4793740900114869,0.4689999331032626,0.7124037437630004,17,87,True,/tmp/galaxy_srv_disk00/pengchx3/carbon_distillation/original/H2AFZ/20260625_132632/02af22a9-03f5-401f-ba0d-6a778b252a01/distill_methodvanilla_dkd_alpha1.0_dkd_beta8.0_kl_methodkl_mse_normalizeFalse_temperature2.0_weight_ce0.5_weight_kl0.5_weight_mse1.0_zscoreFalse/final_summary.json
raw,H2AFZ,0.5,1.0,0.0,0.5,0.0001,16,42,0.5170087516547398,0.48240956703939797,0.4386284576861205,0.7163801953848239,31,101,True,/tmp/galaxy_srv_disk00/pengchx3/carbon_distillation/original/H2AFZ/20260625_133751/3adbeac1-6fb4-40e2-8113-6d309435f083/distill_methodvanilla_dkd_alpha1.0_dkd_beta8.0_kl_methodkl_mse_normalizeFalse_temperature0.5_weight_ce0.5_weight_kl1.0_weight_mse0.0_zscoreFalse/final_summary.json
raw,H2AFZ,0.5,0.5,1.0,4.0,0.0001,16,42,0.5089003967866783,0.47618792674105415,0.4688397731034105,0.7100403366109515,17,87,True,/tmp/galaxy_srv_disk00/pengchx3/carbon_distillation/original/H2AFZ/20260625_135448/9bff6b7f-a6cc-4345-ba90-99f68514ad61/distill_methodvanilla_dkd_alpha1.0_dkd_beta8.0_kl_methodkl_mse_normalizeFalse_temperature4.0_weight_ce0.5_weight_kl0.5_weight_mse1.0_zscoreFalse/final_summary.json
raw,H2AFZ,0.5,1.0,0.0,1.0,0.0001,16,42,0.5201962384302401,0.4959699291795024,0.4440419640023156,0.726518935169471,32,102,True,/tmp/galaxy_srv_disk00/pengchx3/carbon_distillation/original/H2AFZ/20260625_135602/a5d14c84-48c7-434b-8644-01e7c371d9ad/distill_methodvanilla_dkd_alpha1.0_dkd_beta8.0_kl_methodkl_mse_normalizeFalse_temperature1.0_weight_ce0.5_weight_kl1.0_weight_mse0.0_zscoreFalse/final_summary.json
raw,H2AFZ,0.5,1.0,0.0,1.5,0.0001,16,42,0.5180983174238383,0.4730075669308597,0.47557525430629516,0.7065921275346219,25,95,True,/tmp/galaxy_srv_disk00/pengchx3/carbon_distillation/original/H2AFZ/20260625_135802/ff786c6d-5e2a-4c71-b4c2-0826c42a3160/distill_methodvanilla_dkd_alpha1.0_dkd_beta8.0_kl_methodkl_mse_normalizeFalse_temperature1.5_weight_ce0.5_weight_kl1.0_weight_mse0.0_zscoreFalse/final_summary.json
raw,H2AFZ,0.5,1.0,0.0,2.0,0.0001,16,42,0.5170292903834806,0.47249092188838443,0.45859684580754956,0.704573561876582,25,95,True,/tmp/galaxy_srv_disk00/pengchx3/carbon_distillation/original/H2AFZ/20260625_140006/c9e0a3ab-a7ee-43c3-983f-a39f4f39bdef/distill_methodvanilla_dkd_alpha1.0_dkd_beta8.0_kl_methodkl_mse_normalizeFalse_temperature2.0_weight_ce0.5_weight_kl1.0_weight_mse0.0_zscoreFalse/final_summary.json
raw,H2AFZ,0.5,1.0,0.0,4.0,0.0001,16,42,0.522696519394225,0.4934842392949695,0.4750420833349599,0.7255829252814543,43,113,True,/tmp/galaxy_srv_disk00/pengchx3/carbon_distillation/original/H2AFZ/20260625_140220/7bdf08aa-f0c9-43b9-bddc-28abb9451d67/distill_methodvanilla_dkd_alpha1.0_dkd_beta8.0_kl_methodkl_mse_normalizeFalse_temperature4.0_weight_ce0.5_weight_kl1.0_weight_mse0.0_zscoreFalse/final_summary.json
raw,H2AFZ,0.5,1.0,1.0,0.5,0.0001,16,42,0.5046342066195629,0.48795465996182386,0.4212983469390768,0.7310637006447697,25,95,True,/tmp/galaxy_srv_disk00/pengchx3/carbon_distillation/original/H2AFZ/20260625_140226/3d11c3c0-93ea-4d7a-9396-38b87e731067/distill_methodvanilla_dkd_alpha1.0_dkd_beta8.0_kl_methodkl_mse_normalizeFalse_temperature0.5_weight_ce0.5_weight_kl1.0_weight_mse1.0_zscoreFalse/final_summary.json
raw,H2AFZ,0.5,1.0,1.0,1.5,0.0001,16,42,0.5082750472088751,0.4844216570653438,0.4602016772548535,0.722151307580553,19,89,True,/tmp/galaxy_srv_disk00/pengchx3/carbon_distillation/original/H2AFZ/20260625_141036/2d31a0ea-5c51-4fe0-8589-ceae7f9c1a0f/distill_methodvanilla_dkd_alpha1.0_dkd_beta8.0_kl_methodkl_mse_normalizeFalse_temperature1.5_weight_ce0.5_weight_kl1.0_weight_mse1.0_zscoreFalse/final_summary.json
raw,H2AFZ,0.5,1.0,1.0,2.0,0.0001,16,42,0.5081459873890295,0.48715556540891264,0.4731708855355524,0.7250928181237732,19,89,True,/tmp/galaxy_srv_disk00/pengchx3/carbon_distillation/original/H2AFZ/20260625_142043/2f8a2de5-5223-4c6d-930d-cb4314464ac4/distill_methodvanilla_dkd_alpha1.0_dkd_beta8.0_kl_methodkl_mse_normalizeFalse_temperature2.0_weight_ce0.5_weight_kl1.0_weight_mse1.0_zscoreFalse/final_summary.json
raw,H2AFZ,0.5,1.0,1.0,1.0,0.0001,16,42,0.507993373074774,0.4800890327603319,0.4560922181259117,0.7148678365989776,17,87,True,/tmp/galaxy_srv_disk00/pengchx3/carbon_distillation/original/H2AFZ/20260625_142647/769fc07e-3b60-4492-ae8a-1fe3bac7e769/distill_methodvanilla_dkd_alpha1.0_dkd_beta8.0_kl_methodkl_mse_normalizeFalse_temperature1.0_weight_ce0.5_weight_kl1.0_weight_mse1.0_zscoreFalse/final_summary.json
raw,H2AFZ,0.5,1.0,1.0,4.0,0.0001,16,42,0.509637911155701,0.49985686788072753,0.4659703039404861,0.7377851586399791,50,120,True,/tmp/galaxy_srv_disk00/pengchx3/carbon_distillation/original/H2AFZ/20260625_142933/4041f34a-45e8-41d8-b952-46181e4f95c7/distill_methodvanilla_dkd_alpha1.0_dkd_beta8.0_kl_methodkl_mse_normalizeFalse_temperature4.0_weight_ce0.5_weight_kl1.0_weight_mse1.0_zscoreFalse/final_summary.json
raw,H3K27ac,0.5,0.5,0.2,2.0,0.0001,16,0,0.4875663055949274,0.46221298842983827,0.3697723761041029,0.7097184383562939,41,200,False,/tmp/galaxy_srv_disk00/pengchx3/carbon_distillation/original/H3K27ac/20260624_175634/927c2568-ec0b-43dd-b503-088cbea7d46e/distill_methodvanilla_dkd_alpha1.0_dkd_beta8.0_kl_methodkl_mse_normalizeFalse_temperature2.0_weight_ce0.5_weight_kl0.5_weight_mse0.2_zscoreFalse/final_summary.json
raw,H3K27ac,0.5,0.0,0.0,0.5,0.0001,16,42,0.46591898241563595,0.4683192676772419,0.3146351149250412,0.7279158711622706,27,97,True,/tmp/galaxy_srv_disk00/pengchx3/carbon_distillation/original/H3K27ac/20260625_142946/d756aa8a-e919-44f0-a5ad-2bcaa5430973/distill_methodvanilla_dkd_alpha1.0_dkd_beta8.0_kl_methodkl_mse_normalizeFalse_temperature0.5_weight_ce0.5_weight_kl0.0_weight_mse0.0_zscoreFalse/final_summary.json
raw,H3K27ac,0.5,0.0,1.0,0.5,0.0001,16,42,0.45883146774112354,0.4510470163636962,0.2970742994969007,0.7079037517737087,19,89,True,/tmp/galaxy_srv_disk00/pengchx3/carbon_distillation/original/H3K27ac/20260625_143143/139da4d2-ed8a-45b6-b15f-9c5c0c3fc7d6/distill_methodvanilla_dkd_alpha1.0_dkd_beta8.0_kl_methodkl_mse_normalizeFalse_temperature0.5_weight_ce0.5_weight_kl0.0_weight_mse1.0_zscoreFalse/final_summary.json
raw,H3K27ac,0.5,0.25,0.0,0.5,0.0001,16,42,0.48309636987919463,0.46995027311957577,0.3490294634154995,0.7303892727197767,28,98,True,/tmp/galaxy_srv_disk00/pengchx3/carbon_distillation/original/H3K27ac/20260625_143638/b3b71cb0-a9d2-41ba-b4b0-a7819e5a5f1f/distill_methodvanilla_dkd_alpha1.0_dkd_beta8.0_kl_methodkl_mse_normalizeFalse_temperature0.5_weight_ce0.5_weight_kl0.25_weight_mse0.0_zscoreFalse/final_summary.json
raw,H3K27ac,0.5,0.25,0.0,1.5,0.0001,16,42,0.48578980129397115,0.4654710775068838,0.3695200579407496,0.7228130360205832,28,98,True,/tmp/galaxy_srv_disk00/pengchx3/carbon_distillation/original/H3K27ac/20260625_144316/13fe1761-f3bb-4b8c-8bb7-fddbe96869e4/distill_methodvanilla_dkd_alpha1.0_dkd_beta8.0_kl_methodkl_mse_normalizeFalse_temperature1.5_weight_ce0.5_weight_kl0.25_weight_mse0.0_zscoreFalse/final_summary.json
raw,H3K27ac,0.5,0.25,0.0,2.0,0.0001,16,42,0.48468246328737064,0.4657529040021918,0.3619196493998419,0.7227325520008447,28,98,True,/tmp/galaxy_srv_disk00/pengchx3/carbon_distillation/original/H3K27ac/20260625_144316/a84dbe3e-9a5e-4c58-bd49-529753417def/distill_methodvanilla_dkd_alpha1.0_dkd_beta8.0_kl_methodkl_mse_normalizeFalse_temperature2.0_weight_ce0.5_weight_kl0.25_weight_mse0.0_zscoreFalse/final_summary.json
raw,H3K27ac,0.5,0.25,0.0,4.0,0.0001,16,42,0.4815536492680974,0.4667231616731666,0.35305036677730756,0.729349188290125,39,109,True,/tmp/galaxy_srv_disk00/pengchx3/carbon_distillation/original/H3K27ac/20260625_145330/7f766737-c8c1-42f3-9d15-2aa1820f48bb/distill_methodvanilla_dkd_alpha1.0_dkd_beta8.0_kl_methodkl_mse_normalizeFalse_temperature4.0_weight_ce0.5_weight_kl0.25_weight_mse0.0_zscoreFalse/final_summary.json
raw,H3K27ac,0.5,0.25,0.0,1.0,0.0001,16,42,0.4834595683849432,0.4667615179645663,0.34813721943183357,0.725409095254739,28,98,True,/tmp/galaxy_srv_disk00/pengchx3/carbon_distillation/original/H3K27ac/20260625_150838/5a5dcb53-9866-4b67-bf9d-2b7b6d871f16/distill_methodvanilla_dkd_alpha1.0_dkd_beta8.0_kl_methodkl_mse_normalizeFalse_temperature1.0_weight_ce0.5_weight_kl0.25_weight_mse0.0_zscoreFalse/final_summary.json
raw,H3K27ac,0.5,0.25,1.0,0.5,0.0001,16,42,0.4657313414611568,0.443717069095778,0.3321802718895557,0.7183008188365894,23,93,True,/tmp/galaxy_srv_disk00/pengchx3/carbon_distillation/original/H3K27ac/20260625_150903/3cb7628e-9880-4d78-8f95-c709843b95e7/distill_methodvanilla_dkd_alpha1.0_dkd_beta8.0_kl_methodkl_mse_normalizeFalse_temperature0.5_weight_ce0.5_weight_kl0.25_weight_mse1.0_zscoreFalse/final_summary.json
raw,H3K27ac,0.5,0.25,1.0,1.0,0.0001,16,42,0.46982437930005794,0.4557458618925156,0.3488037078184411,0.7196699703704392,22,92,True,/tmp/galaxy_srv_disk00/pengchx3/carbon_distillation/original/H3K27ac/20260625_150918/e5d90d58-80af-4e06-993a-9f6d63e9ad43/distill_methodvanilla_dkd_alpha1.0_dkd_beta8.0_kl_methodkl_mse_normalizeFalse_temperature1.0_weight_ce0.5_weight_kl0.25_weight_mse1.0_zscoreFalse/final_summary.json
raw,H3K27ac,0.5,0.25,1.0,2.0,0.0001,16,42,0.4630130295764215,0.43819948231193445,0.3414038237549021,0.6856685450819673,20,90,True,/tmp/galaxy_srv_disk00/pengchx3/carbon_distillation/original/H3K27ac/20260625_151234/971aa0cc-6ba8-419b-8bc8-4b66e698595f/distill_methodvanilla_dkd_alpha1.0_dkd_beta8.0_kl_methodkl_mse_normalizeFalse_temperature2.0_weight_ce0.5_weight_kl0.25_weight_mse1.0_zscoreFalse/final_summary.json
raw,H3K27ac,0.5,0.25,1.0,4.0,0.0001,16,42,0.4670470179946291,0.45182844687341767,0.3474907285110451,0.6963083293518075,24,94,True,/tmp/galaxy_srv_disk00/pengchx3/carbon_distillation/original/H3K27ac/20260625_151400/573a4888-7996-4ef5-991a-d439770370c2/distill_methodvanilla_dkd_alpha1.0_dkd_beta8.0_kl_methodkl_mse_normalizeFalse_temperature4.0_weight_ce0.5_weight_kl0.25_weight_mse1.0_zscoreFalse/final_summary.json
raw,H3K27ac,0.5,0.25,1.0,1.5,0.0001,16,42,0.46758933264222713,0.4523259583208068,0.3249357696937439,0.7034119232795828,26,96,True,/tmp/galaxy_srv_disk00/pengchx3/carbon_distillation/original/H3K27ac/20260625_160037/a728dcee-33c1-4e09-8b09-7c47a8b817ad/distill_methodvanilla_dkd_alpha1.0_dkd_beta8.0_kl_methodkl_mse_normalizeFalse_temperature1.5_weight_ce0.5_weight_kl0.25_weight_mse1.0_zscoreFalse/final_summary.json
raw,H3K27ac,0.5,0.5,0.0,0.5,0.0001,16,42,0.4895773010690703,0.4816849409739462,0.37144028717592603,0.7329836225941102,34,104,True,/tmp/galaxy_srv_disk00/pengchx3/carbon_distillation/original/H3K27ac/20260625_160250/c4af2533-fada-4473-8a91-85d890e52ee0/distill_methodvanilla_dkd_alpha1.0_dkd_beta8.0_kl_methodkl_mse_normalizeFalse_temperature0.5_weight_ce0.5_weight_kl0.5_weight_mse0.0_zscoreFalse/final_summary.json
raw,H3K27ac,0.5,0.5,0.0,1.0,0.0001,16,42,0.48410435710849425,0.46428575043853226,0.3976556193243356,0.7191768439033209,23,93,True,/tmp/galaxy_srv_disk00/pengchx3/carbon_distillation/original/H3K27ac/20260625_160629/06f40735-be69-4e84-85ec-19d15bfad3e3/distill_methodvanilla_dkd_alpha1.0_dkd_beta8.0_kl_methodkl_mse_normalizeFalse_temperature1.0_weight_ce0.5_weight_kl0.5_weight_mse0.0_zscoreFalse/final_summary.json
raw,H3K36me3,0.5,0.5,0.2,2.0,0.0001,16,0,0.6141896661970792,0.575660683169964,0.5301400528512593,0.7672243696915175,28,200,False,/tmp/galaxy_srv_disk00/pengchx3/carbon_distillation/original/H3K36me3/20260624_175635/be2b937f-7baf-4ae9-91f1-50e2acf571d8/distill_methodvanilla_dkd_alpha1.0_dkd_beta8.0_kl_methodkl_mse_normalizeFalse_temperature2.0_weight_ce0.5_weight_kl0.5_weight_mse0.2_zscoreFalse/final_summary.json
raw,H3K36me3,0.5,0.0,0.0,0.5,0.0001,16,42,0.5987912220804098,0.5518472824673997,0.45032871384410167,0.7633752854412745,19,89,True,/tmp/galaxy_srv_disk00/pengchx3/carbon_distillation/original/H3K36me3/20260625_013446/e0b80f39-6ef2-4783-b650-fa9fd7a8eff6/distill_methodvanilla_dkd_alpha1.0_dkd_beta8.0_kl_methodkl_mse_normalizeFalse_temperature0.5_weight_ce0.5_weight_kl0.0_weight_mse0.0_zscoreFalse/final_summary.json
raw,H3K36me3,0.5,0.0,1.0,0.5,0.0001,16,42,0.5948344540584655,0.5555052652699293,0.42443808507837,0.7616319088153514,15,85,True,/tmp/galaxy_srv_disk00/pengchx3/carbon_distillation/original/H3K36me3/20260625_013652/005ba36c-1979-4703-9e68-4bb31bd38809/distill_methodvanilla_dkd_alpha1.0_dkd_beta8.0_kl_methodkl_mse_normalizeFalse_temperature0.5_weight_ce0.5_weight_kl0.0_weight_mse1.0_zscoreFalse/final_summary.json
raw,H3K36me3,0.5,0.25,0.0,0.5,0.0001,16,42,0.6061804362626718,0.5718003098756644,0.4626379465140107,0.7765301272495517,28,98,True,/tmp/galaxy_srv_disk00/pengchx3/carbon_distillation/original/H3K36me3/20260625_013857/01685aa4-8f32-485c-84d5-41470cbb0134/distill_methodvanilla_dkd_alpha1.0_dkd_beta8.0_kl_methodkl_mse_normalizeFalse_temperature0.5_weight_ce0.5_weight_kl0.25_weight_mse0.0_zscoreFalse/final_summary.json
raw,H3K36me3,0.5,0.25,0.0,1.0,0.0001,16,42,0.6071471709665138,0.5733380597357407,0.48101819349545055,0.7648,26,96,True,/tmp/galaxy_srv_disk00/pengchx3/carbon_distillation/original/H3K36me3/20260625_015404/5f6ab4dc-9781-4e73-8c46-81a48c4b7924/distill_methodvanilla_dkd_alpha1.0_dkd_beta8.0_kl_methodkl_mse_normalizeFalse_temperature1.0_weight_ce0.5_weight_kl0.25_weight_mse0.0_zscoreFalse/final_summary.json
raw,H3K36me3,0.5,0.25,0.0,2.0,0.0001,16,42,0.609279775144189,0.5725812334774693,0.5159398236866087,0.771160019218478,26,96,True,/tmp/galaxy_srv_disk00/pengchx3/carbon_distillation/original/H3K36me3/20260625_020924/55de7fd5-76e1-4c70-9ed7-92803290c330/distill_methodvanilla_dkd_alpha1.0_dkd_beta8.0_kl_methodkl_mse_normalizeFalse_temperature2.0_weight_ce0.5_weight_kl0.25_weight_mse0.0_zscoreFalse/final_summary.json
raw,H3K36me3,0.5,0.25,0.0,1.5,0.0001,16,42,0.6060227838694476,0.5813680982592844,0.47971713200946403,0.778445277564479,28,98,True,/tmp/galaxy_srv_disk00/pengchx3/carbon_distillation/original/H3K36me3/20260625_021015/490e1fb9-70a4-4c93-8bb4-e0af4d9cb675/distill_methodvanilla_dkd_alpha1.0_dkd_beta8.0_kl_methodkl_mse_normalizeFalse_temperature1.5_weight_ce0.5_weight_kl0.25_weight_mse0.0_zscoreFalse/final_summary.json
raw,H3K36me3,0.5,0.25,0.0,4.0,0.0001,16,42,0.6093915216204423,0.5642961283962119,0.5123392654154715,0.7573995711650292,24,94,True,/tmp/galaxy_srv_disk00/pengchx3/carbon_distillation/original/H3K36me3/20260625_021126/eead918f-4d85-42cc-a52c-8ba930787863/distill_methodvanilla_dkd_alpha1.0_dkd_beta8.0_kl_methodkl_mse_normalizeFalse_temperature4.0_weight_ce0.5_weight_kl0.25_weight_mse0.0_zscoreFalse/final_summary.json
raw,H3K36me3,0.5,0.25,1.0,0.5,0.0001,16,42,0.5938037612699012,0.5566737414804025,0.46151310962898584,0.7604159888312441,15,85,True,/tmp/galaxy_srv_disk00/pengchx3/carbon_distillation/original/H3K36me3/20260625_021535/5832dd2d-1ef5-4bff-8adf-ffa9b9705cf4/distill_methodvanilla_dkd_alpha1.0_dkd_beta8.0_kl_methodkl_mse_normalizeFalse_temperature0.5_weight_ce0.5_weight_kl0.25_weight_mse1.0_zscoreFalse/final_summary.json
raw,H3K36me3,0.5,0.25,1.0,1.0,0.0001,16,42,0.599617615872606,0.5646578518121357,0.48854253783889157,0.769396052783887,20,90,True,/tmp/galaxy_srv_disk00/pengchx3/carbon_distillation/original/H3K36me3/20260625_021741/518255d7-1e8a-4d67-8ffd-f42230fe3896/distill_methodvanilla_dkd_alpha1.0_dkd_beta8.0_kl_methodkl_mse_normalizeFalse_temperature1.0_weight_ce0.5_weight_kl0.25_weight_mse1.0_zscoreFalse/final_summary.json
raw,H3K36me3,0.5,0.25,1.0,4.0,0.0001,16,42,0.6075055240680475,0.5759154857240792,0.5092364629398689,0.7719375639936388,28,98,True,/tmp/galaxy_srv_disk00/pengchx3/carbon_distillation/original/H3K36me3/20260625_024558/560c9558-52a8-4e66-a595-5c8f18590cfb/distill_methodvanilla_dkd_alpha1.0_dkd_beta8.0_kl_methodkl_mse_normalizeFalse_temperature4.0_weight_ce0.5_weight_kl0.25_weight_mse1.0_zscoreFalse/final_summary.json
raw,H3K36me3,0.5,0.25,1.0,2.0,0.0001,16,42,0.602188854171446,0.5766167675129867,0.4932604302010486,0.7718024067693624,21,91,True,/tmp/galaxy_srv_disk00/pengchx3/carbon_distillation/original/H3K36me3/20260625_024559/dd20cb18-5b20-47b5-aafc-81cc15e125bb/distill_methodvanilla_dkd_alpha1.0_dkd_beta8.0_kl_methodkl_mse_normalizeFalse_temperature2.0_weight_ce0.5_weight_kl0.25_weight_mse1.0_zscoreFalse/final_summary.json
raw,H3K36me3,0.5,0.5,0.0,0.5,0.0001,16,42,0.60945609163808,0.5767230272992279,0.4761239674005873,0.7779252767568212,28,98,True,/tmp/galaxy_srv_disk00/pengchx3/carbon_distillation/original/H3K36me3/20260625_025009/bb899eeb-c006-4e32-8d1b-c1643b2d8231/distill_methodvanilla_dkd_alpha1.0_dkd_beta8.0_kl_methodkl_mse_normalizeFalse_temperature0.5_weight_ce0.5_weight_kl0.5_weight_mse0.0_zscoreFalse/final_summary.json
raw,H3K36me3,0.5,0.25,1.0,1.5,0.0001,16,42,0.6061466305416825,0.5678623768423005,0.4721102650428935,0.7701862419295031,20,90,True,/tmp/galaxy_srv_disk00/pengchx3/carbon_distillation/original/H3K36me3/20260625_025915/f2b46988-f65d-4889-b0ee-4887dc91018f/distill_methodvanilla_dkd_alpha1.0_dkd_beta8.0_kl_methodkl_mse_normalizeFalse_temperature1.5_weight_ce0.5_weight_kl0.25_weight_mse1.0_zscoreFalse/final_summary.json
raw,H3K36me3,0.5,0.5,0.0,1.0,0.0001,16,42,0.6082107900733222,0.5735701615614884,0.5140271100887142,0.7761815719672039,34,104,True,/tmp/galaxy_srv_disk00/pengchx3/carbon_distillation/original/H3K36me3/20260625_031145/bdf3fbc6-5760-4304-bd11-ec19f0c4b774/distill_methodvanilla_dkd_alpha1.0_dkd_beta8.0_kl_methodkl_mse_normalizeFalse_temperature1.0_weight_ce0.5_weight_kl0.5_weight_mse0.0_zscoreFalse/final_summary.json
raw,H3K36me3,0.5,0.5,0.0,1.5,0.0001,16,42,0.6101238497386432,0.5707512162632381,0.4956614961903106,0.7705671274698449,28,98,True,/tmp/galaxy_srv_disk00/pengchx3/carbon_distillation/original/H3K36me3/20260625_033242/525b1b5b-b45d-4a3e-997c-83fcb89f58c7/distill_methodvanilla_dkd_alpha1.0_dkd_beta8.0_kl_methodkl_mse_normalizeFalse_temperature1.5_weight_ce0.5_weight_kl0.5_weight_mse0.0_zscoreFalse/final_summary.json
raw,H3K36me3,0.5,0.5,0.0,2.0,0.0001,16,42,0.6155603668065295,0.5617841955601046,0.5143900340363673,0.7632445458684696,28,98,True,/tmp/galaxy_srv_disk00/pengchx3/carbon_distillation/original/H3K36me3/20260625_040454/a40b0f79-d156-408c-85da-c036b4417e74/distill_methodvanilla_dkd_alpha1.0_dkd_beta8.0_kl_methodkl_mse_normalizeFalse_temperature2.0_weight_ce0.5_weight_kl0.5_weight_mse0.0_zscoreFalse/final_summary.json
raw,H3K36me3,0.5,0.5,0.0,4.0,0.0001,16,42,0.6133372013127688,0.5553835075758449,0.5234272282143577,0.7572702246568489,28,98,True,/tmp/galaxy_srv_disk00/pengchx3/carbon_distillation/original/H3K36me3/20260625_040858/f434102a-945d-418b-9b24-6c9ebedb028b/distill_methodvanilla_dkd_alpha1.0_dkd_beta8.0_kl_methodkl_mse_normalizeFalse_temperature4.0_weight_ce0.5_weight_kl0.5_weight_mse0.0_zscoreFalse/final_summary.json
raw,H3K36me3,0.5,0.5,1.0,0.5,0.0001,16,42,0.6064427472702093,0.561327687546154,0.48107946369960414,0.7691166035630521,20,90,True,/tmp/galaxy_srv_disk00/pengchx3/carbon_distillation/original/H3K36me3/20260625_042908/9a3d561d-f9fc-4ecd-8c95-c85819c84685/distill_methodvanilla_dkd_alpha1.0_dkd_beta8.0_kl_methodkl_mse_normalizeFalse_temperature0.5_weight_ce0.5_weight_kl0.5_weight_mse1.0_zscoreFalse/final_summary.json
raw,H3K36me3,0.5,0.5,1.0,1.0,0.0001,16,42,0.6055951731994573,0.5704785938707917,0.5051364704803957,0.7696670696831397,20,90,True,/tmp/galaxy_srv_disk00/pengchx3/carbon_distillation/original/H3K36me3/20260625_043717/9933c945-1f43-4dba-a73e-f5919b5369a4/distill_methodvanilla_dkd_alpha1.0_dkd_beta8.0_kl_methodkl_mse_normalizeFalse_temperature1.0_weight_ce0.5_weight_kl0.5_weight_mse1.0_zscoreFalse/final_summary.json
raw,H3K36me3,0.5,0.5,1.0,1.5,0.0001,16,42,0.6101473588891597,0.5649885771830089,0.5059806824874575,0.7678916827852998,28,98,True,/tmp/galaxy_srv_disk00/pengchx3/carbon_distillation/original/H3K36me3/20260625_044121/d692bb5e-21f5-4351-9b80-1a062d18e327/distill_methodvanilla_dkd_alpha1.0_dkd_beta8.0_kl_methodkl_mse_normalizeFalse_temperature1.5_weight_ce0.5_weight_kl0.5_weight_mse1.0_zscoreFalse/final_summary.json
raw,H3K36me3,0.5,0.5,1.0,2.0,0.0001,16,42,0.609526245158392,0.5559588545699465,0.5083962492029339,0.7605647125594155,20,90,True,/tmp/galaxy_srv_disk00/pengchx3/carbon_distillation/original/H3K36me3/20260625_050930/83c55c06-ede1-4eb5-887c-c833fdb339bf/distill_methodvanilla_dkd_alpha1.0_dkd_beta8.0_kl_methodkl_mse_normalizeFalse_temperature2.0_weight_ce0.5_weight_kl0.5_weight_mse1.0_zscoreFalse/final_summary.json
raw,H3K36me3,0.5,0.5,1.0,4.0,0.0001,16,42,0.6078008782140369,0.5636957897434965,0.5203897961766194,0.758979777190194,24,94,True,/tmp/galaxy_srv_disk00/pengchx3/carbon_distillation/original/H3K36me3/20260625_051736/5bde2c71-a3ea-46b8-a7fd-30fe438ec1a3/distill_methodvanilla_dkd_alpha1.0_dkd_beta8.0_kl_methodkl_mse_normalizeFalse_temperature4.0_weight_ce0.5_weight_kl0.5_weight_mse1.0_zscoreFalse/final_summary.json
raw,H3K36me3,0.5,1.0,0.0,0.5,0.0001,16,42,0.6104034855268349,0.5800439933614658,0.5153624546712108,0.7768171089697815,28,98,True,/tmp/galaxy_srv_disk00/pengchx3/carbon_distillation/original/H3K36me3/20260625_052546/4c2b2262-ab9f-4d6f-addb-bbfa7bfe8368/distill_methodvanilla_dkd_alpha1.0_dkd_beta8.0_kl_methodkl_mse_normalizeFalse_temperature0.5_weight_ce0.5_weight_kl1.0_weight_mse0.0_zscoreFalse/final_summary.json
raw,H3K36me3,0.5,1.0,0.0,1.0,0.0001,16,42,0.6144967042439203,0.5815131014744905,0.5000188643678792,0.7737100107419586,34,104,True,/tmp/galaxy_srv_disk00/pengchx3/carbon_distillation/original/H3K36me3/20260625_054055/74c5bd26-7c67-4bc1-89a8-896ca7987d58/distill_methodvanilla_dkd_alpha1.0_dkd_beta8.0_kl_methodkl_mse_normalizeFalse_temperature1.0_weight_ce0.5_weight_kl1.0_weight_mse0.0_zscoreFalse/final_summary.json
raw,H3K36me3,0.5,1.0,0.0,1.5,0.0001,16,42,0.6134999023333366,0.5715315017299137,0.5165835255960813,0.7661118395736943,34,104,True,/tmp/galaxy_srv_disk00/pengchx3/carbon_distillation/original/H3K36me3/20260625_054155/400abe55-4b72-4928-8c7b-7158153d2173/distill_methodvanilla_dkd_alpha1.0_dkd_beta8.0_kl_methodkl_mse_normalizeFalse_temperature1.5_weight_ce0.5_weight_kl1.0_weight_mse0.0_zscoreFalse/final_summary.json
raw,H3K36me3,0.5,1.0,0.0,2.0,0.0001,16,42,0.6175663081565682,0.5634275305648219,0.5000185967393289,0.7624275731686043,43,113,True,/tmp/galaxy_srv_disk00/pengchx3/carbon_distillation/original/H3K36me3/20260625_060004/3a1e600a-a9e3-4684-a790-d64308ec8be8/distill_methodvanilla_dkd_alpha1.0_dkd_beta8.0_kl_methodkl_mse_normalizeFalse_temperature2.0_weight_ce0.5_weight_kl1.0_weight_mse0.0_zscoreFalse/final_summary.json
raw,H3K36me3,0.5,1.0,1.0,0.5,0.0001,16,42,0.6078898475108561,0.565652545205521,0.48292774052394477,0.7696737044145874,20,90,True,/tmp/galaxy_srv_disk00/pengchx3/carbon_distillation/original/H3K36me3/20260625_061617/ee5897b3-73b7-48db-93ad-00e074826716/distill_methodvanilla_dkd_alpha1.0_dkd_beta8.0_kl_methodkl_mse_normalizeFalse_temperature0.5_weight_ce0.5_weight_kl1.0_weight_mse1.0_zscoreFalse/final_summary.json
raw,H3K36me3,0.5,1.0,0.0,4.0,0.0001,16,42,0.6148468658657157,0.5731134196762062,0.5271180633326977,0.7658030444691171,43,113,True,/tmp/galaxy_srv_disk00/pengchx3/carbon_distillation/original/H3K36me3/20260625_061716/fdbdb298-787e-478a-9bd0-a5dfed10274e/distill_methodvanilla_dkd_alpha1.0_dkd_beta8.0_kl_methodkl_mse_normalizeFalse_temperature4.0_weight_ce0.5_weight_kl1.0_weight_mse0.0_zscoreFalse/final_summary.json
raw,H3K36me3,0.5,1.0,1.0,1.0,0.0001,16,42,0.6118828396181532,0.553935376214331,0.5220801062198596,0.7580617603171167,30,100,True,/tmp/galaxy_srv_disk00/pengchx3/carbon_distillation/original/H3K36me3/20260625_064025/d116c756-7f88-4441-8e1e-7e32dee7982d/distill_methodvanilla_dkd_alpha1.0_dkd_beta8.0_kl_methodkl_mse_normalizeFalse_temperature1.0_weight_ce0.5_weight_kl1.0_weight_mse1.0_zscoreFalse/final_summary.json
raw,H3K36me3,0.5,1.0,1.0,1.5,0.0001,16,42,0.6062433457328805,0.5582887761446597,0.5216310584119462,0.7629940121935495,20,90,True,/tmp/galaxy_srv_disk00/pengchx3/carbon_distillation/original/H3K36me3/20260625_065033/762ca803-59e8-4f6b-98f2-3e1fddc7bb69/distill_methodvanilla_dkd_alpha1.0_dkd_beta8.0_kl_methodkl_mse_normalizeFalse_temperature1.5_weight_ce0.5_weight_kl1.0_weight_mse1.0_zscoreFalse/final_summary.json
raw,H3K36me3,0.5,1.0,1.0,2.0,0.0001,16,42,0.6087901272707528,0.5624735763295192,0.5151535921616548,0.7611681818534353,24,94,True,/tmp/galaxy_srv_disk00/pengchx3/carbon_distillation/original/H3K36me3/20260625_065745/0ff784e8-ae53-4193-aa16-1069aaa48337/distill_methodvanilla_dkd_alpha1.0_dkd_beta8.0_kl_methodkl_mse_normalizeFalse_temperature2.0_weight_ce0.5_weight_kl1.0_weight_mse1.0_zscoreFalse/final_summary.json
raw,H3K36me3,0.5,1.0,1.0,4.0,0.0001,16,42,0.6092955670518888,0.5598827406262122,0.5277624638336761,0.7509459442008224,49,119,True,/tmp/galaxy_srv_disk00/pengchx3/carbon_distillation/original/H3K36me3/20260625_070242/d0f13b74-8a9b-4eff-a715-b06111b04dc4/distill_methodvanilla_dkd_alpha1.0_dkd_beta8.0_kl_methodkl_mse_normalizeFalse_temperature4.0_weight_ce0.5_weight_kl1.0_weight_mse1.0_zscoreFalse/final_summary.json
raw,H3K4me2,0.5,0.5,0.2,2.0,0.0001,16,0,0.5861481942449,0.5473369757007442,0.4611498548898434,0.7696185540167765,20,200,False,/tmp/galaxy_srv_disk00/pengchx3/carbon_distillation/original/H3K4me2/20260624_190511/ce72bf6c-367e-4344-b41f-aba646b654de/distill_methodvanilla_dkd_alpha1.0_dkd_beta8.0_kl_methodkl_mse_normalizeFalse_temperature2.0_weight_ce0.5_weight_kl0.5_weight_mse0.2_zscoreFalse/final_summary.json
raw,H3K4me2,0.5,0.0,0.0,0.5,0.0001,16,42,0.5788994714494913,0.5361332182859954,0.38099646727229675,0.7666399274094919,32,102,True,/tmp/galaxy_srv_disk00/pengchx3/carbon_distillation/original/H3K4me2/20260625_165646/57f40594-19c8-427d-912d-55196a3db4fc/distill_methodvanilla_dkd_alpha1.0_dkd_beta8.0_kl_methodkl_mse_normalizeFalse_temperature0.5_weight_ce0.5_weight_kl0.0_weight_mse0.0_zscoreFalse/final_summary.json
raw,H3K4me2,0.5,0.0,1.0,0.5,0.0001,16,42,0.5702638866828708,0.5450382775284728,0.375999637235725,0.7680956048934209,20,90,True,/tmp/galaxy_srv_disk00/pengchx3/carbon_distillation/original/H3K4me2/20260625_172435/276ddae9-5849-44a5-a8cc-c53b4c280d3a/distill_methodvanilla_dkd_alpha1.0_dkd_beta8.0_kl_methodkl_mse_normalizeFalse_temperature0.5_weight_ce0.5_weight_kl0.0_weight_mse1.0_zscoreFalse/final_summary.json
raw,H3K4me2,0.5,0.25,0.0,0.5,0.0001,16,42,0.5789328380501998,0.5410605284667502,0.42251195909827943,0.760859381488967,25,95,True,/tmp/galaxy_srv_disk00/pengchx3/carbon_distillation/original/H3K4me2/20260625_172726/3bbfd893-34a5-4cd7-8395-db810f800c3f/distill_methodvanilla_dkd_alpha1.0_dkd_beta8.0_kl_methodkl_mse_normalizeFalse_temperature0.5_weight_ce0.5_weight_kl0.25_weight_mse0.0_zscoreFalse/final_summary.json
raw,H3K4me2,0.5,0.25,0.0,1.0,0.0001,16,42,0.586013626187253,0.5349350691644257,0.43829140360787894,0.7533030030864858,35,105,True,/tmp/galaxy_srv_disk00/pengchx3/carbon_distillation/original/H3K4me2/20260625_184314/cf1eb95e-a1b0-413f-a218-3bb78dd5ddc7/distill_methodvanilla_dkd_alpha1.0_dkd_beta8.0_kl_methodkl_mse_normalizeFalse_temperature1.0_weight_ce0.5_weight_kl0.25_weight_mse0.0_zscoreFalse/final_summary.json
raw,H3K4me2,0.5,0.25,0.0,4.0,0.0001,16,42,0.5879124576580541,0.5389201345856418,0.44631782454164937,0.758599906877552,35,105,True,/tmp/galaxy_srv_disk00/pengchx3/carbon_distillation/original/H3K4me2/20260625_184441/a9207f3b-90fe-463f-92f8-f39178fb40b1/distill_methodvanilla_dkd_alpha1.0_dkd_beta8.0_kl_methodkl_mse_normalizeFalse_temperature4.0_weight_ce0.5_weight_kl0.25_weight_mse0.0_zscoreFalse/final_summary.json
raw,H3K4me2,0.5,0.25,0.0,1.5,0.0001,16,42,0.5903580143877744,0.5377026542524547,0.450312336598578,0.7568159582418422,34,104,True,/tmp/galaxy_srv_disk00/pengchx3/carbon_distillation/original/H3K4me2/20260625_185351/3c930bbc-290e-48ed-849d-4bfdab7e6fde/distill_methodvanilla_dkd_alpha1.0_dkd_beta8.0_kl_methodkl_mse_normalizeFalse_temperature1.5_weight_ce0.5_weight_kl0.25_weight_mse0.0_zscoreFalse/final_summary.json
raw,H3K4me2,0.5,0.25,0.0,2.0,0.0001,16,42,0.5907482730131549,0.5339844797735657,0.48476888906996124,0.7562556781080544,34,104,True,/tmp/galaxy_srv_disk00/pengchx3/carbon_distillation/original/H3K4me2/20260625_190844/92b6ed4a-e324-456c-9d8b-b3efbd743815/distill_methodvanilla_dkd_alpha1.0_dkd_beta8.0_kl_methodkl_mse_normalizeFalse_temperature2.0_weight_ce0.5_weight_kl0.25_weight_mse0.0_zscoreFalse/final_summary.json
raw,H3K4me2,0.5,0.25,1.0,0.5,0.0001,16,42,0.5701786645486597,0.548207097290425,0.4380718354106765,0.7701042409955945,20,90,True,/tmp/galaxy_srv_disk00/pengchx3/carbon_distillation/original/H3K4me2/20260625_191727/e2d78401-9325-42d8-a058-b34282ef697d/distill_methodvanilla_dkd_alpha1.0_dkd_beta8.0_kl_methodkl_mse_normalizeFalse_temperature0.5_weight_ce0.5_weight_kl0.25_weight_mse1.0_zscoreFalse/final_summary.json
raw,H3K4me2,0.5,0.25,1.0,1.5,0.0001,16,42,0.5773975436210433,0.5474836957991083,0.40973750300932216,0.7702537800001978,20,90,True,/tmp/galaxy_srv_disk00/pengchx3/carbon_distillation/original/H3K4me2/20260625_192306/c1619928-def7-47b2-842e-41bcc6b01a92/distill_methodvanilla_dkd_alpha1.0_dkd_beta8.0_kl_methodkl_mse_normalizeFalse_temperature1.5_weight_ce0.5_weight_kl0.25_weight_mse1.0_zscoreFalse/final_summary.json
raw,H3K4me2,0.5,0.25,1.0,2.0,0.0001,16,42,0.581350717836259,0.5414233409764294,0.43171664177297425,0.7681881233319287,20,90,True,/tmp/galaxy_srv_disk00/pengchx3/carbon_distillation/original/H3K4me2/20260625_193815/af5172ed-929c-4a60-9eb4-0ddd6b13aea1/distill_methodvanilla_dkd_alpha1.0_dkd_beta8.0_kl_methodkl_mse_normalizeFalse_temperature2.0_weight_ce0.5_weight_kl0.25_weight_mse1.0_zscoreFalse/final_summary.json
raw,H3K4me2,0.5,0.25,1.0,1.0,0.0001,16,42,0.5757245251615808,0.5444263586884222,0.4678990513008236,0.768223703089628,25,95,True,/tmp/galaxy_srv_disk00/pengchx3/carbon_distillation/original/H3K4me2/20260625_193815/e63306b8-79ee-4042-9c3b-4620f3f8394c/distill_methodvanilla_dkd_alpha1.0_dkd_beta8.0_kl_methodkl_mse_normalizeFalse_temperature1.0_weight_ce0.5_weight_kl0.25_weight_mse1.0_zscoreFalse/final_summary.json
raw,H3K4me2,0.5,0.25,1.0,4.0,0.0001,16,42,0.5769841163813392,0.5300962176947078,0.4135228257060631,0.7618847718997643,25,95,True,/tmp/galaxy_srv_disk00/pengchx3/carbon_distillation/original/H3K4me2/20260625_194246/11ad5473-940b-4cf3-a5c3-543e5e4a2d76/distill_methodvanilla_dkd_alpha1.0_dkd_beta8.0_kl_methodkl_mse_normalizeFalse_temperature4.0_weight_ce0.5_weight_kl0.25_weight_mse1.0_zscoreFalse/final_summary.json
raw,H3K4me2,0.5,0.5,0.0,0.5,0.0001,16,42,0.5866853490485213,0.5376569177348542,0.417308948234731,0.7663111040876527,29,99,True,/tmp/galaxy_srv_disk00/pengchx3/carbon_distillation/original/H3K4me2/20260625_195014/7ddf4339-ede5-4821-8ce6-bd145e5f5d7f/distill_methodvanilla_dkd_alpha1.0_dkd_beta8.0_kl_methodkl_mse_normalizeFalse_temperature0.5_weight_ce0.5_weight_kl0.5_weight_mse0.0_zscoreFalse/final_summary.json
raw,H3K4me2,0.5,0.5,0.0,2.0,0.0001,16,42,0.586426450623158,0.540714801710093,0.4733745740627285,0.7575349228162399,35,105,True,/tmp/galaxy_srv_disk00/pengchx3/carbon_distillation/original/H3K4me2/20260625_195943/9d7d2408-7452-4161-8314-5c93769a2acb/distill_methodvanilla_dkd_alpha1.0_dkd_beta8.0_kl_methodkl_mse_normalizeFalse_temperature2.0_weight_ce0.5_weight_kl0.5_weight_mse0.0_zscoreFalse/final_summary.json
raw,H3K4me2,0.5,0.5,0.0,1.0,0.0001,16,42,0.5877502608675046,0.5501723730080794,0.4406179694445818,0.770364970700924,29,99,True,/tmp/galaxy_srv_disk00/pengchx3/carbon_distillation/original/H3K4me2/20260625_201121/d2dfcded-e779-41d6-bbb4-87f66d81dcd0/distill_methodvanilla_dkd_alpha1.0_dkd_beta8.0_kl_methodkl_mse_normalizeFalse_temperature1.0_weight_ce0.5_weight_kl0.5_weight_mse0.0_zscoreFalse/final_summary.json
raw,H3K4me2,0.5,0.5,0.0,1.5,0.0001,16,42,0.5882212013561255,0.5507041417144488,0.41464117492974645,0.7615498199832906,35,105,True,/tmp/galaxy_srv_disk00/pengchx3/carbon_distillation/original/H3K4me2/20260625_201207/c4dfa508-007b-4091-8944-8d7f7e6a4187/distill_methodvanilla_dkd_alpha1.0_dkd_beta8.0_kl_methodkl_mse_normalizeFalse_temperature1.5_weight_ce0.5_weight_kl0.5_weight_mse0.0_zscoreFalse/final_summary.json
raw,H3K4me2,0.5,0.5,0.0,4.0,0.0001,16,42,0.5828414581362988,0.535572903699117,0.4806969066264502,0.7565935696232085,27,97,True,/tmp/galaxy_srv_disk00/pengchx3/carbon_distillation/original/H3K4me2/20260625_201337/48773287-62ea-48e4-95dd-9c378badda0f/distill_methodvanilla_dkd_alpha1.0_dkd_beta8.0_kl_methodkl_mse_normalizeFalse_temperature4.0_weight_ce0.5_weight_kl0.5_weight_mse0.0_zscoreFalse/final_summary.json
raw,H3K4me2,0.5,0.5,1.0,0.5,0.0001,16,42,0.5794790120988662,0.5448623807283054,0.4271749864342162,0.7688002447618847,20,90,True,/tmp/galaxy_srv_disk00/pengchx3/carbon_distillation/original/H3K4me2/20260625_201820/d75143ed-8a8d-49af-93cb-ce9b21a7c7f5/distill_methodvanilla_dkd_alpha1.0_dkd_beta8.0_kl_methodkl_mse_normalizeFalse_temperature0.5_weight_ce0.5_weight_kl0.5_weight_mse1.0_zscoreFalse/final_summary.json
raw,H3K4me2,0.5,0.5,1.0,1.0,0.0001,16,42,0.5815781725440077,0.539517334437388,0.4475953954336355,0.7652397691702562,25,95,True,/tmp/galaxy_srv_disk00/pengchx3/carbon_distillation/original/H3K4me2/20260625_202333/225aecc9-d0b8-4b8e-8b26-33239c64b58c/distill_methodvanilla_dkd_alpha1.0_dkd_beta8.0_kl_methodkl_mse_normalizeFalse_temperature1.0_weight_ce0.5_weight_kl0.5_weight_mse1.0_zscoreFalse/final_summary.json
raw,H3K4me2,0.5,0.5,1.0,1.5,0.0001,16,42,0.578429835687547,0.5384647746673007,0.46524630033005276,0.7654651963147552,25,95,True,/tmp/galaxy_srv_disk00/pengchx3/carbon_distillation/original/H3K4me2/20260625_202613/91fb230e-ba8e-4c28-b272-575e02a3318d/distill_methodvanilla_dkd_alpha1.0_dkd_beta8.0_kl_methodkl_mse_normalizeFalse_temperature1.5_weight_ce0.5_weight_kl0.5_weight_mse1.0_zscoreFalse/final_summary.json
raw,H3K4me2,0.5,0.5,1.0,4.0,0.0001,16,42,0.5731527524580748,0.5365048437617017,0.4549076103650597,0.7652142897303984,25,95,True,/tmp/galaxy_srv_disk00/pengchx3/carbon_distillation/original/H3K4me2/20260625_204026/7637b486-b5dc-4d42-a2cf-e5a3b9af7cb1/distill_methodvanilla_dkd_alpha1.0_dkd_beta8.0_kl_methodkl_mse_normalizeFalse_temperature4.0_weight_ce0.5_weight_kl0.5_weight_mse1.0_zscoreFalse/final_summary.json
raw,H3K4me2,0.5,0.5,1.0,2.0,0.0001,16,42,0.5805432332478465,0.5416650899421873,0.45086633125909326,0.7667975567190226,25,95,True,/tmp/galaxy_srv_disk00/pengchx3/carbon_distillation/original/H3K4me2/20260625_204423/63bacac8-ab0e-491f-a9e3-505ef365af6d/distill_methodvanilla_dkd_alpha1.0_dkd_beta8.0_kl_methodkl_mse_normalizeFalse_temperature2.0_weight_ce0.5_weight_kl0.5_weight_mse1.0_zscoreFalse/final_summary.json
raw,H3K4me2,0.5,1.0,0.0,0.5,0.0001,16,42,0.5884862146405678,0.5439891471889768,0.45748810272407503,0.7683154061987918,31,101,True,/tmp/galaxy_srv_disk00/pengchx3/carbon_distillation/original/H3K4me2/20260625_204639/ef73c7a9-8fbc-45f9-8cdc-702d438be286/distill_methodvanilla_dkd_alpha1.0_dkd_beta8.0_kl_methodkl_mse_normalizeFalse_temperature0.5_weight_ce0.5_weight_kl1.0_weight_mse0.0_zscoreFalse/final_summary.json
raw,H3K4me2,0.5,1.0,0.0,1.0,0.0001,16,42,0.5925571238978075,0.5480582727056326,0.46305282069963205,0.7701349729994638,39,109,True,/tmp/galaxy_srv_disk00/pengchx3/carbon_distillation/original/H3K4me2/20260625_204728/f56b6ed5-9e6f-4941-a13d-49bc5f0dbd61/distill_methodvanilla_dkd_alpha1.0_dkd_beta8.0_kl_methodkl_mse_normalizeFalse_temperature1.0_weight_ce0.5_weight_kl1.0_weight_mse0.0_zscoreFalse/final_summary.json
raw,H3K4me2,0.5,1.0,0.0,1.5,0.0001,16,42,0.5848570537464313,0.5400635102041906,0.4454180539777303,0.7515077532477915,30,100,True,/tmp/galaxy_srv_disk00/pengchx3/carbon_distillation/original/H3K4me2/20260625_205139/befd5f75-bbe1-4022-b0cd-77c2dff9505f/distill_methodvanilla_dkd_alpha1.0_dkd_beta8.0_kl_methodkl_mse_normalizeFalse_temperature1.5_weight_ce0.5_weight_kl1.0_weight_mse0.0_zscoreFalse/final_summary.json
raw,H3K4me2,0.5,1.0,0.0,2.0,0.0001,16,42,0.5861978956326483,0.5501780523460797,0.42481216278582895,0.7656924052776828,42,112,True,/tmp/galaxy_srv_disk00/pengchx3/carbon_distillation/original/H3K4me2/20260625_205745/4d98595e-9aea-4c43-9de1-989cdf5f135c/distill_methodvanilla_dkd_alpha1.0_dkd_beta8.0_kl_methodkl_mse_normalizeFalse_temperature2.0_weight_ce0.5_weight_kl1.0_weight_mse0.0_zscoreFalse/final_summary.json
raw,H3K4me2,0.5,1.0,1.0,0.5,0.0001,16,42,0.5788034461751403,0.5328914862989567,0.44133653916600285,0.763977418151994,25,95,True,/tmp/galaxy_srv_disk00/pengchx3/carbon_distillation/original/H3K4me2/20260625_210103/99848cc9-4ea4-4bf5-ba03-8433f2862d74/distill_methodvanilla_dkd_alpha1.0_dkd_beta8.0_kl_methodkl_mse_normalizeFalse_temperature0.5_weight_ce0.5_weight_kl1.0_weight_mse1.0_zscoreFalse/final_summary.json
raw,H3K4me2,0.5,1.0,1.0,1.0,0.0001,16,42,0.5831796574526468,0.5387552507854177,0.4462496833058813,0.7654028962306781,25,95,True,/tmp/galaxy_srv_disk00/pengchx3/carbon_distillation/original/H3K4me2/20260625_211509/20f76b5b-248d-4e20-8088-e7ea215d4324/distill_methodvanilla_dkd_alpha1.0_dkd_beta8.0_kl_methodkl_mse_normalizeFalse_temperature1.0_weight_ce0.5_weight_kl1.0_weight_mse1.0_zscoreFalse/final_summary.json
raw,H3K4me2,0.5,1.0,0.0,4.0,0.0001,16,42,0.580183447079109,0.5500982049350699,0.4674799724834622,0.7663784919179237,42,112,True,/tmp/galaxy_srv_disk00/pengchx3/carbon_distillation/original/H3K4me2/20260625_211849/d43f4082-df06-4ab7-a125-544a0db612a7/distill_methodvanilla_dkd_alpha1.0_dkd_beta8.0_kl_methodkl_mse_normalizeFalse_temperature4.0_weight_ce0.5_weight_kl1.0_weight_mse0.0_zscoreFalse/final_summary.json
raw,H3K4me2,0.5,1.0,1.0,1.5,0.0001,16,42,0.5755774919764244,0.5284733144335514,0.45697894670058803,0.7615666425475416,25,95,True,/tmp/galaxy_srv_disk00/pengchx3/carbon_distillation/original/H3K4me2/20260625_212121/24a94204-c610-4df5-b4c2-e80bbe1414e3/distill_methodvanilla_dkd_alpha1.0_dkd_beta8.0_kl_methodkl_mse_normalizeFalse_temperature1.5_weight_ce0.5_weight_kl1.0_weight_mse1.0_zscoreFalse/final_summary.json
raw,H3K4me2,0.5,1.0,1.0,2.0,0.0001,16,42,0.5776218612276318,0.5417789944509878,0.4690968053505927,0.7607067383718289,19,89,True,/tmp/galaxy_srv_disk00/pengchx3/carbon_distillation/original/H3K4me2/20260625_212335/85c57c28-5cae-4789-bb2f-ca292381f99c/distill_methodvanilla_dkd_alpha1.0_dkd_beta8.0_kl_methodkl_mse_normalizeFalse_temperature2.0_weight_ce0.5_weight_kl1.0_weight_mse1.0_zscoreFalse/final_summary.json
raw,H3K4me2,0.5,1.0,1.0,4.0,0.0001,16,42,0.5734089800199481,0.543859068912606,0.4422081698078885,0.7676741280399817,21,91,True,/tmp/galaxy_srv_disk00/pengchx3/carbon_distillation/original/H3K4me2/20260625_212542/9b85fc24-7cb5-44dc-a787-e023b6e82ca7/distill_methodvanilla_dkd_alpha1.0_dkd_beta8.0_kl_methodkl_mse_normalizeFalse_temperature4.0_weight_ce0.5_weight_kl1.0_weight_mse1.0_zscoreFalse/final_summary.json
raw,H3K4me3,0.5,0.5,0.2,2.0,0.0001,16,0,0.6757701603178605,0.6142638571931478,0.5670170152878506,0.8048676508547115,37,200,False,/tmp/galaxy_srv_disk00/pengchx3/carbon_distillation/original/H3K4me3/20260624_190616/2d151f51-c862-4cd4-a5b4-49c2026194c2/distill_methodvanilla_dkd_alpha1.0_dkd_beta8.0_kl_methodkl_mse_normalizeFalse_temperature2.0_weight_ce0.5_weight_kl0.5_weight_mse0.2_zscoreFalse/final_summary.json
raw,H3K4me3,0.5,0.0,0.0,0.5,0.0001,16,42,0.6658326037700972,0.6325830475157406,0.512754036157251,0.8138877970460283,31,101,True,/tmp/galaxy_srv_disk00/pengchx3/carbon_distillation/original/H3K4me3/20260625_213527/746468de-aa75-4d1c-9efe-0827e0515230/distill_methodvanilla_dkd_alpha1.0_dkd_beta8.0_kl_methodkl_mse_normalizeFalse_temperature0.5_weight_ce0.5_weight_kl0.0_weight_mse0.0_zscoreFalse/final_summary.json
raw,H3K4me3,0.5,0.0,1.0,0.5,0.0001,16,42,0.668643428294467,0.6251164249530188,0.5083418188117796,0.8116442227763924,33,103,True,/tmp/galaxy_srv_disk00/pengchx3/carbon_distillation/original/H3K4me3/20260625_213554/7fb91db1-8c4e-48a9-9b76-940df3e6808d/distill_methodvanilla_dkd_alpha1.0_dkd_beta8.0_kl_methodkl_mse_normalizeFalse_temperature0.5_weight_ce0.5_weight_kl0.0_weight_mse1.0_zscoreFalse/final_summary.json
raw,H3K4me3,0.5,0.25,0.0,1.0,0.0001,16,42,0.6766310351929306,0.6548567081692704,0.5568194024007713,0.8272909067958198,31,101,True,/tmp/galaxy_srv_disk00/pengchx3/carbon_distillation/original/H3K4me3/20260625_215003/733e93aa-c69d-4780-a02f-45eafc4a1725/distill_methodvanilla_dkd_alpha1.0_dkd_beta8.0_kl_methodkl_mse_normalizeFalse_temperature1.0_weight_ce0.5_weight_kl0.25_weight_mse0.0_zscoreFalse/final_summary.json
raw,H3K4me3,0.5,0.25,0.0,0.5,0.0001,16,42,0.6736967164383088,0.6422326907361692,0.5233257175041024,0.820809334979093,31,101,True,/tmp/galaxy_srv_disk00/pengchx3/carbon_distillation/original/H3K4me3/20260625_215345/aa8ec08d-d24d-4db8-856f-19f4838f5a4c/distill_methodvanilla_dkd_alpha1.0_dkd_beta8.0_kl_methodkl_mse_normalizeFalse_temperature0.5_weight_ce0.5_weight_kl0.25_weight_mse0.0_zscoreFalse/final_summary.json
raw,H3K4me3,0.5,0.25,0.0,2.0,0.0001,16,42,0.6730988219693738,0.6316132411657703,0.5379150443802185,0.8156968584691785,31,101,True,/tmp/galaxy_srv_disk00/pengchx3/carbon_distillation/original/H3K4me3/20260625_215534/f2dacfd6-3a67-4722-857e-736460ed578b/distill_methodvanilla_dkd_alpha1.0_dkd_beta8.0_kl_methodkl_mse_normalizeFalse_temperature2.0_weight_ce0.5_weight_kl0.25_weight_mse0.0_zscoreFalse/final_summary.json
raw,H3K4me3,0.5,0.25,0.0,1.5,0.0001,16,42,0.6766989833193982,0.6444669009268187,0.5361964615711131,0.8221460459183674,31,101,True,/tmp/galaxy_srv_disk00/pengchx3/carbon_distillation/original/H3K4me3/20260625_215605/0d689d2f-059e-4b43-a2f9-956152836283/distill_methodvanilla_dkd_alpha1.0_dkd_beta8.0_kl_methodkl_mse_normalizeFalse_temperature1.5_weight_ce0.5_weight_kl0.25_weight_mse0.0_zscoreFalse/final_summary.json
raw,H3K4me3,0.5,0.25,1.0,0.5,0.0001,16,42,0.6668619487101989,0.6263073813990631,0.5439029566567998,0.8131415371483326,33,103,True,/tmp/galaxy_srv_disk00/pengchx3/carbon_distillation/original/H3K4me3/20260625_215710/e586eb88-1d76-4988-b8b5-b84a52324599/distill_methodvanilla_dkd_alpha1.0_dkd_beta8.0_kl_methodkl_mse_normalizeFalse_temperature0.5_weight_ce0.5_weight_kl0.25_weight_mse1.0_zscoreFalse/final_summary.json
raw,H3K4me3,0.5,0.25,0.0,4.0,0.0001,16,42,0.6680767757499385,0.6251164249530188,0.5741848192569894,0.8116442227763924,68,138,True,/tmp/galaxy_srv_disk00/pengchx3/carbon_distillation/original/H3K4me3/20260625_215711/8c761350-6715-4cff-820a-855cd7ae600f/distill_methodvanilla_dkd_alpha1.0_dkd_beta8.0_kl_methodkl_mse_normalizeFalse_temperature4.0_weight_ce0.5_weight_kl0.25_weight_mse0.0_zscoreFalse/final_summary.json
raw,H3K4me3,0.5,0.25,1.0,1.0,0.0001,16,42,0.6659189693353509,0.6295437946869445,0.5757547371189707,0.8143330918564697,34,104,True,/tmp/galaxy_srv_disk00/pengchx3/carbon_distillation/original/H3K4me3/20260625_215921/53a01052-4563-487f-aa04-8a3ca600ec02/distill_methodvanilla_dkd_alpha1.0_dkd_beta8.0_kl_methodkl_mse_normalizeFalse_temperature1.0_weight_ce0.5_weight_kl0.25_weight_mse1.0_zscoreFalse/final_summary.json
raw,H3K4me3,0.5,0.25,1.0,2.0,0.0001,16,42,0.674879029530851,0.6366508028579945,0.5556780067630199,0.8182914252405127,30,100,True,/tmp/galaxy_srv_disk00/pengchx3/carbon_distillation/original/H3K4me3/20260625_221042/330fbe60-3e4a-4ab1-ac25-0d17bbafaa4c/distill_methodvanilla_dkd_alpha1.0_dkd_beta8.0_kl_methodkl_mse_normalizeFalse_temperature2.0_weight_ce0.5_weight_kl0.25_weight_mse1.0_zscoreFalse/final_summary.json
raw,H3K4me3,0.5,0.25,1.0,1.5,0.0001,16,42,0.6751647274232925,0.6294013554319098,0.5569674729797485,0.8143540669856459,34,104,True,/tmp/galaxy_srv_disk00/pengchx3/carbon_distillation/original/H3K4me3/20260625_221400/a0e46d0e-1789-4176-aed1-33712988ffc7/distill_methodvanilla_dkd_alpha1.0_dkd_beta8.0_kl_methodkl_mse_normalizeFalse_temperature1.5_weight_ce0.5_weight_kl0.25_weight_mse1.0_zscoreFalse/final_summary.json
raw,H3K4me3,0.5,0.5,1.0,0.5,0.0001,16,42,0.6614669779128504,0.6224274023829083,0.5723550756440081,0.8103701930509633,23,93,True,/tmp/galaxy_srv_disk00/pengchx3/carbon_distillation/original/H3K4me3/20260625_225146/652e7b25-8be1-4abe-9fcb-e2dd46c9020e/distill_methodvanilla_dkd_alpha1.0_dkd_beta8.0_kl_methodkl_mse_normalizeFalse_temperature0.5_weight_ce0.5_weight_kl0.5_weight_mse1.0_zscoreFalse/final_summary.json
raw,H3K4me3,0.5,0.5,1.0,1.0,0.0001,16,42,0.6703524894653864,0.629166960217864,0.5201618790792251,0.8143886039280304,28,98,True,/tmp/galaxy_srv_disk00/pengchx3/carbon_distillation/original/H3K4me3/20260625_231341/1d9ea014-c3e3-4a28-942d-313308f2befc/distill_methodvanilla_dkd_alpha1.0_dkd_beta8.0_kl_methodkl_mse_normalizeFalse_temperature1.0_weight_ce0.5_weight_kl0.5_weight_mse1.0_zscoreFalse/final_summary.json
raw,H3K4me3,0.5,0.5,0.0,2.0,0.0001,16,42,0.6750805682157366,0.626757204212406,0.5600993229840845,0.8130744861292697,37,107,True,/tmp/galaxy_srv_disk00/pengchx3/carbon_distillation/original/H3K4me3/20260625_232446/e1c8b2ef-fca9-4b85-93e3-7ae9c46bac0b/distill_methodvanilla_dkd_alpha1.0_dkd_beta8.0_kl_methodkl_mse_normalizeFalse_temperature2.0_weight_ce0.5_weight_kl0.5_weight_mse0.0_zscoreFalse/final_summary.json
raw,H3K4me3,0.5,0.5,0.0,1.5,0.0001,16,42,0.6750899334316042,0.6391837494419614,0.5748969501223133,0.819586430455086,31,101,True,/tmp/galaxy_srv_disk00/pengchx3/carbon_distillation/original/H3K4me3/20260625_232448/c0f3a91b-60d3-4fba-9033-ab4ac802b13d/distill_methodvanilla_dkd_alpha1.0_dkd_beta8.0_kl_methodkl_mse_normalizeFalse_temperature1.5_weight_ce0.5_weight_kl0.5_weight_mse0.0_zscoreFalse/final_summary.json
raw,H3K4me3,0.5,0.5,0.0,0.5,0.0001,16,42,0.6741040771970872,0.6547783713416477,0.5696803479675485,0.8273012329931972,31,101,True,/tmp/galaxy_srv_disk00/pengchx3/carbon_distillation/original/H3K4me3/20260625_232449/b30c5466-ea1b-4563-aa2f-c7c1c6ef2b1c/distill_methodvanilla_dkd_alpha1.0_dkd_beta8.0_kl_methodkl_mse_normalizeFalse_temperature0.5_weight_ce0.5_weight_kl0.5_weight_mse0.0_zscoreFalse/final_summary.json
raw,H3K4me3,0.5,0.5,0.0,1.0,0.0001,16,42,0.675331222239452,0.6393111657194042,0.5494967612515436,0.8195684523809523,31,101,True,/tmp/galaxy_srv_disk00/pengchx3/carbon_distillation/original/H3K4me3/20260625_232453/4bdea7be-acd5-4d5c-8092-8b87a30c651e/distill_methodvanilla_dkd_alpha1.0_dkd_beta8.0_kl_methodkl_mse_normalizeFalse_temperature1.0_weight_ce0.5_weight_kl0.5_weight_mse0.0_zscoreFalse/final_summary.json
raw,H3K4me3,0.5,0.25,1.0,4.0,0.0001,16,42,0.6761188009462126,0.631445396184653,0.5441364115902416,0.8157213434632788,28,98,True,/tmp/galaxy_srv_disk00/pengchx3/carbon_distillation/original/H3K4me3/20260625_232454/74b4f013-7d83-4732-955f-deb4661150a3/distill_methodvanilla_dkd_alpha1.0_dkd_beta8.0_kl_methodkl_mse_normalizeFalse_temperature4.0_weight_ce0.5_weight_kl0.25_weight_mse1.0_zscoreFalse/final_summary.json
raw,H3K4me3,0.5,0.5,1.0,2.0,0.0001,16,42,0.6806185215578073,0.6367692676242664,0.5284927119958486,0.8182745247842949,28,98,True,/tmp/galaxy_srv_disk00/pengchx3/carbon_distillation/original/H3K4me3/20260625_232553/7ba5fde8-d0ce-4bee-b6f6-38491b518264/distill_methodvanilla_dkd_alpha1.0_dkd_beta8.0_kl_methodkl_mse_normalizeFalse_temperature2.0_weight_ce0.5_weight_kl0.5_weight_mse1.0_zscoreFalse/final_summary.json
raw,H3K4me3,0.5,0.5,1.0,1.5,0.0001,16,42,0.6771620932714116,0.6341554305119895,0.5291260885333516,0.8169908588435374,28,98,True,/tmp/galaxy_srv_disk00/pengchx3/carbon_distillation/original/H3K4me3/20260625_232553/c50f79b2-766b-4ffb-acd3-25b437c40bc7/distill_methodvanilla_dkd_alpha1.0_dkd_beta8.0_kl_methodkl_mse_normalizeFalse_temperature1.5_weight_ce0.5_weight_kl0.5_weight_mse1.0_zscoreFalse/final_summary.json
raw,H3K4me3,0.5,0.5,0.0,4.0,0.0001,16,42,0.6663516756581818,0.629166960217864,0.56580458902403,0.8143886039280304,34,104,True,/tmp/galaxy_srv_disk00/pengchx3/carbon_distillation/original/H3K4me3/20260626_002837/d5aed406-9244-4fde-a96f-fab2283420eb/distill_methodvanilla_dkd_alpha1.0_dkd_beta8.0_kl_methodkl_mse_normalizeFalse_temperature4.0_weight_ce0.5_weight_kl0.5_weight_mse0.0_zscoreFalse/final_summary.json
raw,H3K4me3,0.5,0.5,1.0,4.0,0.0001,16,42,0.684171216315145,0.631915699720327,0.5623339978858866,0.8156527690792108,28,98,True,/tmp/galaxy_srv_disk00/pengchx3/carbon_distillation/original/H3K4me3/20260626_003447/7ed4e1dc-5430-46f5-a03c-e3a16d328a7a/distill_methodvanilla_dkd_alpha1.0_dkd_beta8.0_kl_methodkl_mse_normalizeFalse_temperature4.0_weight_ce0.5_weight_kl0.5_weight_mse1.0_zscoreFalse/final_summary.json
raw,H3K4me3,0.5,1.0,0.0,0.5,0.0001,16,42,0.6738818914969809,0.6473911862440902,0.5556780067630199,0.823387617929034,34,104,True,/tmp/galaxy_srv_disk00/pengchx3/carbon_distillation/original/H3K4me3/20260626_003619/66dd1963-434f-4b68-a2e1-b8c9203d7e2e/distill_methodvanilla_dkd_alpha1.0_dkd_beta8.0_kl_methodkl_mse_normalizeFalse_temperature0.5_weight_ce0.5_weight_kl1.0_weight_mse0.0_zscoreFalse/final_summary.json
raw,H3K4me3,0.5,1.0,0.0,1.0,0.0001,16,42,0.6732963214262495,0.6340964397009892,0.5465826026814139,0.8169993689175274,34,104,True,/tmp/galaxy_srv_disk00/pengchx3/carbon_distillation/original/H3K4me3/20260626_003732/3559d992-ca5a-4e9d-8be7-5300efac394e/distill_methodvanilla_dkd_alpha1.0_dkd_beta8.0_kl_methodkl_mse_normalizeFalse_temperature1.0_weight_ce0.5_weight_kl1.0_weight_mse0.0_zscoreFalse/final_summary.json
raw,H3K4me3,0.5,1.0,0.0,4.0,0.0001,16,42,0.6666626106720469,0.6061864721730048,0.5438516782058542,0.7958739844549776,59,129,True,/tmp/galaxy_srv_disk00/pengchx3/carbon_distillation/original/H3K4me3/20260626_003749/f22b099a-fc17-45e3-8c25-b593a2495734/distill_methodvanilla_dkd_alpha1.0_dkd_beta8.0_kl_methodkl_mse_normalizeFalse_temperature4.0_weight_ce0.5_weight_kl1.0_weight_mse0.0_zscoreFalse/final_summary.json
raw,H3K4me3,0.5,1.0,0.0,1.5,0.0001,16,42,0.6694610485830158,0.6347039897253621,0.5556780067630199,0.8169117989140187,37,107,True,/tmp/galaxy_srv_disk00/pengchx3/carbon_distillation/original/H3K4me3/20260626_004900/1a52c477-2e7c-45c8-9dbe-9c6925c9ab93/distill_methodvanilla_dkd_alpha1.0_dkd_beta8.0_kl_methodkl_mse_normalizeFalse_temperature1.5_weight_ce0.5_weight_kl1.0_weight_mse0.0_zscoreFalse/final_summary.json
raw,H3K4me3,0.5,1.0,0.0,2.0,0.0001,16,42,0.674879029530851,0.6391837494419614,0.5608471045003504,0.819586430455086,31,101,True,/tmp/galaxy_srv_disk00/pengchx3/carbon_distillation/original/H3K4me3/20260626_004946/5a2299de-2246-4d67-b9f9-b4f845d728c1/distill_methodvanilla_dkd_alpha1.0_dkd_beta8.0_kl_methodkl_mse_normalizeFalse_temperature2.0_weight_ce0.5_weight_kl1.0_weight_mse0.0_zscoreFalse/final_summary.json
raw,H3K4me3,0.5,1.0,1.0,0.5,0.0001,16,42,0.669384067480866,0.6288994003672709,0.537692131035899,0.8144280589876445,30,100,True,/tmp/galaxy_srv_disk00/pengchx3/carbon_distillation/original/H3K4me3/20260626_005452/65d5e47d-b90b-48e1-8296-85ef6255ade2/distill_methodvanilla_dkd_alpha1.0_dkd_beta8.0_kl_methodkl_mse_normalizeFalse_temperature0.5_weight_ce0.5_weight_kl1.0_weight_mse1.0_zscoreFalse/final_summary.json
raw,H3K4me3,0.5,1.0,1.0,1.0,0.0001,16,42,0.6760361432333647,0.6320502652893342,0.574374456733161,0.8156331670230459,28,98,True,/tmp/galaxy_srv_disk00/pengchx3/carbon_distillation/original/H3K4me3/20260626_005612/1ed20a8e-c837-4a8c-9897-326040a3be1f/distill_methodvanilla_dkd_alpha1.0_dkd_beta8.0_kl_methodkl_mse_normalizeFalse_temperature1.0_weight_ce0.5_weight_kl1.0_weight_mse1.0_zscoreFalse/final_summary.json
raw,H3K4me3,0.5,1.0,1.0,1.5,0.0001,16,42,0.6752558872087946,0.6273979405688903,0.5691999120779073,0.8113029053383343,40,110,True,/tmp/galaxy_srv_disk00/pengchx3/carbon_distillation/original/H3K4me3/20260626_005829/ce4203fa-92cd-4013-8d7b-43e2a868f057/distill_methodvanilla_dkd_alpha1.0_dkd_beta8.0_kl_methodkl_mse_normalizeFalse_temperature1.5_weight_ce0.5_weight_kl1.0_weight_mse1.0_zscoreFalse/final_summary.json
raw,H3K4me3,0.5,1.0,1.0,4.0,0.0001,16,42,0.6751757910011369,0.6340964397009892,0.550253697970916,0.8169993689175274,41,111,True,/tmp/galaxy_srv_disk00/pengchx3/carbon_distillation/original/H3K4me3/20260626_010339/7953a595-eef1-43ca-b123-5e2a559a0e0e/distill_methodvanilla_dkd_alpha1.0_dkd_beta8.0_kl_methodkl_mse_normalizeFalse_temperature4.0_weight_ce0.5_weight_kl1.0_weight_mse1.0_zscoreFalse/final_summary.json
raw,H3K4me3,0.5,1.0,1.0,2.0,0.0001,16,42,0.6762069135463047,0.6247163824034787,0.5419575912288129,0.8117043271308244,28,98,True,/tmp/galaxy_srv_disk00/pengchx3/carbon_distillation/original/H3K4me3/20260626_011015/2a5ca823-124d-4769-b14d-8955199b5ce3/distill_methodvanilla_dkd_alpha1.0_dkd_beta8.0_kl_methodkl_mse_normalizeFalse_temperature2.0_weight_ce0.5_weight_kl1.0_weight_mse1.0_zscoreFalse/final_summary.json
raw,H3K9ac,0.5,0.5,0.2,2.0,0.0001,16,0,0.5499414013589764,0.5122459991928613,0.4625186126368324,0.7559061134612847,52,200,False,/tmp/galaxy_srv_disk00/pengchx3/carbon_distillation/original/H3K9ac/20260624_190617/c9a799e5-b8f9-4527-af69-f17abfa19427/distill_methodvanilla_dkd_alpha1.0_dkd_beta8.0_kl_methodkl_mse_normalizeFalse_temperature2.0_weight_ce0.5_weight_kl0.5_weight_mse0.2_zscoreFalse/final_summary.json
raw,H3K9ac,0.5,0.0,0.0,0.5,0.0001,16,42,0.5404500107209079,0.4842799862888888,0.37081233599332253,0.7419742783970089,43,113,True,/tmp/galaxy_srv_disk00/pengchx3/carbon_distillation/original/H3K9ac/20260626_011040/377b3068-b970-4a0f-8681-7853e178270f/distill_methodvanilla_dkd_alpha1.0_dkd_beta8.0_kl_methodkl_mse_normalizeFalse_temperature0.5_weight_ce0.5_weight_kl0.0_weight_mse0.0_zscoreFalse/final_summary.json
raw,H3K9ac,0.5,0.0,1.0,0.5,0.0001,16,42,0.5404007620040161,0.4869954621403709,0.3410606483165146,0.7412553943269145,25,95,True,/tmp/galaxy_srv_disk00/pengchx3/carbon_distillation/original/H3K9ac/20260626_011528/fbfbe8b9-4c28-4673-a43d-dde18ae58d79/distill_methodvanilla_dkd_alpha1.0_dkd_beta8.0_kl_methodkl_mse_normalizeFalse_temperature0.5_weight_ce0.5_weight_kl0.0_weight_mse1.0_zscoreFalse/final_summary.json
raw,H3K9ac,0.5,0.25,0.0,0.5,0.0001,16,42,0.5533307685195624,0.49211096687333516,0.4484643961805206,0.7459955255051169,49,119,True,/tmp/galaxy_srv_disk00/pengchx3/carbon_distillation/original/H3K9ac/20260626_011650/387d1db9-673b-4bbc-82dc-eaa16db4b35f/distill_methodvanilla_dkd_alpha1.0_dkd_beta8.0_kl_methodkl_mse_normalizeFalse_temperature0.5_weight_ce0.5_weight_kl0.25_weight_mse0.0_zscoreFalse/final_summary.json
raw,H3K9ac,0.5,0.25,0.0,1.0,0.0001,16,42,0.5506972433341376,0.4963715940316049,0.45741944572210225,0.7479176900824192,49,119,True,/tmp/galaxy_srv_disk00/pengchx3/carbon_distillation/original/H3K9ac/20260626_012247/cd62626c-1642-480c-a4f0-9ed3341c9982/distill_methodvanilla_dkd_alpha1.0_dkd_beta8.0_kl_methodkl_mse_normalizeFalse_temperature1.0_weight_ce0.5_weight_kl0.25_weight_mse0.0_zscoreFalse/final_summary.json
raw,H3K9ac,0.5,0.25,0.0,1.5,0.0001,16,42,0.5567215761153955,0.4982017478625122,0.4621660663609291,0.7489551705661726,49,119,True,/tmp/galaxy_srv_disk00/pengchx3/carbon_distillation/original/H3K9ac/20260626_013155/47523dff-2838-4b00-b9bb-501a280d6117/distill_methodvanilla_dkd_alpha1.0_dkd_beta8.0_kl_methodkl_mse_normalizeFalse_temperature1.5_weight_ce0.5_weight_kl0.25_weight_mse0.0_zscoreFalse/final_summary.json
raw,H3K9ac,0.5,0.25,0.0,2.0,0.0001,16,42,0.5589364683009068,0.4961350604557757,0.40211261976974855,0.7479777159327112,67,137,True,/tmp/galaxy_srv_disk00/pengchx3/carbon_distillation/original/H3K9ac/20260626_013811/6920e7eb-df84-417e-9b17-1d708de080af/distill_methodvanilla_dkd_alpha1.0_dkd_beta8.0_kl_methodkl_mse_normalizeFalse_temperature2.0_weight_ce0.5_weight_kl0.25_weight_mse0.0_zscoreFalse/final_summary.json
raw,H3K9ac,0.5,0.25,0.0,4.0,0.0001,16,42,0.5588508227674,0.49458946386862973,0.453562070457841,0.7468673072341777,67,137,True,/tmp/galaxy_srv_disk00/pengchx3/carbon_distillation/original/H3K9ac/20260626_013918/f1f9d325-aaac-4463-9d33-fa2ee473544e/distill_methodvanilla_dkd_alpha1.0_dkd_beta8.0_kl_methodkl_mse_normalizeFalse_temperature4.0_weight_ce0.5_weight_kl0.25_weight_mse0.0_zscoreFalse/final_summary.json
raw,H3K9ac,0.5,0.25,1.0,0.5,0.0001,16,42,0.5394772438577147,0.46885653641139,0.40056117875073977,0.7307250928487748,30,100,True,/tmp/galaxy_srv_disk00/pengchx3/carbon_distillation/original/H3K9ac/20260626_014705/91054dfc-305f-4540-a5e1-e01f3d6e7816/distill_methodvanilla_dkd_alpha1.0_dkd_beta8.0_kl_methodkl_mse_normalizeFalse_temperature0.5_weight_ce0.5_weight_kl0.25_weight_mse1.0_zscoreFalse/final_summary.json
raw,H3K9ac,0.5,0.25,1.0,1.0,0.0001,16,42,0.5408536419456145,0.45542173328740265,0.4148994865100339,0.7219184177503137,30,100,True,/tmp/galaxy_srv_disk00/pengchx3/carbon_distillation/original/H3K9ac/20260626_015425/fdbc4d29-4d2f-4473-8a1f-9b8fef2d6081/distill_methodvanilla_dkd_alpha1.0_dkd_beta8.0_kl_methodkl_mse_normalizeFalse_temperature1.0_weight_ce0.5_weight_kl0.25_weight_mse1.0_zscoreFalse/final_summary.json
raw,H3K9ac,0.5,0.25,1.0,1.5,0.0001,16,42,0.5422406845636758,0.47161908560612426,0.4642180375768708,0.7346385590054212,38,108,True,/tmp/galaxy_srv_disk00/pengchx3/carbon_distillation/original/H3K9ac/20260626_020306/6735b101-1060-442a-8d54-633f52857ab3/distill_methodvanilla_dkd_alpha1.0_dkd_beta8.0_kl_methodkl_mse_normalizeFalse_temperature1.5_weight_ce0.5_weight_kl0.25_weight_mse1.0_zscoreFalse/final_summary.json
raw,H3K9ac,0.5,0.25,1.0,2.0,0.0001,16,42,0.5425061252937977,0.47416379980111867,0.4366371988556517,0.7370350969093766,41,111,True,/tmp/galaxy_srv_disk00/pengchx3/carbon_distillation/original/H3K9ac/20260626_021309/a2eb43cc-9b32-407d-9b0b-91a9ec1ca796/distill_methodvanilla_dkd_alpha1.0_dkd_beta8.0_kl_methodkl_mse_normalizeFalse_temperature2.0_weight_ce0.5_weight_kl0.25_weight_mse1.0_zscoreFalse/final_summary.json
raw,H3K9ac,0.5,0.25,1.0,4.0,0.0001,16,42,0.5466249931115871,0.5089394572868395,0.44313231017638144,0.7537492986976878,40,110,True,/tmp/galaxy_srv_disk00/pengchx3/carbon_distillation/original/H3K9ac/20260626_021451/749b4634-cc90-425f-9b40-4b0b6344855d/distill_methodvanilla_dkd_alpha1.0_dkd_beta8.0_kl_methodkl_mse_normalizeFalse_temperature4.0_weight_ce0.5_weight_kl0.25_weight_mse1.0_zscoreFalse/final_summary.json
raw,H3K9ac,0.5,0.5,0.0,0.5,0.0001,16,42,0.5576690150793564,0.48692605161100105,0.4632150523433348,0.7427982476695832,49,119,True,/tmp/galaxy_srv_disk00/pengchx3/carbon_distillation/original/H3K9ac/20260626_021601/cc719c04-bc06-4ab2-a9b2-07da7e549128/distill_methodvanilla_dkd_alpha1.0_dkd_beta8.0_kl_methodkl_mse_normalizeFalse_temperature0.5_weight_ce0.5_weight_kl0.5_weight_mse0.0_zscoreFalse/final_summary.json
raw,H3K9ac,0.5,0.5,0.0,1.0,0.0001,16,42,0.5567010309278351,0.48019497819213636,0.46820274176208,0.7400086318515322,42,112,True,/tmp/galaxy_srv_disk00/pengchx3/carbon_distillation/original/H3K9ac/20260626_022348/16159825-7e78-4beb-917b-a607f1ad7a60/distill_methodvanilla_dkd_alpha1.0_dkd_beta8.0_kl_methodkl_mse_normalizeFalse_temperature1.0_weight_ce0.5_weight_kl0.5_weight_mse0.0_zscoreFalse/final_summary.json
raw,H3K9ac,0.5,0.5,0.0,1.5,0.0001,16,42,0.5534247454360447,0.5106100327864016,0.49203284875108505,0.7533476226234939,61,131,True,/tmp/galaxy_srv_disk00/pengchx3/carbon_distillation/original/H3K9ac/20260626_023347/dffbfbb4-8ff3-4416-8d03-ac757c8ea5cf/distill_methodvanilla_dkd_alpha1.0_dkd_beta8.0_kl_methodkl_mse_normalizeFalse_temperature1.5_weight_ce0.5_weight_kl0.5_weight_mse0.0_zscoreFalse/final_summary.json
raw,H3K9ac,0.5,0.5,0.0,2.0,0.0001,16,42,0.5551672355345784,0.4902889356116864,0.49479417154176797,0.7449551480511233,42,112,True,/tmp/galaxy_srv_disk00/pengchx3/carbon_distillation/original/H3K9ac/20260626_024252/9528ace7-dce6-4e8b-a434-d3e34e71df3a/distill_methodvanilla_dkd_alpha1.0_dkd_beta8.0_kl_methodkl_mse_normalizeFalse_temperature2.0_weight_ce0.5_weight_kl0.5_weight_mse0.0_zscoreFalse/final_summary.json
raw,H3K9ac,0.5,0.5,0.0,4.0,0.0001,16,42,0.561415964673816,0.49544541153489696,0.5009560932509676,0.7466490226233196,79,149,True,/tmp/galaxy_srv_disk00/pengchx3/carbon_distillation/original/H3K9ac/20260626_024624/e42898b1-0563-4103-b098-2386fecbaf66/distill_methodvanilla_dkd_alpha1.0_dkd_beta8.0_kl_methodkl_mse_normalizeFalse_temperature4.0_weight_ce0.5_weight_kl0.5_weight_mse0.0_zscoreFalse/final_summary.json
raw,H3K9ac,0.5,0.5,1.0,0.5,0.0001,16,42,0.5444285927308968,0.4578580859866078,0.40467242404986264,0.7275879650197233,38,108,True,/tmp/galaxy_srv_disk00/pengchx3/carbon_distillation/original/H3K9ac/20260626_024700/b422dd5f-c052-4e27-bc2a-d7a4f5305b47/distill_methodvanilla_dkd_alpha1.0_dkd_beta8.0_kl_methodkl_mse_normalizeFalse_temperature0.5_weight_ce0.5_weight_kl0.5_weight_mse1.0_zscoreFalse/final_summary.json
raw,H3K9ac,0.5,0.5,1.0,1.0,0.0001,16,42,0.5374868761488402,0.4587492043044429,0.42617476748935357,0.7209339663063297,30,100,True,/tmp/galaxy_srv_disk00/pengchx3/carbon_distillation/original/H3K9ac/20260626_025409/09c331c2-b9e9-4cee-944c-34f98f7d24cd/distill_methodvanilla_dkd_alpha1.0_dkd_beta8.0_kl_methodkl_mse_normalizeFalse_temperature1.0_weight_ce0.5_weight_kl0.5_weight_mse1.0_zscoreFalse/final_summary.json
raw,H3K9ac,0.5,0.5,1.0,1.5,0.0001,16,42,0.5463990116197412,0.5022059466658579,0.4407859840815774,0.7494509384007071,35,105,True,/tmp/galaxy_srv_disk00/pengchx3/carbon_distillation/original/H3K9ac/20260626_030814/a76029f7-f1b1-4149-8809-5580c5e74a60/distill_methodvanilla_dkd_alpha1.0_dkd_beta8.0_kl_methodkl_mse_normalizeFalse_temperature1.5_weight_ce0.5_weight_kl0.5_weight_mse1.0_zscoreFalse/final_summary.json
raw,H3K9ac,0.5,0.5,1.0,2.0,0.0001,16,42,0.5493440396551164,0.5087044533651587,0.4571641536995809,0.7538060155645809,40,110,True,/tmp/galaxy_srv_disk00/pengchx3/carbon_distillation/original/H3K9ac/20260626_031047/4b30ade5-95dd-4f15-b8e1-4941d251a755/distill_methodvanilla_dkd_alpha1.0_dkd_beta8.0_kl_methodkl_mse_normalizeFalse_temperature2.0_weight_ce0.5_weight_kl0.5_weight_mse1.0_zscoreFalse/final_summary.json
raw,H3K9ac,0.5,0.5,1.0,4.0,0.0001,16,42,0.5438146336747374,0.51883599948137,0.4403867356080985,0.757291781692726,33,103,True,/tmp/galaxy_srv_disk00/pengchx3/carbon_distillation/original/H3K9ac/20260626_031845/972684b2-1508-42ae-93f8-e0808d2b2841/distill_methodvanilla_dkd_alpha1.0_dkd_beta8.0_kl_methodkl_mse_normalizeFalse_temperature4.0_weight_ce0.5_weight_kl0.5_weight_mse1.0_zscoreFalse/final_summary.json
raw,H3K9ac,0.5,1.0,0.0,0.5,0.0001,16,42,0.5515985049361967,0.4910385058711254,0.4513352192780771,0.7447606336495225,53,123,True,/tmp/galaxy_srv_disk00/pengchx3/carbon_distillation/original/H3K9ac/20260626_033935/363a45b7-7b7c-4a66-a3d4-e2638ce19972/distill_methodvanilla_dkd_alpha1.0_dkd_beta8.0_kl_methodkl_mse_normalizeFalse_temperature0.5_weight_ce0.5_weight_kl1.0_weight_mse0.0_zscoreFalse/final_summary.json
raw,H3K9ac,0.5,1.0,0.0,1.0,0.0001,16,42,0.5507118766403057,0.5115868047252873,0.49944093904727516,0.7545905470501264,56,126,True,/tmp/galaxy_srv_disk00/pengchx3/carbon_distillation/original/H3K9ac/20260626_034147/1d567d82-adab-4597-a3cb-007536ad2bf5/distill_methodvanilla_dkd_alpha1.0_dkd_beta8.0_kl_methodkl_mse_normalizeFalse_temperature1.0_weight_ce0.5_weight_kl1.0_weight_mse0.0_zscoreFalse/final_summary.json
raw,H3K9ac,0.5,1.0,0.0,1.5,0.0001,16,42,0.5526553905048679,0.49673493681539027,0.5049477752689036,0.7478255948900363,49,119,True,/tmp/galaxy_srv_disk00/pengchx3/carbon_distillation/original/H3K9ac/20260626_034944/a3670b87-2c7f-4d96-9464-7b71543dbbd8/distill_methodvanilla_dkd_alpha1.0_dkd_beta8.0_kl_methodkl_mse_normalizeFalse_temperature1.5_weight_ce0.5_weight_kl1.0_weight_mse0.0_zscoreFalse/final_summary.json
raw,H3K9ac,0.5,1.0,0.0,2.0,0.0001,16,42,0.552097584409762,0.5089394572868395,0.5090692541196207,0.7537492986976878,60,130,True,/tmp/galaxy_srv_disk00/pengchx3/carbon_distillation/original/H3K9ac/20260626_041407/1341af87-18d4-425e-b545-8e85d1ecda5f/distill_methodvanilla_dkd_alpha1.0_dkd_beta8.0_kl_methodkl_mse_normalizeFalse_temperature2.0_weight_ce0.5_weight_kl1.0_weight_mse0.0_zscoreFalse/final_summary.json
raw,H3K9ac,0.5,1.0,0.0,4.0,0.0001,16,42,0.5610067081079436,0.5207295323759616,0.48807201890268964,0.7583158263305323,74,144,True,/tmp/galaxy_srv_disk00/pengchx3/carbon_distillation/original/H3K9ac/20260626_041836/dee0308d-8abc-4ea4-8f73-a2895b45b6c8/distill_methodvanilla_dkd_alpha1.0_dkd_beta8.0_kl_methodkl_mse_normalizeFalse_temperature4.0_weight_ce0.5_weight_kl1.0_weight_mse0.0_zscoreFalse/final_summary.json
raw,H3K9ac,0.5,1.0,1.0,0.5,0.0001,16,42,0.5438724402159699,0.5108230882924686,0.39450059120794057,0.7532965846835527,34,104,True,/tmp/galaxy_srv_disk00/pengchx3/carbon_distillation/original/H3K9ac/20260626_042225/2df800ed-4618-4bb2-8df6-797a3977c1cb/distill_methodvanilla_dkd_alpha1.0_dkd_beta8.0_kl_methodkl_mse_normalizeFalse_temperature0.5_weight_ce0.5_weight_kl1.0_weight_mse1.0_zscoreFalse/final_summary.json
raw,H3K9ac,0.5,1.0,1.0,1.0,0.0001,16,42,0.5418082941640867,0.49337381263475655,0.40911430844510605,0.7456705280003815,36,106,True,/tmp/galaxy_srv_disk00/pengchx3/carbon_distillation/original/H3K9ac/20260626_045056/174ff61b-7a5a-4dea-9c06-947df78d0c25/distill_methodvanilla_dkd_alpha1.0_dkd_beta8.0_kl_methodkl_mse_normalizeFalse_temperature1.0_weight_ce0.5_weight_kl1.0_weight_mse1.0_zscoreFalse/final_summary.json
raw,H3K9ac,0.5,1.0,1.0,1.5,0.0001,16,42,0.5476444032726191,0.45816027893517,0.46425489592849695,0.7259071797222167,58,128,True,/tmp/galaxy_srv_disk00/pengchx3/carbon_distillation/original/H3K9ac/20260626_045301/eb382ca9-d27f-4b7b-928a-db188f54df66/distill_methodvanilla_dkd_alpha1.0_dkd_beta8.0_kl_methodkl_mse_normalizeFalse_temperature1.5_weight_ce0.5_weight_kl1.0_weight_mse1.0_zscoreFalse/final_summary.json
raw,H3K9ac,0.5,1.0,1.0,2.0,0.0001,16,42,0.5511493274535639,0.4598106206274235,0.4482507526759027,0.7270127792822447,58,128,True,/tmp/galaxy_srv_disk00/pengchx3/carbon_distillation/original/H3K9ac/20260626_045926/61d87f0e-9ab4-4a86-9adc-c7dd6a10c177/distill_methodvanilla_dkd_alpha1.0_dkd_beta8.0_kl_methodkl_mse_normalizeFalse_temperature2.0_weight_ce0.5_weight_kl1.0_weight_mse1.0_zscoreFalse/final_summary.json
raw,H3K9ac,0.5,1.0,1.0,4.0,0.0001,16,42,0.5522805929665047,0.5203758397320781,0.44426630154100577,0.7598550976354117,44,114,True,/tmp/galaxy_srv_disk00/pengchx3/carbon_distillation/original/H3K9ac/20260626_052333/530e37fb-00f3-484b-b8af-22610f64d2fe/distill_methodvanilla_dkd_alpha1.0_dkd_beta8.0_kl_methodkl_mse_normalizeFalse_temperature4.0_weight_ce0.5_weight_kl1.0_weight_mse1.0_zscoreFalse/final_summary.json
raw,H3K9me3,0.5,0.5,0.2,2.0,0.0001,16,0,0.40183213884771185,0.3938927711338647,0.32312881270248667,0.6813439434129089,15,200,False,/tmp/galaxy_srv_disk00/pengchx3/carbon_distillation/original/H3K9me3/20260624_190624/22bf7c0c-d82f-4af7-91f1-3d20a82b0d80/distill_methodvanilla_dkd_alpha1.0_dkd_beta8.0_kl_methodkl_mse_normalizeFalse_temperature2.0_weight_ce0.5_weight_kl0.5_weight_mse0.2_zscoreFalse/final_summary.json
raw,H3K9me3,0.5,0.0,0.0,0.5,0.0001,16,42,0.4092473702964146,0.39719034043356827,0.3074908114795027,0.6948470478226021,26,96,True,/tmp/galaxy_srv_disk00/pengchx3/carbon_distillation/original/H3K9me3/20260626_053148/8e3f511c-ea48-4973-b63b-4001747b19a7/distill_methodvanilla_dkd_alpha1.0_dkd_beta8.0_kl_methodkl_mse_normalizeFalse_temperature0.5_weight_ce0.5_weight_kl0.0_weight_mse0.0_zscoreFalse/final_summary.json
raw,H3K9me3,0.5,0.0,1.0,0.5,0.0001,16,42,0.3990896225998685,0.3761355791258585,0.272634472220617,0.6818880044686496,9,79,True,/tmp/galaxy_srv_disk00/pengchx3/carbon_distillation/original/H3K9me3/20260626_053610/024b52b6-118f-48f4-be5c-a9d45aeecc42/distill_methodvanilla_dkd_alpha1.0_dkd_beta8.0_kl_methodkl_mse_normalizeFalse_temperature0.5_weight_ce0.5_weight_kl0.0_weight_mse1.0_zscoreFalse/final_summary.json
raw,H3K9me3,0.5,0.25,0.0,0.5,0.0001,16,42,0.4062855815978823,0.3932103989104226,0.3088137128267418,0.6942781478657796,17,87,True,/tmp/galaxy_srv_disk00/pengchx3/carbon_distillation/original/H3K9me3/20260626_055819/8e75a8ed-5178-425c-8609-e37c9d9ee7ec/distill_methodvanilla_dkd_alpha1.0_dkd_beta8.0_kl_methodkl_mse_normalizeFalse_temperature0.5_weight_ce0.5_weight_kl0.25_weight_mse0.0_zscoreFalse/final_summary.json
raw,H3K9me3,0.5,0.25,0.0,1.0,0.0001,16,42,0.4041645991946868,0.3912474533688914,0.2877846179189327,0.6887247639228227,14,84,True,/tmp/galaxy_srv_disk00/pengchx3/carbon_distillation/original/H3K9me3/20260626_060026/17a21aa9-5ac6-4916-b9e6-688b6c9da8b2/distill_methodvanilla_dkd_alpha1.0_dkd_beta8.0_kl_methodkl_mse_normalizeFalse_temperature1.0_weight_ce0.5_weight_kl0.25_weight_mse0.0_zscoreFalse/final_summary.json
raw,H3K9me3,0.5,0.25,0.0,1.5,0.0001,16,42,0.40555257294278957,0.3968158982990187,0.32010723727239265,0.6929032258064516,19,89,True,/tmp/galaxy_srv_disk00/pengchx3/carbon_distillation/original/H3K9me3/20260626_060251/10057bd6-68d1-4856-9747-dcff5c501ca9/distill_methodvanilla_dkd_alpha1.0_dkd_beta8.0_kl_methodkl_mse_normalizeFalse_temperature1.5_weight_ce0.5_weight_kl0.25_weight_mse0.0_zscoreFalse/final_summary.json
raw,H3K9me3,0.5,0.25,0.0,2.0,0.0001,16,42,0.40694086834162757,0.4012576068210588,0.32503085072176763,0.6954003996257517,19,89,True,/tmp/galaxy_srv_disk00/pengchx3/carbon_distillation/original/H3K9me3/20260626_062655/40fb9f71-faf3-4239-87b6-5356c4bb60c7/distill_methodvanilla_dkd_alpha1.0_dkd_beta8.0_kl_methodkl_mse_normalizeFalse_temperature2.0_weight_ce0.5_weight_kl0.25_weight_mse0.0_zscoreFalse/final_summary.json
raw,H3K9me3,0.5,0.25,0.0,4.0,0.0001,16,42,0.40839495724392844,0.4053782541142312,0.2425248674891301,0.6980100008498911,19,89,True,/tmp/galaxy_srv_disk00/pengchx3/carbon_distillation/original/H3K9me3/20260626_062856/19638916-5ae6-48a3-ab5b-ab15c60273a8/distill_methodvanilla_dkd_alpha1.0_dkd_beta8.0_kl_methodkl_mse_normalizeFalse_temperature4.0_weight_ce0.5_weight_kl0.25_weight_mse0.0_zscoreFalse/final_summary.json
raw,H3K9me3,0.5,0.25,1.0,0.5,0.0001,16,42,0.4063580370620181,0.4101403500079711,0.295063365406297,0.7024156844439258,24,94,True,/tmp/galaxy_srv_disk00/pengchx3/carbon_distillation/original/H3K9me3/20260626_063338/c5a4c68a-0f24-47f8-826b-e15500e0f889/distill_methodvanilla_dkd_alpha1.0_dkd_beta8.0_kl_methodkl_mse_normalizeFalse_temperature0.5_weight_ce0.5_weight_kl0.25_weight_mse1.0_zscoreFalse/final_summary.json
raw,H3K9me3,0.5,0.25,1.0,1.5,0.0001,16,42,0.4034913463785435,0.3781632582571099,0.3036134686513255,0.6853849407783419,19,89,True,/tmp/galaxy_srv_disk00/pengchx3/carbon_distillation/original/H3K9me3/20260626_065729/6294af28-5aad-4423-8e36-a4717fbb8219/distill_methodvanilla_dkd_alpha1.0_dkd_beta8.0_kl_methodkl_mse_normalizeFalse_temperature1.5_weight_ce0.5_weight_kl0.25_weight_mse1.0_zscoreFalse/final_summary.json
raw,H3K9me3,0.5,0.25,1.0,1.0,0.0001,16,42,0.402591462467578,0.3919018798796621,0.3016988933062603,0.692686779691185,19,89,True,/tmp/galaxy_srv_disk00/pengchx3/carbon_distillation/original/H3K9me3/20260626_065731/7144462a-7114-4b26-9208-9aa260e072d5/distill_methodvanilla_dkd_alpha1.0_dkd_beta8.0_kl_methodkl_mse_normalizeFalse_temperature1.0_weight_ce0.5_weight_kl0.25_weight_mse1.0_zscoreFalse/final_summary.json
raw,H3K9me3,0.5,0.25,1.0,2.0,0.0001,16,42,0.4026682661392041,0.38571428571428573,0.3460203096455423,0.6887682294385855,19,89,True,/tmp/galaxy_srv_disk00/pengchx3/carbon_distillation/original/H3K9me3/20260626_072806/fea7bcb0-0039-4936-bbcd-aa2f2a179fe5/distill_methodvanilla_dkd_alpha1.0_dkd_beta8.0_kl_methodkl_mse_normalizeFalse_temperature2.0_weight_ce0.5_weight_kl0.25_weight_mse1.0_zscoreFalse/final_summary.json
raw,H3K9me3,0.5,0.25,1.0,4.0,0.0001,16,42,0.40461200608415626,0.3863016303912085,0.3294199718108754,0.6885358047981229,19,89,True,/tmp/galaxy_srv_disk00/pengchx3/carbon_distillation/original/H3K9me3/20260626_075728/13045930-ead6-4a7e-8ab5-f4b4d8c9857c/distill_methodvanilla_dkd_alpha1.0_dkd_beta8.0_kl_methodkl_mse_normalizeFalse_temperature4.0_weight_ce0.5_weight_kl0.25_weight_mse1.0_zscoreFalse/final_summary.json
raw,H3K9me3,0.5,0.5,0.0,0.5,0.0001,16,42,0.40427229065050835,0.4023054945966547,0.3130278397722968,0.6950125583064226,19,89,True,/tmp/galaxy_srv_disk00/pengchx3/carbon_distillation/original/H3K9me3/20260626_082607/40d8f014-ab21-4a93-8afd-8454d97e3eaf/distill_methodvanilla_dkd_alpha1.0_dkd_beta8.0_kl_methodkl_mse_normalizeFalse_temperature0.5_weight_ce0.5_weight_kl0.5_weight_mse0.0_zscoreFalse/final_summary.json
raw,H3K9me3,0.5,0.5,0.0,1.0,0.0001,16,42,0.40645780713432766,0.39615543521452423,0.31539977790073986,0.693153197604323,19,89,True,/tmp/galaxy_srv_disk00/pengchx3/carbon_distillation/original/H3K9me3/20260626_082628/b0db60e3-b714-4ce6-9148-187873922df9/distill_methodvanilla_dkd_alpha1.0_dkd_beta8.0_kl_methodkl_mse_normalizeFalse_temperature1.0_weight_ce0.5_weight_kl0.5_weight_mse0.0_zscoreFalse/final_summary.json
raw,H3K9me3,0.5,0.5,0.0,1.5,0.0001,16,42,0.405382945425242,0.39583994225271985,0.28942458379486696,0.693272902824007,27,97,True,/tmp/galaxy_srv_disk00/pengchx3/carbon_distillation/original/H3K9me3/20260626_085251/26a8b000-5182-41db-b0d9-453aeb449ae3/distill_methodvanilla_dkd_alpha1.0_dkd_beta8.0_kl_methodkl_mse_normalizeFalse_temperature1.5_weight_ce0.5_weight_kl0.5_weight_mse0.0_zscoreFalse/final_summary.json
raw,H3K9me3,0.5,0.5,0.0,2.0,0.0001,16,42,0.3970800881131333,0.4078533296868254,0.3106097315211077,0.6971119784352113,19,89,True,/tmp/galaxy_srv_disk00/pengchx3/carbon_distillation/original/H3K9me3/20260626_085343/6c674b1f-5581-46d5-9d66-66932e36ba82/distill_methodvanilla_dkd_alpha1.0_dkd_beta8.0_kl_methodkl_mse_normalizeFalse_temperature2.0_weight_ce0.5_weight_kl0.5_weight_mse0.0_zscoreFalse/final_summary.json
raw,H3K9me3,0.5,0.5,0.0,4.0,0.0001,16,42,0.39992885205880385,0.3997954023473942,0.3438045655226871,0.698014333216758,43,113,True,/tmp/galaxy_srv_disk00/pengchx3/carbon_distillation/original/H3K9me3/20260626_091239/a894b212-d088-457a-83f4-33fec7a51884/distill_methodvanilla_dkd_alpha1.0_dkd_beta8.0_kl_methodkl_mse_normalizeFalse_temperature4.0_weight_ce0.5_weight_kl0.5_weight_mse0.0_zscoreFalse/final_summary.json
raw,H3K9me3,0.5,0.5,1.0,1.0,0.0001,16,42,0.40107347877994043,0.40794006219005097,0.3228681537890607,0.6929618047015004,29,99,True,/tmp/galaxy_srv_disk00/pengchx3/carbon_distillation/original/H3K9me3/20260626_092154/c6428907-7c53-47fa-a407-011d25acd09f/distill_methodvanilla_dkd_alpha1.0_dkd_beta8.0_kl_methodkl_mse_normalizeFalse_temperature1.0_weight_ce0.5_weight_kl0.5_weight_mse1.0_zscoreFalse/final_summary.json
raw,H3K9me3,0.5,0.5,1.0,0.5,0.0001,16,42,0.40337154184475904,0.37943076407817855,0.31655094215229423,0.6827094474153298,19,89,True,/tmp/galaxy_srv_disk00/pengchx3/carbon_distillation/original/H3K9me3/20260626_092154/54e866cf-234f-48b0-9652-fa15845e34bc/distill_methodvanilla_dkd_alpha1.0_dkd_beta8.0_kl_methodkl_mse_normalizeFalse_temperature0.5_weight_ce0.5_weight_kl0.5_weight_mse1.0_zscoreFalse/final_summary.json
raw,H3K9me3,0.5,0.5,1.0,1.5,0.0001,16,42,0.40179995064728435,0.39986188025244834,0.3059035234677576,0.6917612104970604,28,98,True,/tmp/galaxy_srv_disk00/pengchx3/carbon_distillation/original/H3K9me3/20260626_094623/7efb22ff-661c-4e1f-8c0c-abfc0c1fcda0/distill_methodvanilla_dkd_alpha1.0_dkd_beta8.0_kl_methodkl_mse_normalizeFalse_temperature1.5_weight_ce0.5_weight_kl0.5_weight_mse1.0_zscoreFalse/final_summary.json
raw,H3K9me3,0.5,0.5,1.0,4.0,0.0001,16,42,0.39635422742304094,0.4079240721697725,0.3240944977609054,0.6991360089186176,12,82,True,/tmp/galaxy_srv_disk00/pengchx3/carbon_distillation/original/H3K9me3/20260626_111956/e03a6330-97a0-463f-a55c-c6976c62354f/distill_methodvanilla_dkd_alpha1.0_dkd_beta8.0_kl_methodkl_mse_normalizeFalse_temperature4.0_weight_ce0.5_weight_kl0.5_weight_mse1.0_zscoreFalse/final_summary.json
raw,H3K9me3,0.5,0.5,1.0,2.0,0.0001,16,42,0.39881687631489826,0.38896911149469143,0.3358410170086719,0.6789389920424402,30,100,True,/tmp/galaxy_srv_disk00/pengchx3/carbon_distillation/original/H3K9me3/20260626_111956/da8b86d4-7de8-4b25-8574-2a037eef8097/distill_methodvanilla_dkd_alpha1.0_dkd_beta8.0_kl_methodkl_mse_normalizeFalse_temperature2.0_weight_ce0.5_weight_kl0.5_weight_mse1.0_zscoreFalse/final_summary.json
raw,H3K9me3,0.5,1.0,0.0,0.5,0.0001,16,42,0.40044607131737386,0.3953017232851379,0.29485314663001067,0.691383884932272,28,98,True,/tmp/galaxy_srv_disk00/pengchx3/carbon_distillation/original/H3K9me3/20260626_111957/0c99b4d1-e86b-470b-ab46-ae899dc67606/distill_methodvanilla_dkd_alpha1.0_dkd_beta8.0_kl_methodkl_mse_normalizeFalse_temperature0.5_weight_ce0.5_weight_kl1.0_weight_mse0.0_zscoreFalse/final_summary.json
raw,H3K9me3,0.5,1.0,0.0,1.5,0.0001,16,42,0.3950560057349138,0.3863265202186068,0.3464351723138096,0.682115220227651,34,104,True,/tmp/galaxy_srv_disk00/pengchx3/carbon_distillation/original/H3K9me3/20260626_115144/3d9a5bb9-3145-44c6-9d30-ea5a21765a2b/distill_methodvanilla_dkd_alpha1.0_dkd_beta8.0_kl_methodkl_mse_normalizeFalse_temperature1.5_weight_ce0.5_weight_kl1.0_weight_mse0.0_zscoreFalse/final_summary.json
raw,H3K9me3,0.5,1.0,0.0,1.0,0.0001,16,42,0.39629137235958606,0.3796318100685051,0.3722193745602567,0.676110960574448,34,104,True,/tmp/galaxy_srv_disk00/pengchx3/carbon_distillation/original/H3K9me3/20260626_122319/7c0b792d-9f8c-4030-ab8d-19ed46ca6298/distill_methodvanilla_dkd_alpha1.0_dkd_beta8.0_kl_methodkl_mse_normalizeFalse_temperature1.0_weight_ce0.5_weight_kl1.0_weight_mse0.0_zscoreFalse/final_summary.json
raw,H3K9me3,0.5,1.0,0.0,2.0,0.0001,16,42,0.38930590602277315,0.378861286327934,0.36442105449140666,0.6893962882579616,52,122,True,/tmp/galaxy_srv_disk00/pengchx3/carbon_distillation/original/H3K9me3/20260626_125338/357367bb-7c4c-4484-95b9-3898f7fd8910/distill_methodvanilla_dkd_alpha1.0_dkd_beta8.0_kl_methodkl_mse_normalizeFalse_temperature2.0_weight_ce0.5_weight_kl1.0_weight_mse0.0_zscoreFalse/final_summary.json
raw,H3K9me3,0.5,1.0,0.0,4.0,0.0001,16,42,0.3950002363857345,0.38141559417236137,0.3521514064189878,0.6819089666771786,57,127,True,/tmp/galaxy_srv_disk00/pengchx3/carbon_distillation/original/H3K9me3/20260626_132838/a1996173-1178-469c-b078-fef66a44e3b8/distill_methodvanilla_dkd_alpha1.0_dkd_beta8.0_kl_methodkl_mse_normalizeFalse_temperature4.0_weight_ce0.5_weight_kl1.0_weight_mse0.0_zscoreFalse/final_summary.json
raw,H3K9me3,0.5,1.0,1.0,0.5,0.0001,16,42,0.40389484013842064,0.4030836328782646,0.3347939419859908,0.6905724024034576,29,99,True,/tmp/galaxy_srv_disk00/pengchx3/carbon_distillation/original/H3K9me3/20260626_140616/fcb897fc-4950-49cc-8436-991a6aa252f9/distill_methodvanilla_dkd_alpha1.0_dkd_beta8.0_kl_methodkl_mse_normalizeFalse_temperature0.5_weight_ce0.5_weight_kl1.0_weight_mse1.0_zscoreFalse/final_summary.json
raw,H3K9me3,0.5,1.0,1.0,1.0,0.0001,16,42,0.40347601918107123,0.4191323323128073,0.32798986572636374,0.7012820997481164,29,99,True,/tmp/galaxy_srv_disk00/pengchx3/carbon_distillation/original/H3K9me3/20260626_143711/361faa7a-6453-430b-8f14-91efc01fc4c9/distill_methodvanilla_dkd_alpha1.0_dkd_beta8.0_kl_methodkl_mse_normalizeFalse_temperature1.0_weight_ce0.5_weight_kl1.0_weight_mse1.0_zscoreFalse/final_summary.json
raw,H3K9me3,0.5,1.0,1.0,1.5,0.0001,16,42,0.3943391259641409,0.4064759345114481,0.3240944977609054,0.6934891167238905,29,99,True,/tmp/galaxy_srv_disk00/pengchx3/carbon_distillation/original/H3K9me3/20260626_150844/dd689f65-e042-4eb6-b3b7-9b210dfaea86/distill_methodvanilla_dkd_alpha1.0_dkd_beta8.0_kl_methodkl_mse_normalizeFalse_temperature1.5_weight_ce0.5_weight_kl1.0_weight_mse1.0_zscoreFalse/final_summary.json
raw,H3K9me3,0.5,1.0,1.0,2.0,0.0001,16,42,0.39674554251250294,0.4108438099840669,0.3640509345897625,0.6960415991787865,29,99,True,/tmp/galaxy_srv_disk00/pengchx3/carbon_distillation/original/H3K9me3/20260626_153942/64d328cd-f1ff-4da6-b16e-739292b44688/distill_methodvanilla_dkd_alpha1.0_dkd_beta8.0_kl_methodkl_mse_normalizeFalse_temperature2.0_weight_ce0.5_weight_kl1.0_weight_mse1.0_zscoreFalse/final_summary.json
raw,H3K9me3,0.5,1.0,1.0,4.0,0.0001,16,42,0.3965266641600174,0.4121247740931107,0.3445696988087254,0.6976342929488148,29,99,True,/tmp/galaxy_srv_disk00/pengchx3/carbon_distillation/original/H3K9me3/20260626_161142/6017d186-0de0-45c4-87d0-bab4e78da7d4/distill_methodvanilla_dkd_alpha1.0_dkd_beta8.0_kl_methodkl_mse_normalizeFalse_temperature4.0_weight_ce0.5_weight_kl1.0_weight_mse1.0_zscoreFalse/final_summary.json
raw,H4K20me1,0.5,0.5,0.2,2.0,0.0001,16,0,0.6158573807707506,0.6224219746299385,0.5988144445108458,0.7975773358585858,31,200,False,/tmp/galaxy_srv_disk00/pengchx3/carbon_distillation/original/H4K20me1/20260624_190753/116dbb3a-4afc-41b8-9c72-161cbb43aad7/distill_methodvanilla_dkd_alpha1.0_dkd_beta8.0_kl_methodkl_mse_normalizeFalse_temperature2.0_weight_ce0.5_weight_kl0.5_weight_mse0.2_zscoreFalse/final_summary.json
raw,H4K20me1,0.5,0.0,0.0,0.5,0.0001,16,42,0.6203128940555072,0.6023648179123451,0.4965976048457577,0.7853196008787757,28,98,True,/tmp/galaxy_srv_disk00/pengchx3/carbon_distillation/original/H4K20me1/20260625_071851/d3f54218-0ea3-4f33-8af9-2362d38b96cc/distill_methodvanilla_dkd_alpha1.0_dkd_beta8.0_kl_methodkl_mse_normalizeFalse_temperature0.5_weight_ce0.5_weight_kl0.0_weight_mse0.0_zscoreFalse/final_summary.json
raw,H4K20me1,0.5,0.0,1.0,0.5,0.0001,16,42,0.6040630740774243,0.5973835828284028,0.44044520388176284,0.7957207993367947,17,87,True,/tmp/galaxy_srv_disk00/pengchx3/carbon_distillation/original/H4K20me1/20260625_072456/c3e9267f-86e1-4d4b-9072-f13c878413d6/distill_methodvanilla_dkd_alpha1.0_dkd_beta8.0_kl_methodkl_mse_normalizeFalse_temperature0.5_weight_ce0.5_weight_kl0.0_weight_mse1.0_zscoreFalse/final_summary.json
raw,H4K20me1,0.5,0.25,0.0,0.5,0.0001,16,42,0.6194556091581809,0.6107498957240748,0.5208847894117475,0.7994160223206466,42,112,True,/tmp/galaxy_srv_disk00/pengchx3/carbon_distillation/original/H4K20me1/20260625_073409/ece5ad1e-4f7a-425b-bddd-a9a1fdc8e98c/distill_methodvanilla_dkd_alpha1.0_dkd_beta8.0_kl_methodkl_mse_normalizeFalse_temperature0.5_weight_ce0.5_weight_kl0.25_weight_mse0.0_zscoreFalse/final_summary.json
raw,H4K20me1,0.5,0.25,0.0,1.0,0.0001,16,42,0.6241023483750867,0.6232656993828356,0.5477955895062957,0.8050488576089596,37,107,True,/tmp/galaxy_srv_disk00/pengchx3/carbon_distillation/original/H4K20me1/20260625_074312/b50fed01-6318-4a57-95ad-0d16d86ead19/distill_methodvanilla_dkd_alpha1.0_dkd_beta8.0_kl_methodkl_mse_normalizeFalse_temperature1.0_weight_ce0.5_weight_kl0.25_weight_mse0.0_zscoreFalse/final_summary.json
raw,H4K20me1,0.5,0.25,0.0,1.5,0.0001,16,42,0.6218664856819212,0.6235752131125437,0.5420160803851767,0.8067412114622776,37,107,True,/tmp/galaxy_srv_disk00/pengchx3/carbon_distillation/original/H4K20me1/20260625_075117/8f429825-a1f3-4a23-9136-70bec6142c41/distill_methodvanilla_dkd_alpha1.0_dkd_beta8.0_kl_methodkl_mse_normalizeFalse_temperature1.5_weight_ce0.5_weight_kl0.25_weight_mse0.0_zscoreFalse/final_summary.json
raw,H4K20me1,0.5,0.25,0.0,2.0,0.0001,16,42,0.6220017330580507,0.6278445734745697,0.5107351466495219,0.81186029933633,43,113,True,/tmp/galaxy_srv_disk00/pengchx3/carbon_distillation/original/H4K20me1/20260625_075334/4b624b2d-b64c-4243-8f48-5449cc704d7d/distill_methodvanilla_dkd_alpha1.0_dkd_beta8.0_kl_methodkl_mse_normalizeFalse_temperature2.0_weight_ce0.5_weight_kl0.25_weight_mse0.0_zscoreFalse/final_summary.json
raw,H4K20me1,0.5,0.25,0.0,4.0,0.0001,16,42,0.6274524946678199,0.6185654456791195,0.5549213141376446,0.8016953109819923,53,123,True,/tmp/galaxy_srv_disk00/pengchx3/carbon_distillation/original/H4K20me1/20260625_080129/ed27bc26-40cc-4cdd-bdfe-8aaf555cf527/distill_methodvanilla_dkd_alpha1.0_dkd_beta8.0_kl_methodkl_mse_normalizeFalse_temperature4.0_weight_ce0.5_weight_kl0.25_weight_mse0.0_zscoreFalse/final_summary.json
raw,H4K20me1,0.5,0.25,1.0,0.5,0.0001,16,42,0.6027625091936637,0.5959965858405236,0.5296751612507511,0.7911984337044753,19,89,True,/tmp/galaxy_srv_disk00/pengchx3/carbon_distillation/original/H4K20me1/20260625_081243/24e07c4b-c62e-4ade-bc5d-1fa65c034ddf/distill_methodvanilla_dkd_alpha1.0_dkd_beta8.0_kl_methodkl_mse_normalizeFalse_temperature0.5_weight_ce0.5_weight_kl0.25_weight_mse1.0_zscoreFalse/final_summary.json
raw,H4K20me1,0.5,0.25,1.0,1.0,0.0001,16,42,0.6133512853391903,0.5794370877269609,0.5246518610173664,0.7881184545403632,33,103,True,/tmp/galaxy_srv_disk00/pengchx3/carbon_distillation/original/H4K20me1/20260625_081345/bf8ca3f0-e4b3-4b57-9007-2f1a93f1a4c2/distill_methodvanilla_dkd_alpha1.0_dkd_beta8.0_kl_methodkl_mse_normalizeFalse_temperature1.0_weight_ce0.5_weight_kl0.25_weight_mse1.0_zscoreFalse/final_summary.json
raw,H4K20me1,0.5,0.25,1.0,1.5,0.0001,16,42,0.6223604444977539,0.5812417196362893,0.5187068824518581,0.787188841130614,33,103,True,/tmp/galaxy_srv_disk00/pengchx3/carbon_distillation/original/H4K20me1/20260625_081653/6e8283e9-9ef5-48d6-af25-0a6ab958131d/distill_methodvanilla_dkd_alpha1.0_dkd_beta8.0_kl_methodkl_mse_normalizeFalse_temperature1.5_weight_ce0.5_weight_kl0.25_weight_mse1.0_zscoreFalse/final_summary.json
raw,H4K20me1,0.5,0.25,1.0,2.0,0.0001,16,42,0.6231129261831675,0.5859651628210795,0.5344512284111049,0.7833167956293323,35,105,True,/tmp/galaxy_srv_disk00/pengchx3/carbon_distillation/original/H4K20me1/20260625_081752/cd05b8ce-a0c8-4aca-b4c2-5cf2f88e205c/distill_methodvanilla_dkd_alpha1.0_dkd_beta8.0_kl_methodkl_mse_normalizeFalse_temperature2.0_weight_ce0.5_weight_kl0.25_weight_mse1.0_zscoreFalse/final_summary.json
raw,H4K20me1,0.5,0.25,1.0,4.0,0.0001,16,42,0.6213070385060422,0.5816568183616538,0.5262271975082783,0.7840902952773935,38,108,True,/tmp/galaxy_srv_disk00/pengchx3/carbon_distillation/original/H4K20me1/20260625_083208/2590ca5b-03f9-4a93-acab-e3c216d7fbf8/distill_methodvanilla_dkd_alpha1.0_dkd_beta8.0_kl_methodkl_mse_normalizeFalse_temperature4.0_weight_ce0.5_weight_kl0.25_weight_mse1.0_zscoreFalse/final_summary.json
raw,H4K20me1,0.5,0.5,0.0,0.5,0.0001,16,42,0.6284081455029863,0.6198322303572277,0.5456501105658839,0.804995154164724,42,112,True,/tmp/galaxy_srv_disk00/pengchx3/carbon_distillation/original/H4K20me1/20260625_083829/3ad48c08-05ae-463b-a5d3-a14f79e85442/distill_methodvanilla_dkd_alpha1.0_dkd_beta8.0_kl_methodkl_mse_normalizeFalse_temperature0.5_weight_ce0.5_weight_kl0.5_weight_mse0.0_zscoreFalse/final_summary.json
raw,H4K20me1,0.5,0.5,0.0,1.0,0.0001,16,42,0.624480711189392,0.6152082211844833,0.5518893770492561,0.7987053294315865,40,110,True,/tmp/galaxy_srv_disk00/pengchx3/carbon_distillation/original/H4K20me1/20260625_084235/489d4b52-8222-4624-8f54-23c0ca79ad28/distill_methodvanilla_dkd_alpha1.0_dkd_beta8.0_kl_methodkl_mse_normalizeFalse_temperature1.0_weight_ce0.5_weight_kl0.5_weight_mse0.0_zscoreFalse/final_summary.json
raw,H4K20me1,0.5,0.5,0.0,1.5,0.0001,16,42,0.6238304939170453,0.6064435271399234,0.5473099992637789,0.7888475933341746,46,116,True,/tmp/galaxy_srv_disk00/pengchx3/carbon_distillation/original/H4K20me1/20260625_085049/624001b0-43b9-41c3-b707-40149a9de951/distill_methodvanilla_dkd_alpha1.0_dkd_beta8.0_kl_methodkl_mse_normalizeFalse_temperature1.5_weight_ce0.5_weight_kl0.5_weight_mse0.0_zscoreFalse/final_summary.json
raw,H4K20me1,0.5,0.5,0.0,2.0,0.0001,16,42,0.6253953479066049,0.6185771834973264,0.5567550991157016,0.8040265824129806,41,111,True,/tmp/galaxy_srv_disk00/pengchx3/carbon_distillation/original/H4K20me1/20260625_085500/59a13aee-f86b-40cb-a0db-cd9a8df8af57/distill_methodvanilla_dkd_alpha1.0_dkd_beta8.0_kl_methodkl_mse_normalizeFalse_temperature2.0_weight_ce0.5_weight_kl0.5_weight_mse0.0_zscoreFalse/final_summary.json
raw,H4K20me1,0.5,0.5,0.0,4.0,0.0001,16,42,0.6262906510779223,0.6314838564362847,0.549453621373849,0.8084456070849104,49,119,True,/tmp/galaxy_srv_disk00/pengchx3/carbon_distillation/original/H4K20me1/20260625_091123/fbb3e214-ad3c-4646-b048-2cc8a7492171/distill_methodvanilla_dkd_alpha1.0_dkd_beta8.0_kl_methodkl_mse_normalizeFalse_temperature4.0_weight_ce0.5_weight_kl0.5_weight_mse0.0_zscoreFalse/final_summary.json
raw,H4K20me1,0.5,0.5,1.0,0.5,0.0001,16,42,0.6104402276877182,0.6024922663378601,0.5289402438526919,0.7972305111852243,17,87,True,/tmp/galaxy_srv_disk00/pengchx3/carbon_distillation/original/H4K20me1/20260625_091737/1ad8af15-3468-47ca-bcb5-4ae59a9856b5/distill_methodvanilla_dkd_alpha1.0_dkd_beta8.0_kl_methodkl_mse_normalizeFalse_temperature0.5_weight_ce0.5_weight_kl0.5_weight_mse1.0_zscoreFalse/final_summary.json
raw,H4K20me1,0.5,0.5,1.0,1.0,0.0001,16,42,0.6212237417116552,0.6023365409983212,0.5430281932694114,0.7960746020896396,33,103,True,/tmp/galaxy_srv_disk00/pengchx3/carbon_distillation/original/H4K20me1/20260625_091944/bccfd8b8-e932-44f6-837f-4bfebdb79ac0/distill_methodvanilla_dkd_alpha1.0_dkd_beta8.0_kl_methodkl_mse_normalizeFalse_temperature1.0_weight_ce0.5_weight_kl0.5_weight_mse1.0_zscoreFalse/final_summary.json
raw,H4K20me1,0.5,0.5,1.0,1.5,0.0001,16,42,0.6188649075327984,0.6222716371616664,0.5569434552518638,0.8075183344414991,28,98,True,/tmp/galaxy_srv_disk00/pengchx3/carbon_distillation/original/H4K20me1/20260625_092802/ed6dddf3-e2e6-40af-9a54-d8e1e75ad89f/distill_methodvanilla_dkd_alpha1.0_dkd_beta8.0_kl_methodkl_mse_normalizeFalse_temperature1.5_weight_ce0.5_weight_kl0.5_weight_mse1.0_zscoreFalse/final_summary.json
raw,H4K20me1,0.5,0.5,1.0,2.0,0.0001,16,42,0.6210397366740263,0.5957984916216335,0.5247226967314755,0.7912322638414047,41,111,True,/tmp/galaxy_srv_disk00/pengchx3/carbon_distillation/original/H4K20me1/20260625_093210/52c42ec4-2dee-4a83-b740-fadb3aab6ad7/distill_methodvanilla_dkd_alpha1.0_dkd_beta8.0_kl_methodkl_mse_normalizeFalse_temperature2.0_weight_ce0.5_weight_kl0.5_weight_mse1.0_zscoreFalse/final_summary.json
raw,H4K20me1,0.5,0.5,1.0,4.0,0.0001,16,42,0.6301894146837892,0.6031426880362017,0.5480444589096999,0.7965321833700166,41,111,True,/tmp/galaxy_srv_disk00/pengchx3/carbon_distillation/original/H4K20me1/20260625_095034/49948880-9de7-46d6-b704-9c7a858669e6/distill_methodvanilla_dkd_alpha1.0_dkd_beta8.0_kl_methodkl_mse_normalizeFalse_temperature4.0_weight_ce0.5_weight_kl0.5_weight_mse1.0_zscoreFalse/final_summary.json
raw,H4K20me1,0.5,1.0,0.0,0.5,0.0001,16,42,0.6266080112749821,0.6128603734850463,0.547177929173058,0.7973126385583048,40,110,True,/tmp/galaxy_srv_disk00/pengchx3/carbon_distillation/original/H4K20me1/20260625_095243/6e4c9674-c025-4af3-af7c-1968bf5960bd/distill_methodvanilla_dkd_alpha1.0_dkd_beta8.0_kl_methodkl_mse_normalizeFalse_temperature0.5_weight_ce0.5_weight_kl1.0_weight_mse0.0_zscoreFalse/final_summary.json
raw,H4K20me1,0.5,1.0,0.0,1.0,0.0001,16,42,0.6307981191033751,0.6149205231735354,0.5680016614790614,0.800511585038731,45,115,True,/tmp/galaxy_srv_disk00/pengchx3/carbon_distillation/original/H4K20me1/20260625_095653/9b26495e-ed87-4b65-81e7-3502fdda6ec8/distill_methodvanilla_dkd_alpha1.0_dkd_beta8.0_kl_methodkl_mse_normalizeFalse_temperature1.0_weight_ce0.5_weight_kl1.0_weight_mse0.0_zscoreFalse/final_summary.json
raw,H4K20me1,0.5,1.0,0.0,1.5,0.0001,16,42,0.6253768148272224,0.6192987079936869,0.5608486992345195,0.802749158648483,41,111,True,/tmp/galaxy_srv_disk00/pengchx3/carbon_distillation/original/H4K20me1/20260625_100309/1be8459a-6f14-472c-b1aa-bd24022e4125/distill_methodvanilla_dkd_alpha1.0_dkd_beta8.0_kl_methodkl_mse_normalizeFalse_temperature1.5_weight_ce0.5_weight_kl1.0_weight_mse0.0_zscoreFalse/final_summary.json
raw,H4K20me1,0.5,1.0,0.0,2.0,0.0001,16,42,0.6306830946387346,0.6103784981660555,0.5667573806995733,0.7977108827569215,48,118,True,/tmp/galaxy_srv_disk00/pengchx3/carbon_distillation/original/H4K20me1/20260625_101121/739f68bd-3f87-467e-a1d9-f52581b88d9a/distill_methodvanilla_dkd_alpha1.0_dkd_beta8.0_kl_methodkl_mse_normalizeFalse_temperature2.0_weight_ce0.5_weight_kl1.0_weight_mse0.0_zscoreFalse/final_summary.json
raw,H4K20me1,0.5,1.0,0.0,4.0,0.0001,16,42,0.6359765951332695,0.6210991876170348,0.5774912754853391,0.8047998749218261,60,130,True,/tmp/galaxy_srv_disk00/pengchx3/carbon_distillation/original/H4K20me1/20260625_102934/bcdc5e5e-0970-4dfd-b469-23a9839854be/distill_methodvanilla_dkd_alpha1.0_dkd_beta8.0_kl_methodkl_mse_normalizeFalse_temperature4.0_weight_ce0.5_weight_kl1.0_weight_mse0.0_zscoreFalse/final_summary.json
raw,H4K20me1,0.5,1.0,1.0,0.5,0.0001,16,42,0.6112801369477734,0.6103751728668125,0.5499307193880968,0.7994762351469669,22,92,True,/tmp/galaxy_srv_disk00/pengchx3/carbon_distillation/original/H4K20me1/20260625_103343/a70349ac-e6b9-4759-8612-2c2b8dc43237/distill_methodvanilla_dkd_alpha1.0_dkd_beta8.0_kl_methodkl_mse_normalizeFalse_temperature0.5_weight_ce0.5_weight_kl1.0_weight_mse1.0_zscoreFalse/final_summary.json
raw,H4K20me1,0.5,1.0,1.0,1.0,0.0001,16,42,0.6179651873244667,0.6006550368653487,0.5603204526077784,0.7904093980826654,35,105,True,/tmp/galaxy_srv_disk00/pengchx3/carbon_distillation/original/H4K20me1/20260625_103547/177b6e8a-53b3-4605-ab36-d0d24ec00144/distill_methodvanilla_dkd_alpha1.0_dkd_beta8.0_kl_methodkl_mse_normalizeFalse_temperature1.0_weight_ce0.5_weight_kl1.0_weight_mse1.0_zscoreFalse/final_summary.json
raw,H4K20me1,0.5,1.0,1.0,1.5,0.0001,16,42,0.6230419106194446,0.584842549127946,0.5655090843360719,0.7883493645760511,47,117,True,/tmp/galaxy_srv_disk00/pengchx3/carbon_distillation/original/H4K20me1/20260625_103958/4810a2bf-cb36-4b55-8267-e4a90473f6a7/distill_methodvanilla_dkd_alpha1.0_dkd_beta8.0_kl_methodkl_mse_normalizeFalse_temperature1.5_weight_ce0.5_weight_kl1.0_weight_mse1.0_zscoreFalse/final_summary.json
raw,H4K20me1,0.5,1.0,1.0,2.0,0.0001,16,42,0.6328330302913453,0.6079435410663668,0.5422544217978705,0.7975155396142795,40,110,True,/tmp/galaxy_srv_disk00/pengchx3/carbon_distillation/original/H4K20me1/20260625_104805/98f104c3-3655-4b32-8a66-24166e51e042/distill_methodvanilla_dkd_alpha1.0_dkd_beta8.0_kl_methodkl_mse_normalizeFalse_temperature2.0_weight_ce0.5_weight_kl1.0_weight_mse1.0_zscoreFalse/final_summary.json
raw,H4K20me1,0.5,1.0,1.0,4.0,0.0001,16,42,0.6301190767660725,0.6040226408741173,0.5590346009321517,0.7922337999244216,36,106,True,/tmp/galaxy_srv_disk00/pengchx3/carbon_distillation/original/H4K20me1/20260625_105013/6d126caf-f745-4101-af32-92e50c71ce9f/distill_methodvanilla_dkd_alpha1.0_dkd_beta8.0_kl_methodkl_mse_normalizeFalse_temperature4.0_weight_ce0.5_weight_kl1.0_weight_mse1.0_zscoreFalse/final_summary.json
raw,promoter_all,0.5,0.5,0.2,2.0,0.0001,16,0,0.743127470420664,0.728605631387592,0.7121575439093086,0.8642611307188109,35,200,False,/tmp/galaxy_srv_disk00/pengchx3/carbon_distillation/original/promoter_all/20260624_194722/f9ed7d1e-f7cb-4ca9-ab7c-d41b22de0154/distill_methodvanilla_dkd_alpha1.0_dkd_beta8.0_kl_methodkl_mse_normalizeFalse_temperature2.0_weight_ce0.5_weight_kl0.5_weight_mse0.2_zscoreFalse/final_summary.json
raw,promoter_all,0.5,0.0,0.0,0.5,0.0001,16,42,0.72271118810759,0.7137987438792176,0.6415450689806029,0.856650269283072,33,103,True,/tmp/galaxy_srv_disk00/pengchx3/carbon_distillation/original/promoter_all/20260626_164313/54886cf7-b4e2-4023-a5fb-a841deb79c1e/distill_methodvanilla_dkd_alpha1.0_dkd_beta8.0_kl_methodkl_mse_normalizeFalse_temperature0.5_weight_ce0.5_weight_kl0.0_weight_mse0.0_zscoreFalse/final_summary.json
raw,promoter_all,0.5,0.0,1.0,0.5,0.0001,16,42,0.7324246951968728,0.7316291576777357,0.6755960675464185,0.8647299195505044,28,98,True,/tmp/galaxy_srv_disk00/pengchx3/carbon_distillation/original/promoter_all/20260626_201035/52368aaa-4ba2-43b6-8bd5-def5b5ccd384/distill_methodvanilla_dkd_alpha1.0_dkd_beta8.0_kl_methodkl_mse_normalizeFalse_temperature0.5_weight_ce0.5_weight_kl0.0_weight_mse1.0_zscoreFalse/final_summary.json
raw,promoter_all,0.5,0.25,0.0,0.5,0.0001,16,42,0.7250551345448182,0.7225540495874087,0.667942603697549,0.8610792192881744,28,98,True,/tmp/galaxy_srv_disk00/pengchx3/carbon_distillation/original/promoter_all/20260626_202808/dc313432-d44f-4b66-8eb1-b4ff88b79195/distill_methodvanilla_dkd_alpha1.0_dkd_beta8.0_kl_methodkl_mse_normalizeFalse_temperature0.5_weight_ce0.5_weight_kl0.25_weight_mse0.0_zscoreFalse/final_summary.json
raw,promoter_all,0.5,0.25,0.0,1.0,0.0001,16,42,0.7256720872092967,0.7189164462838364,0.6940237689751169,0.8591699674868383,34,104,True,/tmp/galaxy_srv_disk00/pengchx3/carbon_distillation/original/promoter_all/20260626_202854/84efbe14-d5e0-4ec2-8727-ad4e95d03f30/distill_methodvanilla_dkd_alpha1.0_dkd_beta8.0_kl_methodkl_mse_normalizeFalse_temperature1.0_weight_ce0.5_weight_kl0.25_weight_mse0.0_zscoreFalse/final_summary.json
raw,promoter_all,0.5,0.25,0.0,1.5,0.0001,16,42,0.7298987578314086,0.7307058917107082,0.6882228777032011,0.864066082978923,34,104,True,/tmp/galaxy_srv_disk00/pengchx3/carbon_distillation/original/promoter_all/20260626_204306/5bb84596-489d-4490-b361-fae3faa61916/distill_methodvanilla_dkd_alpha1.0_dkd_beta8.0_kl_methodkl_mse_normalizeFalse_temperature1.5_weight_ce0.5_weight_kl0.25_weight_mse0.0_zscoreFalse/final_summary.json
raw,promoter_all,0.5,0.25,0.0,2.0,0.0001,16,42,0.7332408797925114,0.7304682017947584,0.7172831918725501,0.8633380998410276,34,104,True,/tmp/galaxy_srv_disk00/pengchx3/carbon_distillation/original/promoter_all/20260626_210125/f7f0d8f0-a787-484e-be15-4810db67d378/distill_methodvanilla_dkd_alpha1.0_dkd_beta8.0_kl_methodkl_mse_normalizeFalse_temperature2.0_weight_ce0.5_weight_kl0.25_weight_mse0.0_zscoreFalse/final_summary.json
raw,promoter_all,0.5,0.25,0.0,4.0,0.0001,16,42,0.7355503541154458,0.7350383436515102,0.7007442553031539,0.8674071204098326,42,112,True,/tmp/galaxy_srv_disk00/pengchx3/carbon_distillation/original/promoter_all/20260626_210335/7f7dc0a5-9172-4dfe-b63d-6b5e005054b8/distill_methodvanilla_dkd_alpha1.0_dkd_beta8.0_kl_methodkl_mse_normalizeFalse_temperature4.0_weight_ce0.5_weight_kl0.25_weight_mse0.0_zscoreFalse/final_summary.json
raw,promoter_all,0.5,0.25,1.0,0.5,0.0001,16,42,0.7337127621785466,0.7197336879934502,0.7058761662836464,0.8598449098283295,34,104,True,/tmp/galaxy_srv_disk00/pengchx3/carbon_distillation/original/promoter_all/20260626_211754/3b937393-0d1b-44c0-bb89-793eca64aed2/distill_methodvanilla_dkd_alpha1.0_dkd_beta8.0_kl_methodkl_mse_normalizeFalse_temperature0.5_weight_ce0.5_weight_kl0.25_weight_mse1.0_zscoreFalse/final_summary.json
raw,promoter_all,0.5,0.25,1.0,1.0,0.0001,16,42,0.7389047161700177,0.7235131083839434,0.6948788351803951,0.8617397241219336,36,106,True,/tmp/galaxy_srv_disk00/pengchx3/carbon_distillation/original/promoter_all/20260626_213610/1c653ae8-6f82-4dc5-a547-30d2750a7f97/distill_methodvanilla_dkd_alpha1.0_dkd_beta8.0_kl_methodkl_mse_normalizeFalse_temperature1.0_weight_ce0.5_weight_kl0.25_weight_mse1.0_zscoreFalse/final_summary.json
raw,promoter_all,0.5,0.25,1.0,1.5,0.0001,16,42,0.743211261514347,0.7282975121384463,0.7197543445051089,0.8635404252875214,34,104,True,/tmp/galaxy_srv_disk00/pengchx3/carbon_distillation/original/promoter_all/20260626_214221/3344797c-53bb-453e-a969-832a26f120d9/distill_methodvanilla_dkd_alpha1.0_dkd_beta8.0_kl_methodkl_mse_normalizeFalse_temperature1.5_weight_ce0.5_weight_kl0.25_weight_mse1.0_zscoreFalse/final_summary.json
raw,promoter_all,0.5,0.25,1.0,2.0,0.0001,16,42,0.742691233711769,0.7211155487076383,0.6980619762916198,0.8574417677220803,30,100,True,/tmp/galaxy_srv_disk00/pengchx3/carbon_distillation/original/promoter_all/20260626_215634/07649f2a-c45c-4dce-bb74-65009dabf91e/distill_methodvanilla_dkd_alpha1.0_dkd_beta8.0_kl_methodkl_mse_normalizeFalse_temperature2.0_weight_ce0.5_weight_kl0.25_weight_mse1.0_zscoreFalse/final_summary.json
raw,promoter_all,0.5,0.25,1.0,4.0,0.0001,16,42,0.7540995036500179,0.7414555864758243,0.6983932274896123,0.8690697381897899,37,107,True,/tmp/galaxy_srv_disk00/pengchx3/carbon_distillation/original/promoter_all/20260626_221251/58b6cead-21b2-4989-825e-3a39beb12bb1/distill_methodvanilla_dkd_alpha1.0_dkd_beta8.0_kl_methodkl_mse_normalizeFalse_temperature4.0_weight_ce0.5_weight_kl0.25_weight_mse1.0_zscoreFalse/final_summary.json
raw,promoter_all,0.5,0.5,0.0,0.5,0.0001,16,42,0.7368392353347553,0.7065795548389459,0.712123482695063,0.8528237375717145,39,109,True,/tmp/galaxy_srv_disk00/pengchx3/carbon_distillation/original/promoter_all/20260626_222103/77106cf6-6a78-4c8c-8544-aa5237a66bc2/distill_methodvanilla_dkd_alpha1.0_dkd_beta8.0_kl_methodkl_mse_normalizeFalse_temperature0.5_weight_ce0.5_weight_kl0.5_weight_mse0.0_zscoreFalse/final_summary.json
raw,promoter_all,0.5,0.5,0.0,1.0,0.0001,16,42,0.7334998167211875,0.7213789075310323,0.6910019616522972,0.8604392489495987,38,108,True,/tmp/galaxy_srv_disk00/pengchx3/carbon_distillation/original/promoter_all/20260626_223320/ef1be032-0c3c-41a3-8da4-fb12f6eb889e/distill_methodvanilla_dkd_alpha1.0_dkd_beta8.0_kl_methodkl_mse_normalizeFalse_temperature1.0_weight_ce0.5_weight_kl0.5_weight_mse0.0_zscoreFalse/final_summary.json
raw,promoter_all,0.5,0.5,0.0,1.5,0.0001,16,42,0.7280597497427944,0.7362807443516165,0.698357585123552,0.8680403560793011,42,112,True,/tmp/galaxy_srv_disk00/pengchx3/carbon_distillation/original/promoter_all/20260626_224940/f7e2f64d-f3c2-4d7d-a895-c82ff01abdab/distill_methodvanilla_dkd_alpha1.0_dkd_beta8.0_kl_methodkl_mse_normalizeFalse_temperature1.5_weight_ce0.5_weight_kl0.5_weight_mse0.0_zscoreFalse/final_summary.json
raw,promoter_all,0.5,0.5,0.0,2.0,0.0001,16,42,0.7347386019370745,0.7183844327081846,0.7119086146315484,0.8584664970043161,57,127,True,/tmp/galaxy_srv_disk00/pengchx3/carbon_distillation/original/promoter_all/20260626_225754/3f9e7d78-93a9-4a09-8eb6-88cbb11f6a4a/distill_methodvanilla_dkd_alpha1.0_dkd_beta8.0_kl_methodkl_mse_normalizeFalse_temperature2.0_weight_ce0.5_weight_kl0.5_weight_mse0.0_zscoreFalse/final_summary.json
raw,promoter_all,0.5,0.5,0.0,4.0,0.0001,16,42,0.7313488856246428,0.7151102429179987,0.697149769236484,0.8565189337242836,32,102,True,/tmp/galaxy_srv_disk00/pengchx3/carbon_distillation/original/promoter_all/20260626_231012/a8f6ff85-0b39-431b-9e69-6c66ca00ff5c/distill_methodvanilla_dkd_alpha1.0_dkd_beta8.0_kl_methodkl_mse_normalizeFalse_temperature4.0_weight_ce0.5_weight_kl0.5_weight_mse0.0_zscoreFalse/final_summary.json
raw,promoter_all,0.5,0.5,1.0,0.5,0.0001,16,42,0.73479003524139,0.7342946159135492,0.709632162547928,0.8637353931471579,28,98,True,/tmp/galaxy_srv_disk00/pengchx3/carbon_distillation/original/promoter_all/20260626_232621/569ffa34-92da-4f33-ab14-630e05978a72/distill_methodvanilla_dkd_alpha1.0_dkd_beta8.0_kl_methodkl_mse_normalizeFalse_temperature0.5_weight_ce0.5_weight_kl0.5_weight_mse1.0_zscoreFalse/final_summary.json
raw,promoter_all,0.5,0.5,1.0,1.0,0.0001,16,42,0.744025696075821,0.7159233578383938,0.6943014471199502,0.8579531301127805,38,108,True,/tmp/galaxy_srv_disk00/pengchx3/carbon_distillation/original/promoter_all/20260626_234041/2a06ef5f-2df6-49be-84b4-91d5f2a632ea/distill_methodvanilla_dkd_alpha1.0_dkd_beta8.0_kl_methodkl_mse_normalizeFalse_temperature1.0_weight_ce0.5_weight_kl0.5_weight_mse1.0_zscoreFalse/final_summary.json
raw,promoter_all,0.5,0.5,1.0,1.5,0.0001,16,42,0.747416912792398,0.737262746797948,0.7125052476999014,0.8664607651784091,34,104,True,/tmp/galaxy_srv_disk00/pengchx3/carbon_distillation/original/promoter_all/20260626_234454/7c4a322f-8b01-4e92-a1ce-d665c3f5d4dd/distill_methodvanilla_dkd_alpha1.0_dkd_beta8.0_kl_methodkl_mse_normalizeFalse_temperature1.5_weight_ce0.5_weight_kl0.5_weight_mse1.0_zscoreFalse/final_summary.json
raw,promoter_all,0.5,0.5,1.0,2.0,0.0001,16,42,0.7509464124384041,0.7310013798915874,0.7350383436515102,0.8640387315551428,37,107,True,/tmp/galaxy_srv_disk00/pengchx3/carbon_distillation/original/promoter_all/20260627_000113/e6084c05-d2b6-40d2-bab6-b869e7d97c3c/distill_methodvanilla_dkd_alpha1.0_dkd_beta8.0_kl_methodkl_mse_normalizeFalse_temperature2.0_weight_ce0.5_weight_kl0.5_weight_mse1.0_zscoreFalse/final_summary.json
raw,promoter_all,0.5,0.5,1.0,4.0,0.0001,16,42,0.7483975015388266,0.7375363357684454,0.6932265785743474,0.8656886194014927,37,107,True,/tmp/galaxy_srv_disk00/pengchx3/carbon_distillation/original/promoter_all/20260627_001930/fd62e972-2c04-475b-b2b9-a5e9c3b7e3f6/distill_methodvanilla_dkd_alpha1.0_dkd_beta8.0_kl_methodkl_mse_normalizeFalse_temperature4.0_weight_ce0.5_weight_kl0.5_weight_mse1.0_zscoreFalse/final_summary.json
raw,promoter_all,0.5,1.0,0.0,0.5,0.0001,16,42,0.7281511759969896,0.730050532129034,0.6858232490112409,0.8641268245390401,34,104,True,/tmp/galaxy_srv_disk00/pengchx3/carbon_distillation/original/promoter_all/20260627_002137/ba43e893-aaa5-421c-aaea-ab0c08b6f8cf/distill_methodvanilla_dkd_alpha1.0_dkd_beta8.0_kl_methodkl_mse_normalizeFalse_temperature0.5_weight_ce0.5_weight_kl1.0_weight_mse0.0_zscoreFalse/final_summary.json
raw,promoter_all,0.5,1.0,0.0,1.0,0.0001,16,42,0.7296707227657427,0.7211257376068149,0.6931412434915465,0.8604637258063423,40,110,True,/tmp/galaxy_srv_disk00/pengchx3/carbon_distillation/original/promoter_all/20260627_003753/88346f2b-3f6c-4ab6-89b0-78d72efcda90/distill_methodvanilla_dkd_alpha1.0_dkd_beta8.0_kl_methodkl_mse_normalizeFalse_temperature1.0_weight_ce0.5_weight_kl1.0_weight_mse0.0_zscoreFalse/final_summary.json
raw,promoter_all,0.5,1.0,0.0,1.5,0.0001,16,42,0.7300768837907349,0.7348578571388547,0.7010040406726719,0.8674233969964608,36,106,True,/tmp/galaxy_srv_disk00/pengchx3/carbon_distillation/original/promoter_all/20260627_005609/746d83f1-7318-46e7-a766-bc685323fc35/distill_methodvanilla_dkd_alpha1.0_dkd_beta8.0_kl_methodkl_mse_normalizeFalse_temperature1.5_weight_ce0.5_weight_kl1.0_weight_mse0.0_zscoreFalse/final_summary.json
raw,promoter_all,0.5,1.0,0.0,2.0,0.0001,16,42,0.7289141179396553,0.7298352134389723,0.7020224403873316,0.8648955437083896,35,105,True,/tmp/galaxy_srv_disk00/pengchx3/carbon_distillation/original/promoter_all/20260627_005615/552fac42-1ce0-4813-a5a1-c73febdcd979/distill_methodvanilla_dkd_alpha1.0_dkd_beta8.0_kl_methodkl_mse_normalizeFalse_temperature2.0_weight_ce0.5_weight_kl1.0_weight_mse0.0_zscoreFalse/final_summary.json
raw,promoter_all,0.5,1.0,0.0,4.0,0.0001,16,42,0.7344408847404247,0.7323512833474143,0.6914114785275552,0.8654118101344039,42,112,True,/tmp/galaxy_srv_disk00/pengchx3/carbon_distillation/original/promoter_all/20260627_011421/bdceb8f8-5518-447b-83f3-9706d6c3ea6b/distill_methodvanilla_dkd_alpha1.0_dkd_beta8.0_kl_methodkl_mse_normalizeFalse_temperature4.0_weight_ce0.5_weight_kl1.0_weight_mse0.0_zscoreFalse/final_summary.json
raw,promoter_all,0.5,1.0,1.0,1.0,0.0001,16,42,0.7362878709815887,0.7341859425290082,0.7004805932720473,0.865244094104509,34,104,True,/tmp/galaxy_srv_disk00/pengchx3/carbon_distillation/original/promoter_all/20260627_012849/ed3215a2-c006-466d-b90e-3b094062314c/distill_methodvanilla_dkd_alpha1.0_dkd_beta8.0_kl_methodkl_mse_normalizeFalse_temperature1.0_weight_ce0.5_weight_kl1.0_weight_mse1.0_zscoreFalse/final_summary.json
raw,promoter_all,0.5,1.0,1.0,0.5,0.0001,16,42,0.7354609394360659,0.7379033001726193,0.7379040010833489,0.8686397496806418,26,96,True,/tmp/galaxy_srv_disk00/pengchx3/carbon_distillation/original/promoter_all/20260627_012931/16f243c0-78c3-4c18-9937-f446ae7e4edc/distill_methodvanilla_dkd_alpha1.0_dkd_beta8.0_kl_methodkl_mse_normalizeFalse_temperature0.5_weight_ce0.5_weight_kl1.0_weight_mse1.0_zscoreFalse/final_summary.json
raw,promoter_all,0.5,1.0,1.0,1.5,0.0001,16,42,0.7407245607766414,0.7401725499055198,0.7058131443388151,0.8691825706027039,36,106,True,/tmp/galaxy_srv_disk00/pengchx3/carbon_distillation/original/promoter_all/20260627_013044/4b73fe54-4cbe-482a-8966-de359c787fa9/distill_methodvanilla_dkd_alpha1.0_dkd_beta8.0_kl_methodkl_mse_normalizeFalse_temperature1.5_weight_ce0.5_weight_kl1.0_weight_mse1.0_zscoreFalse/final_summary.json
raw,promoter_all,0.5,1.0,1.0,2.0,0.0001,16,42,0.7407310987564982,0.7377356199999717,0.700576922221273,0.8671648251945965,37,107,True,/tmp/galaxy_srv_disk00/pengchx3/carbon_distillation/original/promoter_all/20260627_013252/9123fd0d-7bd0-4357-983c-2d85f05fcaa3/distill_methodvanilla_dkd_alpha1.0_dkd_beta8.0_kl_methodkl_mse_normalizeFalse_temperature2.0_weight_ce0.5_weight_kl1.0_weight_mse1.0_zscoreFalse/final_summary.json
raw,promoter_all,0.5,1.0,1.0,4.0,0.0001,16,42,0.7456303278770454,0.74816447059916,0.689402731955008,0.873679173810758,39,109,True,/tmp/galaxy_srv_disk00/pengchx3/carbon_distillation/original/promoter_all/20260627_014801/fd899a78-2d74-4bb6-a1ae-dd9d5a707ec8/distill_methodvanilla_dkd_alpha1.0_dkd_beta8.0_kl_methodkl_mse_normalizeFalse_temperature4.0_weight_ce0.5_weight_kl1.0_weight_mse1.0_zscoreFalse/final_summary.json
raw,promoter_tata,0.5,0.5,0.2,2.0,0.0001,16,0,0.8543607001571788,0.8307804032542971,0.8679245283018868,0.9150641025641025,176,200,False,/tmp/galaxy_srv_disk00/pengchx3/carbon_distillation/original/promoter_tata/20260624_200108/8ab31a97-734d-4f4b-a784-22bb59b70f50/distill_methodvanilla_dkd_alpha1.0_dkd_beta8.0_kl_methodkl_mse_normalizeFalse_temperature2.0_weight_ce0.5_weight_kl0.5_weight_mse0.2_zscoreFalse/final_summary.json
raw,promoter_tata,0.5,0.0,0.0,0.5,0.0001,16,42,0.834724386102909,0.7078307116678075,0.7001099601629517,0.8537442973183487,67,137,True,/tmp/galaxy_srv_disk00/pengchx3/carbon_distillation/original/promoter_tata/20260627_015111/c8b29d3e-b0db-45c3-b13e-d57839bf9a19/distill_methodvanilla_dkd_alpha1.0_dkd_beta8.0_kl_methodkl_mse_normalizeFalse_temperature0.5_weight_ce0.5_weight_kl0.0_weight_mse0.0_zscoreFalse/final_summary.json
raw,promoter_tata,0.5,0.0,1.0,0.5,0.0001,16,42,0.863429530118549,0.8414594412328095,0.8496617760555312,0.9197237999777258,101,171,True,/tmp/galaxy_srv_disk00/pengchx3/carbon_distillation/original/promoter_tata/20260627_015920/d3a70382-72e2-435f-a71d-85e7f14e77e3/distill_methodvanilla_dkd_alpha1.0_dkd_beta8.0_kl_methodkl_mse_normalizeFalse_temperature0.5_weight_ce0.5_weight_kl0.0_weight_mse1.0_zscoreFalse/final_summary.json
raw,promoter_tata,0.5,0.25,0.0,0.5,0.0001,16,42,0.8417075771755212,0.7272245789723618,0.7379537417933816,0.8631314143235602,150,200,False,/tmp/galaxy_srv_disk00/pengchx3/carbon_distillation/original/promoter_tata/20260627_020731/56401075-af66-46aa-b5cc-e65cb952b023/distill_methodvanilla_dkd_alpha1.0_dkd_beta8.0_kl_methodkl_mse_normalizeFalse_temperature0.5_weight_ce0.5_weight_kl0.25_weight_mse0.0_zscoreFalse/final_summary.json
raw,promoter_tata,0.5,0.25,0.0,1.5,0.0001,16,42,0.846484377663212,0.682288239221013,0.7358490566037735,0.8392650075818393,77,147,True,/tmp/galaxy_srv_disk00/pengchx3/carbon_distillation/original/promoter_tata/20260627_020947/67003070-5416-4bde-b4c6-76a4cb017365/distill_methodvanilla_dkd_alpha1.0_dkd_beta8.0_kl_methodkl_mse_normalizeFalse_temperature1.5_weight_ce0.5_weight_kl0.25_weight_mse0.0_zscoreFalse/final_summary.json
raw,promoter_tata,0.5,0.25,0.0,1.0,0.0001,16,42,0.8384330550404155,0.7252912234642331,0.7190318509781667,0.8576799140708915,120,190,True,/tmp/galaxy_srv_disk00/pengchx3/carbon_distillation/original/promoter_tata/20260627_021032/506d8434-1a98-482b-b698-7471dfcd3745/distill_methodvanilla_dkd_alpha1.0_dkd_beta8.0_kl_methodkl_mse_normalizeFalse_temperature1.0_weight_ce0.5_weight_kl0.25_weight_mse0.0_zscoreFalse/final_summary.json
raw,promoter_tata,0.5,0.25,0.0,2.0,0.0001,16,42,0.8709550450606487,0.7075786576362539,0.7548513560963972,0.8537703313085464,100,170,True,/tmp/galaxy_srv_disk00/pengchx3/carbon_distillation/original/promoter_tata/20260627_021145/656f2294-aee1-484e-9c58-b3145f0e8d67/distill_methodvanilla_dkd_alpha1.0_dkd_beta8.0_kl_methodkl_mse_normalizeFalse_temperature2.0_weight_ce0.5_weight_kl0.25_weight_mse0.0_zscoreFalse/final_summary.json
raw,promoter_tata,0.5,0.25,0.0,4.0,0.0001,16,42,0.8620947516549401,0.7548513560963972,0.7455816829567573,0.8773475745438362,92,162,True,/tmp/galaxy_srv_disk00/pengchx3/carbon_distillation/original/promoter_tata/20260627_021150/8c255d24-9f4b-483e-89d9-2899c6b3907a/distill_methodvanilla_dkd_alpha1.0_dkd_beta8.0_kl_methodkl_mse_normalizeFalse_temperature4.0_weight_ce0.5_weight_kl0.25_weight_mse0.0_zscoreFalse/final_summary.json
raw,promoter_tata,0.5,0.25,1.0,0.5,0.0001,16,42,0.8738716410389495,0.8399591111791317,0.8307804032542971,0.9197952598197396,158,200,False,/tmp/galaxy_srv_disk00/pengchx3/carbon_distillation/original/promoter_tata/20260627_021855/cc732059-fc6b-49bb-abfd-f66ab6fc4ee4/distill_methodvanilla_dkd_alpha1.0_dkd_beta8.0_kl_methodkl_mse_normalizeFalse_temperature0.5_weight_ce0.5_weight_kl0.25_weight_mse1.0_zscoreFalse/final_summary.json
raw,promoter_tata,0.5,0.25,1.0,1.0,0.0001,16,42,0.8897900570368499,0.8207912428580546,0.839660007061688,0.9103753643503993,192,200,False,/tmp/galaxy_srv_disk00/pengchx3/carbon_distillation/original/promoter_tata/20260627_022005/de575e0e-8988-4122-9311-74965419a626/distill_methodvanilla_dkd_alpha1.0_dkd_beta8.0_kl_methodkl_mse_normalizeFalse_temperature1.0_weight_ce0.5_weight_kl0.25_weight_mse1.0_zscoreFalse/final_summary.json
raw,promoter_tata,0.5,0.25,1.0,1.5,0.0001,16,42,0.8817624460900065,0.7930176576518291,0.8118990304530631,0.8961894586894588,143,200,False,/tmp/galaxy_srv_disk00/pengchx3/carbon_distillation/original/promoter_tata/20260627_022011/9a2e43a7-6773-4225-9476-969a33d3a727/distill_methodvanilla_dkd_alpha1.0_dkd_beta8.0_kl_methodkl_mse_normalizeFalse_temperature1.5_weight_ce0.5_weight_kl0.25_weight_mse1.0_zscoreFalse/final_summary.json
raw,promoter_tata,0.5,0.25,1.0,2.0,0.0001,16,42,0.859684433466204,0.821669329488253,0.821669329488253,0.9103274783499188,200,200,False,/tmp/galaxy_srv_disk00/pengchx3/carbon_distillation/original/promoter_tata/20260627_022714/1146b99b-1199-427b-8fe5-8a640b218ef0/distill_methodvanilla_dkd_alpha1.0_dkd_beta8.0_kl_methodkl_mse_normalizeFalse_temperature2.0_weight_ce0.5_weight_kl0.25_weight_mse1.0_zscoreFalse/final_summary.json
raw,promoter_tata,0.5,0.25,1.0,4.0,0.0001,16,42,0.8584063877679129,0.7559289460184544,0.8019224786544211,0.8772601763605594,82,152,True,/tmp/galaxy_srv_disk00/pengchx3/carbon_distillation/original/promoter_tata/20260627_023429/f3dd72e0-e96c-4dfc-81cb-6ed159c012c1/distill_methodvanilla_dkd_alpha1.0_dkd_beta8.0_kl_methodkl_mse_normalizeFalse_temperature4.0_weight_ce0.5_weight_kl0.25_weight_mse1.0_zscoreFalse/final_summary.json
raw,promoter_tata,0.5,0.5,0.0,1.0,0.0001,16,42,0.8463119131156058,0.7358490566037735,0.737030722367993,0.8679245283018868,102,172,True,/tmp/galaxy_srv_disk00/pengchx3/carbon_distillation/original/promoter_tata/20260627_023441/f03c6530-481c-4e3c-82bc-05b3d4970c84/distill_methodvanilla_dkd_alpha1.0_dkd_beta8.0_kl_methodkl_mse_normalizeFalse_temperature1.0_weight_ce0.5_weight_kl0.5_weight_mse0.0_zscoreFalse/final_summary.json
raw,promoter_tata,0.5,0.5,0.0,0.5,0.0001,16,42,0.8501221628026158,0.7937253933193772,0.7264474218398874,0.8961432261512425,187,200,False,/tmp/galaxy_srv_disk00/pengchx3/carbon_distillation/original/promoter_tata/20260627_023528/6687885a-7881-4b0c-9e3b-6c0e98250d55/distill_methodvanilla_dkd_alpha1.0_dkd_beta8.0_kl_methodkl_mse_normalizeFalse_temperature0.5_weight_ce0.5_weight_kl0.5_weight_mse0.0_zscoreFalse/final_summary.json
raw,promoter_tata,0.5,0.5,0.0,1.5,0.0001,16,42,0.8548356440013959,0.7171087882915773,0.7548513560963972,0.8584779706275033,87,157,True,/tmp/galaxy_srv_disk00/pengchx3/carbon_distillation/original/promoter_tata/20260627_023650/2f174ffd-9273-4293-9a6a-70efd86438af/distill_methodvanilla_dkd_alpha1.0_dkd_beta8.0_kl_methodkl_mse_normalizeFalse_temperature1.5_weight_ce0.5_weight_kl0.5_weight_mse0.0_zscoreFalse/final_summary.json
raw,promoter_tata,0.5,0.5,0.0,2.0,0.0001,16,42,0.8675907607004111,0.7830537144507878,0.7833326542457071,0.891507020003115,183,200,False,/tmp/galaxy_srv_disk00/pengchx3/carbon_distillation/original/promoter_tata/20260627_024348/61514c52-1e75-4bfc-8894-cb69a6ab708b/distill_methodvanilla_dkd_alpha1.0_dkd_beta8.0_kl_methodkl_mse_normalizeFalse_temperature2.0_weight_ce0.5_weight_kl0.5_weight_mse0.0_zscoreFalse/final_summary.json
raw,promoter_tata,0.5,0.5,0.0,4.0,0.0001,16,42,0.8709550450606487,0.7548513560963972,0.7641849502471543,0.8773475745438362,86,156,True,/tmp/galaxy_srv_disk00/pengchx3/carbon_distillation/original/promoter_tata/20260627_024458/e027fa2d-430a-4b1c-a5e1-89013235d202/distill_methodvanilla_dkd_alpha1.0_dkd_beta8.0_kl_methodkl_mse_normalizeFalse_temperature4.0_weight_ce0.5_weight_kl0.5_weight_mse0.0_zscoreFalse/final_summary.json
raw,promoter_tata,0.5,0.5,1.0,0.5,0.0001,16,42,0.8936604287336087,0.811465207803627,0.8019224786544211,0.9056519804183356,143,200,False,/tmp/galaxy_srv_disk00/pengchx3/carbon_distillation/original/promoter_tata/20260627_024705/487fe75d-5618-40a1-83b2-6fd3a5d2362b/distill_methodvanilla_dkd_alpha1.0_dkd_beta8.0_kl_methodkl_mse_normalizeFalse_temperature0.5_weight_ce0.5_weight_kl0.5_weight_mse1.0_zscoreFalse/final_summary.json
raw,promoter_tata,0.5,0.5,1.0,1.0,0.0001,16,42,0.8857690094639415,0.8036410393796495,0.830336491706037,0.900835282325426,185,200,False,/tmp/galaxy_srv_disk00/pengchx3/carbon_distillation/original/promoter_tata/20260627_024920/caec58c8-c268-48e6-a1e1-cf67ed303c0b/distill_methodvanilla_dkd_alpha1.0_dkd_beta8.0_kl_methodkl_mse_normalizeFalse_temperature1.0_weight_ce0.5_weight_kl0.5_weight_mse1.0_zscoreFalse/final_summary.json
raw,promoter_tata,0.5,0.5,1.0,1.5,0.0001,16,42,0.862733336504789,0.7737226399988072,0.8301886792452831,0.8867823765020026,145,200,False,/tmp/galaxy_srv_disk00/pengchx3/carbon_distillation/original/promoter_tata/20260627_025213/c2165154-456f-4afe-a0b8-1ef53fe35ec1/distill_methodvanilla_dkd_alpha1.0_dkd_beta8.0_kl_methodkl_mse_normalizeFalse_temperature1.5_weight_ce0.5_weight_kl0.5_weight_mse1.0_zscoreFalse/final_summary.json
raw,promoter_tata,0.5,0.5,1.0,2.0,0.0001,16,42,0.8698798593700043,0.7833326542457071,0.7830537144507878,0.8914877044620007,133,200,False,/tmp/galaxy_srv_disk00/pengchx3/carbon_distillation/original/promoter_tata/20260627_025523/278f9515-2674-4015-8407-4c8d1aa56502/distill_methodvanilla_dkd_alpha1.0_dkd_beta8.0_kl_methodkl_mse_normalizeFalse_temperature2.0_weight_ce0.5_weight_kl0.5_weight_mse1.0_zscoreFalse/final_summary.json
raw,promoter_tata,0.5,1.0,0.0,0.5,0.0001,16,42,0.8543607001571788,0.7925939239012171,0.7644571686012321,0.8962171784601691,191,200,False,/tmp/galaxy_srv_disk00/pengchx3/carbon_distillation/original/promoter_tata/20260627_030145/818a2d8a-18ee-4de1-98c3-709d28709864/distill_methodvanilla_dkd_alpha1.0_dkd_beta8.0_kl_methodkl_mse_normalizeFalse_temperature0.5_weight_ce0.5_weight_kl1.0_weight_mse0.0_zscoreFalse/final_summary.json
raw,promoter_tata,0.5,0.5,1.0,4.0,0.0001,16,42,0.8685645882330838,0.7748271696689158,0.811465207803627,0.886701701255901,101,171,True,/tmp/galaxy_srv_disk00/pengchx3/carbon_distillation/original/promoter_tata/20260627_030228/b96eed45-6b12-41cb-9943-dcd1cf0bc443/distill_methodvanilla_dkd_alpha1.0_dkd_beta8.0_kl_methodkl_mse_normalizeFalse_temperature4.0_weight_ce0.5_weight_kl0.5_weight_mse1.0_zscoreFalse/final_summary.json
raw,promoter_tata,0.5,1.0,0.0,1.0,0.0001,16,42,0.8385746663380608,0.7290476893819068,0.6911750821412882,0.8629605688429218,68,138,True,/tmp/galaxy_srv_disk00/pengchx3/carbon_distillation/original/promoter_tata/20260627_030553/dc7155cc-fcc6-4cc1-8a59-007774197ea9/distill_methodvanilla_dkd_alpha1.0_dkd_beta8.0_kl_methodkl_mse_normalizeFalse_temperature1.0_weight_ce0.5_weight_kl1.0_weight_mse0.0_zscoreFalse/final_summary.json
raw,promoter_tata,0.5,1.0,0.0,2.0,0.0001,16,42,0.8543607001571788,0.7559289460184544,0.736373539248127,0.8772601763605594,73,143,True,/tmp/galaxy_srv_disk00/pengchx3/carbon_distillation/original/promoter_tata/20260627_031002/2a777552-74af-4dd2-93a1-446746da78d6/distill_methodvanilla_dkd_alpha1.0_dkd_beta8.0_kl_methodkl_mse_normalizeFalse_temperature2.0_weight_ce0.5_weight_kl1.0_weight_mse0.0_zscoreFalse/final_summary.json
raw,promoter_tata,0.5,1.0,0.0,1.5,0.0001,16,42,0.854048334240755,0.7479839930022161,0.7272245789723618,0.8724115640951341,175,200,False,/tmp/galaxy_srv_disk00/pengchx3/carbon_distillation/original/promoter_tata/20260627_031049/7cd873d0-c176-4c5b-8f40-81edef44c3ff/distill_methodvanilla_dkd_alpha1.0_dkd_beta8.0_kl_methodkl_mse_normalizeFalse_temperature1.5_weight_ce0.5_weight_kl1.0_weight_mse0.0_zscoreFalse/final_summary.json
raw,promoter_tata,0.5,1.0,0.0,4.0,0.0001,16,42,0.8777193364663409,0.7644571686012321,0.7358490566037735,0.8820518526760877,81,151,True,/tmp/galaxy_srv_disk00/pengchx3/carbon_distillation/original/promoter_tata/20260627_031607/11299771-c97a-4652-9f68-6ef6fd0b7bbf/distill_methodvanilla_dkd_alpha1.0_dkd_beta8.0_kl_methodkl_mse_normalizeFalse_temperature4.0_weight_ce0.5_weight_kl1.0_weight_mse0.0_zscoreFalse/final_summary.json
raw,promoter_tata,0.5,1.0,1.0,1.0,0.0001,16,42,0.8621054701935864,0.821669329488253,0.7960029457578486,0.9103274783499188,143,200,False,/tmp/galaxy_srv_disk00/pengchx3/carbon_distillation/original/promoter_tata/20260627_031830/b84aa766-e2a5-4ee2-822d-e4726e317980/distill_methodvanilla_dkd_alpha1.0_dkd_beta8.0_kl_methodkl_mse_normalizeFalse_temperature1.0_weight_ce0.5_weight_kl1.0_weight_mse1.0_zscoreFalse/final_summary.json
raw,promoter_tata,0.5,1.0,1.0,0.5,0.0001,16,42,0.863429530118549,0.811465207803627,0.8118990304530631,0.9056519804183356,160,200,False,/tmp/galaxy_srv_disk00/pengchx3/carbon_distillation/original/promoter_tata/20260627_031909/5ce188b7-5b20-4f55-b2ca-2b13b98ea16b/distill_methodvanilla_dkd_alpha1.0_dkd_beta8.0_kl_methodkl_mse_normalizeFalse_temperature0.5_weight_ce0.5_weight_kl1.0_weight_mse1.0_zscoreFalse/final_summary.json
raw,promoter_tata,0.5,1.0,1.0,1.5,0.0001,16,42,0.8580900309368356,0.8307804032542971,0.8588345968236065,0.9150641025641025,178,200,False,/tmp/galaxy_srv_disk00/pengchx3/carbon_distillation/original/promoter_tata/20260627_032023/50efeb76-42a9-4a78-ae49-27136f112ea2/distill_methodvanilla_dkd_alpha1.0_dkd_beta8.0_kl_methodkl_mse_normalizeFalse_temperature1.5_weight_ce0.5_weight_kl1.0_weight_mse1.0_zscoreFalse/final_summary.json
raw,promoter_tata,0.5,1.0,1.0,4.0,0.0001,16,42,0.8601394301255361,0.7658226375264895,0.7641849502471543,0.8819467646731262,83,153,True,/tmp/galaxy_srv_disk00/pengchx3/carbon_distillation/original/promoter_tata/20260627_032645/d004bc85-d80e-4501-8a3e-cc5a16948288/distill_methodvanilla_dkd_alpha1.0_dkd_beta8.0_kl_methodkl_mse_normalizeFalse_temperature4.0_weight_ce0.5_weight_kl1.0_weight_mse1.0_zscoreFalse/final_summary.json
raw,promoter_tata,0.5,1.0,1.0,2.0,0.0001,16,42,0.8750888475063506,0.7947194142390263,0.830336491706037,0.8960784313725491,163,200,False,/tmp/galaxy_srv_disk00/pengchx3/carbon_distillation/original/promoter_tata/20260627_032727/e29f6bfd-eb71-4c17-8569-d459cb319458/distill_methodvanilla_dkd_alpha1.0_dkd_beta8.0_kl_methodkl_mse_normalizeFalse_temperature2.0_weight_ce0.5_weight_kl1.0_weight_mse1.0_zscoreFalse/final_summary.json
raw,promoter_no_tata,0.5,0.5,0.2,2.0,0.0001,16,0,0.7486576162704687,0.7305450534476924,0.6691445582911889,0.8651396449169675,25,200,False,/tmp/galaxy_srv_disk00/pengchx3/carbon_distillation/original/promoter_no_tata/20260624_201001/1f76ab4f-8079-46b2-8d75-fd0d8aeef858/distill_methodvanilla_dkd_alpha1.0_dkd_beta8.0_kl_methodkl_mse_normalizeFalse_temperature2.0_weight_ce0.5_weight_kl0.5_weight_mse0.2_zscoreFalse/final_summary.json
raw,promoter_no_tata,0.5,0.0,1.0,0.5,0.0001,16,42,0.7475091749871511,0.7404469294595558,0.6917150825570206,0.868553277013217,24,94,True,/tmp/galaxy_srv_disk00/pengchx3/carbon_distillation/original/promoter_no_tata/20260627_033508/60055bda-cc20-4ed9-8313-f94826f14bde/distill_methodvanilla_dkd_alpha1.0_dkd_beta8.0_kl_methodkl_mse_normalizeFalse_temperature0.5_weight_ce0.5_weight_kl0.0_weight_mse1.0_zscoreFalse/final_summary.json
raw,promoter_no_tata,0.5,0.0,0.0,0.5,0.0001,16,42,0.7455555732771821,0.7252826315686518,0.6579997048613222,0.8613011767159644,27,97,True,/tmp/galaxy_srv_disk00/pengchx3/carbon_distillation/original/promoter_no_tata/20260627_033543/18dbbef9-6020-44fa-b331-1c0a19da08de/distill_methodvanilla_dkd_alpha1.0_dkd_beta8.0_kl_methodkl_mse_normalizeFalse_temperature0.5_weight_ce0.5_weight_kl0.0_weight_mse0.0_zscoreFalse/final_summary.json
raw,promoter_no_tata,0.5,0.25,0.0,0.5,0.0001,16,42,0.7448270113359591,0.7223581048284556,0.6601305190884069,0.8598411891024482,27,97,True,/tmp/galaxy_srv_disk00/pengchx3/carbon_distillation/original/promoter_no_tata/20260627_033858/24b6c7d0-2e03-4298-ba66-aae61b2443a6/distill_methodvanilla_dkd_alpha1.0_dkd_beta8.0_kl_methodkl_mse_normalizeFalse_temperature0.5_weight_ce0.5_weight_kl0.25_weight_mse0.0_zscoreFalse/final_summary.json
raw,promoter_no_tata,0.5,0.25,0.0,1.0,0.0001,16,42,0.7471256237077831,0.7220539843917708,0.6507683573796568,0.8607409344129615,33,103,True,/tmp/galaxy_srv_disk00/pengchx3/carbon_distillation/original/promoter_no_tata/20260627_035005/4e195ab1-a07a-4b2b-bf2a-9601eec08392/distill_methodvanilla_dkd_alpha1.0_dkd_beta8.0_kl_methodkl_mse_normalizeFalse_temperature1.0_weight_ce0.5_weight_kl0.25_weight_mse0.0_zscoreFalse/final_summary.json
raw,promoter_no_tata,0.5,0.25,0.0,1.5,0.0001,16,42,0.7434180012842622,0.7215170689988979,0.6687763530024589,0.8590508249749955,27,97,True,/tmp/galaxy_srv_disk00/pengchx3/carbon_distillation/original/promoter_no_tata/20260627_040816/98956828-c203-4638-85cb-cec750e16f3c/distill_methodvanilla_dkd_alpha1.0_dkd_beta8.0_kl_methodkl_mse_normalizeFalse_temperature1.5_weight_ce0.5_weight_kl0.25_weight_mse0.0_zscoreFalse/final_summary.json
raw,promoter_no_tata,0.5,0.25,0.0,2.0,0.0001,16,42,0.7439991019401043,0.7271842800760832,0.6731335722359598,0.8619896822773714,27,97,True,/tmp/galaxy_srv_disk00/pengchx3/carbon_distillation/original/promoter_no_tata/20260627_041335/e15f90d5-6d06-4b47-b0aa-15186fe35ba9/distill_methodvanilla_dkd_alpha1.0_dkd_beta8.0_kl_methodkl_mse_normalizeFalse_temperature2.0_weight_ce0.5_weight_kl0.25_weight_mse0.0_zscoreFalse/final_summary.json
raw,promoter_no_tata,0.5,0.25,0.0,4.0,0.0001,16,42,0.7464500757105561,0.694122428597378,0.6608619230330383,0.8442357538844321,48,118,True,/tmp/galaxy_srv_disk00/pengchx3/carbon_distillation/original/promoter_no_tata/20260627_042432/ff5e1977-e2a5-4c5e-98be-ebc6b2fc1c25/distill_methodvanilla_dkd_alpha1.0_dkd_beta8.0_kl_methodkl_mse_normalizeFalse_temperature4.0_weight_ce0.5_weight_kl0.25_weight_mse0.0_zscoreFalse/final_summary.json
raw,promoter_no_tata,0.5,0.25,1.0,0.5,0.0001,16,42,0.7445743255260633,0.7298686792437226,0.6589369367757846,0.8643380851932498,22,92,True,/tmp/galaxy_srv_disk00/pengchx3/carbon_distillation/original/promoter_no_tata/20260627_044448/6ba207a6-4ac6-42c1-8d3c-7e7678b8988f/distill_methodvanilla_dkd_alpha1.0_dkd_beta8.0_kl_methodkl_mse_normalizeFalse_temperature0.5_weight_ce0.5_weight_kl0.25_weight_mse1.0_zscoreFalse/final_summary.json
raw,promoter_no_tata,0.5,0.25,1.0,1.0,0.0001,16,42,0.7463554359004926,0.7376877116363945,0.659441663094574,0.8687976947155689,25,95,True,/tmp/galaxy_srv_disk00/pengchx3/carbon_distillation/original/promoter_no_tata/20260627_050257/64e0c329-a71f-4c77-82d5-2760337865bf/distill_methodvanilla_dkd_alpha1.0_dkd_beta8.0_kl_methodkl_mse_normalizeFalse_temperature1.0_weight_ce0.5_weight_kl0.25_weight_mse1.0_zscoreFalse/final_summary.json
raw,promoter_no_tata,0.5,0.25,1.0,1.5,0.0001,16,42,0.7486255019206848,0.7406790412701515,0.6536058961645336,0.870248880558159,27,97,True,/tmp/galaxy_srv_disk00/pengchx3/carbon_distillation/original/promoter_no_tata/20260627_052112/23a88586-84e6-4ad7-83ef-d70399584873/distill_methodvanilla_dkd_alpha1.0_dkd_beta8.0_kl_methodkl_mse_normalizeFalse_temperature1.5_weight_ce0.5_weight_kl0.25_weight_mse1.0_zscoreFalse/final_summary.json
raw,promoter_no_tata,0.5,0.25,1.0,2.0,0.0001,16,42,0.7486670589835044,0.7335175507634134,0.6551045794252455,0.866592491165092,27,97,True,/tmp/galaxy_srv_disk00/pengchx3/carbon_distillation/original/promoter_no_tata/20260627_054125/0d2bf584-100e-4a19-92e5-2500f2f925b4/distill_methodvanilla_dkd_alpha1.0_dkd_beta8.0_kl_methodkl_mse_normalizeFalse_temperature2.0_weight_ce0.5_weight_kl0.25_weight_mse1.0_zscoreFalse/final_summary.json
raw,promoter_no_tata,0.5,0.25,1.0,4.0,0.0001,16,42,0.7459583848165973,0.7313037105166086,0.6591190653419333,0.8642052565707135,24,94,True,/tmp/galaxy_srv_disk00/pengchx3/carbon_distillation/original/promoter_no_tata/20260627_055939/ed3959d0-c43d-4c91-b190-4998cca82995/distill_methodvanilla_dkd_alpha1.0_dkd_beta8.0_kl_methodkl_mse_normalizeFalse_temperature4.0_weight_ce0.5_weight_kl0.25_weight_mse1.0_zscoreFalse/final_summary.json
raw,promoter_no_tata,0.5,0.5,0.0,0.5,0.0001,16,42,0.7450418799343169,0.7225280659904092,0.646521080973891,0.8598247809762203,27,97,True,/tmp/galaxy_srv_disk00/pengchx3/carbon_distillation/original/promoter_no_tata/20260627_061752/b5ede104-d122-41af-9c51-2a125d5bde1e/distill_methodvanilla_dkd_alpha1.0_dkd_beta8.0_kl_methodkl_mse_normalizeFalse_temperature0.5_weight_ce0.5_weight_kl0.5_weight_mse0.0_zscoreFalse/final_summary.json
raw,promoter_no_tata,0.5,0.5,0.0,1.0,0.0001,16,42,0.7445743255260633,0.7184235058454361,0.6541742492251126,0.8584802933244859,33,103,True,/tmp/galaxy_srv_disk00/pengchx3/carbon_distillation/original/promoter_no_tata/20260627_063606/81056163-fb27-4db0-a147-5fc8171828a6/distill_methodvanilla_dkd_alpha1.0_dkd_beta8.0_kl_methodkl_mse_normalizeFalse_temperature1.0_weight_ce0.5_weight_kl0.5_weight_mse0.0_zscoreFalse/final_summary.json
raw,promoter_no_tata,0.5,0.5,0.0,2.0,0.0001,16,42,0.743718654387671,0.7245829545660853,0.6562556397211371,0.8622360424659041,33,103,True,/tmp/galaxy_srv_disk00/pengchx3/carbon_distillation/original/promoter_no_tata/20260627_065424/4d0343f6-a190-47ff-ba0b-dd221c863e82/distill_methodvanilla_dkd_alpha1.0_dkd_beta8.0_kl_methodkl_mse_normalizeFalse_temperature2.0_weight_ce0.5_weight_kl0.5_weight_mse0.0_zscoreFalse/final_summary.json
raw,promoter_no_tata,0.5,0.5,0.0,4.0,0.0001,16,42,0.7443697995845483,0.7090416736948082,0.6654073796130842,0.8515233047041219,40,110,True,/tmp/galaxy_srv_disk00/pengchx3/carbon_distillation/original/promoter_no_tata/20260627_071236/b5f914fd-4bf0-411d-aedb-b980736876bc/distill_methodvanilla_dkd_alpha1.0_dkd_beta8.0_kl_methodkl_mse_normalizeFalse_temperature4.0_weight_ce0.5_weight_kl0.5_weight_mse0.0_zscoreFalse/final_summary.json
raw,promoter_no_tata,0.5,0.5,1.0,0.5,0.0001,16,42,0.7452689458912307,0.7362149656802213,0.662805792503955,0.8680701247354969,27,97,True,/tmp/galaxy_srv_disk00/pengchx3/carbon_distillation/original/promoter_no_tata/20260627_073250/46756cd0-0835-42ea-bf74-1d31b064d16c/distill_methodvanilla_dkd_alpha1.0_dkd_beta8.0_kl_methodkl_mse_normalizeFalse_temperature0.5_weight_ce0.5_weight_kl0.5_weight_mse1.0_zscoreFalse/final_summary.json
raw,promoter_no_tata,0.5,0.5,1.0,1.0,0.0001,16,42,0.7502300245106762,0.7335175507634134,0.6741143074201826,0.866592491165092,27,97,True,/tmp/galaxy_srv_disk00/pengchx3/carbon_distillation/original/promoter_no_tata/20260627_075303/76ef47d3-f53f-4f4d-b6ad-639ca76ab2d4/distill_methodvanilla_dkd_alpha1.0_dkd_beta8.0_kl_methodkl_mse_normalizeFalse_temperature1.0_weight_ce0.5_weight_kl0.5_weight_mse1.0_zscoreFalse/final_summary.json
raw,promoter_no_tata,0.5,0.5,0.0,1.5,0.0001,16,42,0.7447058370170659,0.7219126789345256,0.6857872824404455,0.8607545499518316,33,103,True,/tmp/galaxy_srv_disk00/pengchx3/carbon_distillation/original/promoter_no_tata/20260627_080013/e851157f-4029-4384-b816-70c5deb0850b/distill_methodvanilla_dkd_alpha1.0_dkd_beta8.0_kl_methodkl_mse_normalizeFalse_temperature1.5_weight_ce0.5_weight_kl0.5_weight_mse0.0_zscoreFalse/final_summary.json
raw,promoter_no_tata,0.5,0.5,1.0,1.5,0.0001,16,42,0.7523597424642637,0.7351439159558685,0.6535307839187469,0.8673063351840358,27,97,True,/tmp/galaxy_srv_disk00/pengchx3/carbon_distillation/original/promoter_no_tata/20260627_081314/41d699fa-e908-48c0-bff4-5f895cea5395/distill_methodvanilla_dkd_alpha1.0_dkd_beta8.0_kl_methodkl_mse_normalizeFalse_temperature1.5_weight_ce0.5_weight_kl0.5_weight_mse1.0_zscoreFalse/final_summary.json
raw,promoter_no_tata,0.5,0.5,1.0,2.0,0.0001,16,42,0.7477248302212659,0.7252826315686518,0.6771219373553957,0.8613011767159644,24,94,True,/tmp/galaxy_srv_disk00/pengchx3/carbon_distillation/original/promoter_no_tata/20260627_083325/5c768264-b46f-4b2f-bc98-dc6bcf7c5db1/distill_methodvanilla_dkd_alpha1.0_dkd_beta8.0_kl_methodkl_mse_normalizeFalse_temperature2.0_weight_ce0.5_weight_kl0.5_weight_mse1.0_zscoreFalse/final_summary.json
raw,promoter_no_tata,0.5,0.5,1.0,4.0,0.0001,16,42,0.7461023763942161,0.7170335878165659,0.6643397718909521,0.8568691238588364,24,94,True,/tmp/galaxy_srv_disk00/pengchx3/carbon_distillation/original/promoter_no_tata/20260627_083436/3b40b813-b367-45b6-9a09-01a6b246e530/distill_methodvanilla_dkd_alpha1.0_dkd_beta8.0_kl_methodkl_mse_normalizeFalse_temperature4.0_weight_ce0.5_weight_kl0.5_weight_mse1.0_zscoreFalse/final_summary.json
raw,promoter_no_tata,0.5,1.0,0.0,0.5,0.0001,16,42,0.7466041849409231,0.7254532808324756,0.6746171945133973,0.861284939507718,27,97,True,/tmp/galaxy_srv_disk00/pengchx3/carbon_distillation/original/promoter_no_tata/20260627_085143/8ef68184-ce3d-4a91-ac60-6c2b442ee524/distill_methodvanilla_dkd_alpha1.0_dkd_beta8.0_kl_methodkl_mse_normalizeFalse_temperature0.5_weight_ce0.5_weight_kl1.0_weight_mse0.0_zscoreFalse/final_summary.json
raw,promoter_no_tata,0.5,1.0,0.0,1.0,0.0001,16,42,0.7455818776346649,0.7178879637461685,0.6570946699805819,0.8585329452708607,33,103,True,/tmp/galaxy_srv_disk00/pengchx3/carbon_distillation/original/promoter_no_tata/20260627_090954/c34873cf-76a8-421c-adab-b90151cf1ad1/distill_methodvanilla_dkd_alpha1.0_dkd_beta8.0_kl_methodkl_mse_normalizeFalse_temperature1.0_weight_ce0.5_weight_kl1.0_weight_mse0.0_zscoreFalse/final_summary.json
raw,promoter_no_tata,0.5,1.0,0.0,2.0,0.0001,16,42,0.7408369453807804,0.7131622222201677,0.6751861351957463,0.8563803473325176,41,111,True,/tmp/galaxy_srv_disk00/pengchx3/carbon_distillation/original/promoter_no_tata/20260627_092810/3a500b3a-b709-4577-a0f0-c28533f43391/distill_methodvanilla_dkd_alpha1.0_dkd_beta8.0_kl_methodkl_mse_normalizeFalse_temperature2.0_weight_ce0.5_weight_kl1.0_weight_mse0.0_zscoreFalse/final_summary.json
raw,promoter_no_tata,0.5,1.0,0.0,4.0,0.0001,16,42,0.7449898457988623,0.7263211224254434,0.6677775608301759,0.8629385195812742,41,111,True,/tmp/galaxy_srv_disk00/pengchx3/carbon_distillation/original/promoter_no_tata/20260627_094821/309b4d00-e917-4965-898e-c1b93f637cf5/distill_methodvanilla_dkd_alpha1.0_dkd_beta8.0_kl_methodkl_mse_normalizeFalse_temperature4.0_weight_ce0.5_weight_kl1.0_weight_mse0.0_zscoreFalse/final_summary.json
raw,promoter_no_tata,0.5,1.0,1.0,0.5,0.0001,16,42,0.7455635766810289,0.7362149656802213,0.6883392487741705,0.8680701247354969,27,97,True,/tmp/galaxy_srv_disk00/pengchx3/carbon_distillation/original/promoter_no_tata/20260627_100833/0dd499c9-d853-4cdf-8de9-8c2bedeca133/distill_methodvanilla_dkd_alpha1.0_dkd_beta8.0_kl_methodkl_mse_normalizeFalse_temperature0.5_weight_ce0.5_weight_kl1.0_weight_mse1.0_zscoreFalse/final_summary.json
raw,promoter_no_tata,0.5,1.0,1.0,1.0,0.0001,16,42,0.7461680931615551,0.7244441159319563,0.6649039075507909,0.8605114381876899,24,94,True,/tmp/galaxy_srv_disk00/pengchx3/carbon_distillation/original/promoter_no_tata/20260627_102845/5fb6ab8a-b2f1-40fb-800c-b802a96e5fac/distill_methodvanilla_dkd_alpha1.0_dkd_beta8.0_kl_methodkl_mse_normalizeFalse_temperature1.0_weight_ce0.5_weight_kl1.0_weight_mse1.0_zscoreFalse/final_summary.json
raw,promoter_no_tata,0.5,1.0,1.0,2.0,0.0001,16,42,0.7496824578631499,0.7194335780882595,0.6651302096743572,0.858381201488932,24,94,True,/tmp/galaxy_srv_disk00/pengchx3/carbon_distillation/original/promoter_no_tata/20260627_104701/182009a7-5df4-4717-8463-dd3f29b1974b/distill_methodvanilla_dkd_alpha1.0_dkd_beta8.0_kl_methodkl_mse_normalizeFalse_temperature2.0_weight_ce0.5_weight_kl1.0_weight_mse1.0_zscoreFalse/final_summary.json
raw,promoter_no_tata,0.5,1.0,0.0,1.5,0.0001,16,42,0.7511175815144407,0.7170252166253039,0.6816457855565803,0.8577446837698457,41,111,True,/tmp/galaxy_srv_disk00/pengchx3/carbon_distillation/original/promoter_no_tata/20260627_113108/9256ea38-5258-44e9-8d69-d00ec5a84374/distill_methodvanilla_dkd_alpha1.0_dkd_beta8.0_kl_methodkl_mse_normalizeFalse_temperature1.5_weight_ce0.5_weight_kl1.0_weight_mse0.0_zscoreFalse/final_summary.json
raw,promoter_no_tata,0.5,1.0,1.0,1.5,0.0001,16,42,0.748406825817218,0.7266426950113657,0.6795784008741557,0.8629082150047516,27,97,True,/tmp/galaxy_srv_disk00/pengchx3/carbon_distillation/original/promoter_no_tata/20260627_120614/124d667f-2fd9-4ea2-b32c-44f5e149d3db/distill_methodvanilla_dkd_alpha1.0_dkd_beta8.0_kl_methodkl_mse_normalizeFalse_temperature1.5_weight_ce0.5_weight_kl1.0_weight_mse1.0_zscoreFalse/final_summary.json
raw,promoter_no_tata,0.5,1.0,1.0,4.0,0.0001,16,42,0.7467804817126251,0.7315037927854219,0.6562026093005974,0.8650513088938429,27,97,True,/tmp/galaxy_srv_disk00/pengchx3/carbon_distillation/original/promoter_no_tata/20260627_123041/bfb23af8-dee1-47d7-ad02-9e628f3e7805/distill_methodvanilla_dkd_alpha1.0_dkd_beta8.0_kl_methodkl_mse_normalizeFalse_temperature4.0_weight_ce0.5_weight_kl1.0_weight_mse1.0_zscoreFalse/final_summary.json
raw,enhancers,0.5,0.5,0.2,2.0,0.0001,16,0,0.5150623327910953,0.49749057204339847,0.4731813227488951,0.7320402482530521,42,200,False,/tmp/galaxy_srv_disk00/pengchx3/carbon_distillation/original/enhancers/20260624_201322/c2f9a14a-4f9d-413b-a3d9-e4743e2c5248/distill_methodvanilla_dkd_alpha1.0_dkd_beta8.0_kl_methodkl_mse_normalizeFalse_temperature2.0_weight_ce0.5_weight_kl0.5_weight_mse0.2_zscoreFalse/final_summary.json
raw,enhancers,0.5,0.0,0.0,0.5,0.0001,16,42,0.5078691695729696,0.49912800025926957,0.38028942192050963,0.7279936013409474,39,109,True,/tmp/galaxy_srv_disk00/pengchx3/carbon_distillation/original/enhancers/20260627_110519/bd957d9e-45d2-47f6-bdf1-3ef02b3c36eb/distill_methodvanilla_dkd_alpha1.0_dkd_beta8.0_kl_methodkl_mse_normalizeFalse_temperature0.5_weight_ce0.5_weight_kl0.0_weight_mse0.0_zscoreFalse/final_summary.json
raw,enhancers,0.5,0.0,1.0,0.5,0.0001,16,42,0.5047357989295056,0.49474293300388056,0.31818307004353186,0.7297534668391044,20,90,True,/tmp/galaxy_srv_disk00/pengchx3/carbon_distillation/original/enhancers/20260627_112130/d80afbfa-848a-4589-a51d-f72ea28e118e/distill_methodvanilla_dkd_alpha1.0_dkd_beta8.0_kl_methodkl_mse_normalizeFalse_temperature0.5_weight_ce0.5_weight_kl0.0_weight_mse1.0_zscoreFalse/final_summary.json
raw,enhancers,0.5,0.25,0.0,1.0,0.0001,16,42,0.5254025357592912,0.50270050682788,0.4433564930500737,0.7268440749686995,42,112,True,/tmp/galaxy_srv_disk00/pengchx3/carbon_distillation/original/enhancers/20260627_113747/a2a17876-aa7d-4444-ad75-c414187e1251/distill_methodvanilla_dkd_alpha1.0_dkd_beta8.0_kl_methodkl_mse_normalizeFalse_temperature1.0_weight_ce0.5_weight_kl0.25_weight_mse0.0_zscoreFalse/final_summary.json
raw,enhancers,0.5,0.25,0.0,1.5,0.0001,16,42,0.5218833306737213,0.504397786902078,0.44772662541622193,0.7274709302325582,37,107,True,/tmp/galaxy_srv_disk00/pengchx3/carbon_distillation/original/enhancers/20260627_115848/48780f0b-3bd0-4745-b69b-9a464fbef19b/distill_methodvanilla_dkd_alpha1.0_dkd_beta8.0_kl_methodkl_mse_normalizeFalse_temperature1.5_weight_ce0.5_weight_kl0.25_weight_mse0.0_zscoreFalse/final_summary.json
raw,enhancers,0.5,0.25,0.0,4.0,0.0001,16,42,0.5193939624752104,0.49787012273275416,0.43469118783679256,0.7287012385692788,48,118,True,/tmp/galaxy_srv_disk00/pengchx3/carbon_distillation/original/enhancers/20260627_121907/d9be23c9-0189-4715-9f76-ccfda0fd0474/distill_methodvanilla_dkd_alpha1.0_dkd_beta8.0_kl_methodkl_mse_normalizeFalse_temperature4.0_weight_ce0.5_weight_kl0.25_weight_mse0.0_zscoreFalse/final_summary.json
raw,enhancers,0.5,0.25,1.0,0.5,0.0001,16,42,0.5078061762204493,0.5030227937817544,0.4331717554525433,0.7347434992164514,29,99,True,/tmp/galaxy_srv_disk00/pengchx3/carbon_distillation/original/enhancers/20260627_124041/c34d61ed-4f15-4ca7-8a67-6445ac36079a/distill_methodvanilla_dkd_alpha1.0_dkd_beta8.0_kl_methodkl_mse_normalizeFalse_temperature0.5_weight_ce0.5_weight_kl0.25_weight_mse1.0_zscoreFalse/final_summary.json
raw,enhancers,0.5,0.25,1.0,1.0,0.0001,16,42,0.5193211039429695,0.5086029356718189,0.45133484147975184,0.7314021487828097,37,107,True,/tmp/galaxy_srv_disk00/pengchx3/carbon_distillation/original/enhancers/20260627_130111/018f8513-c169-4db3-979d-79792602e66e/distill_methodvanilla_dkd_alpha1.0_dkd_beta8.0_kl_methodkl_mse_normalizeFalse_temperature1.0_weight_ce0.5_weight_kl0.25_weight_mse1.0_zscoreFalse/final_summary.json
raw,enhancers,0.5,0.25,1.0,2.0,0.0001,16,42,0.5158042343124908,0.505951006926674,0.4482686593994962,0.7383564107174969,45,115,True,/tmp/galaxy_srv_disk00/pengchx3/carbon_distillation/original/enhancers/20260627_132110/5476003e-dca8-4fff-a632-6b510af6e282/distill_methodvanilla_dkd_alpha1.0_dkd_beta8.0_kl_methodkl_mse_normalizeFalse_temperature2.0_weight_ce0.5_weight_kl0.25_weight_mse1.0_zscoreFalse/final_summary.json
raw,enhancers,0.5,0.25,1.0,4.0,0.0001,16,42,0.5193494653069562,0.5068082236633604,0.4355893766049983,0.7331334641254401,50,120,True,/tmp/galaxy_srv_disk00/pengchx3/carbon_distillation/original/enhancers/20260627_134341/fb146090-d810-4838-8178-b57a1546b338/distill_methodvanilla_dkd_alpha1.0_dkd_beta8.0_kl_methodkl_mse_normalizeFalse_temperature4.0_weight_ce0.5_weight_kl0.25_weight_mse1.0_zscoreFalse/final_summary.json
raw,enhancers,0.5,0.5,0.0,0.5,0.0001,16,42,0.5199117579581661,0.4998773160896676,0.40725858674748905,0.7259577888753841,48,118,True,/tmp/galaxy_srv_disk00/pengchx3/carbon_distillation/original/enhancers/20260627_140741/307cf160-06e6-4b65-81f6-5ab3e7c4fba1/distill_methodvanilla_dkd_alpha1.0_dkd_beta8.0_kl_methodkl_mse_normalizeFalse_temperature0.5_weight_ce0.5_weight_kl0.5_weight_mse0.0_zscoreFalse/final_summary.json
raw,enhancers,0.5,0.5,0.0,1.0,0.0001,16,42,0.5214049024002205,0.5031359333787729,0.4568088076653021,0.7328705044910371,48,118,True,/tmp/galaxy_srv_disk00/pengchx3/carbon_distillation/original/enhancers/20260627_142741/086bd1af-51d7-46da-94b0-0bc15437272a/distill_methodvanilla_dkd_alpha1.0_dkd_beta8.0_kl_methodkl_mse_normalizeFalse_temperature1.0_weight_ce0.5_weight_kl0.5_weight_mse0.0_zscoreFalse/final_summary.json
raw,enhancers,0.5,0.25,0.0,0.5,0.0001,16,42,0.511976746632301,0.4882830257198571,0.4331341439264224,0.7262815397932167,48,118,True,/tmp/galaxy_srv_disk00/pengchx3/carbon_distillation/original/enhancers/20260627_143351/93071093-a250-40c1-9b76-9b7612ac0f4e/distill_methodvanilla_dkd_alpha1.0_dkd_beta8.0_kl_methodkl_mse_normalizeFalse_temperature0.5_weight_ce0.5_weight_kl0.25_weight_mse0.0_zscoreFalse/final_summary.json
raw,enhancers,0.5,0.25,0.0,2.0,0.0001,16,42,0.5243232500752854,0.49739661525195566,0.4468589286620752,0.7264316319797457,42,112,True,/tmp/galaxy_srv_disk00/pengchx3/carbon_distillation/original/enhancers/20260627_144315/ebe0781c-195a-48aa-b750-f3b7a684fb9c/distill_methodvanilla_dkd_alpha1.0_dkd_beta8.0_kl_methodkl_mse_normalizeFalse_temperature2.0_weight_ce0.5_weight_kl0.25_weight_mse0.0_zscoreFalse/final_summary.json
raw,enhancers,0.5,0.5,0.0,1.5,0.0001,16,42,0.5136656863786088,0.5063041208386481,0.4562894714575579,0.7410123435086706,52,122,True,/tmp/galaxy_srv_disk00/pengchx3/carbon_distillation/original/enhancers/20260627_144811/abc3f937-c46d-4f2c-8940-cf8ceaca324f/distill_methodvanilla_dkd_alpha1.0_dkd_beta8.0_kl_methodkl_mse_normalizeFalse_temperature1.5_weight_ce0.5_weight_kl0.5_weight_mse0.0_zscoreFalse/final_summary.json
raw,enhancers,0.5,0.5,0.0,2.0,0.0001,16,42,0.5126584063315863,0.506395549646432,0.42697165912001894,0.7313398060099048,42,112,True,/tmp/galaxy_srv_disk00/pengchx3/carbon_distillation/original/enhancers/20260627_151042/bff85031-57c7-473f-8dcf-cf439c366eaa/distill_methodvanilla_dkd_alpha1.0_dkd_beta8.0_kl_methodkl_mse_normalizeFalse_temperature2.0_weight_ce0.5_weight_kl0.5_weight_mse0.0_zscoreFalse/final_summary.json
raw,enhancers,0.5,0.25,1.0,1.5,0.0001,16,42,0.5196299842610832,0.5112973724485632,0.4459467418804747,0.73742516955702,37,107,True,/tmp/galaxy_srv_disk00/pengchx3/carbon_distillation/original/enhancers/20260627_153043/70996802-4689-4880-9b81-756856a67b25/distill_methodvanilla_dkd_alpha1.0_dkd_beta8.0_kl_methodkl_mse_normalizeFalse_temperature1.5_weight_ce0.5_weight_kl0.25_weight_mse1.0_zscoreFalse/final_summary.json
raw,enhancers_types,0.5,0.5,0.2,2.0,0.0001,16,0,0.4830790255799073,0.4688330833399039,0.3737714764668086,0.5093077506681388,43,200,False,/tmp/galaxy_srv_disk00/pengchx3/carbon_distillation/original/enhancers_types/20260624_201437/52630e7a-6828-45fc-83e8-6d381c705e43/distill_methodvanilla_dkd_alpha1.0_dkd_beta8.0_kl_methodkl_mse_normalizeFalse_temperature2.0_weight_ce0.5_weight_kl0.5_weight_mse0.2_zscoreFalse/final_summary.json
raw,splice_sites_all,0.5,0.5,0.2,2.0,0.0001,16,0,0.8852946393651637,0.8779172345060872,0.8780244327188286,0.9175589708939844,161,200,False,/tmp/galaxy_srv_disk00/pengchx3/carbon_distillation/original/splice_sites_all/20260624_201918/afa425d8-cd6c-49e2-9c34-c2b8dc7e5eaf/distill_methodvanilla_dkd_alpha1.0_dkd_beta8.0_kl_methodkl_mse_normalizeFalse_temperature2.0_weight_ce0.5_weight_kl0.5_weight_mse0.2_zscoreFalse/final_summary.json
