task,config,val_mcc,ckpt,hf_name
H2AFZ,distill_methodvanilla_dkd_alpha1.0_dkd_beta8.0_kl_methodkl_mse_normalizeFalse_temperature4.0_weight_ce0.5_weight_kl0.25_weight_mse2.0_zscoreFalse,0.5213,/tmp/galaxy_srv_disk00/pengchx3/carbon_distillation/box_stage3/carbon_distillation/original/H2AFZ/20260629_053623/29728420-eba7-4044-9c9c-50d17c8011eb/distill_methodvanilla_dkd_alpha1.0_dkd_beta8.0_kl_methodkl_mse_normalizeFalse_temperature4.0_weight_ce0.5_weight_kl0.25_weight_mse2.0_zscoreFalse/best_model/student.pt,carbon__H2AFZ__distill_methodvanilla_dkd_alpha1.0_dkd_beta8.0_kl_methodkl_mse_normalizeFalse_temperature4.0_weight_ce0.5_weight_kl0.25_weight_mse2.0_zscoreFalse__val0.5213.pt
H2AFZ,distill_methodvanilla_dkd_alpha1.0_dkd_beta8.0_kl_methodkl_mse_normalizeFalse_temperature0.5_weight_ce0.5_weight_kl0.0_weight_mse5.0_zscoreFalse,0.4950,/tmp/galaxy_srv_disk00/pengchx3/carbon_distillation/box_stage3/carbon_distillation/original/H2AFZ/20260629_053623/5bae8535-3b7b-4be3-8694-7b02b1073e55/distill_methodvanilla_dkd_alpha1.0_dkd_beta8.0_kl_methodkl_mse_normalizeFalse_temperature0.5_weight_ce0.5_weight_kl0.0_weight_mse5.0_zscoreFalse/best_model/student.pt,carbon__H2AFZ__distill_methodvanilla_dkd_alpha1.0_dkd_beta8.0_kl_methodkl_mse_normalizeFalse_temperature0.5_weight_ce0.5_weight_kl0.0_weight_mse5.0_zscoreFalse__val0.4950.pt
H2AFZ,distill_methodvanilla_dkd_alpha1.0_dkd_beta8.0_kl_methodkl_mse_normalizeFalse_temperature1.5_weight_ce0.5_weight_kl0.25_weight_mse2.0_zscoreFalse,0.5170,/tmp/galaxy_srv_disk00/pengchx3/carbon_distillation/box_stage3/carbon_distillation/original/H2AFZ/20260629_053623/630fb351-4a0b-4418-8f29-991a89e2bf24/distill_methodvanilla_dkd_alpha1.0_dkd_beta8.0_kl_methodkl_mse_normalizeFalse_temperature1.5_weight_ce0.5_weight_kl0.25_weight_mse2.0_zscoreFalse/best_model/student.pt,carbon__H2AFZ__distill_methodvanilla_dkd_alpha1.0_dkd_beta8.0_kl_methodkl_mse_normalizeFalse_temperature1.5_weight_ce0.5_weight_kl0.25_weight_mse2.0_zscoreFalse__val0.5170.pt
H2AFZ,distill_methodvanilla_dkd_alpha1.0_dkd_beta8.0_kl_methodkl_mse_normalizeFalse_temperature0.5_weight_ce0.5_weight_kl0.25_weight_mse2.0_zscoreFalse,0.5163,/tmp/galaxy_srv_disk00/pengchx3/carbon_distillation/box_stage3/carbon_distillation/original/H2AFZ/20260629_053623/746c4905-3ef8-4448-b72f-342076c46df5/distill_methodvanilla_dkd_alpha1.0_dkd_beta8.0_kl_methodkl_mse_normalizeFalse_temperature0.5_weight_ce0.5_weight_kl0.25_weight_mse2.0_zscoreFalse/best_model/student.pt,carbon__H2AFZ__distill_methodvanilla_dkd_alpha1.0_dkd_beta8.0_kl_methodkl_mse_normalizeFalse_temperature0.5_weight_ce0.5_weight_kl0.25_weight_mse2.0_zscoreFalse__val0.5163.pt
H2AFZ,distill_methodvanilla_dkd_alpha1.0_dkd_beta8.0_kl_methodkl_mse_normalizeFalse_temperature1.0_weight_ce0.5_weight_kl0.25_weight_mse2.0_zscoreFalse,0.5148,/tmp/galaxy_srv_disk00/pengchx3/carbon_distillation/box_stage3/carbon_distillation/original/H2AFZ/20260629_053623/a7518759-c21b-4608-8c4f-5b969d702ed1/distill_methodvanilla_dkd_alpha1.0_dkd_beta8.0_kl_methodkl_mse_normalizeFalse_temperature1.0_weight_ce0.5_weight_kl0.25_weight_mse2.0_zscoreFalse/best_model/student.pt,carbon__H2AFZ__distill_methodvanilla_dkd_alpha1.0_dkd_beta8.0_kl_methodkl_mse_normalizeFalse_temperature1.0_weight_ce0.5_weight_kl0.25_weight_mse2.0_zscoreFalse__val0.5148.pt
H2AFZ,distill_methodvanilla_dkd_alpha1.0_dkd_beta8.0_kl_methodkl_mse_normalizeFalse_temperature0.5_weight_ce0.5_weight_kl0.25_weight_mse5.0_zscoreFalse,0.5091,/tmp/galaxy_srv_disk00/pengchx3/carbon_distillation/box_stage3/carbon_distillation/original/H2AFZ/20260629_053623/c852c842-3bad-4200-b950-6588abb08584/distill_methodvanilla_dkd_alpha1.0_dkd_beta8.0_kl_methodkl_mse_normalizeFalse_temperature0.5_weight_ce0.5_weight_kl0.25_weight_mse5.0_zscoreFalse/best_model/student.pt,carbon__H2AFZ__distill_methodvanilla_dkd_alpha1.0_dkd_beta8.0_kl_methodkl_mse_normalizeFalse_temperature0.5_weight_ce0.5_weight_kl0.25_weight_mse5.0_zscoreFalse__val0.5091.pt
H2AFZ,distill_methodvanilla_dkd_alpha1.0_dkd_beta8.0_kl_methodkl_mse_normalizeFalse_temperature0.5_weight_ce0.5_weight_kl0.0_weight_mse2.0_zscoreFalse,0.4829,/tmp/galaxy_srv_disk00/pengchx3/carbon_distillation/box_stage3/carbon_distillation/original/H2AFZ/20260629_053623/ca53c178-0e71-4e54-bbe1-7662dee3b7ed/distill_methodvanilla_dkd_alpha1.0_dkd_beta8.0_kl_methodkl_mse_normalizeFalse_temperature0.5_weight_ce0.5_weight_kl0.0_weight_mse2.0_zscoreFalse/best_model/student.pt,carbon__H2AFZ__distill_methodvanilla_dkd_alpha1.0_dkd_beta8.0_kl_methodkl_mse_normalizeFalse_temperature0.5_weight_ce0.5_weight_kl0.0_weight_mse2.0_zscoreFalse__val0.4829.pt
H2AFZ,distill_methodvanilla_dkd_alpha1.0_dkd_beta8.0_kl_methodkl_mse_normalizeFalse_temperature2.0_weight_ce0.5_weight_kl0.25_weight_mse2.0_zscoreFalse,0.5244,/tmp/galaxy_srv_disk00/pengchx3/carbon_distillation/box_stage3/carbon_distillation/original/H2AFZ/20260629_053623/e8f03e87-fbc8-4c57-94a7-729ceb1bbf78/distill_methodvanilla_dkd_alpha1.0_dkd_beta8.0_kl_methodkl_mse_normalizeFalse_temperature2.0_weight_ce0.5_weight_kl0.25_weight_mse2.0_zscoreFalse/best_model/student.pt,carbon__H2AFZ__distill_methodvanilla_dkd_alpha1.0_dkd_beta8.0_kl_methodkl_mse_normalizeFalse_temperature2.0_weight_ce0.5_weight_kl0.25_weight_mse2.0_zscoreFalse__val0.5244.pt
H2AFZ,distill_methodvanilla_dkd_alpha1.0_dkd_beta8.0_kl_methodkl_mse_normalizeFalse_temperature1.0_weight_ce0.5_weight_kl0.25_weight_mse5.0_zscoreFalse,0.5109,/tmp/galaxy_srv_disk00/pengchx3/carbon_distillation/box_stage3/carbon_distillation/original/H2AFZ/20260629_061945/85322cc3-1bc3-4fc4-9523-d59eaf80298a/distill_methodvanilla_dkd_alpha1.0_dkd_beta8.0_kl_methodkl_mse_normalizeFalse_temperature1.0_weight_ce0.5_weight_kl0.25_weight_mse5.0_zscoreFalse/best_model/student.pt,carbon__H2AFZ__distill_methodvanilla_dkd_alpha1.0_dkd_beta8.0_kl_methodkl_mse_normalizeFalse_temperature1.0_weight_ce0.5_weight_kl0.25_weight_mse5.0_zscoreFalse__val0.5109.pt
H2AFZ,distill_methodvanilla_dkd_alpha1.0_dkd_beta8.0_kl_methodkl_mse_normalizeFalse_temperature2.0_weight_ce0.5_weight_kl0.25_weight_mse5.0_zscoreFalse,0.5138,/tmp/galaxy_srv_disk00/pengchx3/carbon_distillation/box_stage3/carbon_distillation/original/H2AFZ/20260629_062044/100199d8-0849-417b-8902-590d25ea6e91/distill_methodvanilla_dkd_alpha1.0_dkd_beta8.0_kl_methodkl_mse_normalizeFalse_temperature2.0_weight_ce0.5_weight_kl0.25_weight_mse5.0_zscoreFalse/best_model/student.pt,carbon__H2AFZ__distill_methodvanilla_dkd_alpha1.0_dkd_beta8.0_kl_methodkl_mse_normalizeFalse_temperature2.0_weight_ce0.5_weight_kl0.25_weight_mse5.0_zscoreFalse__val0.5138.pt
H2AFZ,distill_methodvanilla_dkd_alpha1.0_dkd_beta8.0_kl_methodkl_mse_normalizeFalse_temperature1.5_weight_ce0.5_weight_kl0.25_weight_mse5.0_zscoreFalse,0.5170,/tmp/galaxy_srv_disk00/pengchx3/carbon_distillation/box_stage3/carbon_distillation/original/H2AFZ/20260629_062044/2bdafdd3-2766-462a-9317-e7674bcf2510/distill_methodvanilla_dkd_alpha1.0_dkd_beta8.0_kl_methodkl_mse_normalizeFalse_temperature1.5_weight_ce0.5_weight_kl0.25_weight_mse5.0_zscoreFalse/best_model/student.pt,carbon__H2AFZ__distill_methodvanilla_dkd_alpha1.0_dkd_beta8.0_kl_methodkl_mse_normalizeFalse_temperature1.5_weight_ce0.5_weight_kl0.25_weight_mse5.0_zscoreFalse__val0.5170.pt
H2AFZ,distill_methodvanilla_dkd_alpha1.0_dkd_beta8.0_kl_methodkl_mse_normalizeFalse_temperature4.0_weight_ce0.5_weight_kl0.25_weight_mse5.0_zscoreFalse,0.5205,/tmp/galaxy_srv_disk00/pengchx3/carbon_distillation/box_stage3/carbon_distillation/original/H2AFZ/20260629_062132/6f96cda2-9601-4f0b-8b48-60ff95234c92/distill_methodvanilla_dkd_alpha1.0_dkd_beta8.0_kl_methodkl_mse_normalizeFalse_temperature4.0_weight_ce0.5_weight_kl0.25_weight_mse5.0_zscoreFalse/best_model/student.pt,carbon__H2AFZ__distill_methodvanilla_dkd_alpha1.0_dkd_beta8.0_kl_methodkl_mse_normalizeFalse_temperature4.0_weight_ce0.5_weight_kl0.25_weight_mse5.0_zscoreFalse__val0.5205.pt
H2AFZ,distill_methodvanilla_dkd_alpha1.0_dkd_beta8.0_kl_methodkl_mse_normalizeFalse_temperature0.5_weight_ce0.5_weight_kl0.5_weight_mse2.0_zscoreFalse,0.5125,/tmp/galaxy_srv_disk00/pengchx3/carbon_distillation/box_stage3/carbon_distillation/original/H2AFZ/20260629_062133/6b7fa3cb-73f4-49d8-98d6-822605824e8b/distill_methodvanilla_dkd_alpha1.0_dkd_beta8.0_kl_methodkl_mse_normalizeFalse_temperature0.5_weight_ce0.5_weight_kl0.5_weight_mse2.0_zscoreFalse/best_model/student.pt,carbon__H2AFZ__distill_methodvanilla_dkd_alpha1.0_dkd_beta8.0_kl_methodkl_mse_normalizeFalse_temperature0.5_weight_ce0.5_weight_kl0.5_weight_mse2.0_zscoreFalse__val0.5125.pt
H2AFZ,distill_methodvanilla_dkd_alpha1.0_dkd_beta8.0_kl_methodkl_mse_normalizeFalse_temperature1.0_weight_ce0.5_weight_kl0.5_weight_mse2.0_zscoreFalse,0.5240,/tmp/galaxy_srv_disk00/pengchx3/carbon_distillation/box_stage3/carbon_distillation/original/H2AFZ/20260629_062135/5efe4208-7fee-463b-912b-a13e6fe58071/distill_methodvanilla_dkd_alpha1.0_dkd_beta8.0_kl_methodkl_mse_normalizeFalse_temperature1.0_weight_ce0.5_weight_kl0.5_weight_mse2.0_zscoreFalse/best_model/student.pt,carbon__H2AFZ__distill_methodvanilla_dkd_alpha1.0_dkd_beta8.0_kl_methodkl_mse_normalizeFalse_temperature1.0_weight_ce0.5_weight_kl0.5_weight_mse2.0_zscoreFalse__val0.5240.pt
H2AFZ,distill_methodvanilla_dkd_alpha1.0_dkd_beta8.0_kl_methodkl_mse_normalizeFalse_temperature1.5_weight_ce0.5_weight_kl0.5_weight_mse2.0_zscoreFalse,0.5215,/tmp/galaxy_srv_disk00/pengchx3/carbon_distillation/box_stage3/carbon_distillation/original/H2AFZ/20260629_062137/cac242f6-5d89-4f48-b65e-65936b1dfa41/distill_methodvanilla_dkd_alpha1.0_dkd_beta8.0_kl_methodkl_mse_normalizeFalse_temperature1.5_weight_ce0.5_weight_kl0.5_weight_mse2.0_zscoreFalse/best_model/student.pt,carbon__H2AFZ__distill_methodvanilla_dkd_alpha1.0_dkd_beta8.0_kl_methodkl_mse_normalizeFalse_temperature1.5_weight_ce0.5_weight_kl0.5_weight_mse2.0_zscoreFalse__val0.5215.pt
H2AFZ,distill_methodvanilla_dkd_alpha1.0_dkd_beta8.0_kl_methodkl_mse_normalizeFalse_temperature2.0_weight_ce0.5_weight_kl0.5_weight_mse2.0_zscoreFalse,0.5251,/tmp/galaxy_srv_disk00/pengchx3/carbon_distillation/box_stage3/carbon_distillation/original/H2AFZ/20260629_062139/9e470e86-e84f-4d13-86c1-c9ca2e0f904f/distill_methodvanilla_dkd_alpha1.0_dkd_beta8.0_kl_methodkl_mse_normalizeFalse_temperature2.0_weight_ce0.5_weight_kl0.5_weight_mse2.0_zscoreFalse/best_model/student.pt,carbon__H2AFZ__distill_methodvanilla_dkd_alpha1.0_dkd_beta8.0_kl_methodkl_mse_normalizeFalse_temperature2.0_weight_ce0.5_weight_kl0.5_weight_mse2.0_zscoreFalse__val0.5251.pt
H2AFZ,distill_methodvanilla_dkd_alpha1.0_dkd_beta8.0_kl_methodkl_mse_normalizeFalse_temperature4.0_weight_ce0.5_weight_kl0.5_weight_mse2.0_zscoreFalse,0.4711,/tmp/galaxy_srv_disk00/pengchx3/carbon_distillation/box_stage3/carbon_distillation/original/H2AFZ/20260629_070148/3c9d58b2-55b3-4520-97b8-19b1a336e033/distill_methodvanilla_dkd_alpha1.0_dkd_beta8.0_kl_methodkl_mse_normalizeFalse_temperature4.0_weight_ce0.5_weight_kl0.5_weight_mse2.0_zscoreFalse/best_model/student.pt,carbon__H2AFZ__distill_methodvanilla_dkd_alpha1.0_dkd_beta8.0_kl_methodkl_mse_normalizeFalse_temperature4.0_weight_ce0.5_weight_kl0.5_weight_mse2.0_zscoreFalse__val0.4711.pt
H2AFZ,distill_methodvanilla_dkd_alpha1.0_dkd_beta8.0_kl_methodkl_mse_normalizeFalse_temperature0.5_weight_ce0.5_weight_kl0.5_weight_mse5.0_zscoreFalse,0.3154,/tmp/galaxy_srv_disk00/pengchx3/carbon_distillation/box_stage3/carbon_distillation/original/H2AFZ/20260629_070445/a0b03d8b-c4a3-4962-b783-5bc82d9a8027/distill_methodvanilla_dkd_alpha1.0_dkd_beta8.0_kl_methodkl_mse_normalizeFalse_temperature0.5_weight_ce0.5_weight_kl0.5_weight_mse5.0_zscoreFalse/best_model/student.pt,carbon__H2AFZ__distill_methodvanilla_dkd_alpha1.0_dkd_beta8.0_kl_methodkl_mse_normalizeFalse_temperature0.5_weight_ce0.5_weight_kl0.5_weight_mse5.0_zscoreFalse__val0.3154.pt
H2AFZ,distill_methodvanilla_dkd_alpha1.0_dkd_beta8.0_kl_methodkl_mse_normalizeFalse_temperature4.0_weight_ce0.5_weight_kl0.25_weight_mse5.0_zscoreFalse,0.5205,/tmp/galaxy_srv_disk00/pengchx3/carbon_distillation/box_stage3/carbon_distillation/original/H2AFZ/20260629_070629/a336e5b0-43aa-4380-9869-b95df721b95d/distill_methodvanilla_dkd_alpha1.0_dkd_beta8.0_kl_methodkl_mse_normalizeFalse_temperature4.0_weight_ce0.5_weight_kl0.25_weight_mse5.0_zscoreFalse/best_model/student.pt,carbon__H2AFZ__distill_methodvanilla_dkd_alpha1.0_dkd_beta8.0_kl_methodkl_mse_normalizeFalse_temperature4.0_weight_ce0.5_weight_kl0.25_weight_mse5.0_zscoreFalse__val0.5205.pt
H2AFZ,distill_methodvanilla_dkd_alpha1.0_dkd_beta8.0_kl_methodkl_mse_normalizeFalse_temperature0.5_weight_ce0.5_weight_kl0.5_weight_mse2.0_zscoreFalse,0.5125,/tmp/galaxy_srv_disk00/pengchx3/carbon_distillation/box_stage3/carbon_distillation/original/H2AFZ/20260629_070630/1f5402d6-2279-4d3b-9eab-99ab7a85e161/distill_methodvanilla_dkd_alpha1.0_dkd_beta8.0_kl_methodkl_mse_normalizeFalse_temperature0.5_weight_ce0.5_weight_kl0.5_weight_mse2.0_zscoreFalse/best_model/student.pt,carbon__H2AFZ__distill_methodvanilla_dkd_alpha1.0_dkd_beta8.0_kl_methodkl_mse_normalizeFalse_temperature0.5_weight_ce0.5_weight_kl0.5_weight_mse2.0_zscoreFalse__val0.5125.pt
H2AFZ,distill_methodvanilla_dkd_alpha1.0_dkd_beta8.0_kl_methodkl_mse_normalizeFalse_temperature2.0_weight_ce0.5_weight_kl0.5_weight_mse2.0_zscoreFalse,0.5251,/tmp/galaxy_srv_disk00/pengchx3/carbon_distillation/box_stage3/carbon_distillation/original/H2AFZ/20260629_070631/b8fa453b-a4c1-47dc-8de6-9b6ebe3bd26c/distill_methodvanilla_dkd_alpha1.0_dkd_beta8.0_kl_methodkl_mse_normalizeFalse_temperature2.0_weight_ce0.5_weight_kl0.5_weight_mse2.0_zscoreFalse/best_model/student.pt,carbon__H2AFZ__distill_methodvanilla_dkd_alpha1.0_dkd_beta8.0_kl_methodkl_mse_normalizeFalse_temperature2.0_weight_ce0.5_weight_kl0.5_weight_mse2.0_zscoreFalse__val0.5251.pt
H2AFZ,distill_methodvanilla_dkd_alpha1.0_dkd_beta8.0_kl_methodkl_mse_normalizeFalse_temperature1.0_weight_ce0.5_weight_kl0.5_weight_mse5.0_zscoreFalse,0.5178,/tmp/galaxy_srv_disk00/pengchx3/carbon_distillation/box_stage3/carbon_distillation/original/H2AFZ/20260629_070641/6722c49f-bc3b-4c2c-a8f5-13da80a88f0a/distill_methodvanilla_dkd_alpha1.0_dkd_beta8.0_kl_methodkl_mse_normalizeFalse_temperature1.0_weight_ce0.5_weight_kl0.5_weight_mse5.0_zscoreFalse/best_model/student.pt,carbon__H2AFZ__distill_methodvanilla_dkd_alpha1.0_dkd_beta8.0_kl_methodkl_mse_normalizeFalse_temperature1.0_weight_ce0.5_weight_kl0.5_weight_mse5.0_zscoreFalse__val0.5178.pt
H2AFZ,distill_methodvanilla_dkd_alpha1.0_dkd_beta8.0_kl_methodkl_mse_normalizeFalse_temperature2.0_weight_ce0.5_weight_kl0.5_weight_mse5.0_zscoreFalse,0.5220,/tmp/galaxy_srv_disk00/pengchx3/carbon_distillation/box_stage3/carbon_distillation/original/H2AFZ/20260629_070642/37474637-ed66-4bd0-b1cd-74425185f935/distill_methodvanilla_dkd_alpha1.0_dkd_beta8.0_kl_methodkl_mse_normalizeFalse_temperature2.0_weight_ce0.5_weight_kl0.5_weight_mse5.0_zscoreFalse/best_model/student.pt,carbon__H2AFZ__distill_methodvanilla_dkd_alpha1.0_dkd_beta8.0_kl_methodkl_mse_normalizeFalse_temperature2.0_weight_ce0.5_weight_kl0.5_weight_mse5.0_zscoreFalse__val0.5220.pt
H2AFZ,distill_methodvanilla_dkd_alpha1.0_dkd_beta8.0_kl_methodkl_mse_normalizeFalse_temperature1.5_weight_ce0.5_weight_kl0.5_weight_mse5.0_zscoreFalse,0.5182,/tmp/galaxy_srv_disk00/pengchx3/carbon_distillation/box_stage3/carbon_distillation/original/H2AFZ/20260629_070642/3bd3e296-efe6-4efc-b79a-fd6f48890021/distill_methodvanilla_dkd_alpha1.0_dkd_beta8.0_kl_methodkl_mse_normalizeFalse_temperature1.5_weight_ce0.5_weight_kl0.5_weight_mse5.0_zscoreFalse/best_model/student.pt,carbon__H2AFZ__distill_methodvanilla_dkd_alpha1.0_dkd_beta8.0_kl_methodkl_mse_normalizeFalse_temperature1.5_weight_ce0.5_weight_kl0.5_weight_mse5.0_zscoreFalse__val0.5182.pt
H2AFZ,distill_methodvanilla_dkd_alpha1.0_dkd_beta8.0_kl_methodkl_mse_normalizeFalse_temperature0.5_weight_ce0.5_weight_kl0.5_weight_mse5.0_zscoreFalse,0.5106,/tmp/galaxy_srv_disk00/pengchx3/carbon_distillation/box_stage3/carbon_distillation/original/H2AFZ/20260629_070642/53e64857-6875-47bf-88e4-e119a3126d07/distill_methodvanilla_dkd_alpha1.0_dkd_beta8.0_kl_methodkl_mse_normalizeFalse_temperature0.5_weight_ce0.5_weight_kl0.5_weight_mse5.0_zscoreFalse/best_model/student.pt,carbon__H2AFZ__distill_methodvanilla_dkd_alpha1.0_dkd_beta8.0_kl_methodkl_mse_normalizeFalse_temperature0.5_weight_ce0.5_weight_kl0.5_weight_mse5.0_zscoreFalse__val0.5106.pt
H2AFZ,distill_methodvanilla_dkd_alpha1.0_dkd_beta8.0_kl_methodkl_mse_normalizeFalse_temperature4.0_weight_ce0.5_weight_kl0.5_weight_mse2.0_zscoreFalse,0.5219,/tmp/galaxy_srv_disk00/pengchx3/carbon_distillation/box_stage3/carbon_distillation/original/H2AFZ/20260629_070841/3c0f318f-4a4f-440a-b682-08a8fcfd460d/distill_methodvanilla_dkd_alpha1.0_dkd_beta8.0_kl_methodkl_mse_normalizeFalse_temperature4.0_weight_ce0.5_weight_kl0.5_weight_mse2.0_zscoreFalse/best_model/student.pt,carbon__H2AFZ__distill_methodvanilla_dkd_alpha1.0_dkd_beta8.0_kl_methodkl_mse_normalizeFalse_temperature4.0_weight_ce0.5_weight_kl0.5_weight_mse2.0_zscoreFalse__val0.5219.pt
H2AFZ,distill_methodvanilla_dkd_alpha1.0_dkd_beta8.0_kl_methodkl_mse_normalizeFalse_temperature4.0_weight_ce0.5_weight_kl0.5_weight_mse5.0_zscoreFalse,0.5197,/tmp/galaxy_srv_disk00/pengchx3/carbon_distillation/box_stage3/carbon_distillation/original/H2AFZ/20260629_075032/8ae9bc21-1b95-4369-98e2-3dc07b66dbbf/distill_methodvanilla_dkd_alpha1.0_dkd_beta8.0_kl_methodkl_mse_normalizeFalse_temperature4.0_weight_ce0.5_weight_kl0.5_weight_mse5.0_zscoreFalse/best_model/student.pt,carbon__H2AFZ__distill_methodvanilla_dkd_alpha1.0_dkd_beta8.0_kl_methodkl_mse_normalizeFalse_temperature4.0_weight_ce0.5_weight_kl0.5_weight_mse5.0_zscoreFalse__val0.5197.pt
H2AFZ,distill_methodvanilla_dkd_alpha1.0_dkd_beta8.0_kl_methodkl_mse_normalizeFalse_temperature0.5_weight_ce0.5_weight_kl1.0_weight_mse2.0_zscoreFalse,0.5229,/tmp/galaxy_srv_disk00/pengchx3/carbon_distillation/box_stage3/carbon_distillation/original/H2AFZ/20260629_075122/dca69dfe-502f-4cdc-a158-54e22bf5984f/distill_methodvanilla_dkd_alpha1.0_dkd_beta8.0_kl_methodkl_mse_normalizeFalse_temperature0.5_weight_ce0.5_weight_kl1.0_weight_mse2.0_zscoreFalse/best_model/student.pt,carbon__H2AFZ__distill_methodvanilla_dkd_alpha1.0_dkd_beta8.0_kl_methodkl_mse_normalizeFalse_temperature0.5_weight_ce0.5_weight_kl1.0_weight_mse2.0_zscoreFalse__val0.5229.pt
H2AFZ,distill_methodvanilla_dkd_alpha1.0_dkd_beta8.0_kl_methodkl_mse_normalizeFalse_temperature1.0_weight_ce0.5_weight_kl1.0_weight_mse2.0_zscoreFalse,0.5201,/tmp/galaxy_srv_disk00/pengchx3/carbon_distillation/box_stage3/carbon_distillation/original/H2AFZ/20260629_075135/992d8edf-3731-4a16-a333-d5aa9fc2981d/distill_methodvanilla_dkd_alpha1.0_dkd_beta8.0_kl_methodkl_mse_normalizeFalse_temperature1.0_weight_ce0.5_weight_kl1.0_weight_mse2.0_zscoreFalse/best_model/student.pt,carbon__H2AFZ__distill_methodvanilla_dkd_alpha1.0_dkd_beta8.0_kl_methodkl_mse_normalizeFalse_temperature1.0_weight_ce0.5_weight_kl1.0_weight_mse2.0_zscoreFalse__val0.5201.pt
H2AFZ,distill_methodvanilla_dkd_alpha1.0_dkd_beta8.0_kl_methodkl_mse_normalizeFalse_temperature1.5_weight_ce0.5_weight_kl1.0_weight_mse2.0_zscoreFalse,0.5230,/tmp/galaxy_srv_disk00/pengchx3/carbon_distillation/box_stage3/carbon_distillation/original/H2AFZ/20260629_075145/538f33ff-7eaa-48f9-a61e-b91db6009307/distill_methodvanilla_dkd_alpha1.0_dkd_beta8.0_kl_methodkl_mse_normalizeFalse_temperature1.5_weight_ce0.5_weight_kl1.0_weight_mse2.0_zscoreFalse/best_model/student.pt,carbon__H2AFZ__distill_methodvanilla_dkd_alpha1.0_dkd_beta8.0_kl_methodkl_mse_normalizeFalse_temperature1.5_weight_ce0.5_weight_kl1.0_weight_mse2.0_zscoreFalse__val0.5230.pt
H2AFZ,distill_methodvanilla_dkd_alpha1.0_dkd_beta8.0_kl_methodkl_mse_normalizeFalse_temperature2.0_weight_ce0.5_weight_kl1.0_weight_mse2.0_zscoreFalse,0.5223,/tmp/galaxy_srv_disk00/pengchx3/carbon_distillation/box_stage3/carbon_distillation/original/H2AFZ/20260629_075146/0f12e968-fe10-45fd-aa90-c57be0a92d57/distill_methodvanilla_dkd_alpha1.0_dkd_beta8.0_kl_methodkl_mse_normalizeFalse_temperature2.0_weight_ce0.5_weight_kl1.0_weight_mse2.0_zscoreFalse/best_model/student.pt,carbon__H2AFZ__distill_methodvanilla_dkd_alpha1.0_dkd_beta8.0_kl_methodkl_mse_normalizeFalse_temperature2.0_weight_ce0.5_weight_kl1.0_weight_mse2.0_zscoreFalse__val0.5223.pt
H2AFZ,distill_methodvanilla_dkd_alpha1.0_dkd_beta8.0_kl_methodkl_mse_normalizeFalse_temperature4.0_weight_ce0.5_weight_kl1.0_weight_mse2.0_zscoreFalse,0.5265,/tmp/galaxy_srv_disk00/pengchx3/carbon_distillation/box_stage3/carbon_distillation/original/H2AFZ/20260629_075147/d06bc4fa-fb12-4708-9139-62b862fe201d/distill_methodvanilla_dkd_alpha1.0_dkd_beta8.0_kl_methodkl_mse_normalizeFalse_temperature4.0_weight_ce0.5_weight_kl1.0_weight_mse2.0_zscoreFalse/best_model/student.pt,carbon__H2AFZ__distill_methodvanilla_dkd_alpha1.0_dkd_beta8.0_kl_methodkl_mse_normalizeFalse_temperature4.0_weight_ce0.5_weight_kl1.0_weight_mse2.0_zscoreFalse__val0.5265.pt
H2AFZ,distill_methodvanilla_dkd_alpha1.0_dkd_beta8.0_kl_methodkl_mse_normalizeFalse_temperature0.5_weight_ce0.5_weight_kl1.0_weight_mse5.0_zscoreFalse,0.5152,/tmp/galaxy_srv_disk00/pengchx3/carbon_distillation/box_stage3/carbon_distillation/original/H2AFZ/20260629_075253/e1ace314-dcd5-4e4e-ba66-ac504b96cde1/distill_methodvanilla_dkd_alpha1.0_dkd_beta8.0_kl_methodkl_mse_normalizeFalse_temperature0.5_weight_ce0.5_weight_kl1.0_weight_mse5.0_zscoreFalse/best_model/student.pt,carbon__H2AFZ__distill_methodvanilla_dkd_alpha1.0_dkd_beta8.0_kl_methodkl_mse_normalizeFalse_temperature0.5_weight_ce0.5_weight_kl1.0_weight_mse5.0_zscoreFalse__val0.5152.pt
H2AFZ,distill_methodvanilla_dkd_alpha1.0_dkd_beta8.0_kl_methodkl_mse_normalizeFalse_temperature1.0_weight_ce0.5_weight_kl1.0_weight_mse5.0_zscoreFalse,0.5170,/tmp/galaxy_srv_disk00/pengchx3/carbon_distillation/box_stage3/carbon_distillation/original/H2AFZ/20260629_075734/7be8d342-e572-4e66-969c-f68f3fb54060/distill_methodvanilla_dkd_alpha1.0_dkd_beta8.0_kl_methodkl_mse_normalizeFalse_temperature1.0_weight_ce0.5_weight_kl1.0_weight_mse5.0_zscoreFalse/best_model/student.pt,carbon__H2AFZ__distill_methodvanilla_dkd_alpha1.0_dkd_beta8.0_kl_methodkl_mse_normalizeFalse_temperature1.0_weight_ce0.5_weight_kl1.0_weight_mse5.0_zscoreFalse__val0.5170.pt
H2AFZ,distill_methodvanilla_dkd_alpha1.0_dkd_beta8.0_kl_methodkl_mse_normalizeFalse_temperature1.5_weight_ce0.5_weight_kl1.0_weight_mse5.0_zscoreFalse,0.5184,/tmp/galaxy_srv_disk00/pengchx3/carbon_distillation/box_stage3/carbon_distillation/original/H2AFZ/20260629_083428/520a426b-8f7d-4e59-a026-da8196182042/distill_methodvanilla_dkd_alpha1.0_dkd_beta8.0_kl_methodkl_mse_normalizeFalse_temperature1.5_weight_ce0.5_weight_kl1.0_weight_mse5.0_zscoreFalse/best_model/student.pt,carbon__H2AFZ__distill_methodvanilla_dkd_alpha1.0_dkd_beta8.0_kl_methodkl_mse_normalizeFalse_temperature1.5_weight_ce0.5_weight_kl1.0_weight_mse5.0_zscoreFalse__val0.5184.pt
H2AFZ,distill_methodvanilla_dkd_alpha1.0_dkd_beta8.0_kl_methodkl_mse_normalizeFalse_temperature2.0_weight_ce0.5_weight_kl1.0_weight_mse5.0_zscoreFalse,0.5155,/tmp/galaxy_srv_disk00/pengchx3/carbon_distillation/box_stage3/carbon_distillation/original/H2AFZ/20260629_083519/c86355ee-54fc-4cf1-a5d5-0922027ee2a2/distill_methodvanilla_dkd_alpha1.0_dkd_beta8.0_kl_methodkl_mse_normalizeFalse_temperature2.0_weight_ce0.5_weight_kl1.0_weight_mse5.0_zscoreFalse/best_model/student.pt,carbon__H2AFZ__distill_methodvanilla_dkd_alpha1.0_dkd_beta8.0_kl_methodkl_mse_normalizeFalse_temperature2.0_weight_ce0.5_weight_kl1.0_weight_mse5.0_zscoreFalse__val0.5155.pt
H2AFZ,distill_methodvanilla_dkd_alpha1.0_dkd_beta8.0_kl_methodkl_mse_normalizeFalse_temperature4.0_weight_ce0.5_weight_kl1.0_weight_mse5.0_zscoreFalse,0.5189,/tmp/galaxy_srv_disk00/pengchx3/carbon_distillation/box_stage3/carbon_distillation/original/H2AFZ/20260629_083806/08e6945a-93c9-47b9-9090-1b12d45fd4d7/distill_methodvanilla_dkd_alpha1.0_dkd_beta8.0_kl_methodkl_mse_normalizeFalse_temperature4.0_weight_ce0.5_weight_kl1.0_weight_mse5.0_zscoreFalse/best_model/student.pt,carbon__H2AFZ__distill_methodvanilla_dkd_alpha1.0_dkd_beta8.0_kl_methodkl_mse_normalizeFalse_temperature4.0_weight_ce0.5_weight_kl1.0_weight_mse5.0_zscoreFalse__val0.5189.pt
H3K27ac,distill_methodvanilla_dkd_alpha1.0_dkd_beta8.0_kl_methodkl_mse_normalizeFalse_temperature1.0_weight_ce0.5_weight_kl0.25_weight_mse0.0_zscoreFalse,0.4332,/tmp/galaxy_srv_disk00/pengchx3/carbon_distillation/box_stage3/carbon_distillation/original/H3K27ac/20260628_011118/44a37472-e7c4-4a1e-ab2d-9bd1754aa7bf/distill_methodvanilla_dkd_alpha1.0_dkd_beta8.0_kl_methodkl_mse_normalizeFalse_temperature1.0_weight_ce0.5_weight_kl0.25_weight_mse0.0_zscoreFalse/best_model/student.pt,carbon__H3K27ac__distill_methodvanilla_dkd_alpha1.0_dkd_beta8.0_kl_methodkl_mse_normalizeFalse_temperature1.0_weight_ce0.5_weight_kl0.25_weight_mse0.0_zscoreFalse__val0.4332.pt
H3K27ac,distill_methodvanilla_dkd_alpha1.0_dkd_beta8.0_kl_methodkl_mse_normalizeFalse_temperature0.5_weight_ce0.5_weight_kl0.25_weight_mse0.0_zscoreFalse,0.4348,/tmp/galaxy_srv_disk00/pengchx3/carbon_distillation/box_stage3/carbon_distillation/original/H3K27ac/20260628_011123/15ca2f35-550d-40f7-aff6-71d876d61726/distill_methodvanilla_dkd_alpha1.0_dkd_beta8.0_kl_methodkl_mse_normalizeFalse_temperature0.5_weight_ce0.5_weight_kl0.25_weight_mse0.0_zscoreFalse/best_model/student.pt,carbon__H3K27ac__distill_methodvanilla_dkd_alpha1.0_dkd_beta8.0_kl_methodkl_mse_normalizeFalse_temperature0.5_weight_ce0.5_weight_kl0.25_weight_mse0.0_zscoreFalse__val0.4348.pt
H3K27ac,distill_methodvanilla_dkd_alpha1.0_dkd_beta8.0_kl_methodkl_mse_normalizeFalse_temperature0.5_weight_ce0.5_weight_kl0.0_weight_mse0.0_zscoreFalse,0.4398,/tmp/galaxy_srv_disk00/pengchx3/carbon_distillation/box_stage3/carbon_distillation/original/H3K27ac/20260628_011124/aa1f8ce6-9875-40b6-ae59-f907935d80b5/distill_methodvanilla_dkd_alpha1.0_dkd_beta8.0_kl_methodkl_mse_normalizeFalse_temperature0.5_weight_ce0.5_weight_kl0.0_weight_mse0.0_zscoreFalse/best_model/student.pt,carbon__H3K27ac__distill_methodvanilla_dkd_alpha1.0_dkd_beta8.0_kl_methodkl_mse_normalizeFalse_temperature0.5_weight_ce0.5_weight_kl0.0_weight_mse0.0_zscoreFalse__val0.4398.pt
H3K27ac,distill_methodvanilla_dkd_alpha1.0_dkd_beta8.0_kl_methodkl_mse_normalizeFalse_temperature0.5_weight_ce0.5_weight_kl0.0_weight_mse1.0_zscoreFalse,0.4375,/tmp/galaxy_srv_disk00/pengchx3/carbon_distillation/box_stage3/carbon_distillation/original/H3K27ac/20260628_011124/bf50faa7-6cb5-4b78-a176-a31259b52a3c/distill_methodvanilla_dkd_alpha1.0_dkd_beta8.0_kl_methodkl_mse_normalizeFalse_temperature0.5_weight_ce0.5_weight_kl0.0_weight_mse1.0_zscoreFalse/best_model/student.pt,carbon__H3K27ac__distill_methodvanilla_dkd_alpha1.0_dkd_beta8.0_kl_methodkl_mse_normalizeFalse_temperature0.5_weight_ce0.5_weight_kl0.0_weight_mse1.0_zscoreFalse__val0.4375.pt
H3K27ac,distill_methodvanilla_dkd_alpha1.0_dkd_beta8.0_kl_methodkl_mse_normalizeFalse_temperature0.5_weight_ce0.5_weight_kl0.0_weight_mse0.0_zscoreFalse,0.4619,/tmp/galaxy_srv_disk00/pengchx3/carbon_distillation/box_stage3/carbon_distillation/original/H3K27ac/20260628_045201/1ceedce5-f2fe-4ded-bb46-dcd32befff31/distill_methodvanilla_dkd_alpha1.0_dkd_beta8.0_kl_methodkl_mse_normalizeFalse_temperature0.5_weight_ce0.5_weight_kl0.0_weight_mse0.0_zscoreFalse/best_model/student.pt,carbon__H3K27ac__distill_methodvanilla_dkd_alpha1.0_dkd_beta8.0_kl_methodkl_mse_normalizeFalse_temperature0.5_weight_ce0.5_weight_kl0.0_weight_mse0.0_zscoreFalse__val0.4619.pt
H3K27ac,distill_methodvanilla_dkd_alpha1.0_dkd_beta8.0_kl_methodkl_mse_normalizeFalse_temperature0.5_weight_ce0.5_weight_kl0.0_weight_mse0.0_zscoreFalse,0.3545,/tmp/galaxy_srv_disk00/pengchx3/carbon_distillation/box_stage3/carbon_distillation/original/H3K27ac/20260628_084118/af1c46c7-b6a8-4a3f-a34e-5244c7534cbc/distill_methodvanilla_dkd_alpha1.0_dkd_beta8.0_kl_methodkl_mse_normalizeFalse_temperature0.5_weight_ce0.5_weight_kl0.0_weight_mse0.0_zscoreFalse/best_model/student.pt,carbon__H3K27ac__distill_methodvanilla_dkd_alpha1.0_dkd_beta8.0_kl_methodkl_mse_normalizeFalse_temperature0.5_weight_ce0.5_weight_kl0.0_weight_mse0.0_zscoreFalse__val0.3545.pt
H3K27ac,distill_methodvanilla_dkd_alpha1.0_dkd_beta8.0_kl_methodkl_mse_normalizeFalse_temperature0.5_weight_ce0.5_weight_kl0.0_weight_mse0.0_zscoreFalse,0.4537,/tmp/galaxy_srv_disk00/pengchx3/carbon_distillation/box_stage3/carbon_distillation/original/H3K27ac/20260628_111957/9cb150e3-fffe-454f-b08a-32f4f2770136/distill_methodvanilla_dkd_alpha1.0_dkd_beta8.0_kl_methodkl_mse_normalizeFalse_temperature0.5_weight_ce0.5_weight_kl0.0_weight_mse0.0_zscoreFalse/best_model/student.pt,carbon__H3K27ac__distill_methodvanilla_dkd_alpha1.0_dkd_beta8.0_kl_methodkl_mse_normalizeFalse_temperature0.5_weight_ce0.5_weight_kl0.0_weight_mse0.0_zscoreFalse__val0.4537.pt
H3K27ac,distill_methodvanilla_dkd_alpha1.0_dkd_beta8.0_kl_methodkl_mse_normalizeFalse_temperature2.0_weight_ce0.5_weight_kl0.5_weight_mse1.0_zscoreFalse,0.2438,/tmp/galaxy_srv_disk00/pengchx3/carbon_distillation/box_stage3/carbon_distillation/original/H3K27ac/20260628_114307/53a2914b-9cbb-487a-8ec9-90e940740963/distill_methodvanilla_dkd_alpha1.0_dkd_beta8.0_kl_methodkl_mse_normalizeFalse_temperature2.0_weight_ce0.5_weight_kl0.5_weight_mse1.0_zscoreFalse/best_model/student.pt,carbon__H3K27ac__distill_methodvanilla_dkd_alpha1.0_dkd_beta8.0_kl_methodkl_mse_normalizeFalse_temperature2.0_weight_ce0.5_weight_kl0.5_weight_mse1.0_zscoreFalse__val0.2438.pt
H3K27ac,distill_methodvanilla_dkd_alpha1.0_dkd_beta8.0_kl_methodkl_mse_normalizeFalse_temperature4.0_weight_ce0.5_weight_kl0.5_weight_mse1.0_zscoreFalse,0.2486,/tmp/galaxy_srv_disk00/pengchx3/carbon_distillation/box_stage3/carbon_distillation/original/H3K27ac/20260628_114308/a62af5d8-27fb-41c0-b9a0-92477dfb4862/distill_methodvanilla_dkd_alpha1.0_dkd_beta8.0_kl_methodkl_mse_normalizeFalse_temperature4.0_weight_ce0.5_weight_kl0.5_weight_mse1.0_zscoreFalse/best_model/student.pt,carbon__H3K27ac__distill_methodvanilla_dkd_alpha1.0_dkd_beta8.0_kl_methodkl_mse_normalizeFalse_temperature4.0_weight_ce0.5_weight_kl0.5_weight_mse1.0_zscoreFalse__val0.2486.pt
H3K27ac,distill_methodvanilla_dkd_alpha1.0_dkd_beta8.0_kl_methodkl_mse_normalizeFalse_temperature2.0_weight_ce0.5_weight_kl1.0_weight_mse0.0_zscoreFalse,0.2947,/tmp/galaxy_srv_disk00/pengchx3/carbon_distillation/box_stage3/carbon_distillation/original/H3K27ac/20260628_120156/43ea090f-fd41-46a8-b957-3161cc3ad458/distill_methodvanilla_dkd_alpha1.0_dkd_beta8.0_kl_methodkl_mse_normalizeFalse_temperature2.0_weight_ce0.5_weight_kl1.0_weight_mse0.0_zscoreFalse/best_model/student.pt,carbon__H3K27ac__distill_methodvanilla_dkd_alpha1.0_dkd_beta8.0_kl_methodkl_mse_normalizeFalse_temperature2.0_weight_ce0.5_weight_kl1.0_weight_mse0.0_zscoreFalse__val0.2947.pt
H3K27ac,distill_methodvanilla_dkd_alpha1.0_dkd_beta8.0_kl_methodkl_mse_normalizeFalse_temperature1.5_weight_ce0.5_weight_kl0.5_weight_mse1.0_zscoreFalse,0.3002,/tmp/galaxy_srv_disk00/pengchx3/carbon_distillation/box_stage3/carbon_distillation/original/H3K27ac/20260628_120156/8bb3af3f-5549-4f3d-ab13-39271245fdff/distill_methodvanilla_dkd_alpha1.0_dkd_beta8.0_kl_methodkl_mse_normalizeFalse_temperature1.5_weight_ce0.5_weight_kl0.5_weight_mse1.0_zscoreFalse/best_model/student.pt,carbon__H3K27ac__distill_methodvanilla_dkd_alpha1.0_dkd_beta8.0_kl_methodkl_mse_normalizeFalse_temperature1.5_weight_ce0.5_weight_kl0.5_weight_mse1.0_zscoreFalse__val0.3002.pt
H3K27ac,distill_methodvanilla_dkd_alpha1.0_dkd_beta8.0_kl_methodkl_mse_normalizeFalse_temperature0.5_weight_ce0.5_weight_kl0.5_weight_mse1.0_zscoreFalse,0.3034,/tmp/galaxy_srv_disk00/pengchx3/carbon_distillation/box_stage3/carbon_distillation/original/H3K27ac/20260628_120156/a0f6c013-3635-4758-b785-2992e55feb4b/distill_methodvanilla_dkd_alpha1.0_dkd_beta8.0_kl_methodkl_mse_normalizeFalse_temperature0.5_weight_ce0.5_weight_kl0.5_weight_mse1.0_zscoreFalse/best_model/student.pt,carbon__H3K27ac__distill_methodvanilla_dkd_alpha1.0_dkd_beta8.0_kl_methodkl_mse_normalizeFalse_temperature0.5_weight_ce0.5_weight_kl0.5_weight_mse1.0_zscoreFalse__val0.3034.pt
H3K27ac,distill_methodvanilla_dkd_alpha1.0_dkd_beta8.0_kl_methodkl_mse_normalizeFalse_temperature4.0_weight_ce0.5_weight_kl0.5_weight_mse0.0_zscoreFalse,0.3004,/tmp/galaxy_srv_disk00/pengchx3/carbon_distillation/box_stage3/carbon_distillation/original/H3K27ac/20260628_120156/b58b1980-d21f-4cce-a586-2046ca363629/distill_methodvanilla_dkd_alpha1.0_dkd_beta8.0_kl_methodkl_mse_normalizeFalse_temperature4.0_weight_ce0.5_weight_kl0.5_weight_mse0.0_zscoreFalse/best_model/student.pt,carbon__H3K27ac__distill_methodvanilla_dkd_alpha1.0_dkd_beta8.0_kl_methodkl_mse_normalizeFalse_temperature4.0_weight_ce0.5_weight_kl0.5_weight_mse0.0_zscoreFalse__val0.3004.pt
H3K27ac,distill_methodvanilla_dkd_alpha1.0_dkd_beta8.0_kl_methodkl_mse_normalizeFalse_temperature2.0_weight_ce0.5_weight_kl1.0_weight_mse1.0_zscoreFalse,0.2763,/tmp/galaxy_srv_disk00/pengchx3/carbon_distillation/box_stage3/carbon_distillation/original/H3K27ac/20260628_120157/231065be-cf2e-4da1-b3c5-fb26c010b879/distill_methodvanilla_dkd_alpha1.0_dkd_beta8.0_kl_methodkl_mse_normalizeFalse_temperature2.0_weight_ce0.5_weight_kl1.0_weight_mse1.0_zscoreFalse/best_model/student.pt,carbon__H3K27ac__distill_methodvanilla_dkd_alpha1.0_dkd_beta8.0_kl_methodkl_mse_normalizeFalse_temperature2.0_weight_ce0.5_weight_kl1.0_weight_mse1.0_zscoreFalse__val0.2763.pt
H3K27ac,distill_methodvanilla_dkd_alpha1.0_dkd_beta8.0_kl_methodkl_mse_normalizeFalse_temperature2.0_weight_ce0.5_weight_kl0.5_weight_mse1.0_zscoreFalse,0.3022,/tmp/galaxy_srv_disk00/pengchx3/carbon_distillation/box_stage3/carbon_distillation/original/H3K27ac/20260628_120157/28765039-d181-4f06-be75-5e97839f47e3/distill_methodvanilla_dkd_alpha1.0_dkd_beta8.0_kl_methodkl_mse_normalizeFalse_temperature2.0_weight_ce0.5_weight_kl0.5_weight_mse1.0_zscoreFalse/best_model/student.pt,carbon__H3K27ac__distill_methodvanilla_dkd_alpha1.0_dkd_beta8.0_kl_methodkl_mse_normalizeFalse_temperature2.0_weight_ce0.5_weight_kl0.5_weight_mse1.0_zscoreFalse__val0.3022.pt
H3K27ac,distill_methodvanilla_dkd_alpha1.0_dkd_beta8.0_kl_methodkl_mse_normalizeFalse_temperature2.0_weight_ce0.5_weight_kl0.5_weight_mse0.0_zscoreFalse,0.3031,/tmp/galaxy_srv_disk00/pengchx3/carbon_distillation/box_stage3/carbon_distillation/original/H3K27ac/20260628_120157/68805cb1-c564-4848-9bcc-49a8a153a953/distill_methodvanilla_dkd_alpha1.0_dkd_beta8.0_kl_methodkl_mse_normalizeFalse_temperature2.0_weight_ce0.5_weight_kl0.5_weight_mse0.0_zscoreFalse/best_model/student.pt,carbon__H3K27ac__distill_methodvanilla_dkd_alpha1.0_dkd_beta8.0_kl_methodkl_mse_normalizeFalse_temperature2.0_weight_ce0.5_weight_kl0.5_weight_mse0.0_zscoreFalse__val0.3031.pt
H3K27ac,distill_methodvanilla_dkd_alpha1.0_dkd_beta8.0_kl_methodkl_mse_normalizeFalse_temperature0.5_weight_ce0.5_weight_kl1.0_weight_mse0.0_zscoreFalse,0.2877,/tmp/galaxy_srv_disk00/pengchx3/carbon_distillation/box_stage3/carbon_distillation/original/H3K27ac/20260628_120157/b8e46567-bc2d-455f-8d18-fc71df040e11/distill_methodvanilla_dkd_alpha1.0_dkd_beta8.0_kl_methodkl_mse_normalizeFalse_temperature0.5_weight_ce0.5_weight_kl1.0_weight_mse0.0_zscoreFalse/best_model/student.pt,carbon__H3K27ac__distill_methodvanilla_dkd_alpha1.0_dkd_beta8.0_kl_methodkl_mse_normalizeFalse_temperature0.5_weight_ce0.5_weight_kl1.0_weight_mse0.0_zscoreFalse__val0.2877.pt
H3K27ac,distill_methodvanilla_dkd_alpha1.0_dkd_beta8.0_kl_methodkl_mse_normalizeFalse_temperature1.0_weight_ce0.5_weight_kl0.5_weight_mse1.0_zscoreFalse,0.2961,/tmp/galaxy_srv_disk00/pengchx3/carbon_distillation/box_stage3/carbon_distillation/original/H3K27ac/20260628_120157/e6e5a02f-42fc-45df-a317-f69884d83a15/distill_methodvanilla_dkd_alpha1.0_dkd_beta8.0_kl_methodkl_mse_normalizeFalse_temperature1.0_weight_ce0.5_weight_kl0.5_weight_mse1.0_zscoreFalse/best_model/student.pt,carbon__H3K27ac__distill_methodvanilla_dkd_alpha1.0_dkd_beta8.0_kl_methodkl_mse_normalizeFalse_temperature1.0_weight_ce0.5_weight_kl0.5_weight_mse1.0_zscoreFalse__val0.2961.pt
H3K27ac,distill_methodvanilla_dkd_alpha1.0_dkd_beta8.0_kl_methodkl_mse_normalizeFalse_temperature1.5_weight_ce0.5_weight_kl1.0_weight_mse0.0_zscoreFalse,0.2875,/tmp/galaxy_srv_disk00/pengchx3/carbon_distillation/box_stage3/carbon_distillation/original/H3K27ac/20260628_120158/33a517c2-02ca-435a-8972-549b2f386ebc/distill_methodvanilla_dkd_alpha1.0_dkd_beta8.0_kl_methodkl_mse_normalizeFalse_temperature1.5_weight_ce0.5_weight_kl1.0_weight_mse0.0_zscoreFalse/best_model/student.pt,carbon__H3K27ac__distill_methodvanilla_dkd_alpha1.0_dkd_beta8.0_kl_methodkl_mse_normalizeFalse_temperature1.5_weight_ce0.5_weight_kl1.0_weight_mse0.0_zscoreFalse__val0.2875.pt
H3K27ac,distill_methodvanilla_dkd_alpha1.0_dkd_beta8.0_kl_methodkl_mse_normalizeFalse_temperature4.0_weight_ce0.5_weight_kl0.5_weight_mse1.0_zscoreFalse,0.3033,/tmp/galaxy_srv_disk00/pengchx3/carbon_distillation/box_stage3/carbon_distillation/original/H3K27ac/20260628_120159/2377dce1-8ce5-4501-b32c-9bfd16cde22f/distill_methodvanilla_dkd_alpha1.0_dkd_beta8.0_kl_methodkl_mse_normalizeFalse_temperature4.0_weight_ce0.5_weight_kl0.5_weight_mse1.0_zscoreFalse/best_model/student.pt,carbon__H3K27ac__distill_methodvanilla_dkd_alpha1.0_dkd_beta8.0_kl_methodkl_mse_normalizeFalse_temperature4.0_weight_ce0.5_weight_kl0.5_weight_mse1.0_zscoreFalse__val0.3033.pt
H3K27ac,distill_methodvanilla_dkd_alpha1.0_dkd_beta8.0_kl_methodkl_mse_normalizeFalse_temperature1.5_weight_ce0.5_weight_kl0.5_weight_mse0.0_zscoreFalse,0.3054,/tmp/galaxy_srv_disk00/pengchx3/carbon_distillation/box_stage3/carbon_distillation/original/H3K27ac/20260628_120159/94c5dbc1-da8e-4679-82dd-fc7c5159514e/distill_methodvanilla_dkd_alpha1.0_dkd_beta8.0_kl_methodkl_mse_normalizeFalse_temperature1.5_weight_ce0.5_weight_kl0.5_weight_mse0.0_zscoreFalse/best_model/student.pt,carbon__H3K27ac__distill_methodvanilla_dkd_alpha1.0_dkd_beta8.0_kl_methodkl_mse_normalizeFalse_temperature1.5_weight_ce0.5_weight_kl0.5_weight_mse0.0_zscoreFalse__val0.3054.pt
H3K27ac,distill_methodvanilla_dkd_alpha1.0_dkd_beta8.0_kl_methodkl_mse_normalizeFalse_temperature1.5_weight_ce0.5_weight_kl1.0_weight_mse1.0_zscoreFalse,0.2761,/tmp/galaxy_srv_disk00/pengchx3/carbon_distillation/box_stage3/carbon_distillation/original/H3K27ac/20260628_120159/de1ecb52-4a53-4935-87b2-fc73a3e1134b/distill_methodvanilla_dkd_alpha1.0_dkd_beta8.0_kl_methodkl_mse_normalizeFalse_temperature1.5_weight_ce0.5_weight_kl1.0_weight_mse1.0_zscoreFalse/best_model/student.pt,carbon__H3K27ac__distill_methodvanilla_dkd_alpha1.0_dkd_beta8.0_kl_methodkl_mse_normalizeFalse_temperature1.5_weight_ce0.5_weight_kl1.0_weight_mse1.0_zscoreFalse__val0.2761.pt
H3K27ac,distill_methodvanilla_dkd_alpha1.0_dkd_beta8.0_kl_methodkl_mse_normalizeFalse_temperature1.0_weight_ce0.5_weight_kl1.0_weight_mse1.0_zscoreFalse,0.2733,/tmp/galaxy_srv_disk00/pengchx3/carbon_distillation/box_stage3/carbon_distillation/original/H3K27ac/20260628_120159/e2e7a08b-6f7c-48ba-9b59-103bb45d2e38/distill_methodvanilla_dkd_alpha1.0_dkd_beta8.0_kl_methodkl_mse_normalizeFalse_temperature1.0_weight_ce0.5_weight_kl1.0_weight_mse1.0_zscoreFalse/best_model/student.pt,carbon__H3K27ac__distill_methodvanilla_dkd_alpha1.0_dkd_beta8.0_kl_methodkl_mse_normalizeFalse_temperature1.0_weight_ce0.5_weight_kl1.0_weight_mse1.0_zscoreFalse__val0.2733.pt
H3K27ac,distill_methodvanilla_dkd_alpha1.0_dkd_beta8.0_kl_methodkl_mse_normalizeFalse_temperature4.0_weight_ce0.5_weight_kl1.0_weight_mse0.0_zscoreFalse,0.3007,/tmp/galaxy_srv_disk00/pengchx3/carbon_distillation/box_stage3/carbon_distillation/original/H3K27ac/20260628_120159/e5efdc3e-dd9b-4282-9426-f5a03df92562/distill_methodvanilla_dkd_alpha1.0_dkd_beta8.0_kl_methodkl_mse_normalizeFalse_temperature4.0_weight_ce0.5_weight_kl1.0_weight_mse0.0_zscoreFalse/best_model/student.pt,carbon__H3K27ac__distill_methodvanilla_dkd_alpha1.0_dkd_beta8.0_kl_methodkl_mse_normalizeFalse_temperature4.0_weight_ce0.5_weight_kl1.0_weight_mse0.0_zscoreFalse__val0.3007.pt
H3K27ac,distill_methodvanilla_dkd_alpha1.0_dkd_beta8.0_kl_methodkl_mse_normalizeFalse_temperature1.0_weight_ce0.5_weight_kl1.0_weight_mse0.0_zscoreFalse,0.2808,/tmp/galaxy_srv_disk00/pengchx3/carbon_distillation/box_stage3/carbon_distillation/original/H3K27ac/20260628_120200/b5653b8f-96cd-4e4d-9731-4b5fec4bb2a3/distill_methodvanilla_dkd_alpha1.0_dkd_beta8.0_kl_methodkl_mse_normalizeFalse_temperature1.0_weight_ce0.5_weight_kl1.0_weight_mse0.0_zscoreFalse/best_model/student.pt,carbon__H3K27ac__distill_methodvanilla_dkd_alpha1.0_dkd_beta8.0_kl_methodkl_mse_normalizeFalse_temperature1.0_weight_ce0.5_weight_kl1.0_weight_mse0.0_zscoreFalse__val0.2808.pt
H3K27ac,distill_methodvanilla_dkd_alpha1.0_dkd_beta8.0_kl_methodkl_mse_normalizeFalse_temperature4.0_weight_ce0.5_weight_kl1.0_weight_mse1.0_zscoreFalse,0.2901,/tmp/galaxy_srv_disk00/pengchx3/carbon_distillation/box_stage3/carbon_distillation/original/H3K27ac/20260628_120200/d227102b-bd94-4d57-b610-ca76eedc7871/distill_methodvanilla_dkd_alpha1.0_dkd_beta8.0_kl_methodkl_mse_normalizeFalse_temperature4.0_weight_ce0.5_weight_kl1.0_weight_mse1.0_zscoreFalse/best_model/student.pt,carbon__H3K27ac__distill_methodvanilla_dkd_alpha1.0_dkd_beta8.0_kl_methodkl_mse_normalizeFalse_temperature4.0_weight_ce0.5_weight_kl1.0_weight_mse1.0_zscoreFalse__val0.2901.pt
H3K27ac,distill_methodvanilla_dkd_alpha1.0_dkd_beta8.0_kl_methodkl_mse_normalizeFalse_temperature0.5_weight_ce0.5_weight_kl1.0_weight_mse1.0_zscoreFalse,0.2627,/tmp/galaxy_srv_disk00/pengchx3/carbon_distillation/box_stage3/carbon_distillation/original/H3K27ac/20260628_120200/fcec5b4b-5a73-4c20-846c-8fa4bd73c427/distill_methodvanilla_dkd_alpha1.0_dkd_beta8.0_kl_methodkl_mse_normalizeFalse_temperature0.5_weight_ce0.5_weight_kl1.0_weight_mse1.0_zscoreFalse/best_model/student.pt,carbon__H3K27ac__distill_methodvanilla_dkd_alpha1.0_dkd_beta8.0_kl_methodkl_mse_normalizeFalse_temperature0.5_weight_ce0.5_weight_kl1.0_weight_mse1.0_zscoreFalse__val0.2627.pt
H3K27ac,distill_methodvanilla_dkd_alpha1.0_dkd_beta8.0_kl_methodkl_mse_normalizeFalse_temperature4.0_weight_ce0.5_weight_kl0.5_weight_mse1.0_zscoreFalse,0.4474,/tmp/galaxy_srv_disk00/pengchx3/carbon_distillation/box_stage3/carbon_distillation/original/H3K27ac/20260628_135347/db8e2f12-e640-4bde-b5a9-3ee1b2105a8e/distill_methodvanilla_dkd_alpha1.0_dkd_beta8.0_kl_methodkl_mse_normalizeFalse_temperature4.0_weight_ce0.5_weight_kl0.5_weight_mse1.0_zscoreFalse/best_model/student.pt,carbon__H3K27ac__distill_methodvanilla_dkd_alpha1.0_dkd_beta8.0_kl_methodkl_mse_normalizeFalse_temperature4.0_weight_ce0.5_weight_kl0.5_weight_mse1.0_zscoreFalse__val0.4474.pt
H3K27ac,distill_methodvanilla_dkd_alpha1.0_dkd_beta8.0_kl_methodkl_mse_normalizeFalse_temperature1.0_weight_ce0.5_weight_kl0.5_weight_mse1.0_zscoreFalse,0.4466,/tmp/galaxy_srv_disk00/pengchx3/carbon_distillation/box_stage3/carbon_distillation/original/H3K27ac/20260628_135348/ee0afbad-7aa6-4d4c-9770-365589e27849/distill_methodvanilla_dkd_alpha1.0_dkd_beta8.0_kl_methodkl_mse_normalizeFalse_temperature1.0_weight_ce0.5_weight_kl0.5_weight_mse1.0_zscoreFalse/best_model/student.pt,carbon__H3K27ac__distill_methodvanilla_dkd_alpha1.0_dkd_beta8.0_kl_methodkl_mse_normalizeFalse_temperature1.0_weight_ce0.5_weight_kl0.5_weight_mse1.0_zscoreFalse__val0.4466.pt
H3K27ac,distill_methodvanilla_dkd_alpha1.0_dkd_beta8.0_kl_methodkl_mse_normalizeFalse_temperature2.0_weight_ce0.5_weight_kl1.0_weight_mse0.0_zscoreFalse,0.4246,/tmp/galaxy_srv_disk00/pengchx3/carbon_distillation/box_stage3/carbon_distillation/original/H3K27ac/20260628_135349/029e38ad-38f3-4ae0-a8dd-841fb54178e3/distill_methodvanilla_dkd_alpha1.0_dkd_beta8.0_kl_methodkl_mse_normalizeFalse_temperature2.0_weight_ce0.5_weight_kl1.0_weight_mse0.0_zscoreFalse/best_model/student.pt,carbon__H3K27ac__distill_methodvanilla_dkd_alpha1.0_dkd_beta8.0_kl_methodkl_mse_normalizeFalse_temperature2.0_weight_ce0.5_weight_kl1.0_weight_mse0.0_zscoreFalse__val0.4246.pt
H3K27ac,distill_methodvanilla_dkd_alpha1.0_dkd_beta8.0_kl_methodkl_mse_normalizeFalse_temperature2.0_weight_ce0.5_weight_kl1.0_weight_mse1.0_zscoreFalse,0.4455,/tmp/galaxy_srv_disk00/pengchx3/carbon_distillation/box_stage3/carbon_distillation/original/H3K27ac/20260628_135349/5889538b-e096-46c1-91f4-330389ec7b57/distill_methodvanilla_dkd_alpha1.0_dkd_beta8.0_kl_methodkl_mse_normalizeFalse_temperature2.0_weight_ce0.5_weight_kl1.0_weight_mse1.0_zscoreFalse/best_model/student.pt,carbon__H3K27ac__distill_methodvanilla_dkd_alpha1.0_dkd_beta8.0_kl_methodkl_mse_normalizeFalse_temperature2.0_weight_ce0.5_weight_kl1.0_weight_mse1.0_zscoreFalse__val0.4455.pt
H3K27ac,distill_methodvanilla_dkd_alpha1.0_dkd_beta8.0_kl_methodkl_mse_normalizeFalse_temperature1.5_weight_ce0.5_weight_kl0.5_weight_mse0.0_zscoreFalse,0.4268,/tmp/galaxy_srv_disk00/pengchx3/carbon_distillation/box_stage3/carbon_distillation/original/H3K27ac/20260628_135349/aef33441-360b-470c-b97e-779a72c9a790/distill_methodvanilla_dkd_alpha1.0_dkd_beta8.0_kl_methodkl_mse_normalizeFalse_temperature1.5_weight_ce0.5_weight_kl0.5_weight_mse0.0_zscoreFalse/best_model/student.pt,carbon__H3K27ac__distill_methodvanilla_dkd_alpha1.0_dkd_beta8.0_kl_methodkl_mse_normalizeFalse_temperature1.5_weight_ce0.5_weight_kl0.5_weight_mse0.0_zscoreFalse__val0.4268.pt
H3K27ac,distill_methodvanilla_dkd_alpha1.0_dkd_beta8.0_kl_methodkl_mse_normalizeFalse_temperature4.0_weight_ce0.5_weight_kl1.0_weight_mse1.0_zscoreFalse,0.4337,/tmp/galaxy_srv_disk00/pengchx3/carbon_distillation/box_stage3/carbon_distillation/original/H3K27ac/20260628_135349/bfa76871-695c-41bb-8545-eb61c7c1b24f/distill_methodvanilla_dkd_alpha1.0_dkd_beta8.0_kl_methodkl_mse_normalizeFalse_temperature4.0_weight_ce0.5_weight_kl1.0_weight_mse1.0_zscoreFalse/best_model/student.pt,carbon__H3K27ac__distill_methodvanilla_dkd_alpha1.0_dkd_beta8.0_kl_methodkl_mse_normalizeFalse_temperature4.0_weight_ce0.5_weight_kl1.0_weight_mse1.0_zscoreFalse__val0.4337.pt
H3K27ac,distill_methodvanilla_dkd_alpha1.0_dkd_beta8.0_kl_methodkl_mse_normalizeFalse_temperature0.5_weight_ce0.5_weight_kl1.0_weight_mse0.0_zscoreFalse,0.4413,/tmp/galaxy_srv_disk00/pengchx3/carbon_distillation/box_stage3/carbon_distillation/original/H3K27ac/20260628_135350/4d57c61a-4b36-489c-88ae-e27181057af3/distill_methodvanilla_dkd_alpha1.0_dkd_beta8.0_kl_methodkl_mse_normalizeFalse_temperature0.5_weight_ce0.5_weight_kl1.0_weight_mse0.0_zscoreFalse/best_model/student.pt,carbon__H3K27ac__distill_methodvanilla_dkd_alpha1.0_dkd_beta8.0_kl_methodkl_mse_normalizeFalse_temperature0.5_weight_ce0.5_weight_kl1.0_weight_mse0.0_zscoreFalse__val0.4413.pt
H3K27ac,distill_methodvanilla_dkd_alpha1.0_dkd_beta8.0_kl_methodkl_mse_normalizeFalse_temperature0.5_weight_ce0.5_weight_kl1.0_weight_mse1.0_zscoreFalse,0.4527,/tmp/galaxy_srv_disk00/pengchx3/carbon_distillation/box_stage3/carbon_distillation/original/H3K27ac/20260628_135351/a0359f10-ac4b-4c01-8301-4c16b5f163ac/distill_methodvanilla_dkd_alpha1.0_dkd_beta8.0_kl_methodkl_mse_normalizeFalse_temperature0.5_weight_ce0.5_weight_kl1.0_weight_mse1.0_zscoreFalse/best_model/student.pt,carbon__H3K27ac__distill_methodvanilla_dkd_alpha1.0_dkd_beta8.0_kl_methodkl_mse_normalizeFalse_temperature0.5_weight_ce0.5_weight_kl1.0_weight_mse1.0_zscoreFalse__val0.4527.pt
H3K27ac,distill_methodvanilla_dkd_alpha1.0_dkd_beta8.0_kl_methodkl_mse_normalizeFalse_temperature1.0_weight_ce0.5_weight_kl1.0_weight_mse0.0_zscoreFalse,0.4266,/tmp/galaxy_srv_disk00/pengchx3/carbon_distillation/box_stage3/carbon_distillation/original/H3K27ac/20260628_135352/3c98ad74-65a3-4110-8033-18923780aff6/distill_methodvanilla_dkd_alpha1.0_dkd_beta8.0_kl_methodkl_mse_normalizeFalse_temperature1.0_weight_ce0.5_weight_kl1.0_weight_mse0.0_zscoreFalse/best_model/student.pt,carbon__H3K27ac__distill_methodvanilla_dkd_alpha1.0_dkd_beta8.0_kl_methodkl_mse_normalizeFalse_temperature1.0_weight_ce0.5_weight_kl1.0_weight_mse0.0_zscoreFalse__val0.4266.pt
H3K27ac,distill_methodvanilla_dkd_alpha1.0_dkd_beta8.0_kl_methodkl_mse_normalizeFalse_temperature2.0_weight_ce0.5_weight_kl0.5_weight_mse1.0_zscoreFalse,0.4407,/tmp/galaxy_srv_disk00/pengchx3/carbon_distillation/box_stage3/carbon_distillation/original/H3K27ac/20260628_135352/631248d2-1929-44ee-9830-581d2e123808/distill_methodvanilla_dkd_alpha1.0_dkd_beta8.0_kl_methodkl_mse_normalizeFalse_temperature2.0_weight_ce0.5_weight_kl0.5_weight_mse1.0_zscoreFalse/best_model/student.pt,carbon__H3K27ac__distill_methodvanilla_dkd_alpha1.0_dkd_beta8.0_kl_methodkl_mse_normalizeFalse_temperature2.0_weight_ce0.5_weight_kl0.5_weight_mse1.0_zscoreFalse__val0.4407.pt
H3K27ac,distill_methodvanilla_dkd_alpha1.0_dkd_beta8.0_kl_methodkl_mse_normalizeFalse_temperature2.0_weight_ce0.5_weight_kl0.5_weight_mse0.0_zscoreFalse,0.4262,/tmp/galaxy_srv_disk00/pengchx3/carbon_distillation/box_stage3/carbon_distillation/original/H3K27ac/20260628_135352/76a5763b-92f3-4650-82cc-5905c293fbbd/distill_methodvanilla_dkd_alpha1.0_dkd_beta8.0_kl_methodkl_mse_normalizeFalse_temperature2.0_weight_ce0.5_weight_kl0.5_weight_mse0.0_zscoreFalse/best_model/student.pt,carbon__H3K27ac__distill_methodvanilla_dkd_alpha1.0_dkd_beta8.0_kl_methodkl_mse_normalizeFalse_temperature2.0_weight_ce0.5_weight_kl0.5_weight_mse0.0_zscoreFalse__val0.4262.pt
H3K27ac,distill_methodvanilla_dkd_alpha1.0_dkd_beta8.0_kl_methodkl_mse_normalizeFalse_temperature1.5_weight_ce0.5_weight_kl1.0_weight_mse0.0_zscoreFalse,0.4262,/tmp/galaxy_srv_disk00/pengchx3/carbon_distillation/box_stage3/carbon_distillation/original/H3K27ac/20260628_135354/268f212b-4351-4e76-bd3b-138ca63565da/distill_methodvanilla_dkd_alpha1.0_dkd_beta8.0_kl_methodkl_mse_normalizeFalse_temperature1.5_weight_ce0.5_weight_kl1.0_weight_mse0.0_zscoreFalse/best_model/student.pt,carbon__H3K27ac__distill_methodvanilla_dkd_alpha1.0_dkd_beta8.0_kl_methodkl_mse_normalizeFalse_temperature1.5_weight_ce0.5_weight_kl1.0_weight_mse0.0_zscoreFalse__val0.4262.pt
H3K27ac,distill_methodvanilla_dkd_alpha1.0_dkd_beta8.0_kl_methodkl_mse_normalizeFalse_temperature4.0_weight_ce0.5_weight_kl1.0_weight_mse0.0_zscoreFalse,0.4208,/tmp/galaxy_srv_disk00/pengchx3/carbon_distillation/box_stage3/carbon_distillation/original/H3K27ac/20260628_135354/57fb7fff-ef1c-4062-af2e-f268185e2820/distill_methodvanilla_dkd_alpha1.0_dkd_beta8.0_kl_methodkl_mse_normalizeFalse_temperature4.0_weight_ce0.5_weight_kl1.0_weight_mse0.0_zscoreFalse/best_model/student.pt,carbon__H3K27ac__distill_methodvanilla_dkd_alpha1.0_dkd_beta8.0_kl_methodkl_mse_normalizeFalse_temperature4.0_weight_ce0.5_weight_kl1.0_weight_mse0.0_zscoreFalse__val0.4208.pt
H3K27ac,distill_methodvanilla_dkd_alpha1.0_dkd_beta8.0_kl_methodkl_mse_normalizeFalse_temperature0.5_weight_ce0.5_weight_kl0.5_weight_mse1.0_zscoreFalse,0.4321,/tmp/galaxy_srv_disk00/pengchx3/carbon_distillation/box_stage3/carbon_distillation/original/H3K27ac/20260628_135355/cb137832-2194-4e87-bd39-da17a849b050/distill_methodvanilla_dkd_alpha1.0_dkd_beta8.0_kl_methodkl_mse_normalizeFalse_temperature0.5_weight_ce0.5_weight_kl0.5_weight_mse1.0_zscoreFalse/best_model/student.pt,carbon__H3K27ac__distill_methodvanilla_dkd_alpha1.0_dkd_beta8.0_kl_methodkl_mse_normalizeFalse_temperature0.5_weight_ce0.5_weight_kl0.5_weight_mse1.0_zscoreFalse__val0.4321.pt
H3K27ac,distill_methodvanilla_dkd_alpha1.0_dkd_beta8.0_kl_methodkl_mse_normalizeFalse_temperature1.0_weight_ce0.5_weight_kl1.0_weight_mse1.0_zscoreFalse,0.4314,/tmp/galaxy_srv_disk00/pengchx3/carbon_distillation/box_stage3/carbon_distillation/original/H3K27ac/20260628_135357/287704f3-5fe6-4207-ac75-d17fdbaca707/distill_methodvanilla_dkd_alpha1.0_dkd_beta8.0_kl_methodkl_mse_normalizeFalse_temperature1.0_weight_ce0.5_weight_kl1.0_weight_mse1.0_zscoreFalse/best_model/student.pt,carbon__H3K27ac__distill_methodvanilla_dkd_alpha1.0_dkd_beta8.0_kl_methodkl_mse_normalizeFalse_temperature1.0_weight_ce0.5_weight_kl1.0_weight_mse1.0_zscoreFalse__val0.4314.pt
H3K27ac,distill_methodvanilla_dkd_alpha1.0_dkd_beta8.0_kl_methodkl_mse_normalizeFalse_temperature1.5_weight_ce0.5_weight_kl0.5_weight_mse1.0_zscoreFalse,0.4469,/tmp/galaxy_srv_disk00/pengchx3/carbon_distillation/box_stage3/carbon_distillation/original/H3K27ac/20260628_135400/a064a0ec-d40e-4f11-88f1-2183a0b9e313/distill_methodvanilla_dkd_alpha1.0_dkd_beta8.0_kl_methodkl_mse_normalizeFalse_temperature1.5_weight_ce0.5_weight_kl0.5_weight_mse1.0_zscoreFalse/best_model/student.pt,carbon__H3K27ac__distill_methodvanilla_dkd_alpha1.0_dkd_beta8.0_kl_methodkl_mse_normalizeFalse_temperature1.5_weight_ce0.5_weight_kl0.5_weight_mse1.0_zscoreFalse__val0.4469.pt
H3K27ac,distill_methodvanilla_dkd_alpha1.0_dkd_beta8.0_kl_methodkl_mse_normalizeFalse_temperature4.0_weight_ce0.5_weight_kl0.5_weight_mse0.0_zscoreFalse,0.4254,/tmp/galaxy_srv_disk00/pengchx3/carbon_distillation/box_stage3/carbon_distillation/original/H3K27ac/20260628_135401/3462c524-f7b9-46d3-8bfa-49655b7004a7/distill_methodvanilla_dkd_alpha1.0_dkd_beta8.0_kl_methodkl_mse_normalizeFalse_temperature4.0_weight_ce0.5_weight_kl0.5_weight_mse0.0_zscoreFalse/best_model/student.pt,carbon__H3K27ac__distill_methodvanilla_dkd_alpha1.0_dkd_beta8.0_kl_methodkl_mse_normalizeFalse_temperature4.0_weight_ce0.5_weight_kl0.5_weight_mse0.0_zscoreFalse__val0.4254.pt
H3K27ac,distill_methodvanilla_dkd_alpha1.0_dkd_beta8.0_kl_methodkl_mse_normalizeFalse_temperature1.5_weight_ce0.5_weight_kl1.0_weight_mse1.0_zscoreFalse,0.4486,/tmp/galaxy_srv_disk00/pengchx3/carbon_distillation/box_stage3/carbon_distillation/original/H3K27ac/20260628_135401/861817e8-f6aa-4f21-9eca-1964ef13e00b/distill_methodvanilla_dkd_alpha1.0_dkd_beta8.0_kl_methodkl_mse_normalizeFalse_temperature1.5_weight_ce0.5_weight_kl1.0_weight_mse1.0_zscoreFalse/best_model/student.pt,carbon__H3K27ac__distill_methodvanilla_dkd_alpha1.0_dkd_beta8.0_kl_methodkl_mse_normalizeFalse_temperature1.5_weight_ce0.5_weight_kl1.0_weight_mse1.0_zscoreFalse__val0.4486.pt
H3K27ac,distill_methodvanilla_dkd_alpha1.0_dkd_beta8.0_kl_methodkl_mse_normalizeFalse_temperature1.5_weight_ce0.5_weight_kl0.5_weight_mse0.0_zscoreFalse,0.4871,/tmp/galaxy_srv_disk00/pengchx3/carbon_distillation/box_stage3/carbon_distillation/original/H3K27ac/20260628_183155/cfe72f04-2ece-4113-a110-acb726b68f1c/distill_methodvanilla_dkd_alpha1.0_dkd_beta8.0_kl_methodkl_mse_normalizeFalse_temperature1.5_weight_ce0.5_weight_kl0.5_weight_mse0.0_zscoreFalse/best_model/student.pt,carbon__H3K27ac__distill_methodvanilla_dkd_alpha1.0_dkd_beta8.0_kl_methodkl_mse_normalizeFalse_temperature1.5_weight_ce0.5_weight_kl0.5_weight_mse0.0_zscoreFalse__val0.4871.pt
H3K27ac,distill_methodvanilla_dkd_alpha1.0_dkd_beta8.0_kl_methodkl_mse_normalizeFalse_temperature1.5_weight_ce0.5_weight_kl0.5_weight_mse0.0_zscoreFalse,0.4636,/tmp/galaxy_srv_disk00/pengchx3/carbon_distillation/box_stage3/carbon_distillation/original/H3K27ac/20260628_184624/4a1d7c64-6cbd-48e6-bd71-8aae00ba18d5/distill_methodvanilla_dkd_alpha1.0_dkd_beta8.0_kl_methodkl_mse_normalizeFalse_temperature1.5_weight_ce0.5_weight_kl0.5_weight_mse0.0_zscoreFalse/best_model/student.pt,carbon__H3K27ac__distill_methodvanilla_dkd_alpha1.0_dkd_beta8.0_kl_methodkl_mse_normalizeFalse_temperature1.5_weight_ce0.5_weight_kl0.5_weight_mse0.0_zscoreFalse__val0.4636.pt
H3K27ac,distill_methodvanilla_dkd_alpha1.0_dkd_beta8.0_kl_methodkl_mse_normalizeFalse_temperature2.0_weight_ce0.5_weight_kl0.5_weight_mse0.0_zscoreFalse,0.4663,/tmp/galaxy_srv_disk00/pengchx3/carbon_distillation/box_stage3/carbon_distillation/original/H3K27ac/20260628_184624/68fdeb5e-58d7-4d74-8bf8-5e375e1de442/distill_methodvanilla_dkd_alpha1.0_dkd_beta8.0_kl_methodkl_mse_normalizeFalse_temperature2.0_weight_ce0.5_weight_kl0.5_weight_mse0.0_zscoreFalse/best_model/student.pt,carbon__H3K27ac__distill_methodvanilla_dkd_alpha1.0_dkd_beta8.0_kl_methodkl_mse_normalizeFalse_temperature2.0_weight_ce0.5_weight_kl0.5_weight_mse0.0_zscoreFalse__val0.4663.pt
H3K27ac,distill_methodvanilla_dkd_alpha1.0_dkd_beta8.0_kl_methodkl_mse_normalizeFalse_temperature0.5_weight_ce0.5_weight_kl0.5_weight_mse1.0_zscoreFalse,0.4745,/tmp/galaxy_srv_disk00/pengchx3/carbon_distillation/box_stage3/carbon_distillation/original/H3K27ac/20260628_184624/f499adad-81d4-41b8-bcb7-df7dc2d47675/distill_methodvanilla_dkd_alpha1.0_dkd_beta8.0_kl_methodkl_mse_normalizeFalse_temperature0.5_weight_ce0.5_weight_kl0.5_weight_mse1.0_zscoreFalse/best_model/student.pt,carbon__H3K27ac__distill_methodvanilla_dkd_alpha1.0_dkd_beta8.0_kl_methodkl_mse_normalizeFalse_temperature0.5_weight_ce0.5_weight_kl0.5_weight_mse1.0_zscoreFalse__val0.4745.pt
H3K27ac,distill_methodvanilla_dkd_alpha1.0_dkd_beta8.0_kl_methodkl_mse_normalizeFalse_temperature4.0_weight_ce0.5_weight_kl0.5_weight_mse0.0_zscoreFalse,0.4601,/tmp/galaxy_srv_disk00/pengchx3/carbon_distillation/box_stage3/carbon_distillation/original/H3K27ac/20260628_184631/74766ee0-f721-4258-8e83-cffae1caae89/distill_methodvanilla_dkd_alpha1.0_dkd_beta8.0_kl_methodkl_mse_normalizeFalse_temperature4.0_weight_ce0.5_weight_kl0.5_weight_mse0.0_zscoreFalse/best_model/student.pt,carbon__H3K27ac__distill_methodvanilla_dkd_alpha1.0_dkd_beta8.0_kl_methodkl_mse_normalizeFalse_temperature4.0_weight_ce0.5_weight_kl0.5_weight_mse0.0_zscoreFalse__val0.4601.pt
H3K27ac,distill_methodvanilla_dkd_alpha1.0_dkd_beta8.0_kl_methodkl_mse_normalizeFalse_temperature1.5_weight_ce0.5_weight_kl0.5_weight_mse1.0_zscoreFalse,0.4674,/tmp/galaxy_srv_disk00/pengchx3/carbon_distillation/box_stage3/carbon_distillation/original/H3K27ac/20260628_184639/cba33c0e-e94a-44bf-ab14-748af820b371/distill_methodvanilla_dkd_alpha1.0_dkd_beta8.0_kl_methodkl_mse_normalizeFalse_temperature1.5_weight_ce0.5_weight_kl0.5_weight_mse1.0_zscoreFalse/best_model/student.pt,carbon__H3K27ac__distill_methodvanilla_dkd_alpha1.0_dkd_beta8.0_kl_methodkl_mse_normalizeFalse_temperature1.5_weight_ce0.5_weight_kl0.5_weight_mse1.0_zscoreFalse__val0.4674.pt
H3K27ac,distill_methodvanilla_dkd_alpha1.0_dkd_beta8.0_kl_methodkl_mse_normalizeFalse_temperature1.0_weight_ce0.5_weight_kl0.5_weight_mse1.0_zscoreFalse,0.4666,/tmp/galaxy_srv_disk00/pengchx3/carbon_distillation/box_stage3/carbon_distillation/original/H3K27ac/20260628_184835/0af499f0-2dd1-4ed6-9aec-72478c570ac8/distill_methodvanilla_dkd_alpha1.0_dkd_beta8.0_kl_methodkl_mse_normalizeFalse_temperature1.0_weight_ce0.5_weight_kl0.5_weight_mse1.0_zscoreFalse/best_model/student.pt,carbon__H3K27ac__distill_methodvanilla_dkd_alpha1.0_dkd_beta8.0_kl_methodkl_mse_normalizeFalse_temperature1.0_weight_ce0.5_weight_kl0.5_weight_mse1.0_zscoreFalse__val0.4666.pt
H3K27ac,distill_methodvanilla_dkd_alpha1.0_dkd_beta8.0_kl_methodkl_mse_normalizeFalse_temperature2.0_weight_ce0.5_weight_kl0.5_weight_mse0.0_zscoreFalse,0.4663,/tmp/galaxy_srv_disk00/pengchx3/carbon_distillation/box_stage3/carbon_distillation/original/H3K27ac/20260628_191300/8107adc3-1ec8-49e5-b4e6-10e9900f293f/distill_methodvanilla_dkd_alpha1.0_dkd_beta8.0_kl_methodkl_mse_normalizeFalse_temperature2.0_weight_ce0.5_weight_kl0.5_weight_mse0.0_zscoreFalse/best_model/student.pt,carbon__H3K27ac__distill_methodvanilla_dkd_alpha1.0_dkd_beta8.0_kl_methodkl_mse_normalizeFalse_temperature2.0_weight_ce0.5_weight_kl0.5_weight_mse0.0_zscoreFalse__val0.4663.pt
H3K27ac,distill_methodvanilla_dkd_alpha1.0_dkd_beta8.0_kl_methodkl_mse_normalizeFalse_temperature2.0_weight_ce0.5_weight_kl0.5_weight_mse1.0_zscoreFalse,0.4673,/tmp/galaxy_srv_disk00/pengchx3/carbon_distillation/box_stage3/carbon_distillation/original/H3K27ac/20260628_191302/eba8124e-7896-4d24-a154-18bd743c2ff1/distill_methodvanilla_dkd_alpha1.0_dkd_beta8.0_kl_methodkl_mse_normalizeFalse_temperature2.0_weight_ce0.5_weight_kl0.5_weight_mse1.0_zscoreFalse/best_model/student.pt,carbon__H3K27ac__distill_methodvanilla_dkd_alpha1.0_dkd_beta8.0_kl_methodkl_mse_normalizeFalse_temperature2.0_weight_ce0.5_weight_kl0.5_weight_mse1.0_zscoreFalse__val0.4673.pt
H3K27ac,distill_methodvanilla_dkd_alpha1.0_dkd_beta8.0_kl_methodkl_mse_normalizeFalse_temperature1.5_weight_ce0.5_weight_kl0.5_weight_mse0.0_zscoreFalse,0.4624,/tmp/galaxy_srv_disk00/pengchx3/carbon_distillation/box_stage3/carbon_distillation/original/H3K27ac/20260628_191305/c96a7782-d0ed-4dbd-8d81-98a0d9feb1fc/distill_methodvanilla_dkd_alpha1.0_dkd_beta8.0_kl_methodkl_mse_normalizeFalse_temperature1.5_weight_ce0.5_weight_kl0.5_weight_mse0.0_zscoreFalse/best_model/student.pt,carbon__H3K27ac__distill_methodvanilla_dkd_alpha1.0_dkd_beta8.0_kl_methodkl_mse_normalizeFalse_temperature1.5_weight_ce0.5_weight_kl0.5_weight_mse0.0_zscoreFalse__val0.4624.pt
H3K27ac,distill_methodvanilla_dkd_alpha1.0_dkd_beta8.0_kl_methodkl_mse_normalizeFalse_temperature0.5_weight_ce0.5_weight_kl0.5_weight_mse1.0_zscoreFalse,0.4745,/tmp/galaxy_srv_disk00/pengchx3/carbon_distillation/box_stage3/carbon_distillation/original/H3K27ac/20260628_191307/3bb607f2-8af2-4693-a84d-3bf31d133727/distill_methodvanilla_dkd_alpha1.0_dkd_beta8.0_kl_methodkl_mse_normalizeFalse_temperature0.5_weight_ce0.5_weight_kl0.5_weight_mse1.0_zscoreFalse/best_model/student.pt,carbon__H3K27ac__distill_methodvanilla_dkd_alpha1.0_dkd_beta8.0_kl_methodkl_mse_normalizeFalse_temperature0.5_weight_ce0.5_weight_kl0.5_weight_mse1.0_zscoreFalse__val0.4745.pt
H3K27ac,distill_methodvanilla_dkd_alpha1.0_dkd_beta8.0_kl_methodkl_mse_normalizeFalse_temperature4.0_weight_ce0.5_weight_kl0.5_weight_mse0.0_zscoreFalse,0.4601,/tmp/galaxy_srv_disk00/pengchx3/carbon_distillation/box_stage3/carbon_distillation/original/H3K27ac/20260628_191307/d3d1913d-ae87-401c-965d-d5529fbd52c9/distill_methodvanilla_dkd_alpha1.0_dkd_beta8.0_kl_methodkl_mse_normalizeFalse_temperature4.0_weight_ce0.5_weight_kl0.5_weight_mse0.0_zscoreFalse/best_model/student.pt,carbon__H3K27ac__distill_methodvanilla_dkd_alpha1.0_dkd_beta8.0_kl_methodkl_mse_normalizeFalse_temperature4.0_weight_ce0.5_weight_kl0.5_weight_mse0.0_zscoreFalse__val0.4601.pt
H3K27ac,distill_methodvanilla_dkd_alpha1.0_dkd_beta8.0_kl_methodkl_mse_normalizeFalse_temperature1.0_weight_ce0.5_weight_kl0.5_weight_mse1.0_zscoreFalse,0.4666,/tmp/galaxy_srv_disk00/pengchx3/carbon_distillation/box_stage3/carbon_distillation/original/H3K27ac/20260628_191314/c901cdf0-5cfd-4ec7-912c-c55727630516/distill_methodvanilla_dkd_alpha1.0_dkd_beta8.0_kl_methodkl_mse_normalizeFalse_temperature1.0_weight_ce0.5_weight_kl0.5_weight_mse1.0_zscoreFalse/best_model/student.pt,carbon__H3K27ac__distill_methodvanilla_dkd_alpha1.0_dkd_beta8.0_kl_methodkl_mse_normalizeFalse_temperature1.0_weight_ce0.5_weight_kl0.5_weight_mse1.0_zscoreFalse__val0.4666.pt
H3K27ac,distill_methodvanilla_dkd_alpha1.0_dkd_beta8.0_kl_methodkl_mse_normalizeFalse_temperature1.5_weight_ce0.5_weight_kl0.5_weight_mse1.0_zscoreFalse,0.4683,/tmp/galaxy_srv_disk00/pengchx3/carbon_distillation/box_stage3/carbon_distillation/original/H3K27ac/20260628_191317/d0e83849-ed1b-42ce-845d-cffd29beacca/distill_methodvanilla_dkd_alpha1.0_dkd_beta8.0_kl_methodkl_mse_normalizeFalse_temperature1.5_weight_ce0.5_weight_kl0.5_weight_mse1.0_zscoreFalse/best_model/student.pt,carbon__H3K27ac__distill_methodvanilla_dkd_alpha1.0_dkd_beta8.0_kl_methodkl_mse_normalizeFalse_temperature1.5_weight_ce0.5_weight_kl0.5_weight_mse1.0_zscoreFalse__val0.4683.pt
H3K27ac,distill_methodvanilla_dkd_alpha1.0_dkd_beta8.0_kl_methodkl_mse_normalizeFalse_temperature4.0_weight_ce0.5_weight_kl0.5_weight_mse1.0_zscoreFalse,0.4672,/tmp/galaxy_srv_disk00/pengchx3/carbon_distillation/box_stage3/carbon_distillation/original/H3K27ac/20260628_191324/1f653c4f-99c8-4e2d-933f-71806c152699/distill_methodvanilla_dkd_alpha1.0_dkd_beta8.0_kl_methodkl_mse_normalizeFalse_temperature4.0_weight_ce0.5_weight_kl0.5_weight_mse1.0_zscoreFalse/best_model/student.pt,carbon__H3K27ac__distill_methodvanilla_dkd_alpha1.0_dkd_beta8.0_kl_methodkl_mse_normalizeFalse_temperature4.0_weight_ce0.5_weight_kl0.5_weight_mse1.0_zscoreFalse__val0.4672.pt
H3K27ac,distill_methodvanilla_dkd_alpha1.0_dkd_beta8.0_kl_methodkl_mse_normalizeFalse_temperature1.5_weight_ce0.5_weight_kl0.5_weight_mse0.0_zscoreFalse,0.4871,/tmp/galaxy_srv_disk00/pengchx3/carbon_distillation/box_stage3/carbon_distillation/original/H3K27ac/20260628_192734/f5f6290b-e077-41bc-a5e2-9d99ef9d1cfb/distill_methodvanilla_dkd_alpha1.0_dkd_beta8.0_kl_methodkl_mse_normalizeFalse_temperature1.5_weight_ce0.5_weight_kl0.5_weight_mse0.0_zscoreFalse/best_model/student.pt,carbon__H3K27ac__distill_methodvanilla_dkd_alpha1.0_dkd_beta8.0_kl_methodkl_mse_normalizeFalse_temperature1.5_weight_ce0.5_weight_kl0.5_weight_mse0.0_zscoreFalse__val0.4871.pt
H3K27ac,distill_methodvanilla_dkd_alpha1.0_dkd_beta8.0_kl_methodkl_mse_normalizeFalse_temperature1.0_weight_ce0.5_weight_kl0.5_weight_mse1.0_zscoreFalse,0.4666,/tmp/galaxy_srv_disk00/pengchx3/carbon_distillation/box_stage3/carbon_distillation/original/H3K27ac/20260628_193819/78afbab5-d0f4-435f-b770-80c8c128fb5c/distill_methodvanilla_dkd_alpha1.0_dkd_beta8.0_kl_methodkl_mse_normalizeFalse_temperature1.0_weight_ce0.5_weight_kl0.5_weight_mse1.0_zscoreFalse/best_model/student.pt,carbon__H3K27ac__distill_methodvanilla_dkd_alpha1.0_dkd_beta8.0_kl_methodkl_mse_normalizeFalse_temperature1.0_weight_ce0.5_weight_kl0.5_weight_mse1.0_zscoreFalse__val0.4666.pt
H3K27ac,distill_methodvanilla_dkd_alpha1.0_dkd_beta8.0_kl_methodkl_mse_normalizeFalse_temperature1.5_weight_ce0.5_weight_kl0.5_weight_mse0.0_zscoreFalse,0.4871,/tmp/galaxy_srv_disk00/pengchx3/carbon_distillation/box_stage3/carbon_distillation/original/H3K27ac/20260628_193820/0161fee2-0a87-4e61-b036-ee2ad601447c/distill_methodvanilla_dkd_alpha1.0_dkd_beta8.0_kl_methodkl_mse_normalizeFalse_temperature1.5_weight_ce0.5_weight_kl0.5_weight_mse0.0_zscoreFalse/best_model/student.pt,carbon__H3K27ac__distill_methodvanilla_dkd_alpha1.0_dkd_beta8.0_kl_methodkl_mse_normalizeFalse_temperature1.5_weight_ce0.5_weight_kl0.5_weight_mse0.0_zscoreFalse__val0.4871.pt
H3K27ac,distill_methodvanilla_dkd_alpha1.0_dkd_beta8.0_kl_methodkl_mse_normalizeFalse_temperature2.0_weight_ce0.5_weight_kl0.5_weight_mse0.0_zscoreFalse,0.4785,/tmp/galaxy_srv_disk00/pengchx3/carbon_distillation/box_stage3/carbon_distillation/original/H3K27ac/20260628_193821/55e4c6c9-4ce4-4878-bd3c-21ff6c65563c/distill_methodvanilla_dkd_alpha1.0_dkd_beta8.0_kl_methodkl_mse_normalizeFalse_temperature2.0_weight_ce0.5_weight_kl0.5_weight_mse0.0_zscoreFalse/best_model/student.pt,carbon__H3K27ac__distill_methodvanilla_dkd_alpha1.0_dkd_beta8.0_kl_methodkl_mse_normalizeFalse_temperature2.0_weight_ce0.5_weight_kl0.5_weight_mse0.0_zscoreFalse__val0.4785.pt
H3K27ac,distill_methodvanilla_dkd_alpha1.0_dkd_beta8.0_kl_methodkl_mse_normalizeFalse_temperature4.0_weight_ce0.5_weight_kl0.5_weight_mse0.0_zscoreFalse,0.4909,/tmp/galaxy_srv_disk00/pengchx3/carbon_distillation/box_stage3/carbon_distillation/original/H3K27ac/20260628_193824/7211016b-ee65-4137-b89c-db7fd340c16d/distill_methodvanilla_dkd_alpha1.0_dkd_beta8.0_kl_methodkl_mse_normalizeFalse_temperature4.0_weight_ce0.5_weight_kl0.5_weight_mse0.0_zscoreFalse/best_model/student.pt,carbon__H3K27ac__distill_methodvanilla_dkd_alpha1.0_dkd_beta8.0_kl_methodkl_mse_normalizeFalse_temperature4.0_weight_ce0.5_weight_kl0.5_weight_mse0.0_zscoreFalse__val0.4909.pt
H3K27ac,distill_methodvanilla_dkd_alpha1.0_dkd_beta8.0_kl_methodkl_mse_normalizeFalse_temperature1.5_weight_ce0.5_weight_kl0.5_weight_mse1.0_zscoreFalse,0.4707,/tmp/galaxy_srv_disk00/pengchx3/carbon_distillation/box_stage3/carbon_distillation/original/H3K27ac/20260628_193833/cc8b6a28-4611-40be-b701-0ecb0d6b7b0f/distill_methodvanilla_dkd_alpha1.0_dkd_beta8.0_kl_methodkl_mse_normalizeFalse_temperature1.5_weight_ce0.5_weight_kl0.5_weight_mse1.0_zscoreFalse/best_model/student.pt,carbon__H3K27ac__distill_methodvanilla_dkd_alpha1.0_dkd_beta8.0_kl_methodkl_mse_normalizeFalse_temperature1.5_weight_ce0.5_weight_kl0.5_weight_mse1.0_zscoreFalse__val0.4707.pt
H3K27ac,distill_methodvanilla_dkd_alpha1.0_dkd_beta8.0_kl_methodkl_mse_normalizeFalse_temperature0.5_weight_ce0.5_weight_kl0.5_weight_mse1.0_zscoreFalse,0.4745,/tmp/galaxy_srv_disk00/pengchx3/carbon_distillation/box_stage3/carbon_distillation/original/H3K27ac/20260628_194019/f38d696a-2659-4230-a81f-7e48fd201ee5/distill_methodvanilla_dkd_alpha1.0_dkd_beta8.0_kl_methodkl_mse_normalizeFalse_temperature0.5_weight_ce0.5_weight_kl0.5_weight_mse1.0_zscoreFalse/best_model/student.pt,carbon__H3K27ac__distill_methodvanilla_dkd_alpha1.0_dkd_beta8.0_kl_methodkl_mse_normalizeFalse_temperature0.5_weight_ce0.5_weight_kl0.5_weight_mse1.0_zscoreFalse__val0.4745.pt
H3K27ac,distill_methodvanilla_dkd_alpha1.0_dkd_beta8.0_kl_methodkl_mse_normalizeFalse_temperature2.0_weight_ce0.5_weight_kl0.5_weight_mse1.0_zscoreFalse,0.4678,/tmp/galaxy_srv_disk00/pengchx3/carbon_distillation/box_stage3/carbon_distillation/original/H3K27ac/20260628_200422/189f97b3-22f0-4362-a953-ce05920c0040/distill_methodvanilla_dkd_alpha1.0_dkd_beta8.0_kl_methodkl_mse_normalizeFalse_temperature2.0_weight_ce0.5_weight_kl0.5_weight_mse1.0_zscoreFalse/best_model/student.pt,carbon__H3K27ac__distill_methodvanilla_dkd_alpha1.0_dkd_beta8.0_kl_methodkl_mse_normalizeFalse_temperature2.0_weight_ce0.5_weight_kl0.5_weight_mse1.0_zscoreFalse__val0.4678.pt
H3K27ac,distill_methodvanilla_dkd_alpha1.0_dkd_beta8.0_kl_methodkl_mse_normalizeFalse_temperature4.0_weight_ce0.5_weight_kl0.5_weight_mse1.0_zscoreFalse,0.4767,/tmp/galaxy_srv_disk00/pengchx3/carbon_distillation/box_stage3/carbon_distillation/original/H3K27ac/20260628_200525/95e8afa8-c48d-4100-8d94-44f3f6509997/distill_methodvanilla_dkd_alpha1.0_dkd_beta8.0_kl_methodkl_mse_normalizeFalse_temperature4.0_weight_ce0.5_weight_kl0.5_weight_mse1.0_zscoreFalse/best_model/student.pt,carbon__H3K27ac__distill_methodvanilla_dkd_alpha1.0_dkd_beta8.0_kl_methodkl_mse_normalizeFalse_temperature4.0_weight_ce0.5_weight_kl0.5_weight_mse1.0_zscoreFalse__val0.4767.pt
H3K27ac,distill_methodvanilla_dkd_alpha1.0_dkd_beta8.0_kl_methodkl_mse_normalizeFalse_temperature0.5_weight_ce0.5_weight_kl1.0_weight_mse0.0_zscoreFalse,0.4834,/tmp/galaxy_srv_disk00/pengchx3/carbon_distillation/box_stage3/carbon_distillation/original/H3K27ac/20260628_200702/c3d31c4f-7a43-4e50-8db0-20a73ea7c4af/distill_methodvanilla_dkd_alpha1.0_dkd_beta8.0_kl_methodkl_mse_normalizeFalse_temperature0.5_weight_ce0.5_weight_kl1.0_weight_mse0.0_zscoreFalse/best_model/student.pt,carbon__H3K27ac__distill_methodvanilla_dkd_alpha1.0_dkd_beta8.0_kl_methodkl_mse_normalizeFalse_temperature0.5_weight_ce0.5_weight_kl1.0_weight_mse0.0_zscoreFalse__val0.4834.pt
H3K27ac,distill_methodvanilla_dkd_alpha1.0_dkd_beta8.0_kl_methodkl_mse_normalizeFalse_temperature1.0_weight_ce0.5_weight_kl1.0_weight_mse0.0_zscoreFalse,0.4760,/tmp/galaxy_srv_disk00/pengchx3/carbon_distillation/box_stage3/carbon_distillation/original/H3K27ac/20260628_201055/94954e8b-2768-4e62-b751-0c0607afbe82/distill_methodvanilla_dkd_alpha1.0_dkd_beta8.0_kl_methodkl_mse_normalizeFalse_temperature1.0_weight_ce0.5_weight_kl1.0_weight_mse0.0_zscoreFalse/best_model/student.pt,carbon__H3K27ac__distill_methodvanilla_dkd_alpha1.0_dkd_beta8.0_kl_methodkl_mse_normalizeFalse_temperature1.0_weight_ce0.5_weight_kl1.0_weight_mse0.0_zscoreFalse__val0.4760.pt
H3K27ac,distill_methodvanilla_dkd_alpha1.0_dkd_beta8.0_kl_methodkl_mse_normalizeFalse_temperature1.5_weight_ce0.5_weight_kl1.0_weight_mse0.0_zscoreFalse,0.4802,/tmp/galaxy_srv_disk00/pengchx3/carbon_distillation/box_stage3/carbon_distillation/original/H3K27ac/20260628_201608/e0b17040-b9ee-4f14-a39a-25184f6397cb/distill_methodvanilla_dkd_alpha1.0_dkd_beta8.0_kl_methodkl_mse_normalizeFalse_temperature1.5_weight_ce0.5_weight_kl1.0_weight_mse0.0_zscoreFalse/best_model/student.pt,carbon__H3K27ac__distill_methodvanilla_dkd_alpha1.0_dkd_beta8.0_kl_methodkl_mse_normalizeFalse_temperature1.5_weight_ce0.5_weight_kl1.0_weight_mse0.0_zscoreFalse__val0.4802.pt
H3K27ac,distill_methodvanilla_dkd_alpha1.0_dkd_beta8.0_kl_methodkl_mse_normalizeFalse_temperature2.0_weight_ce0.5_weight_kl1.0_weight_mse0.0_zscoreFalse,0.4797,/tmp/galaxy_srv_disk00/pengchx3/carbon_distillation/box_stage3/carbon_distillation/original/H3K27ac/20260628_201912/ba8f03bb-c6c0-4aee-be24-b223c1313548/distill_methodvanilla_dkd_alpha1.0_dkd_beta8.0_kl_methodkl_mse_normalizeFalse_temperature2.0_weight_ce0.5_weight_kl1.0_weight_mse0.0_zscoreFalse/best_model/student.pt,carbon__H3K27ac__distill_methodvanilla_dkd_alpha1.0_dkd_beta8.0_kl_methodkl_mse_normalizeFalse_temperature2.0_weight_ce0.5_weight_kl1.0_weight_mse0.0_zscoreFalse__val0.4797.pt
H3K27ac,distill_methodvanilla_dkd_alpha1.0_dkd_beta8.0_kl_methodkl_mse_normalizeFalse_temperature4.0_weight_ce0.5_weight_kl1.0_weight_mse0.0_zscoreFalse,0.4755,/tmp/galaxy_srv_disk00/pengchx3/carbon_distillation/box_stage3/carbon_distillation/original/H3K27ac/20260628_203341/42065041-d530-4de3-914e-d9ed966c2597/distill_methodvanilla_dkd_alpha1.0_dkd_beta8.0_kl_methodkl_mse_normalizeFalse_temperature4.0_weight_ce0.5_weight_kl1.0_weight_mse0.0_zscoreFalse/best_model/student.pt,carbon__H3K27ac__distill_methodvanilla_dkd_alpha1.0_dkd_beta8.0_kl_methodkl_mse_normalizeFalse_temperature4.0_weight_ce0.5_weight_kl1.0_weight_mse0.0_zscoreFalse__val0.4755.pt
H3K27ac,distill_methodvanilla_dkd_alpha1.0_dkd_beta8.0_kl_methodkl_mse_normalizeFalse_temperature0.5_weight_ce0.5_weight_kl1.0_weight_mse1.0_zscoreFalse,0.4746,/tmp/galaxy_srv_disk00/pengchx3/carbon_distillation/box_stage3/carbon_distillation/original/H3K27ac/20260628_203342/57ab4ef0-2358-4bc3-a724-4ed7db6c07d5/distill_methodvanilla_dkd_alpha1.0_dkd_beta8.0_kl_methodkl_mse_normalizeFalse_temperature0.5_weight_ce0.5_weight_kl1.0_weight_mse1.0_zscoreFalse/best_model/student.pt,carbon__H3K27ac__distill_methodvanilla_dkd_alpha1.0_dkd_beta8.0_kl_methodkl_mse_normalizeFalse_temperature0.5_weight_ce0.5_weight_kl1.0_weight_mse1.0_zscoreFalse__val0.4746.pt
H3K27ac,distill_methodvanilla_dkd_alpha1.0_dkd_beta8.0_kl_methodkl_mse_normalizeFalse_temperature1.0_weight_ce0.5_weight_kl1.0_weight_mse1.0_zscoreFalse,0.4802,/tmp/galaxy_srv_disk00/pengchx3/carbon_distillation/box_stage3/carbon_distillation/original/H3K27ac/20260628_203919/d4ff5429-fbcd-45d6-ab10-a633c4983b3f/distill_methodvanilla_dkd_alpha1.0_dkd_beta8.0_kl_methodkl_mse_normalizeFalse_temperature1.0_weight_ce0.5_weight_kl1.0_weight_mse1.0_zscoreFalse/best_model/student.pt,carbon__H3K27ac__distill_methodvanilla_dkd_alpha1.0_dkd_beta8.0_kl_methodkl_mse_normalizeFalse_temperature1.0_weight_ce0.5_weight_kl1.0_weight_mse1.0_zscoreFalse__val0.4802.pt
H3K27ac,distill_methodvanilla_dkd_alpha1.0_dkd_beta8.0_kl_methodkl_mse_normalizeFalse_temperature1.5_weight_ce0.5_weight_kl1.0_weight_mse1.0_zscoreFalse,0.4762,/tmp/galaxy_srv_disk00/pengchx3/carbon_distillation/box_stage3/carbon_distillation/original/H3K27ac/20260628_204811/c4bcf097-30c3-4e7b-9989-673c02aea463/distill_methodvanilla_dkd_alpha1.0_dkd_beta8.0_kl_methodkl_mse_normalizeFalse_temperature1.5_weight_ce0.5_weight_kl1.0_weight_mse1.0_zscoreFalse/best_model/student.pt,carbon__H3K27ac__distill_methodvanilla_dkd_alpha1.0_dkd_beta8.0_kl_methodkl_mse_normalizeFalse_temperature1.5_weight_ce0.5_weight_kl1.0_weight_mse1.0_zscoreFalse__val0.4762.pt
H3K27ac,distill_methodvanilla_dkd_alpha1.0_dkd_beta8.0_kl_methodkl_mse_normalizeFalse_temperature2.0_weight_ce0.5_weight_kl1.0_weight_mse1.0_zscoreFalse,0.4760,/tmp/galaxy_srv_disk00/pengchx3/carbon_distillation/box_stage3/carbon_distillation/original/H3K27ac/20260628_205955/ec025c9f-f800-4bf6-9a64-d7d9d28b3c3f/distill_methodvanilla_dkd_alpha1.0_dkd_beta8.0_kl_methodkl_mse_normalizeFalse_temperature2.0_weight_ce0.5_weight_kl1.0_weight_mse1.0_zscoreFalse/best_model/student.pt,carbon__H3K27ac__distill_methodvanilla_dkd_alpha1.0_dkd_beta8.0_kl_methodkl_mse_normalizeFalse_temperature2.0_weight_ce0.5_weight_kl1.0_weight_mse1.0_zscoreFalse__val0.4760.pt
H3K27ac,distill_methodvanilla_dkd_alpha1.0_dkd_beta8.0_kl_methodkl_mse_normalizeFalse_temperature4.0_weight_ce0.5_weight_kl1.0_weight_mse1.0_zscoreFalse,0.4721,/tmp/galaxy_srv_disk00/pengchx3/carbon_distillation/box_stage3/carbon_distillation/original/H3K27ac/20260628_210022/1c321622-2704-47bc-85d6-066dc8677648/distill_methodvanilla_dkd_alpha1.0_dkd_beta8.0_kl_methodkl_mse_normalizeFalse_temperature4.0_weight_ce0.5_weight_kl1.0_weight_mse1.0_zscoreFalse/best_model/student.pt,carbon__H3K27ac__distill_methodvanilla_dkd_alpha1.0_dkd_beta8.0_kl_methodkl_mse_normalizeFalse_temperature4.0_weight_ce0.5_weight_kl1.0_weight_mse1.0_zscoreFalse__val0.4721.pt
H3K27ac,distill_methodvanilla_dkd_alpha1.0_dkd_beta8.0_kl_methodkl_mse_normalizeFalse_temperature1.0_weight_ce0.5_weight_kl0.5_weight_mse1.0_zscoreFalse,0.4666,/tmp/galaxy_srv_disk00/pengchx3/carbon_distillation/box_stage3/carbon_distillation/original/H3K27ac/20260628_213019/d6ba459f-b1b8-47a3-bf0a-a49e8b2513d2/distill_methodvanilla_dkd_alpha1.0_dkd_beta8.0_kl_methodkl_mse_normalizeFalse_temperature1.0_weight_ce0.5_weight_kl0.5_weight_mse1.0_zscoreFalse/best_model/student.pt,carbon__H3K27ac__distill_methodvanilla_dkd_alpha1.0_dkd_beta8.0_kl_methodkl_mse_normalizeFalse_temperature1.0_weight_ce0.5_weight_kl0.5_weight_mse1.0_zscoreFalse__val0.4666.pt
H3K27ac,distill_methodvanilla_dkd_alpha1.0_dkd_beta8.0_kl_methodkl_mse_normalizeFalse_temperature0.5_weight_ce0.5_weight_kl1.0_weight_mse1.0_zscoreFalse,0.4746,/tmp/galaxy_srv_disk00/pengchx3/carbon_distillation/box_stage3/carbon_distillation/original/H3K27ac/20260628_213022/e2bb512d-d981-490d-93fb-40c07626850a/distill_methodvanilla_dkd_alpha1.0_dkd_beta8.0_kl_methodkl_mse_normalizeFalse_temperature0.5_weight_ce0.5_weight_kl1.0_weight_mse1.0_zscoreFalse/best_model/student.pt,carbon__H3K27ac__distill_methodvanilla_dkd_alpha1.0_dkd_beta8.0_kl_methodkl_mse_normalizeFalse_temperature0.5_weight_ce0.5_weight_kl1.0_weight_mse1.0_zscoreFalse__val0.4746.pt
H3K27ac,distill_methodvanilla_dkd_alpha1.0_dkd_beta8.0_kl_methodkl_mse_normalizeFalse_temperature4.0_weight_ce0.5_weight_kl1.0_weight_mse0.0_zscoreFalse,0.4563,/tmp/galaxy_srv_disk00/pengchx3/carbon_distillation/box_stage3/carbon_distillation/original/H3K27ac/20260628_213024/203dcb23-3353-498c-8e8c-2a98d566d807/distill_methodvanilla_dkd_alpha1.0_dkd_beta8.0_kl_methodkl_mse_normalizeFalse_temperature4.0_weight_ce0.5_weight_kl1.0_weight_mse0.0_zscoreFalse/best_model/student.pt,carbon__H3K27ac__distill_methodvanilla_dkd_alpha1.0_dkd_beta8.0_kl_methodkl_mse_normalizeFalse_temperature4.0_weight_ce0.5_weight_kl1.0_weight_mse0.0_zscoreFalse__val0.4563.pt
H3K27ac,distill_methodvanilla_dkd_alpha1.0_dkd_beta8.0_kl_methodkl_mse_normalizeFalse_temperature2.0_weight_ce0.5_weight_kl1.0_weight_mse0.0_zscoreFalse,0.4583,/tmp/galaxy_srv_disk00/pengchx3/carbon_distillation/box_stage3/carbon_distillation/original/H3K27ac/20260628_213024/43ed0598-d51f-47f9-bbbb-bbdf4524e72e/distill_methodvanilla_dkd_alpha1.0_dkd_beta8.0_kl_methodkl_mse_normalizeFalse_temperature2.0_weight_ce0.5_weight_kl1.0_weight_mse0.0_zscoreFalse/best_model/student.pt,carbon__H3K27ac__distill_methodvanilla_dkd_alpha1.0_dkd_beta8.0_kl_methodkl_mse_normalizeFalse_temperature2.0_weight_ce0.5_weight_kl1.0_weight_mse0.0_zscoreFalse__val0.4583.pt
H3K27ac,distill_methodvanilla_dkd_alpha1.0_dkd_beta8.0_kl_methodkl_mse_normalizeFalse_temperature1.0_weight_ce0.5_weight_kl1.0_weight_mse0.0_zscoreFalse,0.4617,/tmp/galaxy_srv_disk00/pengchx3/carbon_distillation/box_stage3/carbon_distillation/original/H3K27ac/20260628_213026/e3693e4c-8927-409f-b9e1-3bceaacbe76c/distill_methodvanilla_dkd_alpha1.0_dkd_beta8.0_kl_methodkl_mse_normalizeFalse_temperature1.0_weight_ce0.5_weight_kl1.0_weight_mse0.0_zscoreFalse/best_model/student.pt,carbon__H3K27ac__distill_methodvanilla_dkd_alpha1.0_dkd_beta8.0_kl_methodkl_mse_normalizeFalse_temperature1.0_weight_ce0.5_weight_kl1.0_weight_mse0.0_zscoreFalse__val0.4617.pt
H3K27ac,distill_methodvanilla_dkd_alpha1.0_dkd_beta8.0_kl_methodkl_mse_normalizeFalse_temperature2.0_weight_ce0.5_weight_kl0.5_weight_mse0.0_zscoreFalse,0.4663,/tmp/galaxy_srv_disk00/pengchx3/carbon_distillation/box_stage3/carbon_distillation/original/H3K27ac/20260628_213029/0077189e-4ec8-4806-9a1e-2d761eb55459/distill_methodvanilla_dkd_alpha1.0_dkd_beta8.0_kl_methodkl_mse_normalizeFalse_temperature2.0_weight_ce0.5_weight_kl0.5_weight_mse0.0_zscoreFalse/best_model/student.pt,carbon__H3K27ac__distill_methodvanilla_dkd_alpha1.0_dkd_beta8.0_kl_methodkl_mse_normalizeFalse_temperature2.0_weight_ce0.5_weight_kl0.5_weight_mse0.0_zscoreFalse__val0.4663.pt
H3K27ac,distill_methodvanilla_dkd_alpha1.0_dkd_beta8.0_kl_methodkl_mse_normalizeFalse_temperature1.5_weight_ce0.5_weight_kl0.5_weight_mse0.0_zscoreFalse,0.4624,/tmp/galaxy_srv_disk00/pengchx3/carbon_distillation/box_stage3/carbon_distillation/original/H3K27ac/20260628_213031/b5a6d348-a584-469d-a474-084ab3b0aa4c/distill_methodvanilla_dkd_alpha1.0_dkd_beta8.0_kl_methodkl_mse_normalizeFalse_temperature1.5_weight_ce0.5_weight_kl0.5_weight_mse0.0_zscoreFalse/best_model/student.pt,carbon__H3K27ac__distill_methodvanilla_dkd_alpha1.0_dkd_beta8.0_kl_methodkl_mse_normalizeFalse_temperature1.5_weight_ce0.5_weight_kl0.5_weight_mse0.0_zscoreFalse__val0.4624.pt
H3K27ac,distill_methodvanilla_dkd_alpha1.0_dkd_beta8.0_kl_methodkl_mse_normalizeFalse_temperature1.0_weight_ce0.5_weight_kl1.0_weight_mse1.0_zscoreFalse,0.4778,/tmp/galaxy_srv_disk00/pengchx3/carbon_distillation/box_stage3/carbon_distillation/original/H3K27ac/20260628_213031/cdf76175-a3f4-4f4f-8665-08692b3d9fc5/distill_methodvanilla_dkd_alpha1.0_dkd_beta8.0_kl_methodkl_mse_normalizeFalse_temperature1.0_weight_ce0.5_weight_kl1.0_weight_mse1.0_zscoreFalse/best_model/student.pt,carbon__H3K27ac__distill_methodvanilla_dkd_alpha1.0_dkd_beta8.0_kl_methodkl_mse_normalizeFalse_temperature1.0_weight_ce0.5_weight_kl1.0_weight_mse1.0_zscoreFalse__val0.4778.pt
H3K27ac,distill_methodvanilla_dkd_alpha1.0_dkd_beta8.0_kl_methodkl_mse_normalizeFalse_temperature1.5_weight_ce0.5_weight_kl1.0_weight_mse1.0_zscoreFalse,0.4739,/tmp/galaxy_srv_disk00/pengchx3/carbon_distillation/box_stage3/carbon_distillation/original/H3K27ac/20260628_213033/810472ec-f421-417e-9412-89204b8d4908/distill_methodvanilla_dkd_alpha1.0_dkd_beta8.0_kl_methodkl_mse_normalizeFalse_temperature1.5_weight_ce0.5_weight_kl1.0_weight_mse1.0_zscoreFalse/best_model/student.pt,carbon__H3K27ac__distill_methodvanilla_dkd_alpha1.0_dkd_beta8.0_kl_methodkl_mse_normalizeFalse_temperature1.5_weight_ce0.5_weight_kl1.0_weight_mse1.0_zscoreFalse__val0.4739.pt
H3K27ac,distill_methodvanilla_dkd_alpha1.0_dkd_beta8.0_kl_methodkl_mse_normalizeFalse_temperature4.0_weight_ce0.5_weight_kl0.5_weight_mse0.0_zscoreFalse,0.4601,/tmp/galaxy_srv_disk00/pengchx3/carbon_distillation/box_stage3/carbon_distillation/original/H3K27ac/20260628_213035/1bb1a7df-7b78-4a05-a0be-df8880b7ba3e/distill_methodvanilla_dkd_alpha1.0_dkd_beta8.0_kl_methodkl_mse_normalizeFalse_temperature4.0_weight_ce0.5_weight_kl0.5_weight_mse0.0_zscoreFalse/best_model/student.pt,carbon__H3K27ac__distill_methodvanilla_dkd_alpha1.0_dkd_beta8.0_kl_methodkl_mse_normalizeFalse_temperature4.0_weight_ce0.5_weight_kl0.5_weight_mse0.0_zscoreFalse__val0.4601.pt
H3K27ac,distill_methodvanilla_dkd_alpha1.0_dkd_beta8.0_kl_methodkl_mse_normalizeFalse_temperature0.5_weight_ce0.5_weight_kl0.5_weight_mse1.0_zscoreFalse,0.4745,/tmp/galaxy_srv_disk00/pengchx3/carbon_distillation/box_stage3/carbon_distillation/original/H3K27ac/20260628_213035/aa3d1062-3cd1-46bc-bda3-341805eeae73/distill_methodvanilla_dkd_alpha1.0_dkd_beta8.0_kl_methodkl_mse_normalizeFalse_temperature0.5_weight_ce0.5_weight_kl0.5_weight_mse1.0_zscoreFalse/best_model/student.pt,carbon__H3K27ac__distill_methodvanilla_dkd_alpha1.0_dkd_beta8.0_kl_methodkl_mse_normalizeFalse_temperature0.5_weight_ce0.5_weight_kl0.5_weight_mse1.0_zscoreFalse__val0.4745.pt
H3K27ac,distill_methodvanilla_dkd_alpha1.0_dkd_beta8.0_kl_methodkl_mse_normalizeFalse_temperature1.5_weight_ce0.5_weight_kl1.0_weight_mse0.0_zscoreFalse,0.4634,/tmp/galaxy_srv_disk00/pengchx3/carbon_distillation/box_stage3/carbon_distillation/original/H3K27ac/20260628_213036/52940b29-8eca-44cb-bd16-8ad72a12d07d/distill_methodvanilla_dkd_alpha1.0_dkd_beta8.0_kl_methodkl_mse_normalizeFalse_temperature1.5_weight_ce0.5_weight_kl1.0_weight_mse0.0_zscoreFalse/best_model/student.pt,carbon__H3K27ac__distill_methodvanilla_dkd_alpha1.0_dkd_beta8.0_kl_methodkl_mse_normalizeFalse_temperature1.5_weight_ce0.5_weight_kl1.0_weight_mse0.0_zscoreFalse__val0.4634.pt
H3K27ac,distill_methodvanilla_dkd_alpha1.0_dkd_beta8.0_kl_methodkl_mse_normalizeFalse_temperature1.5_weight_ce0.5_weight_kl0.5_weight_mse1.0_zscoreFalse,0.4683,/tmp/galaxy_srv_disk00/pengchx3/carbon_distillation/box_stage3/carbon_distillation/original/H3K27ac/20260628_213036/cb3f3ccc-3d95-48de-a4a3-9bc223ce21e2/distill_methodvanilla_dkd_alpha1.0_dkd_beta8.0_kl_methodkl_mse_normalizeFalse_temperature1.5_weight_ce0.5_weight_kl0.5_weight_mse1.0_zscoreFalse/best_model/student.pt,carbon__H3K27ac__distill_methodvanilla_dkd_alpha1.0_dkd_beta8.0_kl_methodkl_mse_normalizeFalse_temperature1.5_weight_ce0.5_weight_kl0.5_weight_mse1.0_zscoreFalse__val0.4683.pt
H3K27ac,distill_methodvanilla_dkd_alpha1.0_dkd_beta8.0_kl_methodkl_mse_normalizeFalse_temperature0.5_weight_ce0.5_weight_kl1.0_weight_mse0.0_zscoreFalse,0.4583,/tmp/galaxy_srv_disk00/pengchx3/carbon_distillation/box_stage3/carbon_distillation/original/H3K27ac/20260628_213038/dfcdfcbd-edeb-4d64-b37f-1ae8b0b74010/distill_methodvanilla_dkd_alpha1.0_dkd_beta8.0_kl_methodkl_mse_normalizeFalse_temperature0.5_weight_ce0.5_weight_kl1.0_weight_mse0.0_zscoreFalse/best_model/student.pt,carbon__H3K27ac__distill_methodvanilla_dkd_alpha1.0_dkd_beta8.0_kl_methodkl_mse_normalizeFalse_temperature0.5_weight_ce0.5_weight_kl1.0_weight_mse0.0_zscoreFalse__val0.4583.pt
H3K27ac,distill_methodvanilla_dkd_alpha1.0_dkd_beta8.0_kl_methodkl_mse_normalizeFalse_temperature4.0_weight_ce0.5_weight_kl0.5_weight_mse1.0_zscoreFalse,0.4672,/tmp/galaxy_srv_disk00/pengchx3/carbon_distillation/box_stage3/carbon_distillation/original/H3K27ac/20260628_213044/5acc006d-7c0e-4d72-b125-7aa222b36c7b/distill_methodvanilla_dkd_alpha1.0_dkd_beta8.0_kl_methodkl_mse_normalizeFalse_temperature4.0_weight_ce0.5_weight_kl0.5_weight_mse1.0_zscoreFalse/best_model/student.pt,carbon__H3K27ac__distill_methodvanilla_dkd_alpha1.0_dkd_beta8.0_kl_methodkl_mse_normalizeFalse_temperature4.0_weight_ce0.5_weight_kl0.5_weight_mse1.0_zscoreFalse__val0.4672.pt
H3K27ac,distill_methodvanilla_dkd_alpha1.0_dkd_beta8.0_kl_methodkl_mse_normalizeFalse_temperature2.0_weight_ce0.5_weight_kl0.5_weight_mse1.0_zscoreFalse,0.4669,/tmp/galaxy_srv_disk00/pengchx3/carbon_distillation/box_stage3/carbon_distillation/original/H3K27ac/20260628_213225/1d653de8-75aa-4907-ad9c-16bff4861adf/distill_methodvanilla_dkd_alpha1.0_dkd_beta8.0_kl_methodkl_mse_normalizeFalse_temperature2.0_weight_ce0.5_weight_kl0.5_weight_mse1.0_zscoreFalse/best_model/student.pt,carbon__H3K27ac__distill_methodvanilla_dkd_alpha1.0_dkd_beta8.0_kl_methodkl_mse_normalizeFalse_temperature2.0_weight_ce0.5_weight_kl0.5_weight_mse1.0_zscoreFalse__val0.4669.pt
H3K27ac,distill_methodvanilla_dkd_alpha1.0_dkd_beta8.0_kl_methodkl_mse_normalizeFalse_temperature1.5_weight_ce0.5_weight_kl0.5_weight_mse0.0_zscoreFalse,0.4871,/tmp/galaxy_srv_disk00/pengchx3/carbon_distillation/box_stage3/carbon_distillation/original/H3K27ac/20260628_215703/da49902d-5549-4949-86ef-c5d172211f3e/distill_methodvanilla_dkd_alpha1.0_dkd_beta8.0_kl_methodkl_mse_normalizeFalse_temperature1.5_weight_ce0.5_weight_kl0.5_weight_mse0.0_zscoreFalse/best_model/student.pt,carbon__H3K27ac__distill_methodvanilla_dkd_alpha1.0_dkd_beta8.0_kl_methodkl_mse_normalizeFalse_temperature1.5_weight_ce0.5_weight_kl0.5_weight_mse0.0_zscoreFalse__val0.4871.pt
H3K27ac,distill_methodvanilla_dkd_alpha1.0_dkd_beta8.0_kl_methodkl_mse_normalizeFalse_temperature2.0_weight_ce0.5_weight_kl0.5_weight_mse0.0_zscoreFalse,0.4772,/tmp/galaxy_srv_disk00/pengchx3/carbon_distillation/box_stage3/carbon_distillation/original/H3K27ac/20260628_215706/2e18e58c-f9a2-4a6a-acd8-33030cac93cc/distill_methodvanilla_dkd_alpha1.0_dkd_beta8.0_kl_methodkl_mse_normalizeFalse_temperature2.0_weight_ce0.5_weight_kl0.5_weight_mse0.0_zscoreFalse/best_model/student.pt,carbon__H3K27ac__distill_methodvanilla_dkd_alpha1.0_dkd_beta8.0_kl_methodkl_mse_normalizeFalse_temperature2.0_weight_ce0.5_weight_kl0.5_weight_mse0.0_zscoreFalse__val0.4772.pt
H3K27ac,distill_methodvanilla_dkd_alpha1.0_dkd_beta8.0_kl_methodkl_mse_normalizeFalse_temperature4.0_weight_ce0.5_weight_kl0.5_weight_mse0.0_zscoreFalse,0.4801,/tmp/galaxy_srv_disk00/pengchx3/carbon_distillation/box_stage3/carbon_distillation/original/H3K27ac/20260628_215706/736c3ad5-7c22-4267-9b39-d2b545fa41fa/distill_methodvanilla_dkd_alpha1.0_dkd_beta8.0_kl_methodkl_mse_normalizeFalse_temperature4.0_weight_ce0.5_weight_kl0.5_weight_mse0.0_zscoreFalse/best_model/student.pt,carbon__H3K27ac__distill_methodvanilla_dkd_alpha1.0_dkd_beta8.0_kl_methodkl_mse_normalizeFalse_temperature4.0_weight_ce0.5_weight_kl0.5_weight_mse0.0_zscoreFalse__val0.4801.pt
H3K27ac,distill_methodvanilla_dkd_alpha1.0_dkd_beta8.0_kl_methodkl_mse_normalizeFalse_temperature0.5_weight_ce0.5_weight_kl0.5_weight_mse1.0_zscoreFalse,0.4745,/tmp/galaxy_srv_disk00/pengchx3/carbon_distillation/box_stage3/carbon_distillation/original/H3K27ac/20260628_215708/34f93082-03d2-44c1-b45a-73c8e843e51f/distill_methodvanilla_dkd_alpha1.0_dkd_beta8.0_kl_methodkl_mse_normalizeFalse_temperature0.5_weight_ce0.5_weight_kl0.5_weight_mse1.0_zscoreFalse/best_model/student.pt,carbon__H3K27ac__distill_methodvanilla_dkd_alpha1.0_dkd_beta8.0_kl_methodkl_mse_normalizeFalse_temperature0.5_weight_ce0.5_weight_kl0.5_weight_mse1.0_zscoreFalse__val0.4745.pt
H3K27ac,distill_methodvanilla_dkd_alpha1.0_dkd_beta8.0_kl_methodkl_mse_normalizeFalse_temperature1.5_weight_ce0.5_weight_kl0.5_weight_mse1.0_zscoreFalse,0.4707,/tmp/galaxy_srv_disk00/pengchx3/carbon_distillation/box_stage3/carbon_distillation/original/H3K27ac/20260628_215712/5ad5cb4f-9019-4012-b6a1-8959a4997dee/distill_methodvanilla_dkd_alpha1.0_dkd_beta8.0_kl_methodkl_mse_normalizeFalse_temperature1.5_weight_ce0.5_weight_kl0.5_weight_mse1.0_zscoreFalse/best_model/student.pt,carbon__H3K27ac__distill_methodvanilla_dkd_alpha1.0_dkd_beta8.0_kl_methodkl_mse_normalizeFalse_temperature1.5_weight_ce0.5_weight_kl0.5_weight_mse1.0_zscoreFalse__val0.4707.pt
H3K27ac,distill_methodvanilla_dkd_alpha1.0_dkd_beta8.0_kl_methodkl_mse_normalizeFalse_temperature1.0_weight_ce0.5_weight_kl0.5_weight_mse1.0_zscoreFalse,0.4666,/tmp/galaxy_srv_disk00/pengchx3/carbon_distillation/box_stage3/carbon_distillation/original/H3K27ac/20260628_215714/b06555f8-e56b-439f-ba05-282b58084705/distill_methodvanilla_dkd_alpha1.0_dkd_beta8.0_kl_methodkl_mse_normalizeFalse_temperature1.0_weight_ce0.5_weight_kl0.5_weight_mse1.0_zscoreFalse/best_model/student.pt,carbon__H3K27ac__distill_methodvanilla_dkd_alpha1.0_dkd_beta8.0_kl_methodkl_mse_normalizeFalse_temperature1.0_weight_ce0.5_weight_kl0.5_weight_mse1.0_zscoreFalse__val0.4666.pt
H3K27ac,distill_methodvanilla_dkd_alpha1.0_dkd_beta8.0_kl_methodkl_mse_normalizeFalse_temperature1.5_weight_ce0.5_weight_kl0.5_weight_mse1.0_zscoreFalse,0.4511,/tmp/galaxy_srv_disk00/pengchx3/carbon_distillation/box_stage3/carbon_distillation/original/H3K27ac/20260628_221012/1f2750ff-f5f2-45a9-b3d8-e722e6e1d6d9/distill_methodvanilla_dkd_alpha1.0_dkd_beta8.0_kl_methodkl_mse_normalizeFalse_temperature1.5_weight_ce0.5_weight_kl0.5_weight_mse1.0_zscoreFalse/best_model/student.pt,carbon__H3K27ac__distill_methodvanilla_dkd_alpha1.0_dkd_beta8.0_kl_methodkl_mse_normalizeFalse_temperature1.5_weight_ce0.5_weight_kl0.5_weight_mse1.0_zscoreFalse__val0.4511.pt
H3K27ac,distill_methodvanilla_dkd_alpha1.0_dkd_beta8.0_kl_methodkl_mse_normalizeFalse_temperature1.5_weight_ce0.5_weight_kl0.5_weight_mse0.0_zscoreFalse,0.4413,/tmp/galaxy_srv_disk00/pengchx3/carbon_distillation/box_stage3/carbon_distillation/original/H3K27ac/20260628_221012/22ec7faf-1184-4cbd-a6f0-0f401fd7e1dc/distill_methodvanilla_dkd_alpha1.0_dkd_beta8.0_kl_methodkl_mse_normalizeFalse_temperature1.5_weight_ce0.5_weight_kl0.5_weight_mse0.0_zscoreFalse/best_model/student.pt,carbon__H3K27ac__distill_methodvanilla_dkd_alpha1.0_dkd_beta8.0_kl_methodkl_mse_normalizeFalse_temperature1.5_weight_ce0.5_weight_kl0.5_weight_mse0.0_zscoreFalse__val0.4413.pt
H3K27ac,distill_methodvanilla_dkd_alpha1.0_dkd_beta8.0_kl_methodkl_mse_normalizeFalse_temperature1.0_weight_ce0.5_weight_kl0.5_weight_mse1.0_zscoreFalse,0.4626,/tmp/galaxy_srv_disk00/pengchx3/carbon_distillation/box_stage3/carbon_distillation/original/H3K27ac/20260628_221012/b649a6eb-550f-4b55-a688-4a39c2a7ed28/distill_methodvanilla_dkd_alpha1.0_dkd_beta8.0_kl_methodkl_mse_normalizeFalse_temperature1.0_weight_ce0.5_weight_kl0.5_weight_mse1.0_zscoreFalse/best_model/student.pt,carbon__H3K27ac__distill_methodvanilla_dkd_alpha1.0_dkd_beta8.0_kl_methodkl_mse_normalizeFalse_temperature1.0_weight_ce0.5_weight_kl0.5_weight_mse1.0_zscoreFalse__val0.4626.pt
H3K27ac,distill_methodvanilla_dkd_alpha1.0_dkd_beta8.0_kl_methodkl_mse_normalizeFalse_temperature4.0_weight_ce0.5_weight_kl0.5_weight_mse0.0_zscoreFalse,0.4254,/tmp/galaxy_srv_disk00/pengchx3/carbon_distillation/box_stage3/carbon_distillation/original/H3K27ac/20260628_221012/b86be675-ad5f-4ac4-8ca4-2f693c98cb79/distill_methodvanilla_dkd_alpha1.0_dkd_beta8.0_kl_methodkl_mse_normalizeFalse_temperature4.0_weight_ce0.5_weight_kl0.5_weight_mse0.0_zscoreFalse/best_model/student.pt,carbon__H3K27ac__distill_methodvanilla_dkd_alpha1.0_dkd_beta8.0_kl_methodkl_mse_normalizeFalse_temperature4.0_weight_ce0.5_weight_kl0.5_weight_mse0.0_zscoreFalse__val0.4254.pt
H3K27ac,distill_methodvanilla_dkd_alpha1.0_dkd_beta8.0_kl_methodkl_mse_normalizeFalse_temperature0.5_weight_ce0.5_weight_kl0.5_weight_mse1.0_zscoreFalse,0.4666,/tmp/galaxy_srv_disk00/pengchx3/carbon_distillation/box_stage3/carbon_distillation/original/H3K27ac/20260628_221012/e545c5d7-ed65-4d43-8db3-c699edb40769/distill_methodvanilla_dkd_alpha1.0_dkd_beta8.0_kl_methodkl_mse_normalizeFalse_temperature0.5_weight_ce0.5_weight_kl0.5_weight_mse1.0_zscoreFalse/best_model/student.pt,carbon__H3K27ac__distill_methodvanilla_dkd_alpha1.0_dkd_beta8.0_kl_methodkl_mse_normalizeFalse_temperature0.5_weight_ce0.5_weight_kl0.5_weight_mse1.0_zscoreFalse__val0.4666.pt
H3K27ac,distill_methodvanilla_dkd_alpha1.0_dkd_beta8.0_kl_methodkl_mse_normalizeFalse_temperature2.0_weight_ce0.5_weight_kl0.5_weight_mse0.0_zscoreFalse,0.4410,/tmp/galaxy_srv_disk00/pengchx3/carbon_distillation/box_stage3/carbon_distillation/original/H3K27ac/20260628_221012/f1ab5884-9b44-4430-8a62-8d3e501d2e69/distill_methodvanilla_dkd_alpha1.0_dkd_beta8.0_kl_methodkl_mse_normalizeFalse_temperature2.0_weight_ce0.5_weight_kl0.5_weight_mse0.0_zscoreFalse/best_model/student.pt,carbon__H3K27ac__distill_methodvanilla_dkd_alpha1.0_dkd_beta8.0_kl_methodkl_mse_normalizeFalse_temperature2.0_weight_ce0.5_weight_kl0.5_weight_mse0.0_zscoreFalse__val0.4410.pt
H3K27ac,distill_methodvanilla_dkd_alpha1.0_dkd_beta8.0_kl_methodkl_mse_normalizeFalse_temperature1.0_weight_ce0.5_weight_kl0.5_weight_mse1.0_zscoreFalse,0.4411,/tmp/galaxy_srv_disk00/pengchx3/carbon_distillation/box_stage3/carbon_distillation/original/H3K27ac/20260628_221601/98b274a5-e3ca-404f-99c4-90fd6398554a/distill_methodvanilla_dkd_alpha1.0_dkd_beta8.0_kl_methodkl_mse_normalizeFalse_temperature1.0_weight_ce0.5_weight_kl0.5_weight_mse1.0_zscoreFalse/best_model/student.pt,carbon__H3K27ac__distill_methodvanilla_dkd_alpha1.0_dkd_beta8.0_kl_methodkl_mse_normalizeFalse_temperature1.0_weight_ce0.5_weight_kl0.5_weight_mse1.0_zscoreFalse__val0.4411.pt
H3K27ac,distill_methodvanilla_dkd_alpha1.0_dkd_beta8.0_kl_methodkl_mse_normalizeFalse_temperature1.5_weight_ce0.5_weight_kl0.5_weight_mse0.0_zscoreFalse,0.4182,/tmp/galaxy_srv_disk00/pengchx3/carbon_distillation/box_stage3/carbon_distillation/original/H3K27ac/20260628_221602/1e5b1e93-69ce-4c0b-9b17-8a6f7b8635ab/distill_methodvanilla_dkd_alpha1.0_dkd_beta8.0_kl_methodkl_mse_normalizeFalse_temperature1.5_weight_ce0.5_weight_kl0.5_weight_mse0.0_zscoreFalse/best_model/student.pt,carbon__H3K27ac__distill_methodvanilla_dkd_alpha1.0_dkd_beta8.0_kl_methodkl_mse_normalizeFalse_temperature1.5_weight_ce0.5_weight_kl0.5_weight_mse0.0_zscoreFalse__val0.4182.pt
H3K27ac,distill_methodvanilla_dkd_alpha1.0_dkd_beta8.0_kl_methodkl_mse_normalizeFalse_temperature0.5_weight_ce0.5_weight_kl0.5_weight_mse1.0_zscoreFalse,0.4321,/tmp/galaxy_srv_disk00/pengchx3/carbon_distillation/box_stage3/carbon_distillation/original/H3K27ac/20260628_221602/4b3959ce-0218-449e-8282-86ee4f758bec/distill_methodvanilla_dkd_alpha1.0_dkd_beta8.0_kl_methodkl_mse_normalizeFalse_temperature0.5_weight_ce0.5_weight_kl0.5_weight_mse1.0_zscoreFalse/best_model/student.pt,carbon__H3K27ac__distill_methodvanilla_dkd_alpha1.0_dkd_beta8.0_kl_methodkl_mse_normalizeFalse_temperature0.5_weight_ce0.5_weight_kl0.5_weight_mse1.0_zscoreFalse__val0.4321.pt
H3K27ac,distill_methodvanilla_dkd_alpha1.0_dkd_beta8.0_kl_methodkl_mse_normalizeFalse_temperature2.0_weight_ce0.5_weight_kl0.5_weight_mse0.0_zscoreFalse,0.4182,/tmp/galaxy_srv_disk00/pengchx3/carbon_distillation/box_stage3/carbon_distillation/original/H3K27ac/20260628_221602/5d3c74e4-d8f7-48b4-a0cb-ab2d490f172c/distill_methodvanilla_dkd_alpha1.0_dkd_beta8.0_kl_methodkl_mse_normalizeFalse_temperature2.0_weight_ce0.5_weight_kl0.5_weight_mse0.0_zscoreFalse/best_model/student.pt,carbon__H3K27ac__distill_methodvanilla_dkd_alpha1.0_dkd_beta8.0_kl_methodkl_mse_normalizeFalse_temperature2.0_weight_ce0.5_weight_kl0.5_weight_mse0.0_zscoreFalse__val0.4182.pt
H3K27ac,distill_methodvanilla_dkd_alpha1.0_dkd_beta8.0_kl_methodkl_mse_normalizeFalse_temperature4.0_weight_ce0.5_weight_kl0.5_weight_mse0.0_zscoreFalse,0.4064,/tmp/galaxy_srv_disk00/pengchx3/carbon_distillation/box_stage3/carbon_distillation/original/H3K27ac/20260628_221602/7112f7dc-6295-48ec-bb2f-ab92e10a67ac/distill_methodvanilla_dkd_alpha1.0_dkd_beta8.0_kl_methodkl_mse_normalizeFalse_temperature4.0_weight_ce0.5_weight_kl0.5_weight_mse0.0_zscoreFalse/best_model/student.pt,carbon__H3K27ac__distill_methodvanilla_dkd_alpha1.0_dkd_beta8.0_kl_methodkl_mse_normalizeFalse_temperature4.0_weight_ce0.5_weight_kl0.5_weight_mse0.0_zscoreFalse__val0.4064.pt
H3K27ac,distill_methodvanilla_dkd_alpha1.0_dkd_beta8.0_kl_methodkl_mse_normalizeFalse_temperature2.0_weight_ce0.5_weight_kl0.5_weight_mse1.0_zscoreFalse,0.4407,/tmp/galaxy_srv_disk00/pengchx3/carbon_distillation/box_stage3/carbon_distillation/original/H3K27ac/20260628_221602/a9485648-a3fb-43dd-aed9-db0fa17b9510/distill_methodvanilla_dkd_alpha1.0_dkd_beta8.0_kl_methodkl_mse_normalizeFalse_temperature2.0_weight_ce0.5_weight_kl0.5_weight_mse1.0_zscoreFalse/best_model/student.pt,carbon__H3K27ac__distill_methodvanilla_dkd_alpha1.0_dkd_beta8.0_kl_methodkl_mse_normalizeFalse_temperature2.0_weight_ce0.5_weight_kl0.5_weight_mse1.0_zscoreFalse__val0.4407.pt
H3K27ac,distill_methodvanilla_dkd_alpha1.0_dkd_beta8.0_kl_methodkl_mse_normalizeFalse_temperature1.5_weight_ce0.5_weight_kl0.5_weight_mse1.0_zscoreFalse,0.4469,/tmp/galaxy_srv_disk00/pengchx3/carbon_distillation/box_stage3/carbon_distillation/original/H3K27ac/20260628_221602/e561db1b-389a-4cdc-ac31-ed45cc4fdbca/distill_methodvanilla_dkd_alpha1.0_dkd_beta8.0_kl_methodkl_mse_normalizeFalse_temperature1.5_weight_ce0.5_weight_kl0.5_weight_mse1.0_zscoreFalse/best_model/student.pt,carbon__H3K27ac__distill_methodvanilla_dkd_alpha1.0_dkd_beta8.0_kl_methodkl_mse_normalizeFalse_temperature1.5_weight_ce0.5_weight_kl0.5_weight_mse1.0_zscoreFalse__val0.4469.pt
H3K27ac,distill_methodvanilla_dkd_alpha1.0_dkd_beta8.0_kl_methodkl_mse_normalizeFalse_temperature4.0_weight_ce0.5_weight_kl0.5_weight_mse1.0_zscoreFalse,0.4333,/tmp/galaxy_srv_disk00/pengchx3/carbon_distillation/box_stage3/carbon_distillation/original/H3K27ac/20260628_221602/ff2e925f-c8fe-40b5-ab2a-ee644baab988/distill_methodvanilla_dkd_alpha1.0_dkd_beta8.0_kl_methodkl_mse_normalizeFalse_temperature4.0_weight_ce0.5_weight_kl0.5_weight_mse1.0_zscoreFalse/best_model/student.pt,carbon__H3K27ac__distill_methodvanilla_dkd_alpha1.0_dkd_beta8.0_kl_methodkl_mse_normalizeFalse_temperature4.0_weight_ce0.5_weight_kl0.5_weight_mse1.0_zscoreFalse__val0.4333.pt
H3K27ac,distill_methodvanilla_dkd_alpha1.0_dkd_beta8.0_kl_methodkl_mse_normalizeFalse_temperature1.5_weight_ce0.5_weight_kl0.5_weight_mse1.0_zscoreFalse,0.4469,/tmp/galaxy_srv_disk00/pengchx3/carbon_distillation/box_stage3/carbon_distillation/original/H3K27ac/20260628_222151/399f2585-04af-404b-b2b4-54038bc22978/distill_methodvanilla_dkd_alpha1.0_dkd_beta8.0_kl_methodkl_mse_normalizeFalse_temperature1.5_weight_ce0.5_weight_kl0.5_weight_mse1.0_zscoreFalse/best_model/student.pt,carbon__H3K27ac__distill_methodvanilla_dkd_alpha1.0_dkd_beta8.0_kl_methodkl_mse_normalizeFalse_temperature1.5_weight_ce0.5_weight_kl0.5_weight_mse1.0_zscoreFalse__val0.4469.pt
H3K27ac,distill_methodvanilla_dkd_alpha1.0_dkd_beta8.0_kl_methodkl_mse_normalizeFalse_temperature4.0_weight_ce0.5_weight_kl0.5_weight_mse0.0_zscoreFalse,0.3935,/tmp/galaxy_srv_disk00/pengchx3/carbon_distillation/box_stage3/carbon_distillation/original/H3K27ac/20260628_222151/4c2a7830-a99c-4bf3-9976-182df3ada744/distill_methodvanilla_dkd_alpha1.0_dkd_beta8.0_kl_methodkl_mse_normalizeFalse_temperature4.0_weight_ce0.5_weight_kl0.5_weight_mse0.0_zscoreFalse/best_model/student.pt,carbon__H3K27ac__distill_methodvanilla_dkd_alpha1.0_dkd_beta8.0_kl_methodkl_mse_normalizeFalse_temperature4.0_weight_ce0.5_weight_kl0.5_weight_mse0.0_zscoreFalse__val0.3935.pt
H3K27ac,distill_methodvanilla_dkd_alpha1.0_dkd_beta8.0_kl_methodkl_mse_normalizeFalse_temperature1.0_weight_ce0.5_weight_kl0.5_weight_mse1.0_zscoreFalse,0.4411,/tmp/galaxy_srv_disk00/pengchx3/carbon_distillation/box_stage3/carbon_distillation/original/H3K27ac/20260628_222151/4e78d85a-ef86-4458-b4b6-6244f5a4b17b/distill_methodvanilla_dkd_alpha1.0_dkd_beta8.0_kl_methodkl_mse_normalizeFalse_temperature1.0_weight_ce0.5_weight_kl0.5_weight_mse1.0_zscoreFalse/best_model/student.pt,carbon__H3K27ac__distill_methodvanilla_dkd_alpha1.0_dkd_beta8.0_kl_methodkl_mse_normalizeFalse_temperature1.0_weight_ce0.5_weight_kl0.5_weight_mse1.0_zscoreFalse__val0.4411.pt
H3K27ac,distill_methodvanilla_dkd_alpha1.0_dkd_beta8.0_kl_methodkl_mse_normalizeFalse_temperature2.0_weight_ce0.5_weight_kl0.5_weight_mse1.0_zscoreFalse,0.4407,/tmp/galaxy_srv_disk00/pengchx3/carbon_distillation/box_stage3/carbon_distillation/original/H3K27ac/20260628_222151/755fe2cf-7947-4f24-8634-305dd4f6d77d/distill_methodvanilla_dkd_alpha1.0_dkd_beta8.0_kl_methodkl_mse_normalizeFalse_temperature2.0_weight_ce0.5_weight_kl0.5_weight_mse1.0_zscoreFalse/best_model/student.pt,carbon__H3K27ac__distill_methodvanilla_dkd_alpha1.0_dkd_beta8.0_kl_methodkl_mse_normalizeFalse_temperature2.0_weight_ce0.5_weight_kl0.5_weight_mse1.0_zscoreFalse__val0.4407.pt
H3K27ac,distill_methodvanilla_dkd_alpha1.0_dkd_beta8.0_kl_methodkl_mse_normalizeFalse_temperature4.0_weight_ce0.5_weight_kl0.5_weight_mse1.0_zscoreFalse,0.4333,/tmp/galaxy_srv_disk00/pengchx3/carbon_distillation/box_stage3/carbon_distillation/original/H3K27ac/20260628_222151/8d5f754c-b7a2-4c8c-be6e-1b5455595bb5/distill_methodvanilla_dkd_alpha1.0_dkd_beta8.0_kl_methodkl_mse_normalizeFalse_temperature4.0_weight_ce0.5_weight_kl0.5_weight_mse1.0_zscoreFalse/best_model/student.pt,carbon__H3K27ac__distill_methodvanilla_dkd_alpha1.0_dkd_beta8.0_kl_methodkl_mse_normalizeFalse_temperature4.0_weight_ce0.5_weight_kl0.5_weight_mse1.0_zscoreFalse__val0.4333.pt
H3K27ac,distill_methodvanilla_dkd_alpha1.0_dkd_beta8.0_kl_methodkl_mse_normalizeFalse_temperature2.0_weight_ce0.5_weight_kl0.5_weight_mse0.0_zscoreFalse,0.4063,/tmp/galaxy_srv_disk00/pengchx3/carbon_distillation/box_stage3/carbon_distillation/original/H3K27ac/20260628_222151/9b6142cf-4a1e-4c66-a1c2-583ea1bab05d/distill_methodvanilla_dkd_alpha1.0_dkd_beta8.0_kl_methodkl_mse_normalizeFalse_temperature2.0_weight_ce0.5_weight_kl0.5_weight_mse0.0_zscoreFalse/best_model/student.pt,carbon__H3K27ac__distill_methodvanilla_dkd_alpha1.0_dkd_beta8.0_kl_methodkl_mse_normalizeFalse_temperature2.0_weight_ce0.5_weight_kl0.5_weight_mse0.0_zscoreFalse__val0.4063.pt
H3K27ac,distill_methodvanilla_dkd_alpha1.0_dkd_beta8.0_kl_methodkl_mse_normalizeFalse_temperature1.0_weight_ce0.5_weight_kl1.0_weight_mse0.0_zscoreFalse,0.4054,/tmp/galaxy_srv_disk00/pengchx3/carbon_distillation/box_stage3/carbon_distillation/original/H3K27ac/20260628_222151/a30da017-2499-429a-93c1-05569f4462c9/distill_methodvanilla_dkd_alpha1.0_dkd_beta8.0_kl_methodkl_mse_normalizeFalse_temperature1.0_weight_ce0.5_weight_kl1.0_weight_mse0.0_zscoreFalse/best_model/student.pt,carbon__H3K27ac__distill_methodvanilla_dkd_alpha1.0_dkd_beta8.0_kl_methodkl_mse_normalizeFalse_temperature1.0_weight_ce0.5_weight_kl1.0_weight_mse0.0_zscoreFalse__val0.4054.pt
H3K27ac,distill_methodvanilla_dkd_alpha1.0_dkd_beta8.0_kl_methodkl_mse_normalizeFalse_temperature0.5_weight_ce0.5_weight_kl1.0_weight_mse0.0_zscoreFalse,0.3997,/tmp/galaxy_srv_disk00/pengchx3/carbon_distillation/box_stage3/carbon_distillation/original/H3K27ac/20260628_222151/d98060ec-199e-4ed4-942f-2e541a820564/distill_methodvanilla_dkd_alpha1.0_dkd_beta8.0_kl_methodkl_mse_normalizeFalse_temperature0.5_weight_ce0.5_weight_kl1.0_weight_mse0.0_zscoreFalse/best_model/student.pt,carbon__H3K27ac__distill_methodvanilla_dkd_alpha1.0_dkd_beta8.0_kl_methodkl_mse_normalizeFalse_temperature0.5_weight_ce0.5_weight_kl1.0_weight_mse0.0_zscoreFalse__val0.3997.pt
H3K27ac,distill_methodvanilla_dkd_alpha1.0_dkd_beta8.0_kl_methodkl_mse_normalizeFalse_temperature0.5_weight_ce0.5_weight_kl0.5_weight_mse1.0_zscoreFalse,0.4305,/tmp/galaxy_srv_disk00/pengchx3/carbon_distillation/box_stage3/carbon_distillation/original/H3K27ac/20260628_222152/2fb103b4-8539-436d-8496-5a5c3f87f54b/distill_methodvanilla_dkd_alpha1.0_dkd_beta8.0_kl_methodkl_mse_normalizeFalse_temperature0.5_weight_ce0.5_weight_kl0.5_weight_mse1.0_zscoreFalse/best_model/student.pt,carbon__H3K27ac__distill_methodvanilla_dkd_alpha1.0_dkd_beta8.0_kl_methodkl_mse_normalizeFalse_temperature0.5_weight_ce0.5_weight_kl0.5_weight_mse1.0_zscoreFalse__val0.4305.pt
H3K27ac,distill_methodvanilla_dkd_alpha1.0_dkd_beta8.0_kl_methodkl_mse_normalizeFalse_temperature1.5_weight_ce0.5_weight_kl0.5_weight_mse0.0_zscoreFalse,0.4027,/tmp/galaxy_srv_disk00/pengchx3/carbon_distillation/box_stage3/carbon_distillation/original/H3K27ac/20260628_222152/bd93b78e-ac30-4184-8991-1a1a23b34ba1/distill_methodvanilla_dkd_alpha1.0_dkd_beta8.0_kl_methodkl_mse_normalizeFalse_temperature1.5_weight_ce0.5_weight_kl0.5_weight_mse0.0_zscoreFalse/best_model/student.pt,carbon__H3K27ac__distill_methodvanilla_dkd_alpha1.0_dkd_beta8.0_kl_methodkl_mse_normalizeFalse_temperature1.5_weight_ce0.5_weight_kl0.5_weight_mse0.0_zscoreFalse__val0.4027.pt
H3K27ac,distill_methodvanilla_dkd_alpha1.0_dkd_beta8.0_kl_methodkl_mse_normalizeFalse_temperature0.5_weight_ce0.5_weight_kl1.0_weight_mse0.0_zscoreFalse,0.4115,/tmp/galaxy_srv_disk00/pengchx3/carbon_distillation/box_stage3/carbon_distillation/original/H3K27ac/20260628_222741/1c1eb452-a6ef-4118-9e2b-68fefd844196/distill_methodvanilla_dkd_alpha1.0_dkd_beta8.0_kl_methodkl_mse_normalizeFalse_temperature0.5_weight_ce0.5_weight_kl1.0_weight_mse0.0_zscoreFalse/best_model/student.pt,carbon__H3K27ac__distill_methodvanilla_dkd_alpha1.0_dkd_beta8.0_kl_methodkl_mse_normalizeFalse_temperature0.5_weight_ce0.5_weight_kl1.0_weight_mse0.0_zscoreFalse__val0.4115.pt
H3K27ac,distill_methodvanilla_dkd_alpha1.0_dkd_beta8.0_kl_methodkl_mse_normalizeFalse_temperature1.0_weight_ce0.5_weight_kl1.0_weight_mse0.0_zscoreFalse,0.4175,/tmp/galaxy_srv_disk00/pengchx3/carbon_distillation/box_stage3/carbon_distillation/original/H3K27ac/20260628_222741/8466a7e8-6fd5-458e-9726-10e83509ad24/distill_methodvanilla_dkd_alpha1.0_dkd_beta8.0_kl_methodkl_mse_normalizeFalse_temperature1.0_weight_ce0.5_weight_kl1.0_weight_mse0.0_zscoreFalse/best_model/student.pt,carbon__H3K27ac__distill_methodvanilla_dkd_alpha1.0_dkd_beta8.0_kl_methodkl_mse_normalizeFalse_temperature1.0_weight_ce0.5_weight_kl1.0_weight_mse0.0_zscoreFalse__val0.4175.pt
H3K27ac,distill_methodvanilla_dkd_alpha1.0_dkd_beta8.0_kl_methodkl_mse_normalizeFalse_temperature4.0_weight_ce0.5_weight_kl0.5_weight_mse1.0_zscoreFalse,0.4333,/tmp/galaxy_srv_disk00/pengchx3/carbon_distillation/box_stage3/carbon_distillation/original/H3K27ac/20260628_222741/bb9f608c-cdea-439c-92ab-ce05b7e02904/distill_methodvanilla_dkd_alpha1.0_dkd_beta8.0_kl_methodkl_mse_normalizeFalse_temperature4.0_weight_ce0.5_weight_kl0.5_weight_mse1.0_zscoreFalse/best_model/student.pt,carbon__H3K27ac__distill_methodvanilla_dkd_alpha1.0_dkd_beta8.0_kl_methodkl_mse_normalizeFalse_temperature4.0_weight_ce0.5_weight_kl0.5_weight_mse1.0_zscoreFalse__val0.4333.pt
H3K27ac,distill_methodvanilla_dkd_alpha1.0_dkd_beta8.0_kl_methodkl_mse_normalizeFalse_temperature1.5_weight_ce0.5_weight_kl0.5_weight_mse0.0_zscoreFalse,0.4102,/tmp/galaxy_srv_disk00/pengchx3/carbon_distillation/box_stage3/carbon_distillation/original/H3K27ac/20260628_222741/c7b4eed0-3196-4819-be25-8fb61c2361be/distill_methodvanilla_dkd_alpha1.0_dkd_beta8.0_kl_methodkl_mse_normalizeFalse_temperature1.5_weight_ce0.5_weight_kl0.5_weight_mse0.0_zscoreFalse/best_model/student.pt,carbon__H3K27ac__distill_methodvanilla_dkd_alpha1.0_dkd_beta8.0_kl_methodkl_mse_normalizeFalse_temperature1.5_weight_ce0.5_weight_kl0.5_weight_mse0.0_zscoreFalse__val0.4102.pt
H3K27ac,distill_methodvanilla_dkd_alpha1.0_dkd_beta8.0_kl_methodkl_mse_normalizeFalse_temperature2.0_weight_ce0.5_weight_kl1.0_weight_mse0.0_zscoreFalse,0.4049,/tmp/galaxy_srv_disk00/pengchx3/carbon_distillation/box_stage3/carbon_distillation/original/H3K27ac/20260628_222741/dc08d4ed-eb70-41fd-b71f-1ec84608d543/distill_methodvanilla_dkd_alpha1.0_dkd_beta8.0_kl_methodkl_mse_normalizeFalse_temperature2.0_weight_ce0.5_weight_kl1.0_weight_mse0.0_zscoreFalse/best_model/student.pt,carbon__H3K27ac__distill_methodvanilla_dkd_alpha1.0_dkd_beta8.0_kl_methodkl_mse_normalizeFalse_temperature2.0_weight_ce0.5_weight_kl1.0_weight_mse0.0_zscoreFalse__val0.4049.pt
H3K27ac,distill_methodvanilla_dkd_alpha1.0_dkd_beta8.0_kl_methodkl_mse_normalizeFalse_temperature0.5_weight_ce0.5_weight_kl0.5_weight_mse1.0_zscoreFalse,0.4305,/tmp/galaxy_srv_disk00/pengchx3/carbon_distillation/box_stage3/carbon_distillation/original/H3K27ac/20260628_222741/e0b5fca1-a258-4031-816a-3ddb13266e7b/distill_methodvanilla_dkd_alpha1.0_dkd_beta8.0_kl_methodkl_mse_normalizeFalse_temperature0.5_weight_ce0.5_weight_kl0.5_weight_mse1.0_zscoreFalse/best_model/student.pt,carbon__H3K27ac__distill_methodvanilla_dkd_alpha1.0_dkd_beta8.0_kl_methodkl_mse_normalizeFalse_temperature0.5_weight_ce0.5_weight_kl0.5_weight_mse1.0_zscoreFalse__val0.4305.pt
H3K27ac,distill_methodvanilla_dkd_alpha1.0_dkd_beta8.0_kl_methodkl_mse_normalizeFalse_temperature1.5_weight_ce0.5_weight_kl0.5_weight_mse1.0_zscoreFalse,0.4469,/tmp/galaxy_srv_disk00/pengchx3/carbon_distillation/box_stage3/carbon_distillation/original/H3K27ac/20260628_222742/af289f27-d039-4f49-9507-7190a8add762/distill_methodvanilla_dkd_alpha1.0_dkd_beta8.0_kl_methodkl_mse_normalizeFalse_temperature1.5_weight_ce0.5_weight_kl0.5_weight_mse1.0_zscoreFalse/best_model/student.pt,carbon__H3K27ac__distill_methodvanilla_dkd_alpha1.0_dkd_beta8.0_kl_methodkl_mse_normalizeFalse_temperature1.5_weight_ce0.5_weight_kl0.5_weight_mse1.0_zscoreFalse__val0.4469.pt
H3K27ac,distill_methodvanilla_dkd_alpha1.0_dkd_beta8.0_kl_methodkl_mse_normalizeFalse_temperature2.0_weight_ce0.5_weight_kl0.5_weight_mse0.0_zscoreFalse,0.4063,/tmp/galaxy_srv_disk00/pengchx3/carbon_distillation/box_stage3/carbon_distillation/original/H3K27ac/20260628_222742/ebff3fbd-28e7-4322-abb1-b3cd4bc8db10/distill_methodvanilla_dkd_alpha1.0_dkd_beta8.0_kl_methodkl_mse_normalizeFalse_temperature2.0_weight_ce0.5_weight_kl0.5_weight_mse0.0_zscoreFalse/best_model/student.pt,carbon__H3K27ac__distill_methodvanilla_dkd_alpha1.0_dkd_beta8.0_kl_methodkl_mse_normalizeFalse_temperature2.0_weight_ce0.5_weight_kl0.5_weight_mse0.0_zscoreFalse__val0.4063.pt
H3K27ac,distill_methodvanilla_dkd_alpha1.0_dkd_beta8.0_kl_methodkl_mse_normalizeFalse_temperature1.5_weight_ce0.5_weight_kl1.0_weight_mse0.0_zscoreFalse,0.4112,/tmp/galaxy_srv_disk00/pengchx3/carbon_distillation/box_stage3/carbon_distillation/original/H3K27ac/20260628_222742/f12bef4e-5abd-41c2-b127-ca08df2ce2cc/distill_methodvanilla_dkd_alpha1.0_dkd_beta8.0_kl_methodkl_mse_normalizeFalse_temperature1.5_weight_ce0.5_weight_kl1.0_weight_mse0.0_zscoreFalse/best_model/student.pt,carbon__H3K27ac__distill_methodvanilla_dkd_alpha1.0_dkd_beta8.0_kl_methodkl_mse_normalizeFalse_temperature1.5_weight_ce0.5_weight_kl1.0_weight_mse0.0_zscoreFalse__val0.4112.pt
H3K27ac,distill_methodvanilla_dkd_alpha1.0_dkd_beta8.0_kl_methodkl_mse_normalizeFalse_temperature2.0_weight_ce0.5_weight_kl0.5_weight_mse1.0_zscoreFalse,0.4407,/tmp/galaxy_srv_disk00/pengchx3/carbon_distillation/box_stage3/carbon_distillation/original/H3K27ac/20260628_222742/f15baf6a-0998-481c-897b-7a3b540954c2/distill_methodvanilla_dkd_alpha1.0_dkd_beta8.0_kl_methodkl_mse_normalizeFalse_temperature2.0_weight_ce0.5_weight_kl0.5_weight_mse1.0_zscoreFalse/best_model/student.pt,carbon__H3K27ac__distill_methodvanilla_dkd_alpha1.0_dkd_beta8.0_kl_methodkl_mse_normalizeFalse_temperature2.0_weight_ce0.5_weight_kl0.5_weight_mse1.0_zscoreFalse__val0.4407.pt
H3K27ac,distill_methodvanilla_dkd_alpha1.0_dkd_beta8.0_kl_methodkl_mse_normalizeFalse_temperature4.0_weight_ce0.5_weight_kl0.5_weight_mse0.0_zscoreFalse,0.3938,/tmp/galaxy_srv_disk00/pengchx3/carbon_distillation/box_stage3/carbon_distillation/original/H3K27ac/20260628_222742/f4629dd0-53b9-437d-9b59-75032fb57d0e/distill_methodvanilla_dkd_alpha1.0_dkd_beta8.0_kl_methodkl_mse_normalizeFalse_temperature4.0_weight_ce0.5_weight_kl0.5_weight_mse0.0_zscoreFalse/best_model/student.pt,carbon__H3K27ac__distill_methodvanilla_dkd_alpha1.0_dkd_beta8.0_kl_methodkl_mse_normalizeFalse_temperature4.0_weight_ce0.5_weight_kl0.5_weight_mse0.0_zscoreFalse__val0.3938.pt
H3K27ac,distill_methodvanilla_dkd_alpha1.0_dkd_beta8.0_kl_methodkl_mse_normalizeFalse_temperature1.0_weight_ce0.5_weight_kl0.5_weight_mse1.0_zscoreFalse,0.3904,/tmp/galaxy_srv_disk00/pengchx3/carbon_distillation/box_stage3/carbon_distillation/original/H3K27ac/20260628_222942/59022979-052a-4b0e-be05-e5999d28bc22/distill_methodvanilla_dkd_alpha1.0_dkd_beta8.0_kl_methodkl_mse_normalizeFalse_temperature1.0_weight_ce0.5_weight_kl0.5_weight_mse1.0_zscoreFalse/best_model/student.pt,carbon__H3K27ac__distill_methodvanilla_dkd_alpha1.0_dkd_beta8.0_kl_methodkl_mse_normalizeFalse_temperature1.0_weight_ce0.5_weight_kl0.5_weight_mse1.0_zscoreFalse__val0.3904.pt
H3K27ac,distill_methodvanilla_dkd_alpha1.0_dkd_beta8.0_kl_methodkl_mse_normalizeFalse_temperature4.0_weight_ce0.5_weight_kl0.5_weight_mse1.0_zscoreFalse,0.4767,/tmp/galaxy_srv_disk00/pengchx3/carbon_distillation/box_stage3/carbon_distillation/original/H3K27ac/20260628_223455/43b4737e-e52a-4a81-a7a6-fd2e66056b26/distill_methodvanilla_dkd_alpha1.0_dkd_beta8.0_kl_methodkl_mse_normalizeFalse_temperature4.0_weight_ce0.5_weight_kl0.5_weight_mse1.0_zscoreFalse/best_model/student.pt,carbon__H3K27ac__distill_methodvanilla_dkd_alpha1.0_dkd_beta8.0_kl_methodkl_mse_normalizeFalse_temperature4.0_weight_ce0.5_weight_kl0.5_weight_mse1.0_zscoreFalse__val0.4767.pt
H3K27ac,distill_methodvanilla_dkd_alpha1.0_dkd_beta8.0_kl_methodkl_mse_normalizeFalse_temperature1.0_weight_ce0.5_weight_kl0.5_weight_mse1.0_zscoreFalse,0.4666,/tmp/galaxy_srv_disk00/pengchx3/carbon_distillation/box_stage3/carbon_distillation/original/H3K27ac/20260628_223455/938e0eea-f921-4ed1-9aec-857841a0f8ca/distill_methodvanilla_dkd_alpha1.0_dkd_beta8.0_kl_methodkl_mse_normalizeFalse_temperature1.0_weight_ce0.5_weight_kl0.5_weight_mse1.0_zscoreFalse/best_model/student.pt,carbon__H3K27ac__distill_methodvanilla_dkd_alpha1.0_dkd_beta8.0_kl_methodkl_mse_normalizeFalse_temperature1.0_weight_ce0.5_weight_kl0.5_weight_mse1.0_zscoreFalse__val0.4666.pt
H3K27ac,distill_methodvanilla_dkd_alpha1.0_dkd_beta8.0_kl_methodkl_mse_normalizeFalse_temperature2.0_weight_ce0.5_weight_kl0.5_weight_mse1.0_zscoreFalse,0.4678,/tmp/galaxy_srv_disk00/pengchx3/carbon_distillation/box_stage3/carbon_distillation/original/H3K27ac/20260628_223456/35fce352-85fc-4525-bdc0-c71521f87382/distill_methodvanilla_dkd_alpha1.0_dkd_beta8.0_kl_methodkl_mse_normalizeFalse_temperature2.0_weight_ce0.5_weight_kl0.5_weight_mse1.0_zscoreFalse/best_model/student.pt,carbon__H3K27ac__distill_methodvanilla_dkd_alpha1.0_dkd_beta8.0_kl_methodkl_mse_normalizeFalse_temperature2.0_weight_ce0.5_weight_kl0.5_weight_mse1.0_zscoreFalse__val0.4678.pt
H3K27ac,distill_methodvanilla_dkd_alpha1.0_dkd_beta8.0_kl_methodkl_mse_normalizeFalse_temperature2.0_weight_ce0.5_weight_kl0.5_weight_mse0.0_zscoreFalse,0.4772,/tmp/galaxy_srv_disk00/pengchx3/carbon_distillation/box_stage3/carbon_distillation/original/H3K27ac/20260628_223456/c96d4658-32b6-4533-9438-e20385f8f64e/distill_methodvanilla_dkd_alpha1.0_dkd_beta8.0_kl_methodkl_mse_normalizeFalse_temperature2.0_weight_ce0.5_weight_kl0.5_weight_mse0.0_zscoreFalse/best_model/student.pt,carbon__H3K27ac__distill_methodvanilla_dkd_alpha1.0_dkd_beta8.0_kl_methodkl_mse_normalizeFalse_temperature2.0_weight_ce0.5_weight_kl0.5_weight_mse0.0_zscoreFalse__val0.4772.pt
H3K27ac,distill_methodvanilla_dkd_alpha1.0_dkd_beta8.0_kl_methodkl_mse_normalizeFalse_temperature1.5_weight_ce0.5_weight_kl0.5_weight_mse1.0_zscoreFalse,0.4707,/tmp/galaxy_srv_disk00/pengchx3/carbon_distillation/box_stage3/carbon_distillation/original/H3K27ac/20260628_223456/f49b2adc-5d32-4804-89eb-593d1127ee14/distill_methodvanilla_dkd_alpha1.0_dkd_beta8.0_kl_methodkl_mse_normalizeFalse_temperature1.5_weight_ce0.5_weight_kl0.5_weight_mse1.0_zscoreFalse/best_model/student.pt,carbon__H3K27ac__distill_methodvanilla_dkd_alpha1.0_dkd_beta8.0_kl_methodkl_mse_normalizeFalse_temperature1.5_weight_ce0.5_weight_kl0.5_weight_mse1.0_zscoreFalse__val0.4707.pt
H3K27ac,distill_methodvanilla_dkd_alpha1.0_dkd_beta8.0_kl_methodkl_mse_normalizeFalse_temperature1.5_weight_ce0.5_weight_kl0.5_weight_mse0.0_zscoreFalse,0.4871,/tmp/galaxy_srv_disk00/pengchx3/carbon_distillation/box_stage3/carbon_distillation/original/H3K27ac/20260628_223457/2da95075-47e6-4ca8-bc9b-83a8fc1f7bc7/distill_methodvanilla_dkd_alpha1.0_dkd_beta8.0_kl_methodkl_mse_normalizeFalse_temperature1.5_weight_ce0.5_weight_kl0.5_weight_mse0.0_zscoreFalse/best_model/student.pt,carbon__H3K27ac__distill_methodvanilla_dkd_alpha1.0_dkd_beta8.0_kl_methodkl_mse_normalizeFalse_temperature1.5_weight_ce0.5_weight_kl0.5_weight_mse0.0_zscoreFalse__val0.4871.pt
H3K27ac,distill_methodvanilla_dkd_alpha1.0_dkd_beta8.0_kl_methodkl_mse_normalizeFalse_temperature0.5_weight_ce0.5_weight_kl0.5_weight_mse1.0_zscoreFalse,0.4745,/tmp/galaxy_srv_disk00/pengchx3/carbon_distillation/box_stage3/carbon_distillation/original/H3K27ac/20260628_223458/32bcaf88-f16f-4ab0-ba1f-d164e34c8f20/distill_methodvanilla_dkd_alpha1.0_dkd_beta8.0_kl_methodkl_mse_normalizeFalse_temperature0.5_weight_ce0.5_weight_kl0.5_weight_mse1.0_zscoreFalse/best_model/student.pt,carbon__H3K27ac__distill_methodvanilla_dkd_alpha1.0_dkd_beta8.0_kl_methodkl_mse_normalizeFalse_temperature0.5_weight_ce0.5_weight_kl0.5_weight_mse1.0_zscoreFalse__val0.4745.pt
H3K27ac,distill_methodvanilla_dkd_alpha1.0_dkd_beta8.0_kl_methodkl_mse_normalizeFalse_temperature4.0_weight_ce0.5_weight_kl0.5_weight_mse0.0_zscoreFalse,0.4801,/tmp/galaxy_srv_disk00/pengchx3/carbon_distillation/box_stage3/carbon_distillation/original/H3K27ac/20260628_223458/904b1793-2df2-422a-904f-f0096b82e352/distill_methodvanilla_dkd_alpha1.0_dkd_beta8.0_kl_methodkl_mse_normalizeFalse_temperature4.0_weight_ce0.5_weight_kl0.5_weight_mse0.0_zscoreFalse/best_model/student.pt,carbon__H3K27ac__distill_methodvanilla_dkd_alpha1.0_dkd_beta8.0_kl_methodkl_mse_normalizeFalse_temperature4.0_weight_ce0.5_weight_kl0.5_weight_mse0.0_zscoreFalse__val0.4801.pt
H3K27ac,distill_methodvanilla_dkd_alpha1.0_dkd_beta8.0_kl_methodkl_mse_normalizeFalse_temperature4.0_weight_ce0.5_weight_kl0.5_weight_mse0.0_zscoreFalse,0.4909,/tmp/galaxy_srv_disk00/pengchx3/carbon_distillation/box_stage3/carbon_distillation/original/H3K27ac/20260628_230551/f581c899-4e1e-4ee1-880b-435d4bb3d1d2/distill_methodvanilla_dkd_alpha1.0_dkd_beta8.0_kl_methodkl_mse_normalizeFalse_temperature4.0_weight_ce0.5_weight_kl0.5_weight_mse0.0_zscoreFalse/best_model/student.pt,carbon__H3K27ac__distill_methodvanilla_dkd_alpha1.0_dkd_beta8.0_kl_methodkl_mse_normalizeFalse_temperature4.0_weight_ce0.5_weight_kl0.5_weight_mse0.0_zscoreFalse__val0.4909.pt
H3K27ac,distill_methodvanilla_dkd_alpha1.0_dkd_beta8.0_kl_methodkl_mse_normalizeFalse_temperature1.5_weight_ce0.5_weight_kl0.5_weight_mse0.0_zscoreFalse,0.4871,/tmp/galaxy_srv_disk00/pengchx3/carbon_distillation/box_stage3/carbon_distillation/original/H3K27ac/20260628_230558/16f232bb-5a0f-4f7f-a33d-43475288703e/distill_methodvanilla_dkd_alpha1.0_dkd_beta8.0_kl_methodkl_mse_normalizeFalse_temperature1.5_weight_ce0.5_weight_kl0.5_weight_mse0.0_zscoreFalse/best_model/student.pt,carbon__H3K27ac__distill_methodvanilla_dkd_alpha1.0_dkd_beta8.0_kl_methodkl_mse_normalizeFalse_temperature1.5_weight_ce0.5_weight_kl0.5_weight_mse0.0_zscoreFalse__val0.4871.pt
H3K27ac,distill_methodvanilla_dkd_alpha1.0_dkd_beta8.0_kl_methodkl_mse_normalizeFalse_temperature2.0_weight_ce0.5_weight_kl0.5_weight_mse1.0_zscoreFalse,0.4678,/tmp/galaxy_srv_disk00/pengchx3/carbon_distillation/box_stage3/carbon_distillation/original/H3K27ac/20260628_230559/601a5400-2c68-4093-9f17-0609f75396f9/distill_methodvanilla_dkd_alpha1.0_dkd_beta8.0_kl_methodkl_mse_normalizeFalse_temperature2.0_weight_ce0.5_weight_kl0.5_weight_mse1.0_zscoreFalse/best_model/student.pt,carbon__H3K27ac__distill_methodvanilla_dkd_alpha1.0_dkd_beta8.0_kl_methodkl_mse_normalizeFalse_temperature2.0_weight_ce0.5_weight_kl0.5_weight_mse1.0_zscoreFalse__val0.4678.pt
H3K27ac,distill_methodvanilla_dkd_alpha1.0_dkd_beta8.0_kl_methodkl_mse_normalizeFalse_temperature1.0_weight_ce0.5_weight_kl0.5_weight_mse1.0_zscoreFalse,0.4666,/tmp/galaxy_srv_disk00/pengchx3/carbon_distillation/box_stage3/carbon_distillation/original/H3K27ac/20260628_230601/e89b08a7-0fc1-4770-995d-22f2e84a49ef/distill_methodvanilla_dkd_alpha1.0_dkd_beta8.0_kl_methodkl_mse_normalizeFalse_temperature1.0_weight_ce0.5_weight_kl0.5_weight_mse1.0_zscoreFalse/best_model/student.pt,carbon__H3K27ac__distill_methodvanilla_dkd_alpha1.0_dkd_beta8.0_kl_methodkl_mse_normalizeFalse_temperature1.0_weight_ce0.5_weight_kl0.5_weight_mse1.0_zscoreFalse__val0.4666.pt
H3K27ac,distill_methodvanilla_dkd_alpha1.0_dkd_beta8.0_kl_methodkl_mse_normalizeFalse_temperature0.5_weight_ce0.5_weight_kl0.5_weight_mse1.0_zscoreFalse,0.4745,/tmp/galaxy_srv_disk00/pengchx3/carbon_distillation/box_stage3/carbon_distillation/original/H3K27ac/20260628_230603/faf68c58-418e-4a05-9eb9-551e15c3ef56/distill_methodvanilla_dkd_alpha1.0_dkd_beta8.0_kl_methodkl_mse_normalizeFalse_temperature0.5_weight_ce0.5_weight_kl0.5_weight_mse1.0_zscoreFalse/best_model/student.pt,carbon__H3K27ac__distill_methodvanilla_dkd_alpha1.0_dkd_beta8.0_kl_methodkl_mse_normalizeFalse_temperature0.5_weight_ce0.5_weight_kl0.5_weight_mse1.0_zscoreFalse__val0.4745.pt
H3K27ac,distill_methodvanilla_dkd_alpha1.0_dkd_beta8.0_kl_methodkl_mse_normalizeFalse_temperature2.0_weight_ce0.5_weight_kl0.5_weight_mse0.0_zscoreFalse,0.4785,/tmp/galaxy_srv_disk00/pengchx3/carbon_distillation/box_stage3/carbon_distillation/original/H3K27ac/20260628_230609/cf27e798-3a1d-458e-8f72-971869fba47c/distill_methodvanilla_dkd_alpha1.0_dkd_beta8.0_kl_methodkl_mse_normalizeFalse_temperature2.0_weight_ce0.5_weight_kl0.5_weight_mse0.0_zscoreFalse/best_model/student.pt,carbon__H3K27ac__distill_methodvanilla_dkd_alpha1.0_dkd_beta8.0_kl_methodkl_mse_normalizeFalse_temperature2.0_weight_ce0.5_weight_kl0.5_weight_mse0.0_zscoreFalse__val0.4785.pt
H3K27ac,distill_methodvanilla_dkd_alpha1.0_dkd_beta8.0_kl_methodkl_mse_normalizeFalse_temperature1.5_weight_ce0.5_weight_kl0.5_weight_mse1.0_zscoreFalse,0.4707,/tmp/galaxy_srv_disk00/pengchx3/carbon_distillation/box_stage3/carbon_distillation/original/H3K27ac/20260628_230610/256dd90e-7f08-492a-b702-91e31c039d51/distill_methodvanilla_dkd_alpha1.0_dkd_beta8.0_kl_methodkl_mse_normalizeFalse_temperature1.5_weight_ce0.5_weight_kl0.5_weight_mse1.0_zscoreFalse/best_model/student.pt,carbon__H3K27ac__distill_methodvanilla_dkd_alpha1.0_dkd_beta8.0_kl_methodkl_mse_normalizeFalse_temperature1.5_weight_ce0.5_weight_kl0.5_weight_mse1.0_zscoreFalse__val0.4707.pt
H3K27ac,distill_methodvanilla_dkd_alpha1.0_dkd_beta8.0_kl_methodkl_mse_normalizeFalse_temperature4.0_weight_ce0.5_weight_kl0.5_weight_mse1.0_zscoreFalse,0.4767,/tmp/galaxy_srv_disk00/pengchx3/carbon_distillation/box_stage3/carbon_distillation/original/H3K27ac/20260628_230612/c77ced3a-5676-45ab-ade6-26f689111811/distill_methodvanilla_dkd_alpha1.0_dkd_beta8.0_kl_methodkl_mse_normalizeFalse_temperature4.0_weight_ce0.5_weight_kl0.5_weight_mse1.0_zscoreFalse/best_model/student.pt,carbon__H3K27ac__distill_methodvanilla_dkd_alpha1.0_dkd_beta8.0_kl_methodkl_mse_normalizeFalse_temperature4.0_weight_ce0.5_weight_kl0.5_weight_mse1.0_zscoreFalse__val0.4767.pt
H3K27ac,distill_methodvanilla_dkd_alpha1.0_dkd_beta8.0_kl_methodkl_mse_normalizeFalse_temperature0.5_weight_ce0.5_weight_kl1.0_weight_mse0.0_zscoreFalse,0.4834,/tmp/galaxy_srv_disk00/pengchx3/carbon_distillation/box_stage3/carbon_distillation/original/H3K27ac/20260628_233808/144b7ac3-bae1-4647-a9a3-790a91ea9158/distill_methodvanilla_dkd_alpha1.0_dkd_beta8.0_kl_methodkl_mse_normalizeFalse_temperature0.5_weight_ce0.5_weight_kl1.0_weight_mse0.0_zscoreFalse/best_model/student.pt,carbon__H3K27ac__distill_methodvanilla_dkd_alpha1.0_dkd_beta8.0_kl_methodkl_mse_normalizeFalse_temperature0.5_weight_ce0.5_weight_kl1.0_weight_mse0.0_zscoreFalse__val0.4834.pt
H3K27ac,distill_methodvanilla_dkd_alpha1.0_dkd_beta8.0_kl_methodkl_mse_normalizeFalse_temperature1.0_weight_ce0.5_weight_kl1.0_weight_mse0.0_zscoreFalse,0.4760,/tmp/galaxy_srv_disk00/pengchx3/carbon_distillation/box_stage3/carbon_distillation/original/H3K27ac/20260628_234200/ec6dbbcb-beba-4e26-aad2-16405f87054f/distill_methodvanilla_dkd_alpha1.0_dkd_beta8.0_kl_methodkl_mse_normalizeFalse_temperature1.0_weight_ce0.5_weight_kl1.0_weight_mse0.0_zscoreFalse/best_model/student.pt,carbon__H3K27ac__distill_methodvanilla_dkd_alpha1.0_dkd_beta8.0_kl_methodkl_mse_normalizeFalse_temperature1.0_weight_ce0.5_weight_kl1.0_weight_mse0.0_zscoreFalse__val0.4760.pt
H3K27ac,distill_methodvanilla_dkd_alpha1.0_dkd_beta8.0_kl_methodkl_mse_normalizeFalse_temperature2.0_weight_ce0.5_weight_kl1.0_weight_mse0.0_zscoreFalse,0.4797,/tmp/galaxy_srv_disk00/pengchx3/carbon_distillation/box_stage3/carbon_distillation/original/H3K27ac/20260628_234342/5e7291e8-3b9d-4478-82e4-c1d4ff2b499f/distill_methodvanilla_dkd_alpha1.0_dkd_beta8.0_kl_methodkl_mse_normalizeFalse_temperature2.0_weight_ce0.5_weight_kl1.0_weight_mse0.0_zscoreFalse/best_model/student.pt,carbon__H3K27ac__distill_methodvanilla_dkd_alpha1.0_dkd_beta8.0_kl_methodkl_mse_normalizeFalse_temperature2.0_weight_ce0.5_weight_kl1.0_weight_mse0.0_zscoreFalse__val0.4797.pt
H3K27ac,distill_methodvanilla_dkd_alpha1.0_dkd_beta8.0_kl_methodkl_mse_normalizeFalse_temperature1.5_weight_ce0.5_weight_kl1.0_weight_mse0.0_zscoreFalse,0.4802,/tmp/galaxy_srv_disk00/pengchx3/carbon_distillation/box_stage3/carbon_distillation/original/H3K27ac/20260628_234345/a24f9bfd-2c39-40e4-aa78-888fde1f2bbf/distill_methodvanilla_dkd_alpha1.0_dkd_beta8.0_kl_methodkl_mse_normalizeFalse_temperature1.5_weight_ce0.5_weight_kl1.0_weight_mse0.0_zscoreFalse/best_model/student.pt,carbon__H3K27ac__distill_methodvanilla_dkd_alpha1.0_dkd_beta8.0_kl_methodkl_mse_normalizeFalse_temperature1.5_weight_ce0.5_weight_kl1.0_weight_mse0.0_zscoreFalse__val0.4802.pt
H3K27ac,distill_methodvanilla_dkd_alpha1.0_dkd_beta8.0_kl_methodkl_mse_normalizeFalse_temperature4.0_weight_ce0.5_weight_kl1.0_weight_mse0.0_zscoreFalse,0.4755,/tmp/galaxy_srv_disk00/pengchx3/carbon_distillation/box_stage3/carbon_distillation/original/H3K27ac/20260628_234441/74e3c726-3d35-48bc-9a91-964b976ee690/distill_methodvanilla_dkd_alpha1.0_dkd_beta8.0_kl_methodkl_mse_normalizeFalse_temperature4.0_weight_ce0.5_weight_kl1.0_weight_mse0.0_zscoreFalse/best_model/student.pt,carbon__H3K27ac__distill_methodvanilla_dkd_alpha1.0_dkd_beta8.0_kl_methodkl_mse_normalizeFalse_temperature4.0_weight_ce0.5_weight_kl1.0_weight_mse0.0_zscoreFalse__val0.4755.pt
H3K27ac,distill_methodvanilla_dkd_alpha1.0_dkd_beta8.0_kl_methodkl_mse_normalizeFalse_temperature0.5_weight_ce0.5_weight_kl1.0_weight_mse1.0_zscoreFalse,0.4746,/tmp/galaxy_srv_disk00/pengchx3/carbon_distillation/box_stage3/carbon_distillation/original/H3K27ac/20260628_234925/7b75e543-8054-4f2a-b215-63339ede6396/distill_methodvanilla_dkd_alpha1.0_dkd_beta8.0_kl_methodkl_mse_normalizeFalse_temperature0.5_weight_ce0.5_weight_kl1.0_weight_mse1.0_zscoreFalse/best_model/student.pt,carbon__H3K27ac__distill_methodvanilla_dkd_alpha1.0_dkd_beta8.0_kl_methodkl_mse_normalizeFalse_temperature0.5_weight_ce0.5_weight_kl1.0_weight_mse1.0_zscoreFalse__val0.4746.pt
H3K27ac,distill_methodvanilla_dkd_alpha1.0_dkd_beta8.0_kl_methodkl_mse_normalizeFalse_temperature1.0_weight_ce0.5_weight_kl1.0_weight_mse1.0_zscoreFalse,0.4802,/tmp/galaxy_srv_disk00/pengchx3/carbon_distillation/box_stage3/carbon_distillation/original/H3K27ac/20260628_235632/61151af2-026c-4543-8c29-0418d1a43439/distill_methodvanilla_dkd_alpha1.0_dkd_beta8.0_kl_methodkl_mse_normalizeFalse_temperature1.0_weight_ce0.5_weight_kl1.0_weight_mse1.0_zscoreFalse/best_model/student.pt,carbon__H3K27ac__distill_methodvanilla_dkd_alpha1.0_dkd_beta8.0_kl_methodkl_mse_normalizeFalse_temperature1.0_weight_ce0.5_weight_kl1.0_weight_mse1.0_zscoreFalse__val0.4802.pt
H3K27ac,distill_methodvanilla_dkd_alpha1.0_dkd_beta8.0_kl_methodkl_mse_normalizeFalse_temperature1.5_weight_ce0.5_weight_kl1.0_weight_mse1.0_zscoreFalse,0.4762,/tmp/galaxy_srv_disk00/pengchx3/carbon_distillation/box_stage3/carbon_distillation/original/H3K27ac/20260628_235936/e141fcc5-bf52-41c9-84cc-7f6ec5d4f517/distill_methodvanilla_dkd_alpha1.0_dkd_beta8.0_kl_methodkl_mse_normalizeFalse_temperature1.5_weight_ce0.5_weight_kl1.0_weight_mse1.0_zscoreFalse/best_model/student.pt,carbon__H3K27ac__distill_methodvanilla_dkd_alpha1.0_dkd_beta8.0_kl_methodkl_mse_normalizeFalse_temperature1.5_weight_ce0.5_weight_kl1.0_weight_mse1.0_zscoreFalse__val0.4762.pt
H3K27ac,distill_methodvanilla_dkd_alpha1.0_dkd_beta8.0_kl_methodkl_mse_normalizeFalse_temperature2.0_weight_ce0.5_weight_kl1.0_weight_mse1.0_zscoreFalse,0.4760,/tmp/galaxy_srv_disk00/pengchx3/carbon_distillation/box_stage3/carbon_distillation/original/H3K27ac/20260629_002012/d3741af2-f77d-4941-84ac-0b28b2da3fbc/distill_methodvanilla_dkd_alpha1.0_dkd_beta8.0_kl_methodkl_mse_normalizeFalse_temperature2.0_weight_ce0.5_weight_kl1.0_weight_mse1.0_zscoreFalse/best_model/student.pt,carbon__H3K27ac__distill_methodvanilla_dkd_alpha1.0_dkd_beta8.0_kl_methodkl_mse_normalizeFalse_temperature2.0_weight_ce0.5_weight_kl1.0_weight_mse1.0_zscoreFalse__val0.4760.pt
H3K27ac,distill_methodvanilla_dkd_alpha1.0_dkd_beta8.0_kl_methodkl_mse_normalizeFalse_temperature4.0_weight_ce0.5_weight_kl1.0_weight_mse1.0_zscoreFalse,0.4721,/tmp/galaxy_srv_disk00/pengchx3/carbon_distillation/box_stage3/carbon_distillation/original/H3K27ac/20260629_002323/f75be74c-3321-4e92-9543-82fbee695465/distill_methodvanilla_dkd_alpha1.0_dkd_beta8.0_kl_methodkl_mse_normalizeFalse_temperature4.0_weight_ce0.5_weight_kl1.0_weight_mse1.0_zscoreFalse/best_model/student.pt,carbon__H3K27ac__distill_methodvanilla_dkd_alpha1.0_dkd_beta8.0_kl_methodkl_mse_normalizeFalse_temperature4.0_weight_ce0.5_weight_kl1.0_weight_mse1.0_zscoreFalse__val0.4721.pt
H3K27ac,distill_methodvanilla_dkd_alpha1.0_dkd_beta8.0_kl_methodkl_mse_normalizeFalse_temperature0.5_weight_ce0.5_weight_kl0.25_weight_mse2.0_zscoreFalse,0.4632,/tmp/galaxy_srv_disk00/pengchx3/carbon_distillation/box_stage3/carbon_distillation/original/H3K27ac/20260629_044626/0a397f91-7f6f-457a-9e2b-16cbfc1f4d82/distill_methodvanilla_dkd_alpha1.0_dkd_beta8.0_kl_methodkl_mse_normalizeFalse_temperature0.5_weight_ce0.5_weight_kl0.25_weight_mse2.0_zscoreFalse/best_model/student.pt,carbon__H3K27ac__distill_methodvanilla_dkd_alpha1.0_dkd_beta8.0_kl_methodkl_mse_normalizeFalse_temperature0.5_weight_ce0.5_weight_kl0.25_weight_mse2.0_zscoreFalse__val0.4632.pt
H3K27ac,distill_methodvanilla_dkd_alpha1.0_dkd_beta8.0_kl_methodkl_mse_normalizeFalse_temperature4.0_weight_ce0.5_weight_kl0.25_weight_mse2.0_zscoreFalse,0.4664,/tmp/galaxy_srv_disk00/pengchx3/carbon_distillation/box_stage3/carbon_distillation/original/H3K27ac/20260629_044626/14b1195c-7cfa-4084-a6cc-1ea7289827b6/distill_methodvanilla_dkd_alpha1.0_dkd_beta8.0_kl_methodkl_mse_normalizeFalse_temperature4.0_weight_ce0.5_weight_kl0.25_weight_mse2.0_zscoreFalse/best_model/student.pt,carbon__H3K27ac__distill_methodvanilla_dkd_alpha1.0_dkd_beta8.0_kl_methodkl_mse_normalizeFalse_temperature4.0_weight_ce0.5_weight_kl0.25_weight_mse2.0_zscoreFalse__val0.4664.pt
H3K27ac,distill_methodvanilla_dkd_alpha1.0_dkd_beta8.0_kl_methodkl_mse_normalizeFalse_temperature2.0_weight_ce0.5_weight_kl0.25_weight_mse2.0_zscoreFalse,0.4719,/tmp/galaxy_srv_disk00/pengchx3/carbon_distillation/box_stage3/carbon_distillation/original/H3K27ac/20260629_044626/326517a3-6c04-443a-89aa-773f2a02a390/distill_methodvanilla_dkd_alpha1.0_dkd_beta8.0_kl_methodkl_mse_normalizeFalse_temperature2.0_weight_ce0.5_weight_kl0.25_weight_mse2.0_zscoreFalse/best_model/student.pt,carbon__H3K27ac__distill_methodvanilla_dkd_alpha1.0_dkd_beta8.0_kl_methodkl_mse_normalizeFalse_temperature2.0_weight_ce0.5_weight_kl0.25_weight_mse2.0_zscoreFalse__val0.4719.pt
H3K27ac,distill_methodvanilla_dkd_alpha1.0_dkd_beta8.0_kl_methodkl_mse_normalizeFalse_temperature0.5_weight_ce0.5_weight_kl0.0_weight_mse2.0_zscoreFalse,0.4651,/tmp/galaxy_srv_disk00/pengchx3/carbon_distillation/box_stage3/carbon_distillation/original/H3K27ac/20260629_044626/bff5d880-d44a-4583-a715-edba040e38b9/distill_methodvanilla_dkd_alpha1.0_dkd_beta8.0_kl_methodkl_mse_normalizeFalse_temperature0.5_weight_ce0.5_weight_kl0.0_weight_mse2.0_zscoreFalse/best_model/student.pt,carbon__H3K27ac__distill_methodvanilla_dkd_alpha1.0_dkd_beta8.0_kl_methodkl_mse_normalizeFalse_temperature0.5_weight_ce0.5_weight_kl0.0_weight_mse2.0_zscoreFalse__val0.4651.pt
H3K27ac,distill_methodvanilla_dkd_alpha1.0_dkd_beta8.0_kl_methodkl_mse_normalizeFalse_temperature0.5_weight_ce0.5_weight_kl0.0_weight_mse5.0_zscoreFalse,0.4576,/tmp/galaxy_srv_disk00/pengchx3/carbon_distillation/box_stage3/carbon_distillation/original/H3K27ac/20260629_044626/c3674542-2a04-4bd1-a715-d84647e18668/distill_methodvanilla_dkd_alpha1.0_dkd_beta8.0_kl_methodkl_mse_normalizeFalse_temperature0.5_weight_ce0.5_weight_kl0.0_weight_mse5.0_zscoreFalse/best_model/student.pt,carbon__H3K27ac__distill_methodvanilla_dkd_alpha1.0_dkd_beta8.0_kl_methodkl_mse_normalizeFalse_temperature0.5_weight_ce0.5_weight_kl0.0_weight_mse5.0_zscoreFalse__val0.4576.pt
H3K27ac,distill_methodvanilla_dkd_alpha1.0_dkd_beta8.0_kl_methodkl_mse_normalizeFalse_temperature1.0_weight_ce0.5_weight_kl0.25_weight_mse2.0_zscoreFalse,0.4712,/tmp/galaxy_srv_disk00/pengchx3/carbon_distillation/box_stage3/carbon_distillation/original/H3K27ac/20260629_044626/ead59c7a-6cfa-4fea-b925-a80330b6b0b7/distill_methodvanilla_dkd_alpha1.0_dkd_beta8.0_kl_methodkl_mse_normalizeFalse_temperature1.0_weight_ce0.5_weight_kl0.25_weight_mse2.0_zscoreFalse/best_model/student.pt,carbon__H3K27ac__distill_methodvanilla_dkd_alpha1.0_dkd_beta8.0_kl_methodkl_mse_normalizeFalse_temperature1.0_weight_ce0.5_weight_kl0.25_weight_mse2.0_zscoreFalse__val0.4712.pt
H3K27ac,distill_methodvanilla_dkd_alpha1.0_dkd_beta8.0_kl_methodkl_mse_normalizeFalse_temperature0.5_weight_ce0.5_weight_kl0.25_weight_mse5.0_zscoreFalse,0.4705,/tmp/galaxy_srv_disk00/pengchx3/carbon_distillation/box_stage3/carbon_distillation/original/H3K27ac/20260629_044626/f11a41ac-6fe2-4f3c-bf4b-c160a23989f3/distill_methodvanilla_dkd_alpha1.0_dkd_beta8.0_kl_methodkl_mse_normalizeFalse_temperature0.5_weight_ce0.5_weight_kl0.25_weight_mse5.0_zscoreFalse/best_model/student.pt,carbon__H3K27ac__distill_methodvanilla_dkd_alpha1.0_dkd_beta8.0_kl_methodkl_mse_normalizeFalse_temperature0.5_weight_ce0.5_weight_kl0.25_weight_mse5.0_zscoreFalse__val0.4705.pt
H3K27ac,distill_methodvanilla_dkd_alpha1.0_dkd_beta8.0_kl_methodkl_mse_normalizeFalse_temperature1.5_weight_ce0.5_weight_kl0.25_weight_mse2.0_zscoreFalse,0.4690,/tmp/galaxy_srv_disk00/pengchx3/carbon_distillation/box_stage3/carbon_distillation/original/H3K27ac/20260629_044626/fe661685-f21a-4a60-8e70-1562ff324bef/distill_methodvanilla_dkd_alpha1.0_dkd_beta8.0_kl_methodkl_mse_normalizeFalse_temperature1.5_weight_ce0.5_weight_kl0.25_weight_mse2.0_zscoreFalse/best_model/student.pt,carbon__H3K27ac__distill_methodvanilla_dkd_alpha1.0_dkd_beta8.0_kl_methodkl_mse_normalizeFalse_temperature1.5_weight_ce0.5_weight_kl0.25_weight_mse2.0_zscoreFalse__val0.4690.pt
H3K27ac,distill_methodvanilla_dkd_alpha1.0_dkd_beta8.0_kl_methodkl_mse_normalizeFalse_temperature0.5_weight_ce0.5_weight_kl0.25_weight_mse2.0_zscoreFalse,0.4404,/tmp/galaxy_srv_disk00/pengchx3/carbon_distillation/box_stage3/carbon_distillation/original/H3K27ac/20260629_052829/821f9324-750d-4102-b655-ffe8f9344507/distill_methodvanilla_dkd_alpha1.0_dkd_beta8.0_kl_methodkl_mse_normalizeFalse_temperature0.5_weight_ce0.5_weight_kl0.25_weight_mse2.0_zscoreFalse/best_model/student.pt,carbon__H3K27ac__distill_methodvanilla_dkd_alpha1.0_dkd_beta8.0_kl_methodkl_mse_normalizeFalse_temperature0.5_weight_ce0.5_weight_kl0.25_weight_mse2.0_zscoreFalse__val0.4404.pt
H3K27ac,distill_methodvanilla_dkd_alpha1.0_dkd_beta8.0_kl_methodkl_mse_normalizeFalse_temperature0.5_weight_ce0.5_weight_kl0.0_weight_mse2.0_zscoreFalse,0.4377,/tmp/galaxy_srv_disk00/pengchx3/carbon_distillation/box_stage3/carbon_distillation/original/H3K27ac/20260629_052829/8722e663-629a-4af9-adf1-4031acfdbfea/distill_methodvanilla_dkd_alpha1.0_dkd_beta8.0_kl_methodkl_mse_normalizeFalse_temperature0.5_weight_ce0.5_weight_kl0.0_weight_mse2.0_zscoreFalse/best_model/student.pt,carbon__H3K27ac__distill_methodvanilla_dkd_alpha1.0_dkd_beta8.0_kl_methodkl_mse_normalizeFalse_temperature0.5_weight_ce0.5_weight_kl0.0_weight_mse2.0_zscoreFalse__val0.4377.pt
H3K27ac,distill_methodvanilla_dkd_alpha1.0_dkd_beta8.0_kl_methodkl_mse_normalizeFalse_temperature0.5_weight_ce0.5_weight_kl0.0_weight_mse5.0_zscoreFalse,0.4432,/tmp/galaxy_srv_disk00/pengchx3/carbon_distillation/box_stage3/carbon_distillation/original/H3K27ac/20260629_052829/9809551e-e8d7-4ca3-a0e5-3225f418a690/distill_methodvanilla_dkd_alpha1.0_dkd_beta8.0_kl_methodkl_mse_normalizeFalse_temperature0.5_weight_ce0.5_weight_kl0.0_weight_mse5.0_zscoreFalse/best_model/student.pt,carbon__H3K27ac__distill_methodvanilla_dkd_alpha1.0_dkd_beta8.0_kl_methodkl_mse_normalizeFalse_temperature0.5_weight_ce0.5_weight_kl0.0_weight_mse5.0_zscoreFalse__val0.4432.pt
H3K27ac,distill_methodvanilla_dkd_alpha1.0_dkd_beta8.0_kl_methodkl_mse_normalizeFalse_temperature0.5_weight_ce0.5_weight_kl0.25_weight_mse5.0_zscoreFalse,0.4487,/tmp/galaxy_srv_disk00/pengchx3/carbon_distillation/box_stage3/carbon_distillation/original/H3K27ac/20260629_052830/385fdb63-82b1-49a9-8938-323eae697934/distill_methodvanilla_dkd_alpha1.0_dkd_beta8.0_kl_methodkl_mse_normalizeFalse_temperature0.5_weight_ce0.5_weight_kl0.25_weight_mse5.0_zscoreFalse/best_model/student.pt,carbon__H3K27ac__distill_methodvanilla_dkd_alpha1.0_dkd_beta8.0_kl_methodkl_mse_normalizeFalse_temperature0.5_weight_ce0.5_weight_kl0.25_weight_mse5.0_zscoreFalse__val0.4487.pt
H3K27ac,distill_methodvanilla_dkd_alpha1.0_dkd_beta8.0_kl_methodkl_mse_normalizeFalse_temperature1.5_weight_ce0.5_weight_kl0.25_weight_mse2.0_zscoreFalse,0.4371,/tmp/galaxy_srv_disk00/pengchx3/carbon_distillation/box_stage3/carbon_distillation/original/H3K27ac/20260629_052830/3a4593a5-7946-4ae8-b363-e652009d3816/distill_methodvanilla_dkd_alpha1.0_dkd_beta8.0_kl_methodkl_mse_normalizeFalse_temperature1.5_weight_ce0.5_weight_kl0.25_weight_mse2.0_zscoreFalse/best_model/student.pt,carbon__H3K27ac__distill_methodvanilla_dkd_alpha1.0_dkd_beta8.0_kl_methodkl_mse_normalizeFalse_temperature1.5_weight_ce0.5_weight_kl0.25_weight_mse2.0_zscoreFalse__val0.4371.pt
H3K27ac,distill_methodvanilla_dkd_alpha1.0_dkd_beta8.0_kl_methodkl_mse_normalizeFalse_temperature2.0_weight_ce0.5_weight_kl0.25_weight_mse2.0_zscoreFalse,0.4359,/tmp/galaxy_srv_disk00/pengchx3/carbon_distillation/box_stage3/carbon_distillation/original/H3K27ac/20260629_052830/84abdc14-182a-4e9f-a047-7d92d2b305d5/distill_methodvanilla_dkd_alpha1.0_dkd_beta8.0_kl_methodkl_mse_normalizeFalse_temperature2.0_weight_ce0.5_weight_kl0.25_weight_mse2.0_zscoreFalse/best_model/student.pt,carbon__H3K27ac__distill_methodvanilla_dkd_alpha1.0_dkd_beta8.0_kl_methodkl_mse_normalizeFalse_temperature2.0_weight_ce0.5_weight_kl0.25_weight_mse2.0_zscoreFalse__val0.4359.pt
H3K27ac,distill_methodvanilla_dkd_alpha1.0_dkd_beta8.0_kl_methodkl_mse_normalizeFalse_temperature1.0_weight_ce0.5_weight_kl0.25_weight_mse2.0_zscoreFalse,0.4357,/tmp/galaxy_srv_disk00/pengchx3/carbon_distillation/box_stage3/carbon_distillation/original/H3K27ac/20260629_052830/a504382a-1b69-4005-9f6c-990cd94a2e18/distill_methodvanilla_dkd_alpha1.0_dkd_beta8.0_kl_methodkl_mse_normalizeFalse_temperature1.0_weight_ce0.5_weight_kl0.25_weight_mse2.0_zscoreFalse/best_model/student.pt,carbon__H3K27ac__distill_methodvanilla_dkd_alpha1.0_dkd_beta8.0_kl_methodkl_mse_normalizeFalse_temperature1.0_weight_ce0.5_weight_kl0.25_weight_mse2.0_zscoreFalse__val0.4357.pt
H3K27ac,distill_methodvanilla_dkd_alpha1.0_dkd_beta8.0_kl_methodkl_mse_normalizeFalse_temperature4.0_weight_ce0.5_weight_kl0.25_weight_mse2.0_zscoreFalse,0.4163,/tmp/galaxy_srv_disk00/pengchx3/carbon_distillation/box_stage3/carbon_distillation/original/H3K27ac/20260629_053033/cf62088e-5a0f-4421-b218-a8bccfd1b752/distill_methodvanilla_dkd_alpha1.0_dkd_beta8.0_kl_methodkl_mse_normalizeFalse_temperature4.0_weight_ce0.5_weight_kl0.25_weight_mse2.0_zscoreFalse/best_model/student.pt,carbon__H3K27ac__distill_methodvanilla_dkd_alpha1.0_dkd_beta8.0_kl_methodkl_mse_normalizeFalse_temperature4.0_weight_ce0.5_weight_kl0.25_weight_mse2.0_zscoreFalse__val0.4163.pt
H3K27ac,distill_methodvanilla_dkd_alpha1.0_dkd_beta8.0_kl_methodkl_mse_normalizeFalse_temperature0.5_weight_ce0.5_weight_kl0.0_weight_mse2.0_zscoreFalse,0.4651,/tmp/galaxy_srv_disk00/pengchx3/carbon_distillation/box_stage3/carbon_distillation/original/H3K27ac/20260629_083823/f34b1264-f1ac-475f-8c6b-ee9fe6ba6df5/distill_methodvanilla_dkd_alpha1.0_dkd_beta8.0_kl_methodkl_mse_normalizeFalse_temperature0.5_weight_ce0.5_weight_kl0.0_weight_mse2.0_zscoreFalse/best_model/student.pt,carbon__H3K27ac__distill_methodvanilla_dkd_alpha1.0_dkd_beta8.0_kl_methodkl_mse_normalizeFalse_temperature0.5_weight_ce0.5_weight_kl0.0_weight_mse2.0_zscoreFalse__val0.4651.pt
H3K27ac,distill_methodvanilla_dkd_alpha1.0_dkd_beta8.0_kl_methodkl_mse_normalizeFalse_temperature0.5_weight_ce0.5_weight_kl0.25_weight_mse2.0_zscoreFalse,0.4632,/tmp/galaxy_srv_disk00/pengchx3/carbon_distillation/box_stage3/carbon_distillation/original/H3K27ac/20260629_084148/e24d3a4c-4cd5-4220-9575-a7b0f5789c8b/distill_methodvanilla_dkd_alpha1.0_dkd_beta8.0_kl_methodkl_mse_normalizeFalse_temperature0.5_weight_ce0.5_weight_kl0.25_weight_mse2.0_zscoreFalse/best_model/student.pt,carbon__H3K27ac__distill_methodvanilla_dkd_alpha1.0_dkd_beta8.0_kl_methodkl_mse_normalizeFalse_temperature0.5_weight_ce0.5_weight_kl0.25_weight_mse2.0_zscoreFalse__val0.4632.pt
H3K27ac,distill_methodvanilla_dkd_alpha1.0_dkd_beta8.0_kl_methodkl_mse_normalizeFalse_temperature1.0_weight_ce0.5_weight_kl0.25_weight_mse2.0_zscoreFalse,0.4712,/tmp/galaxy_srv_disk00/pengchx3/carbon_distillation/box_stage3/carbon_distillation/original/H3K27ac/20260629_084149/9803a4d9-2992-4b82-8e94-f7612f17f71b/distill_methodvanilla_dkd_alpha1.0_dkd_beta8.0_kl_methodkl_mse_normalizeFalse_temperature1.0_weight_ce0.5_weight_kl0.25_weight_mse2.0_zscoreFalse/best_model/student.pt,carbon__H3K27ac__distill_methodvanilla_dkd_alpha1.0_dkd_beta8.0_kl_methodkl_mse_normalizeFalse_temperature1.0_weight_ce0.5_weight_kl0.25_weight_mse2.0_zscoreFalse__val0.4712.pt
H3K27ac,distill_methodvanilla_dkd_alpha1.0_dkd_beta8.0_kl_methodkl_mse_normalizeFalse_temperature0.5_weight_ce0.5_weight_kl0.0_weight_mse5.0_zscoreFalse,0.4576,/tmp/galaxy_srv_disk00/pengchx3/carbon_distillation/box_stage3/carbon_distillation/original/H3K27ac/20260629_084152/af14fc36-b792-47b8-acaa-8b35b5b9eefa/distill_methodvanilla_dkd_alpha1.0_dkd_beta8.0_kl_methodkl_mse_normalizeFalse_temperature0.5_weight_ce0.5_weight_kl0.0_weight_mse5.0_zscoreFalse/best_model/student.pt,carbon__H3K27ac__distill_methodvanilla_dkd_alpha1.0_dkd_beta8.0_kl_methodkl_mse_normalizeFalse_temperature0.5_weight_ce0.5_weight_kl0.0_weight_mse5.0_zscoreFalse__val0.4576.pt
H3K27ac,distill_methodvanilla_dkd_alpha1.0_dkd_beta8.0_kl_methodkl_mse_normalizeFalse_temperature1.5_weight_ce0.5_weight_kl0.25_weight_mse2.0_zscoreFalse,0.4690,/tmp/galaxy_srv_disk00/pengchx3/carbon_distillation/box_stage3/carbon_distillation/original/H3K27ac/20260629_084234/485c972d-559a-4f69-be55-ec7ea075666c/distill_methodvanilla_dkd_alpha1.0_dkd_beta8.0_kl_methodkl_mse_normalizeFalse_temperature1.5_weight_ce0.5_weight_kl0.25_weight_mse2.0_zscoreFalse/best_model/student.pt,carbon__H3K27ac__distill_methodvanilla_dkd_alpha1.0_dkd_beta8.0_kl_methodkl_mse_normalizeFalse_temperature1.5_weight_ce0.5_weight_kl0.25_weight_mse2.0_zscoreFalse__val0.4690.pt
H3K27ac,distill_methodvanilla_dkd_alpha1.0_dkd_beta8.0_kl_methodkl_mse_normalizeFalse_temperature2.0_weight_ce0.5_weight_kl0.25_weight_mse2.0_zscoreFalse,0.4719,/tmp/galaxy_srv_disk00/pengchx3/carbon_distillation/box_stage3/carbon_distillation/original/H3K27ac/20260629_091904/1dce7dd8-9323-49df-b609-a1033433e3a4/distill_methodvanilla_dkd_alpha1.0_dkd_beta8.0_kl_methodkl_mse_normalizeFalse_temperature2.0_weight_ce0.5_weight_kl0.25_weight_mse2.0_zscoreFalse/best_model/student.pt,carbon__H3K27ac__distill_methodvanilla_dkd_alpha1.0_dkd_beta8.0_kl_methodkl_mse_normalizeFalse_temperature2.0_weight_ce0.5_weight_kl0.25_weight_mse2.0_zscoreFalse__val0.4719.pt
H3K27ac,distill_methodvanilla_dkd_alpha1.0_dkd_beta8.0_kl_methodkl_mse_normalizeFalse_temperature4.0_weight_ce0.5_weight_kl0.25_weight_mse2.0_zscoreFalse,0.4664,/tmp/galaxy_srv_disk00/pengchx3/carbon_distillation/box_stage3/carbon_distillation/original/H3K27ac/20260629_091904/e214cc55-482a-43d7-8d82-9818386552b7/distill_methodvanilla_dkd_alpha1.0_dkd_beta8.0_kl_methodkl_mse_normalizeFalse_temperature4.0_weight_ce0.5_weight_kl0.25_weight_mse2.0_zscoreFalse/best_model/student.pt,carbon__H3K27ac__distill_methodvanilla_dkd_alpha1.0_dkd_beta8.0_kl_methodkl_mse_normalizeFalse_temperature4.0_weight_ce0.5_weight_kl0.25_weight_mse2.0_zscoreFalse__val0.4664.pt
H3K27ac,distill_methodvanilla_dkd_alpha1.0_dkd_beta8.0_kl_methodkl_mse_normalizeFalse_temperature0.5_weight_ce0.5_weight_kl0.25_weight_mse5.0_zscoreFalse,0.4705,/tmp/galaxy_srv_disk00/pengchx3/carbon_distillation/box_stage3/carbon_distillation/original/H3K27ac/20260629_092153/839a6dee-6fc7-4548-b1bd-dd9c000bc83b/distill_methodvanilla_dkd_alpha1.0_dkd_beta8.0_kl_methodkl_mse_normalizeFalse_temperature0.5_weight_ce0.5_weight_kl0.25_weight_mse5.0_zscoreFalse/best_model/student.pt,carbon__H3K27ac__distill_methodvanilla_dkd_alpha1.0_dkd_beta8.0_kl_methodkl_mse_normalizeFalse_temperature0.5_weight_ce0.5_weight_kl0.25_weight_mse5.0_zscoreFalse__val0.4705.pt
H3K27ac,distill_methodvanilla_dkd_alpha1.0_dkd_beta8.0_kl_methodkl_mse_normalizeFalse_temperature1.0_weight_ce0.5_weight_kl0.25_weight_mse5.0_zscoreFalse,0.4719,/tmp/galaxy_srv_disk00/pengchx3/carbon_distillation/box_stage3/carbon_distillation/original/H3K27ac/20260629_092512/3d89efbf-6c00-4a7e-9129-ebbf06b3d6b2/distill_methodvanilla_dkd_alpha1.0_dkd_beta8.0_kl_methodkl_mse_normalizeFalse_temperature1.0_weight_ce0.5_weight_kl0.25_weight_mse5.0_zscoreFalse/best_model/student.pt,carbon__H3K27ac__distill_methodvanilla_dkd_alpha1.0_dkd_beta8.0_kl_methodkl_mse_normalizeFalse_temperature1.0_weight_ce0.5_weight_kl0.25_weight_mse5.0_zscoreFalse__val0.4719.pt
H3K27ac,distill_methodvanilla_dkd_alpha1.0_dkd_beta8.0_kl_methodkl_mse_normalizeFalse_temperature1.5_weight_ce0.5_weight_kl0.25_weight_mse5.0_zscoreFalse,0.4662,/tmp/galaxy_srv_disk00/pengchx3/carbon_distillation/box_stage3/carbon_distillation/original/H3K27ac/20260629_092533/0d8a0e6a-5cb7-4747-a0f9-c8dd59e9f6f3/distill_methodvanilla_dkd_alpha1.0_dkd_beta8.0_kl_methodkl_mse_normalizeFalse_temperature1.5_weight_ce0.5_weight_kl0.25_weight_mse5.0_zscoreFalse/best_model/student.pt,carbon__H3K27ac__distill_methodvanilla_dkd_alpha1.0_dkd_beta8.0_kl_methodkl_mse_normalizeFalse_temperature1.5_weight_ce0.5_weight_kl0.25_weight_mse5.0_zscoreFalse__val0.4662.pt
H3K27ac,distill_methodvanilla_dkd_alpha1.0_dkd_beta8.0_kl_methodkl_mse_normalizeFalse_temperature2.0_weight_ce0.5_weight_kl0.25_weight_mse5.0_zscoreFalse,0.4639,/tmp/galaxy_srv_disk00/pengchx3/carbon_distillation/box_stage3/carbon_distillation/original/H3K27ac/20260629_092541/86ee27eb-0bf2-4fc5-ba17-334258d08d8d/distill_methodvanilla_dkd_alpha1.0_dkd_beta8.0_kl_methodkl_mse_normalizeFalse_temperature2.0_weight_ce0.5_weight_kl0.25_weight_mse5.0_zscoreFalse/best_model/student.pt,carbon__H3K27ac__distill_methodvanilla_dkd_alpha1.0_dkd_beta8.0_kl_methodkl_mse_normalizeFalse_temperature2.0_weight_ce0.5_weight_kl0.25_weight_mse5.0_zscoreFalse__val0.4639.pt
H3K27ac,distill_methodvanilla_dkd_alpha1.0_dkd_beta8.0_kl_methodkl_mse_normalizeFalse_temperature4.0_weight_ce0.5_weight_kl0.25_weight_mse5.0_zscoreFalse,0.4615,/tmp/galaxy_srv_disk00/pengchx3/carbon_distillation/box_stage3/carbon_distillation/original/H3K27ac/20260629_092828/38ee8a5e-c8e0-4dbf-926b-a71305ee6cb1/distill_methodvanilla_dkd_alpha1.0_dkd_beta8.0_kl_methodkl_mse_normalizeFalse_temperature4.0_weight_ce0.5_weight_kl0.25_weight_mse5.0_zscoreFalse/best_model/student.pt,carbon__H3K27ac__distill_methodvanilla_dkd_alpha1.0_dkd_beta8.0_kl_methodkl_mse_normalizeFalse_temperature4.0_weight_ce0.5_weight_kl0.25_weight_mse5.0_zscoreFalse__val0.4615.pt
H3K27ac,distill_methodvanilla_dkd_alpha1.0_dkd_beta8.0_kl_methodkl_mse_normalizeFalse_temperature0.5_weight_ce0.5_weight_kl0.5_weight_mse2.0_zscoreFalse,0.4653,/tmp/galaxy_srv_disk00/pengchx3/carbon_distillation/box_stage3/carbon_distillation/original/H3K27ac/20260629_092847/ee37d34e-5866-4581-a11e-42bdc20c9827/distill_methodvanilla_dkd_alpha1.0_dkd_beta8.0_kl_methodkl_mse_normalizeFalse_temperature0.5_weight_ce0.5_weight_kl0.5_weight_mse2.0_zscoreFalse/best_model/student.pt,carbon__H3K27ac__distill_methodvanilla_dkd_alpha1.0_dkd_beta8.0_kl_methodkl_mse_normalizeFalse_temperature0.5_weight_ce0.5_weight_kl0.5_weight_mse2.0_zscoreFalse__val0.4653.pt
H3K27ac,distill_methodvanilla_dkd_alpha1.0_dkd_beta8.0_kl_methodkl_mse_normalizeFalse_temperature1.0_weight_ce0.5_weight_kl0.5_weight_mse2.0_zscoreFalse,0.4646,/tmp/galaxy_srv_disk00/pengchx3/carbon_distillation/box_stage3/carbon_distillation/original/H3K27ac/20260629_100226/d7143c15-c2dd-436b-9876-9e48cc103366/distill_methodvanilla_dkd_alpha1.0_dkd_beta8.0_kl_methodkl_mse_normalizeFalse_temperature1.0_weight_ce0.5_weight_kl0.5_weight_mse2.0_zscoreFalse/best_model/student.pt,carbon__H3K27ac__distill_methodvanilla_dkd_alpha1.0_dkd_beta8.0_kl_methodkl_mse_normalizeFalse_temperature1.0_weight_ce0.5_weight_kl0.5_weight_mse2.0_zscoreFalse__val0.4646.pt
H3K27ac,distill_methodvanilla_dkd_alpha1.0_dkd_beta8.0_kl_methodkl_mse_normalizeFalse_temperature1.5_weight_ce0.5_weight_kl0.5_weight_mse2.0_zscoreFalse,0.4391,/tmp/galaxy_srv_disk00/pengchx3/carbon_distillation/box_stage3/carbon_distillation/original/H3K27ac/20260629_100427/130dd83c-77a3-440f-9a49-082ff81e03fe/distill_methodvanilla_dkd_alpha1.0_dkd_beta8.0_kl_methodkl_mse_normalizeFalse_temperature1.5_weight_ce0.5_weight_kl0.5_weight_mse2.0_zscoreFalse/best_model/student.pt,carbon__H3K27ac__distill_methodvanilla_dkd_alpha1.0_dkd_beta8.0_kl_methodkl_mse_normalizeFalse_temperature1.5_weight_ce0.5_weight_kl0.5_weight_mse2.0_zscoreFalse__val0.4391.pt
H3K27ac,distill_methodvanilla_dkd_alpha1.0_dkd_beta8.0_kl_methodkl_mse_normalizeFalse_temperature2.0_weight_ce0.5_weight_kl0.5_weight_mse2.0_zscoreFalse,0.4349,/tmp/galaxy_srv_disk00/pengchx3/carbon_distillation/box_stage3/carbon_distillation/original/H3K27ac/20260629_100518/cfedfcc4-17f1-4c38-8da3-dc34ac85c36d/distill_methodvanilla_dkd_alpha1.0_dkd_beta8.0_kl_methodkl_mse_normalizeFalse_temperature2.0_weight_ce0.5_weight_kl0.5_weight_mse2.0_zscoreFalse/best_model/student.pt,carbon__H3K27ac__distill_methodvanilla_dkd_alpha1.0_dkd_beta8.0_kl_methodkl_mse_normalizeFalse_temperature2.0_weight_ce0.5_weight_kl0.5_weight_mse2.0_zscoreFalse__val0.4349.pt
H3K27ac,distill_methodvanilla_dkd_alpha1.0_dkd_beta8.0_kl_methodkl_mse_normalizeFalse_temperature4.0_weight_ce0.5_weight_kl0.5_weight_mse2.0_zscoreFalse,0.3107,/tmp/galaxy_srv_disk00/pengchx3/carbon_distillation/box_stage3/carbon_distillation/original/H3K27ac/20260629_100833/f2720a36-c1b2-478e-9bfa-aeac1fe8d2ab/distill_methodvanilla_dkd_alpha1.0_dkd_beta8.0_kl_methodkl_mse_normalizeFalse_temperature4.0_weight_ce0.5_weight_kl0.5_weight_mse2.0_zscoreFalse/best_model/student.pt,carbon__H3K27ac__distill_methodvanilla_dkd_alpha1.0_dkd_beta8.0_kl_methodkl_mse_normalizeFalse_temperature4.0_weight_ce0.5_weight_kl0.5_weight_mse2.0_zscoreFalse__val0.3107.pt
H3K27ac,distill_methodvanilla_dkd_alpha1.0_dkd_beta8.0_kl_methodkl_mse_normalizeFalse_temperature0.5_weight_ce0.5_weight_kl0.5_weight_mse5.0_zscoreFalse,0.2860,/tmp/galaxy_srv_disk00/pengchx3/carbon_distillation/box_stage3/carbon_distillation/original/H3K27ac/20260629_100859/1d0da631-ef81-42de-ac06-08235b9907a8/distill_methodvanilla_dkd_alpha1.0_dkd_beta8.0_kl_methodkl_mse_normalizeFalse_temperature0.5_weight_ce0.5_weight_kl0.5_weight_mse5.0_zscoreFalse/best_model/student.pt,carbon__H3K27ac__distill_methodvanilla_dkd_alpha1.0_dkd_beta8.0_kl_methodkl_mse_normalizeFalse_temperature0.5_weight_ce0.5_weight_kl0.5_weight_mse5.0_zscoreFalse__val0.2860.pt
H3K27ac,distill_methodvanilla_dkd_alpha1.0_dkd_beta8.0_kl_methodkl_mse_normalizeFalse_temperature1.0_weight_ce0.5_weight_kl0.5_weight_mse5.0_zscoreFalse,0.2797,/tmp/galaxy_srv_disk00/pengchx3/carbon_distillation/box_stage3/carbon_distillation/original/H3K27ac/20260629_100912/53d920e8-77f2-4b77-a6fa-8fdc6cbb9df2/distill_methodvanilla_dkd_alpha1.0_dkd_beta8.0_kl_methodkl_mse_normalizeFalse_temperature1.0_weight_ce0.5_weight_kl0.5_weight_mse5.0_zscoreFalse/best_model/student.pt,carbon__H3K27ac__distill_methodvanilla_dkd_alpha1.0_dkd_beta8.0_kl_methodkl_mse_normalizeFalse_temperature1.0_weight_ce0.5_weight_kl0.5_weight_mse5.0_zscoreFalse__val0.2797.pt
H3K4me1,distill_methodvanilla_dkd_alpha1.0_dkd_beta8.0_kl_methodkl_mse_normalizeFalse_temperature0.5_weight_ce0.5_weight_kl0.0_weight_mse0.0_zscoreFalse,0.4199,/tmp/galaxy_srv_disk00/pengchx3/carbon_distillation/box_stage3/carbon_distillation/original/H3K4me1/20260628_005237/509edf1a-fd0f-45c3-ab69-245c7dcc0aa6/distill_methodvanilla_dkd_alpha1.0_dkd_beta8.0_kl_methodkl_mse_normalizeFalse_temperature0.5_weight_ce0.5_weight_kl0.0_weight_mse0.0_zscoreFalse/best_model/student.pt,carbon__H3K4me1__distill_methodvanilla_dkd_alpha1.0_dkd_beta8.0_kl_methodkl_mse_normalizeFalse_temperature0.5_weight_ce0.5_weight_kl0.0_weight_mse0.0_zscoreFalse__val0.4199.pt
H3K4me1,distill_methodvanilla_dkd_alpha1.0_dkd_beta8.0_kl_methodkl_mse_normalizeFalse_temperature0.5_weight_ce0.5_weight_kl0.0_weight_mse0.0_zscoreFalse,0.4594,/tmp/galaxy_srv_disk00/pengchx3/carbon_distillation/box_stage3/carbon_distillation/original/H3K4me1/20260628_043150/6ff0708c-60f4-497e-953b-d214fc2f949c/distill_methodvanilla_dkd_alpha1.0_dkd_beta8.0_kl_methodkl_mse_normalizeFalse_temperature0.5_weight_ce0.5_weight_kl0.0_weight_mse0.0_zscoreFalse/best_model/student.pt,carbon__H3K4me1__distill_methodvanilla_dkd_alpha1.0_dkd_beta8.0_kl_methodkl_mse_normalizeFalse_temperature0.5_weight_ce0.5_weight_kl0.0_weight_mse0.0_zscoreFalse__val0.4594.pt
H3K4me1,distill_methodvanilla_dkd_alpha1.0_dkd_beta8.0_kl_methodkl_mse_normalizeFalse_temperature0.5_weight_ce0.5_weight_kl0.0_weight_mse0.0_zscoreFalse,0.3999,/tmp/galaxy_srv_disk00/pengchx3/carbon_distillation/box_stage3/carbon_distillation/original/H3K4me1/20260628_084058/d10f3377-52dc-40a5-bb28-b5952f88f179/distill_methodvanilla_dkd_alpha1.0_dkd_beta8.0_kl_methodkl_mse_normalizeFalse_temperature0.5_weight_ce0.5_weight_kl0.0_weight_mse0.0_zscoreFalse/best_model/student.pt,carbon__H3K4me1__distill_methodvanilla_dkd_alpha1.0_dkd_beta8.0_kl_methodkl_mse_normalizeFalse_temperature0.5_weight_ce0.5_weight_kl0.0_weight_mse0.0_zscoreFalse__val0.3999.pt
H3K4me1,distill_methodvanilla_dkd_alpha1.0_dkd_beta8.0_kl_methodkl_mse_normalizeFalse_temperature4.0_weight_ce0.5_weight_kl1.0_weight_mse0.0_zscoreFalse,0.3603,/tmp/galaxy_srv_disk00/pengchx3/carbon_distillation/box_stage3/carbon_distillation/original/H3K4me1/20260628_114307/0d901f7f-9031-4219-97aa-473dac11cb37/distill_methodvanilla_dkd_alpha1.0_dkd_beta8.0_kl_methodkl_mse_normalizeFalse_temperature4.0_weight_ce0.5_weight_kl1.0_weight_mse0.0_zscoreFalse/best_model/student.pt,carbon__H3K4me1__distill_methodvanilla_dkd_alpha1.0_dkd_beta8.0_kl_methodkl_mse_normalizeFalse_temperature4.0_weight_ce0.5_weight_kl1.0_weight_mse0.0_zscoreFalse__val0.3603.pt
H3K4me1,distill_methodvanilla_dkd_alpha1.0_dkd_beta8.0_kl_methodkl_mse_normalizeFalse_temperature2.0_weight_ce0.5_weight_kl1.0_weight_mse0.0_zscoreFalse,0.3621,/tmp/galaxy_srv_disk00/pengchx3/carbon_distillation/box_stage3/carbon_distillation/original/H3K4me1/20260628_114307/e1643d2b-8673-4d2e-be93-f7a8fd07cf1a/distill_methodvanilla_dkd_alpha1.0_dkd_beta8.0_kl_methodkl_mse_normalizeFalse_temperature2.0_weight_ce0.5_weight_kl1.0_weight_mse0.0_zscoreFalse/best_model/student.pt,carbon__H3K4me1__distill_methodvanilla_dkd_alpha1.0_dkd_beta8.0_kl_methodkl_mse_normalizeFalse_temperature2.0_weight_ce0.5_weight_kl1.0_weight_mse0.0_zscoreFalse__val0.3621.pt
H3K4me1,distill_methodvanilla_dkd_alpha1.0_dkd_beta8.0_kl_methodkl_mse_normalizeFalse_temperature1.5_weight_ce0.5_weight_kl1.0_weight_mse0.0_zscoreFalse,0.3620,/tmp/galaxy_srv_disk00/pengchx3/carbon_distillation/box_stage3/carbon_distillation/original/H3K4me1/20260628_114308/604367af-4eb4-4b00-84b0-f9a0baa9ed0b/distill_methodvanilla_dkd_alpha1.0_dkd_beta8.0_kl_methodkl_mse_normalizeFalse_temperature1.5_weight_ce0.5_weight_kl1.0_weight_mse0.0_zscoreFalse/best_model/student.pt,carbon__H3K4me1__distill_methodvanilla_dkd_alpha1.0_dkd_beta8.0_kl_methodkl_mse_normalizeFalse_temperature1.5_weight_ce0.5_weight_kl1.0_weight_mse0.0_zscoreFalse__val0.3620.pt
H3K4me1,distill_methodvanilla_dkd_alpha1.0_dkd_beta8.0_kl_methodkl_mse_normalizeFalse_temperature0.5_weight_ce0.5_weight_kl0.0_weight_mse1.0_zscoreFalse,0.3236,/tmp/galaxy_srv_disk00/pengchx3/carbon_distillation/box_stage3/carbon_distillation/original/H3K4me1/20260628_114313/6badccd2-a311-439b-9b06-f386625921e6/distill_methodvanilla_dkd_alpha1.0_dkd_beta8.0_kl_methodkl_mse_normalizeFalse_temperature0.5_weight_ce0.5_weight_kl0.0_weight_mse1.0_zscoreFalse/best_model/student.pt,carbon__H3K4me1__distill_methodvanilla_dkd_alpha1.0_dkd_beta8.0_kl_methodkl_mse_normalizeFalse_temperature0.5_weight_ce0.5_weight_kl0.0_weight_mse1.0_zscoreFalse__val0.3236.pt
H3K4me1,distill_methodvanilla_dkd_alpha1.0_dkd_beta8.0_kl_methodkl_mse_normalizeFalse_temperature0.5_weight_ce0.5_weight_kl0.0_weight_mse0.0_zscoreFalse,0.3562,/tmp/galaxy_srv_disk00/pengchx3/carbon_distillation/box_stage3/carbon_distillation/original/H3K4me1/20260628_114314/5f77e745-8ba6-4760-b0ed-eea9fd2b19ec/distill_methodvanilla_dkd_alpha1.0_dkd_beta8.0_kl_methodkl_mse_normalizeFalse_temperature0.5_weight_ce0.5_weight_kl0.0_weight_mse0.0_zscoreFalse/best_model/student.pt,carbon__H3K4me1__distill_methodvanilla_dkd_alpha1.0_dkd_beta8.0_kl_methodkl_mse_normalizeFalse_temperature0.5_weight_ce0.5_weight_kl0.0_weight_mse0.0_zscoreFalse__val0.3562.pt
H3K4me1,distill_methodvanilla_dkd_alpha1.0_dkd_beta8.0_kl_methodkl_mse_normalizeFalse_temperature1.0_weight_ce0.5_weight_kl0.25_weight_mse0.0_zscoreFalse,0.3520,/tmp/galaxy_srv_disk00/pengchx3/carbon_distillation/box_stage3/carbon_distillation/original/H3K4me1/20260628_115650/5826f7e7-b743-45f6-9fa4-0815febebfee/distill_methodvanilla_dkd_alpha1.0_dkd_beta8.0_kl_methodkl_mse_normalizeFalse_temperature1.0_weight_ce0.5_weight_kl0.25_weight_mse0.0_zscoreFalse/best_model/student.pt,carbon__H3K4me1__distill_methodvanilla_dkd_alpha1.0_dkd_beta8.0_kl_methodkl_mse_normalizeFalse_temperature1.0_weight_ce0.5_weight_kl0.25_weight_mse0.0_zscoreFalse__val0.3520.pt
H3K4me1,distill_methodvanilla_dkd_alpha1.0_dkd_beta8.0_kl_methodkl_mse_normalizeFalse_temperature1.0_weight_ce0.5_weight_kl0.5_weight_mse0.0_zscoreFalse,0.3605,/tmp/galaxy_srv_disk00/pengchx3/carbon_distillation/box_stage3/carbon_distillation/original/H3K4me1/20260628_115650/f2570e9d-102c-4081-a0a8-14f08df566f6/distill_methodvanilla_dkd_alpha1.0_dkd_beta8.0_kl_methodkl_mse_normalizeFalse_temperature1.0_weight_ce0.5_weight_kl0.5_weight_mse0.0_zscoreFalse/best_model/student.pt,carbon__H3K4me1__distill_methodvanilla_dkd_alpha1.0_dkd_beta8.0_kl_methodkl_mse_normalizeFalse_temperature1.0_weight_ce0.5_weight_kl0.5_weight_mse0.0_zscoreFalse__val0.3605.pt
H3K4me1,distill_methodvanilla_dkd_alpha1.0_dkd_beta8.0_kl_methodkl_mse_normalizeFalse_temperature0.5_weight_ce0.5_weight_kl0.25_weight_mse1.0_zscoreFalse,0.3382,/tmp/galaxy_srv_disk00/pengchx3/carbon_distillation/box_stage3/carbon_distillation/original/H3K4me1/20260628_120156/1961cefc-5e35-42ec-92e0-0bb5a91a7f5e/distill_methodvanilla_dkd_alpha1.0_dkd_beta8.0_kl_methodkl_mse_normalizeFalse_temperature0.5_weight_ce0.5_weight_kl0.25_weight_mse1.0_zscoreFalse/best_model/student.pt,carbon__H3K4me1__distill_methodvanilla_dkd_alpha1.0_dkd_beta8.0_kl_methodkl_mse_normalizeFalse_temperature0.5_weight_ce0.5_weight_kl0.25_weight_mse1.0_zscoreFalse__val0.3382.pt
H3K4me1,distill_methodvanilla_dkd_alpha1.0_dkd_beta8.0_kl_methodkl_mse_normalizeFalse_temperature0.5_weight_ce0.5_weight_kl0.25_weight_mse0.0_zscoreFalse,0.3656,/tmp/galaxy_srv_disk00/pengchx3/carbon_distillation/box_stage3/carbon_distillation/original/H3K4me1/20260628_120158/548573c2-1f02-4341-b4ac-f88a34090745/distill_methodvanilla_dkd_alpha1.0_dkd_beta8.0_kl_methodkl_mse_normalizeFalse_temperature0.5_weight_ce0.5_weight_kl0.25_weight_mse0.0_zscoreFalse/best_model/student.pt,carbon__H3K4me1__distill_methodvanilla_dkd_alpha1.0_dkd_beta8.0_kl_methodkl_mse_normalizeFalse_temperature0.5_weight_ce0.5_weight_kl0.25_weight_mse0.0_zscoreFalse__val0.3656.pt
H3K4me1,distill_methodvanilla_dkd_alpha1.0_dkd_beta8.0_kl_methodkl_mse_normalizeFalse_temperature0.5_weight_ce0.5_weight_kl0.0_weight_mse1.0_zscoreFalse,0.3594,/tmp/galaxy_srv_disk00/pengchx3/carbon_distillation/box_stage3/carbon_distillation/original/H3K4me1/20260628_120158/f2a8b9bb-2197-47c9-b014-8addcc9b16b6/distill_methodvanilla_dkd_alpha1.0_dkd_beta8.0_kl_methodkl_mse_normalizeFalse_temperature0.5_weight_ce0.5_weight_kl0.0_weight_mse1.0_zscoreFalse/best_model/student.pt,carbon__H3K4me1__distill_methodvanilla_dkd_alpha1.0_dkd_beta8.0_kl_methodkl_mse_normalizeFalse_temperature0.5_weight_ce0.5_weight_kl0.0_weight_mse1.0_zscoreFalse__val0.3594.pt
H3K4me1,distill_methodvanilla_dkd_alpha1.0_dkd_beta8.0_kl_methodkl_mse_normalizeFalse_temperature1.0_weight_ce0.5_weight_kl0.25_weight_mse0.0_zscoreFalse,0.3690,/tmp/galaxy_srv_disk00/pengchx3/carbon_distillation/box_stage3/carbon_distillation/original/H3K4me1/20260628_120159/0bb68c2e-ea57-4383-9a25-63585a9eecfa/distill_methodvanilla_dkd_alpha1.0_dkd_beta8.0_kl_methodkl_mse_normalizeFalse_temperature1.0_weight_ce0.5_weight_kl0.25_weight_mse0.0_zscoreFalse/best_model/student.pt,carbon__H3K4me1__distill_methodvanilla_dkd_alpha1.0_dkd_beta8.0_kl_methodkl_mse_normalizeFalse_temperature1.0_weight_ce0.5_weight_kl0.25_weight_mse0.0_zscoreFalse__val0.3690.pt
H3K4me1,distill_methodvanilla_dkd_alpha1.0_dkd_beta8.0_kl_methodkl_mse_normalizeFalse_temperature4.0_weight_ce0.5_weight_kl0.25_weight_mse0.0_zscoreFalse,0.3701,/tmp/galaxy_srv_disk00/pengchx3/carbon_distillation/box_stage3/carbon_distillation/original/H3K4me1/20260628_120159/169da10b-c65d-4d0f-a1e6-647357d087b7/distill_methodvanilla_dkd_alpha1.0_dkd_beta8.0_kl_methodkl_mse_normalizeFalse_temperature4.0_weight_ce0.5_weight_kl0.25_weight_mse0.0_zscoreFalse/best_model/student.pt,carbon__H3K4me1__distill_methodvanilla_dkd_alpha1.0_dkd_beta8.0_kl_methodkl_mse_normalizeFalse_temperature4.0_weight_ce0.5_weight_kl0.25_weight_mse0.0_zscoreFalse__val0.3701.pt
H3K4me1,distill_methodvanilla_dkd_alpha1.0_dkd_beta8.0_kl_methodkl_mse_normalizeFalse_temperature2.0_weight_ce0.5_weight_kl0.5_weight_mse1.0_zscoreFalse,0.3534,/tmp/galaxy_srv_disk00/pengchx3/carbon_distillation/box_stage3/carbon_distillation/original/H3K4me1/20260628_120159/1ba48c66-478e-4972-b16b-5fb2e90dd190/distill_methodvanilla_dkd_alpha1.0_dkd_beta8.0_kl_methodkl_mse_normalizeFalse_temperature2.0_weight_ce0.5_weight_kl0.5_weight_mse1.0_zscoreFalse/best_model/student.pt,carbon__H3K4me1__distill_methodvanilla_dkd_alpha1.0_dkd_beta8.0_kl_methodkl_mse_normalizeFalse_temperature2.0_weight_ce0.5_weight_kl0.5_weight_mse1.0_zscoreFalse__val0.3534.pt
H3K4me1,distill_methodvanilla_dkd_alpha1.0_dkd_beta8.0_kl_methodkl_mse_normalizeFalse_temperature2.0_weight_ce0.5_weight_kl1.0_weight_mse0.0_zscoreFalse,0.3680,/tmp/galaxy_srv_disk00/pengchx3/carbon_distillation/box_stage3/carbon_distillation/original/H3K4me1/20260628_120159/7cf3235d-eb1a-4f11-93a8-854a937011b2/distill_methodvanilla_dkd_alpha1.0_dkd_beta8.0_kl_methodkl_mse_normalizeFalse_temperature2.0_weight_ce0.5_weight_kl1.0_weight_mse0.0_zscoreFalse/best_model/student.pt,carbon__H3K4me1__distill_methodvanilla_dkd_alpha1.0_dkd_beta8.0_kl_methodkl_mse_normalizeFalse_temperature2.0_weight_ce0.5_weight_kl1.0_weight_mse0.0_zscoreFalse__val0.3680.pt
H3K4me1,distill_methodvanilla_dkd_alpha1.0_dkd_beta8.0_kl_methodkl_mse_normalizeFalse_temperature1.5_weight_ce0.5_weight_kl0.5_weight_mse0.0_zscoreFalse,0.3719,/tmp/galaxy_srv_disk00/pengchx3/carbon_distillation/box_stage3/carbon_distillation/original/H3K4me1/20260628_120159/7e627f6a-960f-431c-9a0c-bf5f630a1796/distill_methodvanilla_dkd_alpha1.0_dkd_beta8.0_kl_methodkl_mse_normalizeFalse_temperature1.5_weight_ce0.5_weight_kl0.5_weight_mse0.0_zscoreFalse/best_model/student.pt,carbon__H3K4me1__distill_methodvanilla_dkd_alpha1.0_dkd_beta8.0_kl_methodkl_mse_normalizeFalse_temperature1.5_weight_ce0.5_weight_kl0.5_weight_mse0.0_zscoreFalse__val0.3719.pt
H3K4me1,distill_methodvanilla_dkd_alpha1.0_dkd_beta8.0_kl_methodkl_mse_normalizeFalse_temperature1.0_weight_ce0.5_weight_kl1.0_weight_mse0.0_zscoreFalse,0.3668,/tmp/galaxy_srv_disk00/pengchx3/carbon_distillation/box_stage3/carbon_distillation/original/H3K4me1/20260628_120159/8b2f6574-4aab-4e2f-8a46-3e56e9cb8c77/distill_methodvanilla_dkd_alpha1.0_dkd_beta8.0_kl_methodkl_mse_normalizeFalse_temperature1.0_weight_ce0.5_weight_kl1.0_weight_mse0.0_zscoreFalse/best_model/student.pt,carbon__H3K4me1__distill_methodvanilla_dkd_alpha1.0_dkd_beta8.0_kl_methodkl_mse_normalizeFalse_temperature1.0_weight_ce0.5_weight_kl1.0_weight_mse0.0_zscoreFalse__val0.3668.pt
H3K4me1,distill_methodvanilla_dkd_alpha1.0_dkd_beta8.0_kl_methodkl_mse_normalizeFalse_temperature1.5_weight_ce0.5_weight_kl1.0_weight_mse0.0_zscoreFalse,0.3687,/tmp/galaxy_srv_disk00/pengchx3/carbon_distillation/box_stage3/carbon_distillation/original/H3K4me1/20260628_120159/90e5c817-bca0-4266-a21a-6fcc8f094eaa/distill_methodvanilla_dkd_alpha1.0_dkd_beta8.0_kl_methodkl_mse_normalizeFalse_temperature1.5_weight_ce0.5_weight_kl1.0_weight_mse0.0_zscoreFalse/best_model/student.pt,carbon__H3K4me1__distill_methodvanilla_dkd_alpha1.0_dkd_beta8.0_kl_methodkl_mse_normalizeFalse_temperature1.5_weight_ce0.5_weight_kl1.0_weight_mse0.0_zscoreFalse__val0.3687.pt
H3K4me1,distill_methodvanilla_dkd_alpha1.0_dkd_beta8.0_kl_methodkl_mse_normalizeFalse_temperature0.5_weight_ce0.5_weight_kl0.5_weight_mse0.0_zscoreFalse,0.3746,/tmp/galaxy_srv_disk00/pengchx3/carbon_distillation/box_stage3/carbon_distillation/original/H3K4me1/20260628_120159/bd1976e0-a372-4e5a-bbc3-5b2bb1351295/distill_methodvanilla_dkd_alpha1.0_dkd_beta8.0_kl_methodkl_mse_normalizeFalse_temperature0.5_weight_ce0.5_weight_kl0.5_weight_mse0.0_zscoreFalse/best_model/student.pt,carbon__H3K4me1__distill_methodvanilla_dkd_alpha1.0_dkd_beta8.0_kl_methodkl_mse_normalizeFalse_temperature0.5_weight_ce0.5_weight_kl0.5_weight_mse0.0_zscoreFalse__val0.3746.pt
H3K4me1,distill_methodvanilla_dkd_alpha1.0_dkd_beta8.0_kl_methodkl_mse_normalizeFalse_temperature1.0_weight_ce0.5_weight_kl0.25_weight_mse1.0_zscoreFalse,0.3378,/tmp/galaxy_srv_disk00/pengchx3/carbon_distillation/box_stage3/carbon_distillation/original/H3K4me1/20260628_120159/c2d6fc3d-eec2-4f39-913a-1b468b3ac42d/distill_methodvanilla_dkd_alpha1.0_dkd_beta8.0_kl_methodkl_mse_normalizeFalse_temperature1.0_weight_ce0.5_weight_kl0.25_weight_mse1.0_zscoreFalse/best_model/student.pt,carbon__H3K4me1__distill_methodvanilla_dkd_alpha1.0_dkd_beta8.0_kl_methodkl_mse_normalizeFalse_temperature1.0_weight_ce0.5_weight_kl0.25_weight_mse1.0_zscoreFalse__val0.3378.pt
H3K4me1,distill_methodvanilla_dkd_alpha1.0_dkd_beta8.0_kl_methodkl_mse_normalizeFalse_temperature0.5_weight_ce0.5_weight_kl0.0_weight_mse0.0_zscoreFalse,0.3660,/tmp/galaxy_srv_disk00/pengchx3/carbon_distillation/box_stage3/carbon_distillation/original/H3K4me1/20260628_120200/09bcba7f-c359-4331-a6aa-6ec797acc6ab/distill_methodvanilla_dkd_alpha1.0_dkd_beta8.0_kl_methodkl_mse_normalizeFalse_temperature0.5_weight_ce0.5_weight_kl0.0_weight_mse0.0_zscoreFalse/best_model/student.pt,carbon__H3K4me1__distill_methodvanilla_dkd_alpha1.0_dkd_beta8.0_kl_methodkl_mse_normalizeFalse_temperature0.5_weight_ce0.5_weight_kl0.0_weight_mse0.0_zscoreFalse__val0.3660.pt
H3K4me1,distill_methodvanilla_dkd_alpha1.0_dkd_beta8.0_kl_methodkl_mse_normalizeFalse_temperature1.0_weight_ce0.5_weight_kl0.5_weight_mse1.0_zscoreFalse,0.3495,/tmp/galaxy_srv_disk00/pengchx3/carbon_distillation/box_stage3/carbon_distillation/original/H3K4me1/20260628_120200/194e4478-0faa-4c2b-98a0-bb979eb128df/distill_methodvanilla_dkd_alpha1.0_dkd_beta8.0_kl_methodkl_mse_normalizeFalse_temperature1.0_weight_ce0.5_weight_kl0.5_weight_mse1.0_zscoreFalse/best_model/student.pt,carbon__H3K4me1__distill_methodvanilla_dkd_alpha1.0_dkd_beta8.0_kl_methodkl_mse_normalizeFalse_temperature1.0_weight_ce0.5_weight_kl0.5_weight_mse1.0_zscoreFalse__val0.3495.pt
H3K4me1,distill_methodvanilla_dkd_alpha1.0_dkd_beta8.0_kl_methodkl_mse_normalizeFalse_temperature4.0_weight_ce0.5_weight_kl1.0_weight_mse0.0_zscoreFalse,0.3660,/tmp/galaxy_srv_disk00/pengchx3/carbon_distillation/box_stage3/carbon_distillation/original/H3K4me1/20260628_120200/31e26707-23f7-4ee7-8b4e-0afa9758f3f0/distill_methodvanilla_dkd_alpha1.0_dkd_beta8.0_kl_methodkl_mse_normalizeFalse_temperature4.0_weight_ce0.5_weight_kl1.0_weight_mse0.0_zscoreFalse/best_model/student.pt,carbon__H3K4me1__distill_methodvanilla_dkd_alpha1.0_dkd_beta8.0_kl_methodkl_mse_normalizeFalse_temperature4.0_weight_ce0.5_weight_kl1.0_weight_mse0.0_zscoreFalse__val0.3660.pt
H3K4me1,distill_methodvanilla_dkd_alpha1.0_dkd_beta8.0_kl_methodkl_mse_normalizeFalse_temperature2.0_weight_ce0.5_weight_kl0.5_weight_mse0.0_zscoreFalse,0.3717,/tmp/galaxy_srv_disk00/pengchx3/carbon_distillation/box_stage3/carbon_distillation/original/H3K4me1/20260628_120200/48daf0af-9a20-40fe-aa69-3ccb6611ceef/distill_methodvanilla_dkd_alpha1.0_dkd_beta8.0_kl_methodkl_mse_normalizeFalse_temperature2.0_weight_ce0.5_weight_kl0.5_weight_mse0.0_zscoreFalse/best_model/student.pt,carbon__H3K4me1__distill_methodvanilla_dkd_alpha1.0_dkd_beta8.0_kl_methodkl_mse_normalizeFalse_temperature2.0_weight_ce0.5_weight_kl0.5_weight_mse0.0_zscoreFalse__val0.3717.pt
H3K4me1,distill_methodvanilla_dkd_alpha1.0_dkd_beta8.0_kl_methodkl_mse_normalizeFalse_temperature0.5_weight_ce0.5_weight_kl1.0_weight_mse0.0_zscoreFalse,0.3699,/tmp/galaxy_srv_disk00/pengchx3/carbon_distillation/box_stage3/carbon_distillation/original/H3K4me1/20260628_120200/51d4c7c2-24f4-4c8d-9539-0540db7ca934/distill_methodvanilla_dkd_alpha1.0_dkd_beta8.0_kl_methodkl_mse_normalizeFalse_temperature0.5_weight_ce0.5_weight_kl1.0_weight_mse0.0_zscoreFalse/best_model/student.pt,carbon__H3K4me1__distill_methodvanilla_dkd_alpha1.0_dkd_beta8.0_kl_methodkl_mse_normalizeFalse_temperature0.5_weight_ce0.5_weight_kl1.0_weight_mse0.0_zscoreFalse__val0.3699.pt
H3K4me1,distill_methodvanilla_dkd_alpha1.0_dkd_beta8.0_kl_methodkl_mse_normalizeFalse_temperature4.0_weight_ce0.5_weight_kl0.5_weight_mse0.0_zscoreFalse,0.3642,/tmp/galaxy_srv_disk00/pengchx3/carbon_distillation/box_stage3/carbon_distillation/original/H3K4me1/20260628_120200/5d75246d-97e3-4b1b-bc0b-c60d8c19aac7/distill_methodvanilla_dkd_alpha1.0_dkd_beta8.0_kl_methodkl_mse_normalizeFalse_temperature4.0_weight_ce0.5_weight_kl0.5_weight_mse0.0_zscoreFalse/best_model/student.pt,carbon__H3K4me1__distill_methodvanilla_dkd_alpha1.0_dkd_beta8.0_kl_methodkl_mse_normalizeFalse_temperature4.0_weight_ce0.5_weight_kl0.5_weight_mse0.0_zscoreFalse__val0.3642.pt
H3K4me1,distill_methodvanilla_dkd_alpha1.0_dkd_beta8.0_kl_methodkl_mse_normalizeFalse_temperature2.0_weight_ce0.5_weight_kl0.25_weight_mse0.0_zscoreFalse,0.3709,/tmp/galaxy_srv_disk00/pengchx3/carbon_distillation/box_stage3/carbon_distillation/original/H3K4me1/20260628_120200/95d8e69e-f449-4895-a688-2ebd8b64c41b/distill_methodvanilla_dkd_alpha1.0_dkd_beta8.0_kl_methodkl_mse_normalizeFalse_temperature2.0_weight_ce0.5_weight_kl0.25_weight_mse0.0_zscoreFalse/best_model/student.pt,carbon__H3K4me1__distill_methodvanilla_dkd_alpha1.0_dkd_beta8.0_kl_methodkl_mse_normalizeFalse_temperature2.0_weight_ce0.5_weight_kl0.25_weight_mse0.0_zscoreFalse__val0.3709.pt
H3K4me1,distill_methodvanilla_dkd_alpha1.0_dkd_beta8.0_kl_methodkl_mse_normalizeFalse_temperature4.0_weight_ce0.5_weight_kl0.5_weight_mse1.0_zscoreFalse,0.3581,/tmp/galaxy_srv_disk00/pengchx3/carbon_distillation/box_stage3/carbon_distillation/original/H3K4me1/20260628_120200/a034f8fd-463f-4427-8a36-408d6a1395c5/distill_methodvanilla_dkd_alpha1.0_dkd_beta8.0_kl_methodkl_mse_normalizeFalse_temperature4.0_weight_ce0.5_weight_kl0.5_weight_mse1.0_zscoreFalse/best_model/student.pt,carbon__H3K4me1__distill_methodvanilla_dkd_alpha1.0_dkd_beta8.0_kl_methodkl_mse_normalizeFalse_temperature4.0_weight_ce0.5_weight_kl0.5_weight_mse1.0_zscoreFalse__val0.3581.pt
H3K4me1,distill_methodvanilla_dkd_alpha1.0_dkd_beta8.0_kl_methodkl_mse_normalizeFalse_temperature1.5_weight_ce0.5_weight_kl0.25_weight_mse0.0_zscoreFalse,0.3750,/tmp/galaxy_srv_disk00/pengchx3/carbon_distillation/box_stage3/carbon_distillation/original/H3K4me1/20260628_120200/ae756fe9-865a-4297-bc7b-a818af0369b6/distill_methodvanilla_dkd_alpha1.0_dkd_beta8.0_kl_methodkl_mse_normalizeFalse_temperature1.5_weight_ce0.5_weight_kl0.25_weight_mse0.0_zscoreFalse/best_model/student.pt,carbon__H3K4me1__distill_methodvanilla_dkd_alpha1.0_dkd_beta8.0_kl_methodkl_mse_normalizeFalse_temperature1.5_weight_ce0.5_weight_kl0.25_weight_mse0.0_zscoreFalse__val0.3750.pt
H3K4me1,distill_methodvanilla_dkd_alpha1.0_dkd_beta8.0_kl_methodkl_mse_normalizeFalse_temperature1.5_weight_ce0.5_weight_kl0.25_weight_mse1.0_zscoreFalse,0.3386,/tmp/galaxy_srv_disk00/pengchx3/carbon_distillation/box_stage3/carbon_distillation/original/H3K4me1/20260628_120200/b3a1439d-5fad-424e-99e2-41a426754387/distill_methodvanilla_dkd_alpha1.0_dkd_beta8.0_kl_methodkl_mse_normalizeFalse_temperature1.5_weight_ce0.5_weight_kl0.25_weight_mse1.0_zscoreFalse/best_model/student.pt,carbon__H3K4me1__distill_methodvanilla_dkd_alpha1.0_dkd_beta8.0_kl_methodkl_mse_normalizeFalse_temperature1.5_weight_ce0.5_weight_kl0.25_weight_mse1.0_zscoreFalse__val0.3386.pt
H3K4me1,distill_methodvanilla_dkd_alpha1.0_dkd_beta8.0_kl_methodkl_mse_normalizeFalse_temperature4.0_weight_ce0.5_weight_kl0.25_weight_mse1.0_zscoreFalse,0.3350,/tmp/galaxy_srv_disk00/pengchx3/carbon_distillation/box_stage3/carbon_distillation/original/H3K4me1/20260628_120200/b9736810-ab73-48ae-a160-e8881bcd5ad5/distill_methodvanilla_dkd_alpha1.0_dkd_beta8.0_kl_methodkl_mse_normalizeFalse_temperature4.0_weight_ce0.5_weight_kl0.25_weight_mse1.0_zscoreFalse/best_model/student.pt,carbon__H3K4me1__distill_methodvanilla_dkd_alpha1.0_dkd_beta8.0_kl_methodkl_mse_normalizeFalse_temperature4.0_weight_ce0.5_weight_kl0.25_weight_mse1.0_zscoreFalse__val0.3350.pt
H3K4me1,distill_methodvanilla_dkd_alpha1.0_dkd_beta8.0_kl_methodkl_mse_normalizeFalse_temperature2.0_weight_ce0.5_weight_kl0.25_weight_mse1.0_zscoreFalse,0.3379,/tmp/galaxy_srv_disk00/pengchx3/carbon_distillation/box_stage3/carbon_distillation/original/H3K4me1/20260628_120200/bceee83a-3ff0-4d00-a9f5-0208271336f8/distill_methodvanilla_dkd_alpha1.0_dkd_beta8.0_kl_methodkl_mse_normalizeFalse_temperature2.0_weight_ce0.5_weight_kl0.25_weight_mse1.0_zscoreFalse/best_model/student.pt,carbon__H3K4me1__distill_methodvanilla_dkd_alpha1.0_dkd_beta8.0_kl_methodkl_mse_normalizeFalse_temperature2.0_weight_ce0.5_weight_kl0.25_weight_mse1.0_zscoreFalse__val0.3379.pt
H3K4me1,distill_methodvanilla_dkd_alpha1.0_dkd_beta8.0_kl_methodkl_mse_normalizeFalse_temperature1.5_weight_ce0.5_weight_kl0.5_weight_mse1.0_zscoreFalse,0.3501,/tmp/galaxy_srv_disk00/pengchx3/carbon_distillation/box_stage3/carbon_distillation/original/H3K4me1/20260628_120200/eb7329f6-fdc2-45e7-b46d-499156a83f62/distill_methodvanilla_dkd_alpha1.0_dkd_beta8.0_kl_methodkl_mse_normalizeFalse_temperature1.5_weight_ce0.5_weight_kl0.5_weight_mse1.0_zscoreFalse/best_model/student.pt,carbon__H3K4me1__distill_methodvanilla_dkd_alpha1.0_dkd_beta8.0_kl_methodkl_mse_normalizeFalse_temperature1.5_weight_ce0.5_weight_kl0.5_weight_mse1.0_zscoreFalse__val0.3501.pt
H3K4me1,distill_methodvanilla_dkd_alpha1.0_dkd_beta8.0_kl_methodkl_mse_normalizeFalse_temperature1.0_weight_ce0.5_weight_kl0.5_weight_mse0.0_zscoreFalse,0.3775,/tmp/galaxy_srv_disk00/pengchx3/carbon_distillation/box_stage3/carbon_distillation/original/H3K4me1/20260628_120200/ef0c8e43-f7f0-449f-a0ca-50a608fc1381/distill_methodvanilla_dkd_alpha1.0_dkd_beta8.0_kl_methodkl_mse_normalizeFalse_temperature1.0_weight_ce0.5_weight_kl0.5_weight_mse0.0_zscoreFalse/best_model/student.pt,carbon__H3K4me1__distill_methodvanilla_dkd_alpha1.0_dkd_beta8.0_kl_methodkl_mse_normalizeFalse_temperature1.0_weight_ce0.5_weight_kl0.5_weight_mse0.0_zscoreFalse__val0.3775.pt
H3K4me1,distill_methodvanilla_dkd_alpha1.0_dkd_beta8.0_kl_methodkl_mse_normalizeFalse_temperature0.5_weight_ce0.5_weight_kl0.5_weight_mse1.0_zscoreFalse,0.3486,/tmp/galaxy_srv_disk00/pengchx3/carbon_distillation/box_stage3/carbon_distillation/original/H3K4me1/20260628_120200/f7d12f9b-09fb-4ce6-b9a2-7991d480eef8/distill_methodvanilla_dkd_alpha1.0_dkd_beta8.0_kl_methodkl_mse_normalizeFalse_temperature0.5_weight_ce0.5_weight_kl0.5_weight_mse1.0_zscoreFalse/best_model/student.pt,carbon__H3K4me1__distill_methodvanilla_dkd_alpha1.0_dkd_beta8.0_kl_methodkl_mse_normalizeFalse_temperature0.5_weight_ce0.5_weight_kl0.5_weight_mse1.0_zscoreFalse__val0.3486.pt
H3K4me1,distill_methodvanilla_dkd_alpha1.0_dkd_beta8.0_kl_methodkl_mse_normalizeFalse_temperature1.5_weight_ce0.5_weight_kl0.25_weight_mse0.0_zscoreFalse,0.4338,/tmp/galaxy_srv_disk00/pengchx3/carbon_distillation/box_stage3/carbon_distillation/original/H3K4me1/20260628_135346/8a34c65f-af4c-4042-9c9c-efdda923e425/distill_methodvanilla_dkd_alpha1.0_dkd_beta8.0_kl_methodkl_mse_normalizeFalse_temperature1.5_weight_ce0.5_weight_kl0.25_weight_mse0.0_zscoreFalse/best_model/student.pt,carbon__H3K4me1__distill_methodvanilla_dkd_alpha1.0_dkd_beta8.0_kl_methodkl_mse_normalizeFalse_temperature1.5_weight_ce0.5_weight_kl0.25_weight_mse0.0_zscoreFalse__val0.4338.pt
H3K4me1,distill_methodvanilla_dkd_alpha1.0_dkd_beta8.0_kl_methodkl_mse_normalizeFalse_temperature1.5_weight_ce0.5_weight_kl0.5_weight_mse1.0_zscoreFalse,0.4424,/tmp/galaxy_srv_disk00/pengchx3/carbon_distillation/box_stage3/carbon_distillation/original/H3K4me1/20260628_135347/885855f6-455d-4623-8a3c-857775e38e46/distill_methodvanilla_dkd_alpha1.0_dkd_beta8.0_kl_methodkl_mse_normalizeFalse_temperature1.5_weight_ce0.5_weight_kl0.5_weight_mse1.0_zscoreFalse/best_model/student.pt,carbon__H3K4me1__distill_methodvanilla_dkd_alpha1.0_dkd_beta8.0_kl_methodkl_mse_normalizeFalse_temperature1.5_weight_ce0.5_weight_kl0.5_weight_mse1.0_zscoreFalse__val0.4424.pt
H3K4me1,distill_methodvanilla_dkd_alpha1.0_dkd_beta8.0_kl_methodkl_mse_normalizeFalse_temperature1.0_weight_ce0.5_weight_kl0.25_weight_mse1.0_zscoreFalse,0.4449,/tmp/galaxy_srv_disk00/pengchx3/carbon_distillation/box_stage3/carbon_distillation/original/H3K4me1/20260628_135348/10649243-2e91-48b3-a5d2-4f169bed7bf3/distill_methodvanilla_dkd_alpha1.0_dkd_beta8.0_kl_methodkl_mse_normalizeFalse_temperature1.0_weight_ce0.5_weight_kl0.25_weight_mse1.0_zscoreFalse/best_model/student.pt,carbon__H3K4me1__distill_methodvanilla_dkd_alpha1.0_dkd_beta8.0_kl_methodkl_mse_normalizeFalse_temperature1.0_weight_ce0.5_weight_kl0.25_weight_mse1.0_zscoreFalse__val0.4449.pt
H3K4me1,distill_methodvanilla_dkd_alpha1.0_dkd_beta8.0_kl_methodkl_mse_normalizeFalse_temperature0.5_weight_ce0.5_weight_kl0.5_weight_mse0.0_zscoreFalse,0.4299,/tmp/galaxy_srv_disk00/pengchx3/carbon_distillation/box_stage3/carbon_distillation/original/H3K4me1/20260628_135348/902f2a85-457d-4021-af3b-0e771c9fa3e0/distill_methodvanilla_dkd_alpha1.0_dkd_beta8.0_kl_methodkl_mse_normalizeFalse_temperature0.5_weight_ce0.5_weight_kl0.5_weight_mse0.0_zscoreFalse/best_model/student.pt,carbon__H3K4me1__distill_methodvanilla_dkd_alpha1.0_dkd_beta8.0_kl_methodkl_mse_normalizeFalse_temperature0.5_weight_ce0.5_weight_kl0.5_weight_mse0.0_zscoreFalse__val0.4299.pt
H3K4me1,distill_methodvanilla_dkd_alpha1.0_dkd_beta8.0_kl_methodkl_mse_normalizeFalse_temperature0.5_weight_ce0.5_weight_kl0.25_weight_mse1.0_zscoreFalse,0.4373,/tmp/galaxy_srv_disk00/pengchx3/carbon_distillation/box_stage3/carbon_distillation/original/H3K4me1/20260628_135349/8a5ff8bd-4758-47ec-b1dd-426bf2f6a956/distill_methodvanilla_dkd_alpha1.0_dkd_beta8.0_kl_methodkl_mse_normalizeFalse_temperature0.5_weight_ce0.5_weight_kl0.25_weight_mse1.0_zscoreFalse/best_model/student.pt,carbon__H3K4me1__distill_methodvanilla_dkd_alpha1.0_dkd_beta8.0_kl_methodkl_mse_normalizeFalse_temperature0.5_weight_ce0.5_weight_kl0.25_weight_mse1.0_zscoreFalse__val0.4373.pt
H3K4me1,distill_methodvanilla_dkd_alpha1.0_dkd_beta8.0_kl_methodkl_mse_normalizeFalse_temperature1.0_weight_ce0.5_weight_kl0.25_weight_mse0.0_zscoreFalse,0.4352,/tmp/galaxy_srv_disk00/pengchx3/carbon_distillation/box_stage3/carbon_distillation/original/H3K4me1/20260628_135349/969d03f4-4240-4351-9803-95483e2da97c/distill_methodvanilla_dkd_alpha1.0_dkd_beta8.0_kl_methodkl_mse_normalizeFalse_temperature1.0_weight_ce0.5_weight_kl0.25_weight_mse0.0_zscoreFalse/best_model/student.pt,carbon__H3K4me1__distill_methodvanilla_dkd_alpha1.0_dkd_beta8.0_kl_methodkl_mse_normalizeFalse_temperature1.0_weight_ce0.5_weight_kl0.25_weight_mse0.0_zscoreFalse__val0.4352.pt
H3K4me1,distill_methodvanilla_dkd_alpha1.0_dkd_beta8.0_kl_methodkl_mse_normalizeFalse_temperature1.0_weight_ce0.5_weight_kl0.5_weight_mse1.0_zscoreFalse,0.4407,/tmp/galaxy_srv_disk00/pengchx3/carbon_distillation/box_stage3/carbon_distillation/original/H3K4me1/20260628_135349/96aef245-a818-4be1-b396-27e1d326d5f0/distill_methodvanilla_dkd_alpha1.0_dkd_beta8.0_kl_methodkl_mse_normalizeFalse_temperature1.0_weight_ce0.5_weight_kl0.5_weight_mse1.0_zscoreFalse/best_model/student.pt,carbon__H3K4me1__distill_methodvanilla_dkd_alpha1.0_dkd_beta8.0_kl_methodkl_mse_normalizeFalse_temperature1.0_weight_ce0.5_weight_kl0.5_weight_mse1.0_zscoreFalse__val0.4407.pt
H3K4me1,distill_methodvanilla_dkd_alpha1.0_dkd_beta8.0_kl_methodkl_mse_normalizeFalse_temperature0.5_weight_ce0.5_weight_kl1.0_weight_mse0.0_zscoreFalse,0.4365,/tmp/galaxy_srv_disk00/pengchx3/carbon_distillation/box_stage3/carbon_distillation/original/H3K4me1/20260628_135349/d0cd3c11-df54-4215-ba45-1cbde273277d/distill_methodvanilla_dkd_alpha1.0_dkd_beta8.0_kl_methodkl_mse_normalizeFalse_temperature0.5_weight_ce0.5_weight_kl1.0_weight_mse0.0_zscoreFalse/best_model/student.pt,carbon__H3K4me1__distill_methodvanilla_dkd_alpha1.0_dkd_beta8.0_kl_methodkl_mse_normalizeFalse_temperature0.5_weight_ce0.5_weight_kl1.0_weight_mse0.0_zscoreFalse__val0.4365.pt
H3K4me1,distill_methodvanilla_dkd_alpha1.0_dkd_beta8.0_kl_methodkl_mse_normalizeFalse_temperature4.0_weight_ce0.5_weight_kl1.0_weight_mse0.0_zscoreFalse,0.4398,/tmp/galaxy_srv_disk00/pengchx3/carbon_distillation/box_stage3/carbon_distillation/original/H3K4me1/20260628_135349/f4e4c166-6c16-4b49-bfa9-c215c6890428/distill_methodvanilla_dkd_alpha1.0_dkd_beta8.0_kl_methodkl_mse_normalizeFalse_temperature4.0_weight_ce0.5_weight_kl1.0_weight_mse0.0_zscoreFalse/best_model/student.pt,carbon__H3K4me1__distill_methodvanilla_dkd_alpha1.0_dkd_beta8.0_kl_methodkl_mse_normalizeFalse_temperature4.0_weight_ce0.5_weight_kl1.0_weight_mse0.0_zscoreFalse__val0.4398.pt
H3K4me1,distill_methodvanilla_dkd_alpha1.0_dkd_beta8.0_kl_methodkl_mse_normalizeFalse_temperature2.0_weight_ce0.5_weight_kl0.25_weight_mse1.0_zscoreFalse,0.4351,/tmp/galaxy_srv_disk00/pengchx3/carbon_distillation/box_stage3/carbon_distillation/original/H3K4me1/20260628_135350/f1f646d5-7364-4476-958a-c2a0b00a6de6/distill_methodvanilla_dkd_alpha1.0_dkd_beta8.0_kl_methodkl_mse_normalizeFalse_temperature2.0_weight_ce0.5_weight_kl0.25_weight_mse1.0_zscoreFalse/best_model/student.pt,carbon__H3K4me1__distill_methodvanilla_dkd_alpha1.0_dkd_beta8.0_kl_methodkl_mse_normalizeFalse_temperature2.0_weight_ce0.5_weight_kl0.25_weight_mse1.0_zscoreFalse__val0.4351.pt
H3K4me1,distill_methodvanilla_dkd_alpha1.0_dkd_beta8.0_kl_methodkl_mse_normalizeFalse_temperature1.5_weight_ce0.5_weight_kl0.25_weight_mse1.0_zscoreFalse,0.4395,/tmp/galaxy_srv_disk00/pengchx3/carbon_distillation/box_stage3/carbon_distillation/original/H3K4me1/20260628_135351/fb92c87c-556a-4012-80b9-d789bcb1c8a1/distill_methodvanilla_dkd_alpha1.0_dkd_beta8.0_kl_methodkl_mse_normalizeFalse_temperature1.5_weight_ce0.5_weight_kl0.25_weight_mse1.0_zscoreFalse/best_model/student.pt,carbon__H3K4me1__distill_methodvanilla_dkd_alpha1.0_dkd_beta8.0_kl_methodkl_mse_normalizeFalse_temperature1.5_weight_ce0.5_weight_kl0.25_weight_mse1.0_zscoreFalse__val0.4395.pt
H3K4me1,distill_methodvanilla_dkd_alpha1.0_dkd_beta8.0_kl_methodkl_mse_normalizeFalse_temperature4.0_weight_ce0.5_weight_kl0.25_weight_mse1.0_zscoreFalse,0.4359,/tmp/galaxy_srv_disk00/pengchx3/carbon_distillation/box_stage3/carbon_distillation/original/H3K4me1/20260628_135352/2938bf4e-c4c7-432c-8173-c7433d0b322c/distill_methodvanilla_dkd_alpha1.0_dkd_beta8.0_kl_methodkl_mse_normalizeFalse_temperature4.0_weight_ce0.5_weight_kl0.25_weight_mse1.0_zscoreFalse/best_model/student.pt,carbon__H3K4me1__distill_methodvanilla_dkd_alpha1.0_dkd_beta8.0_kl_methodkl_mse_normalizeFalse_temperature4.0_weight_ce0.5_weight_kl0.25_weight_mse1.0_zscoreFalse__val0.4359.pt
H3K4me1,distill_methodvanilla_dkd_alpha1.0_dkd_beta8.0_kl_methodkl_mse_normalizeFalse_temperature0.5_weight_ce0.5_weight_kl0.0_weight_mse0.0_zscoreFalse,0.4463,/tmp/galaxy_srv_disk00/pengchx3/carbon_distillation/box_stage3/carbon_distillation/original/H3K4me1/20260628_135352/7fe5993e-3b51-4383-91cc-bdfdc511bae4/distill_methodvanilla_dkd_alpha1.0_dkd_beta8.0_kl_methodkl_mse_normalizeFalse_temperature0.5_weight_ce0.5_weight_kl0.0_weight_mse0.0_zscoreFalse/best_model/student.pt,carbon__H3K4me1__distill_methodvanilla_dkd_alpha1.0_dkd_beta8.0_kl_methodkl_mse_normalizeFalse_temperature0.5_weight_ce0.5_weight_kl0.0_weight_mse0.0_zscoreFalse__val0.4463.pt
H3K4me1,distill_methodvanilla_dkd_alpha1.0_dkd_beta8.0_kl_methodkl_mse_normalizeFalse_temperature2.0_weight_ce0.5_weight_kl0.5_weight_mse0.0_zscoreFalse,0.4355,/tmp/galaxy_srv_disk00/pengchx3/carbon_distillation/box_stage3/carbon_distillation/original/H3K4me1/20260628_135352/9b148bf2-c46e-44ce-930f-fd7a615a4949/distill_methodvanilla_dkd_alpha1.0_dkd_beta8.0_kl_methodkl_mse_normalizeFalse_temperature2.0_weight_ce0.5_weight_kl0.5_weight_mse0.0_zscoreFalse/best_model/student.pt,carbon__H3K4me1__distill_methodvanilla_dkd_alpha1.0_dkd_beta8.0_kl_methodkl_mse_normalizeFalse_temperature2.0_weight_ce0.5_weight_kl0.5_weight_mse0.0_zscoreFalse__val0.4355.pt
H3K4me1,distill_methodvanilla_dkd_alpha1.0_dkd_beta8.0_kl_methodkl_mse_normalizeFalse_temperature0.5_weight_ce0.5_weight_kl0.25_weight_mse0.0_zscoreFalse,0.4308,/tmp/galaxy_srv_disk00/pengchx3/carbon_distillation/box_stage3/carbon_distillation/original/H3K4me1/20260628_135352/ad35b800-c638-4f8e-88bb-4d1014ccc801/distill_methodvanilla_dkd_alpha1.0_dkd_beta8.0_kl_methodkl_mse_normalizeFalse_temperature0.5_weight_ce0.5_weight_kl0.25_weight_mse0.0_zscoreFalse/best_model/student.pt,carbon__H3K4me1__distill_methodvanilla_dkd_alpha1.0_dkd_beta8.0_kl_methodkl_mse_normalizeFalse_temperature0.5_weight_ce0.5_weight_kl0.25_weight_mse0.0_zscoreFalse__val0.4308.pt
H3K4me1,distill_methodvanilla_dkd_alpha1.0_dkd_beta8.0_kl_methodkl_mse_normalizeFalse_temperature1.5_weight_ce0.5_weight_kl0.5_weight_mse0.0_zscoreFalse,0.4328,/tmp/galaxy_srv_disk00/pengchx3/carbon_distillation/box_stage3/carbon_distillation/original/H3K4me1/20260628_135352/d3d93d19-bdc7-46ef-b363-d7f42c638a52/distill_methodvanilla_dkd_alpha1.0_dkd_beta8.0_kl_methodkl_mse_normalizeFalse_temperature1.5_weight_ce0.5_weight_kl0.5_weight_mse0.0_zscoreFalse/best_model/student.pt,carbon__H3K4me1__distill_methodvanilla_dkd_alpha1.0_dkd_beta8.0_kl_methodkl_mse_normalizeFalse_temperature1.5_weight_ce0.5_weight_kl0.5_weight_mse0.0_zscoreFalse__val0.4328.pt
H3K4me1,distill_methodvanilla_dkd_alpha1.0_dkd_beta8.0_kl_methodkl_mse_normalizeFalse_temperature1.0_weight_ce0.5_weight_kl1.0_weight_mse0.0_zscoreFalse,0.4393,/tmp/galaxy_srv_disk00/pengchx3/carbon_distillation/box_stage3/carbon_distillation/original/H3K4me1/20260628_135353/9aa1c3c1-fddb-4efb-a6a7-6aa20f331064/distill_methodvanilla_dkd_alpha1.0_dkd_beta8.0_kl_methodkl_mse_normalizeFalse_temperature1.0_weight_ce0.5_weight_kl1.0_weight_mse0.0_zscoreFalse/best_model/student.pt,carbon__H3K4me1__distill_methodvanilla_dkd_alpha1.0_dkd_beta8.0_kl_methodkl_mse_normalizeFalse_temperature1.0_weight_ce0.5_weight_kl1.0_weight_mse0.0_zscoreFalse__val0.4393.pt
H3K4me1,distill_methodvanilla_dkd_alpha1.0_dkd_beta8.0_kl_methodkl_mse_normalizeFalse_temperature4.0_weight_ce0.5_weight_kl0.5_weight_mse1.0_zscoreFalse,0.4420,/tmp/galaxy_srv_disk00/pengchx3/carbon_distillation/box_stage3/carbon_distillation/original/H3K4me1/20260628_135354/0e941cb8-a102-4b71-92c6-1e0a65ed2789/distill_methodvanilla_dkd_alpha1.0_dkd_beta8.0_kl_methodkl_mse_normalizeFalse_temperature4.0_weight_ce0.5_weight_kl0.5_weight_mse1.0_zscoreFalse/best_model/student.pt,carbon__H3K4me1__distill_methodvanilla_dkd_alpha1.0_dkd_beta8.0_kl_methodkl_mse_normalizeFalse_temperature4.0_weight_ce0.5_weight_kl0.5_weight_mse1.0_zscoreFalse__val0.4420.pt
H3K4me1,distill_methodvanilla_dkd_alpha1.0_dkd_beta8.0_kl_methodkl_mse_normalizeFalse_temperature2.0_weight_ce0.5_weight_kl0.5_weight_mse1.0_zscoreFalse,0.4419,/tmp/galaxy_srv_disk00/pengchx3/carbon_distillation/box_stage3/carbon_distillation/original/H3K4me1/20260628_135354/886463bc-088e-48be-a32a-341276b48027/distill_methodvanilla_dkd_alpha1.0_dkd_beta8.0_kl_methodkl_mse_normalizeFalse_temperature2.0_weight_ce0.5_weight_kl0.5_weight_mse1.0_zscoreFalse/best_model/student.pt,carbon__H3K4me1__distill_methodvanilla_dkd_alpha1.0_dkd_beta8.0_kl_methodkl_mse_normalizeFalse_temperature2.0_weight_ce0.5_weight_kl0.5_weight_mse1.0_zscoreFalse__val0.4419.pt
H3K4me1,distill_methodvanilla_dkd_alpha1.0_dkd_beta8.0_kl_methodkl_mse_normalizeFalse_temperature0.5_weight_ce0.5_weight_kl0.0_weight_mse1.0_zscoreFalse,0.4556,/tmp/galaxy_srv_disk00/pengchx3/carbon_distillation/box_stage3/carbon_distillation/original/H3K4me1/20260628_135354/eef1d146-00ec-47ff-9ff7-20bc3043a63d/distill_methodvanilla_dkd_alpha1.0_dkd_beta8.0_kl_methodkl_mse_normalizeFalse_temperature0.5_weight_ce0.5_weight_kl0.0_weight_mse1.0_zscoreFalse/best_model/student.pt,carbon__H3K4me1__distill_methodvanilla_dkd_alpha1.0_dkd_beta8.0_kl_methodkl_mse_normalizeFalse_temperature0.5_weight_ce0.5_weight_kl0.0_weight_mse1.0_zscoreFalse__val0.4556.pt
H3K4me1,distill_methodvanilla_dkd_alpha1.0_dkd_beta8.0_kl_methodkl_mse_normalizeFalse_temperature2.0_weight_ce0.5_weight_kl1.0_weight_mse0.0_zscoreFalse,0.4395,/tmp/galaxy_srv_disk00/pengchx3/carbon_distillation/box_stage3/carbon_distillation/original/H3K4me1/20260628_135355/5d56f99f-5508-434a-aa6d-f6a77ea5e0fe/distill_methodvanilla_dkd_alpha1.0_dkd_beta8.0_kl_methodkl_mse_normalizeFalse_temperature2.0_weight_ce0.5_weight_kl1.0_weight_mse0.0_zscoreFalse/best_model/student.pt,carbon__H3K4me1__distill_methodvanilla_dkd_alpha1.0_dkd_beta8.0_kl_methodkl_mse_normalizeFalse_temperature2.0_weight_ce0.5_weight_kl1.0_weight_mse0.0_zscoreFalse__val0.4395.pt
H3K4me1,distill_methodvanilla_dkd_alpha1.0_dkd_beta8.0_kl_methodkl_mse_normalizeFalse_temperature2.0_weight_ce0.5_weight_kl0.25_weight_mse0.0_zscoreFalse,0.4388,/tmp/galaxy_srv_disk00/pengchx3/carbon_distillation/box_stage3/carbon_distillation/original/H3K4me1/20260628_135356/f3dd32b3-5dc0-4e9d-bf9c-b918d2a4f902/distill_methodvanilla_dkd_alpha1.0_dkd_beta8.0_kl_methodkl_mse_normalizeFalse_temperature2.0_weight_ce0.5_weight_kl0.25_weight_mse0.0_zscoreFalse/best_model/student.pt,carbon__H3K4me1__distill_methodvanilla_dkd_alpha1.0_dkd_beta8.0_kl_methodkl_mse_normalizeFalse_temperature2.0_weight_ce0.5_weight_kl0.25_weight_mse0.0_zscoreFalse__val0.4388.pt
H3K4me1,distill_methodvanilla_dkd_alpha1.0_dkd_beta8.0_kl_methodkl_mse_normalizeFalse_temperature4.0_weight_ce0.5_weight_kl0.25_weight_mse0.0_zscoreFalse,0.4436,/tmp/galaxy_srv_disk00/pengchx3/carbon_distillation/box_stage3/carbon_distillation/original/H3K4me1/20260628_135356/fa755cdb-75f8-4681-9898-78f40744c374/distill_methodvanilla_dkd_alpha1.0_dkd_beta8.0_kl_methodkl_mse_normalizeFalse_temperature4.0_weight_ce0.5_weight_kl0.25_weight_mse0.0_zscoreFalse/best_model/student.pt,carbon__H3K4me1__distill_methodvanilla_dkd_alpha1.0_dkd_beta8.0_kl_methodkl_mse_normalizeFalse_temperature4.0_weight_ce0.5_weight_kl0.25_weight_mse0.0_zscoreFalse__val0.4436.pt
H3K4me1,distill_methodvanilla_dkd_alpha1.0_dkd_beta8.0_kl_methodkl_mse_normalizeFalse_temperature0.5_weight_ce0.5_weight_kl0.5_weight_mse1.0_zscoreFalse,0.4405,/tmp/galaxy_srv_disk00/pengchx3/carbon_distillation/box_stage3/carbon_distillation/original/H3K4me1/20260628_135357/d59f1a21-0d18-4bd2-8cfd-00f7b8b55619/distill_methodvanilla_dkd_alpha1.0_dkd_beta8.0_kl_methodkl_mse_normalizeFalse_temperature0.5_weight_ce0.5_weight_kl0.5_weight_mse1.0_zscoreFalse/best_model/student.pt,carbon__H3K4me1__distill_methodvanilla_dkd_alpha1.0_dkd_beta8.0_kl_methodkl_mse_normalizeFalse_temperature0.5_weight_ce0.5_weight_kl0.5_weight_mse1.0_zscoreFalse__val0.4405.pt
H3K4me1,distill_methodvanilla_dkd_alpha1.0_dkd_beta8.0_kl_methodkl_mse_normalizeFalse_temperature4.0_weight_ce0.5_weight_kl0.5_weight_mse0.0_zscoreFalse,0.4362,/tmp/galaxy_srv_disk00/pengchx3/carbon_distillation/box_stage3/carbon_distillation/original/H3K4me1/20260628_135400/ee9457d6-a449-49e2-acb4-c150d5093847/distill_methodvanilla_dkd_alpha1.0_dkd_beta8.0_kl_methodkl_mse_normalizeFalse_temperature4.0_weight_ce0.5_weight_kl0.5_weight_mse0.0_zscoreFalse/best_model/student.pt,carbon__H3K4me1__distill_methodvanilla_dkd_alpha1.0_dkd_beta8.0_kl_methodkl_mse_normalizeFalse_temperature4.0_weight_ce0.5_weight_kl0.5_weight_mse0.0_zscoreFalse__val0.4362.pt
H3K4me1,distill_methodvanilla_dkd_alpha1.0_dkd_beta8.0_kl_methodkl_mse_normalizeFalse_temperature1.5_weight_ce0.5_weight_kl1.0_weight_mse0.0_zscoreFalse,0.4390,/tmp/galaxy_srv_disk00/pengchx3/carbon_distillation/box_stage3/carbon_distillation/original/H3K4me1/20260628_135406/a35668c1-d9fa-4512-a585-3ca70b059fa2/distill_methodvanilla_dkd_alpha1.0_dkd_beta8.0_kl_methodkl_mse_normalizeFalse_temperature1.5_weight_ce0.5_weight_kl1.0_weight_mse0.0_zscoreFalse/best_model/student.pt,carbon__H3K4me1__distill_methodvanilla_dkd_alpha1.0_dkd_beta8.0_kl_methodkl_mse_normalizeFalse_temperature1.5_weight_ce0.5_weight_kl1.0_weight_mse0.0_zscoreFalse__val0.4390.pt
H3K4me1,distill_methodvanilla_dkd_alpha1.0_dkd_beta8.0_kl_methodkl_mse_normalizeFalse_temperature1.0_weight_ce0.5_weight_kl0.5_weight_mse0.0_zscoreFalse,0.4445,/tmp/galaxy_srv_disk00/pengchx3/carbon_distillation/box_stage3/carbon_distillation/original/H3K4me1/20260628_135412/a4e49e4b-a2c1-4d3c-8571-2bff72814fa3/distill_methodvanilla_dkd_alpha1.0_dkd_beta8.0_kl_methodkl_mse_normalizeFalse_temperature1.0_weight_ce0.5_weight_kl0.5_weight_mse0.0_zscoreFalse/best_model/student.pt,carbon__H3K4me1__distill_methodvanilla_dkd_alpha1.0_dkd_beta8.0_kl_methodkl_mse_normalizeFalse_temperature1.0_weight_ce0.5_weight_kl0.5_weight_mse0.0_zscoreFalse__val0.4445.pt
H3K4me1,distill_methodvanilla_dkd_alpha1.0_dkd_beta8.0_kl_methodkl_mse_normalizeFalse_temperature0.5_weight_ce0.5_weight_kl0.0_weight_mse0.0_zscoreFalse,0.4602,/tmp/galaxy_srv_disk00/pengchx3/carbon_distillation/box_stage3/carbon_distillation/original/H3K4me1/20260628_210503/8fa25770-ccaa-49f9-8b95-115e39b13e5b/distill_methodvanilla_dkd_alpha1.0_dkd_beta8.0_kl_methodkl_mse_normalizeFalse_temperature0.5_weight_ce0.5_weight_kl0.0_weight_mse0.0_zscoreFalse/best_model/student.pt,carbon__H3K4me1__distill_methodvanilla_dkd_alpha1.0_dkd_beta8.0_kl_methodkl_mse_normalizeFalse_temperature0.5_weight_ce0.5_weight_kl0.0_weight_mse0.0_zscoreFalse__val0.4602.pt
H3K4me1,distill_methodvanilla_dkd_alpha1.0_dkd_beta8.0_kl_methodkl_mse_normalizeFalse_temperature0.5_weight_ce0.5_weight_kl0.0_weight_mse1.0_zscoreFalse,0.4556,/tmp/galaxy_srv_disk00/pengchx3/carbon_distillation/box_stage3/carbon_distillation/original/H3K4me1/20260628_210813/51fc426f-f28d-4501-80d7-eb5beb479bc6/distill_methodvanilla_dkd_alpha1.0_dkd_beta8.0_kl_methodkl_mse_normalizeFalse_temperature0.5_weight_ce0.5_weight_kl0.0_weight_mse1.0_zscoreFalse/best_model/student.pt,carbon__H3K4me1__distill_methodvanilla_dkd_alpha1.0_dkd_beta8.0_kl_methodkl_mse_normalizeFalse_temperature0.5_weight_ce0.5_weight_kl0.0_weight_mse1.0_zscoreFalse__val0.4556.pt
H3K4me1,distill_methodvanilla_dkd_alpha1.0_dkd_beta8.0_kl_methodkl_mse_normalizeFalse_temperature0.5_weight_ce0.5_weight_kl0.25_weight_mse0.0_zscoreFalse,0.4693,/tmp/galaxy_srv_disk00/pengchx3/carbon_distillation/box_stage3/carbon_distillation/original/H3K4me1/20260628_211652/804931fa-9621-407f-98de-f255256ab3da/distill_methodvanilla_dkd_alpha1.0_dkd_beta8.0_kl_methodkl_mse_normalizeFalse_temperature0.5_weight_ce0.5_weight_kl0.25_weight_mse0.0_zscoreFalse/best_model/student.pt,carbon__H3K4me1__distill_methodvanilla_dkd_alpha1.0_dkd_beta8.0_kl_methodkl_mse_normalizeFalse_temperature0.5_weight_ce0.5_weight_kl0.25_weight_mse0.0_zscoreFalse__val0.4693.pt
H3K4me1,distill_methodvanilla_dkd_alpha1.0_dkd_beta8.0_kl_methodkl_mse_normalizeFalse_temperature1.0_weight_ce0.5_weight_kl0.25_weight_mse0.0_zscoreFalse,0.3690,/tmp/galaxy_srv_disk00/pengchx3/carbon_distillation/box_stage3/carbon_distillation/original/H3K4me1/20260628_212724/fd005f7f-0b15-44e1-893f-06d5162ac77e/distill_methodvanilla_dkd_alpha1.0_dkd_beta8.0_kl_methodkl_mse_normalizeFalse_temperature1.0_weight_ce0.5_weight_kl0.25_weight_mse0.0_zscoreFalse/best_model/student.pt,carbon__H3K4me1__distill_methodvanilla_dkd_alpha1.0_dkd_beta8.0_kl_methodkl_mse_normalizeFalse_temperature1.0_weight_ce0.5_weight_kl0.25_weight_mse0.0_zscoreFalse__val0.3690.pt
H3K4me1,distill_methodvanilla_dkd_alpha1.0_dkd_beta8.0_kl_methodkl_mse_normalizeFalse_temperature0.5_weight_ce0.5_weight_kl0.0_weight_mse0.0_zscoreFalse,0.4602,/tmp/galaxy_srv_disk00/pengchx3/carbon_distillation/box_stage3/carbon_distillation/original/H3K4me1/20260629_003037/aa877848-427f-406a-986b-4456e55f744f/distill_methodvanilla_dkd_alpha1.0_dkd_beta8.0_kl_methodkl_mse_normalizeFalse_temperature0.5_weight_ce0.5_weight_kl0.0_weight_mse0.0_zscoreFalse/best_model/student.pt,carbon__H3K4me1__distill_methodvanilla_dkd_alpha1.0_dkd_beta8.0_kl_methodkl_mse_normalizeFalse_temperature0.5_weight_ce0.5_weight_kl0.0_weight_mse0.0_zscoreFalse__val0.4602.pt
H3K4me1,distill_methodvanilla_dkd_alpha1.0_dkd_beta8.0_kl_methodkl_mse_normalizeFalse_temperature0.5_weight_ce0.5_weight_kl0.0_weight_mse1.0_zscoreFalse,0.4556,/tmp/galaxy_srv_disk00/pengchx3/carbon_distillation/box_stage3/carbon_distillation/original/H3K4me1/20260629_003339/5777e9ab-b7f3-4b37-8315-f11250f1d76c/distill_methodvanilla_dkd_alpha1.0_dkd_beta8.0_kl_methodkl_mse_normalizeFalse_temperature0.5_weight_ce0.5_weight_kl0.0_weight_mse1.0_zscoreFalse/best_model/student.pt,carbon__H3K4me1__distill_methodvanilla_dkd_alpha1.0_dkd_beta8.0_kl_methodkl_mse_normalizeFalse_temperature0.5_weight_ce0.5_weight_kl0.0_weight_mse1.0_zscoreFalse__val0.4556.pt
H3K4me1,distill_methodvanilla_dkd_alpha1.0_dkd_beta8.0_kl_methodkl_mse_normalizeFalse_temperature0.5_weight_ce0.5_weight_kl0.25_weight_mse0.0_zscoreFalse,0.4950,/tmp/galaxy_srv_disk00/pengchx3/carbon_distillation/box_stage3/carbon_distillation/original/H3K4me1/20260629_003632/97cfe9e4-1761-416b-8aee-54bd5aab2da6/distill_methodvanilla_dkd_alpha1.0_dkd_beta8.0_kl_methodkl_mse_normalizeFalse_temperature0.5_weight_ce0.5_weight_kl0.25_weight_mse0.0_zscoreFalse/best_model/student.pt,carbon__H3K4me1__distill_methodvanilla_dkd_alpha1.0_dkd_beta8.0_kl_methodkl_mse_normalizeFalse_temperature0.5_weight_ce0.5_weight_kl0.25_weight_mse0.0_zscoreFalse__val0.4950.pt
H3K4me1,distill_methodvanilla_dkd_alpha1.0_dkd_beta8.0_kl_methodkl_mse_normalizeFalse_temperature1.0_weight_ce0.5_weight_kl0.25_weight_mse0.0_zscoreFalse,0.4896,/tmp/galaxy_srv_disk00/pengchx3/carbon_distillation/box_stage3/carbon_distillation/original/H3K4me1/20260629_004127/63a66f6d-b6d4-4c67-a45d-8890667380b0/distill_methodvanilla_dkd_alpha1.0_dkd_beta8.0_kl_methodkl_mse_normalizeFalse_temperature1.0_weight_ce0.5_weight_kl0.25_weight_mse0.0_zscoreFalse/best_model/student.pt,carbon__H3K4me1__distill_methodvanilla_dkd_alpha1.0_dkd_beta8.0_kl_methodkl_mse_normalizeFalse_temperature1.0_weight_ce0.5_weight_kl0.25_weight_mse0.0_zscoreFalse__val0.4896.pt
H3K4me1,distill_methodvanilla_dkd_alpha1.0_dkd_beta8.0_kl_methodkl_mse_normalizeFalse_temperature1.5_weight_ce0.5_weight_kl0.25_weight_mse0.0_zscoreFalse,0.4949,/tmp/galaxy_srv_disk00/pengchx3/carbon_distillation/box_stage3/carbon_distillation/original/H3K4me1/20260629_004335/2b67eab9-9021-4017-b593-559960d82167/distill_methodvanilla_dkd_alpha1.0_dkd_beta8.0_kl_methodkl_mse_normalizeFalse_temperature1.5_weight_ce0.5_weight_kl0.25_weight_mse0.0_zscoreFalse/best_model/student.pt,carbon__H3K4me1__distill_methodvanilla_dkd_alpha1.0_dkd_beta8.0_kl_methodkl_mse_normalizeFalse_temperature1.5_weight_ce0.5_weight_kl0.25_weight_mse0.0_zscoreFalse__val0.4949.pt
H3K4me1,distill_methodvanilla_dkd_alpha1.0_dkd_beta8.0_kl_methodkl_mse_normalizeFalse_temperature2.0_weight_ce0.5_weight_kl0.25_weight_mse0.0_zscoreFalse,0.5012,/tmp/galaxy_srv_disk00/pengchx3/carbon_distillation/box_stage3/carbon_distillation/original/H3K4me1/20260629_005404/71c0e0b9-ff73-47c3-b064-f3075a0fd169/distill_methodvanilla_dkd_alpha1.0_dkd_beta8.0_kl_methodkl_mse_normalizeFalse_temperature2.0_weight_ce0.5_weight_kl0.25_weight_mse0.0_zscoreFalse/best_model/student.pt,carbon__H3K4me1__distill_methodvanilla_dkd_alpha1.0_dkd_beta8.0_kl_methodkl_mse_normalizeFalse_temperature2.0_weight_ce0.5_weight_kl0.25_weight_mse0.0_zscoreFalse__val0.5012.pt
H3K4me1,distill_methodvanilla_dkd_alpha1.0_dkd_beta8.0_kl_methodkl_mse_normalizeFalse_temperature4.0_weight_ce0.5_weight_kl0.25_weight_mse0.0_zscoreFalse,0.4999,/tmp/galaxy_srv_disk00/pengchx3/carbon_distillation/box_stage3/carbon_distillation/original/H3K4me1/20260629_005707/771219f2-04b4-495c-a7b0-ee98977f4054/distill_methodvanilla_dkd_alpha1.0_dkd_beta8.0_kl_methodkl_mse_normalizeFalse_temperature4.0_weight_ce0.5_weight_kl0.25_weight_mse0.0_zscoreFalse/best_model/student.pt,carbon__H3K4me1__distill_methodvanilla_dkd_alpha1.0_dkd_beta8.0_kl_methodkl_mse_normalizeFalse_temperature4.0_weight_ce0.5_weight_kl0.25_weight_mse0.0_zscoreFalse__val0.4999.pt
H3K4me1,distill_methodvanilla_dkd_alpha1.0_dkd_beta8.0_kl_methodkl_mse_normalizeFalse_temperature0.5_weight_ce0.5_weight_kl0.25_weight_mse1.0_zscoreFalse,0.4706,/tmp/galaxy_srv_disk00/pengchx3/carbon_distillation/box_stage3/carbon_distillation/original/H3K4me1/20260629_010214/fb228c1e-30f6-404b-9391-d678a375a9c5/distill_methodvanilla_dkd_alpha1.0_dkd_beta8.0_kl_methodkl_mse_normalizeFalse_temperature0.5_weight_ce0.5_weight_kl0.25_weight_mse1.0_zscoreFalse/best_model/student.pt,carbon__H3K4me1__distill_methodvanilla_dkd_alpha1.0_dkd_beta8.0_kl_methodkl_mse_normalizeFalse_temperature0.5_weight_ce0.5_weight_kl0.25_weight_mse1.0_zscoreFalse__val0.4706.pt
H3K4me1,distill_methodvanilla_dkd_alpha1.0_dkd_beta8.0_kl_methodkl_mse_normalizeFalse_temperature1.0_weight_ce0.5_weight_kl0.25_weight_mse1.0_zscoreFalse,0.4702,/tmp/galaxy_srv_disk00/pengchx3/carbon_distillation/box_stage3/carbon_distillation/original/H3K4me1/20260629_010512/c94c5bee-7c65-43df-acee-ae40fcb71bf5/distill_methodvanilla_dkd_alpha1.0_dkd_beta8.0_kl_methodkl_mse_normalizeFalse_temperature1.0_weight_ce0.5_weight_kl0.25_weight_mse1.0_zscoreFalse/best_model/student.pt,carbon__H3K4me1__distill_methodvanilla_dkd_alpha1.0_dkd_beta8.0_kl_methodkl_mse_normalizeFalse_temperature1.0_weight_ce0.5_weight_kl0.25_weight_mse1.0_zscoreFalse__val0.4702.pt
H3K4me1,distill_methodvanilla_dkd_alpha1.0_dkd_beta8.0_kl_methodkl_mse_normalizeFalse_temperature1.5_weight_ce0.5_weight_kl0.25_weight_mse1.0_zscoreFalse,0.4751,/tmp/galaxy_srv_disk00/pengchx3/carbon_distillation/box_stage3/carbon_distillation/original/H3K4me1/20260629_011823/a18f0b5d-2b6f-4a95-ad25-526bed0fed04/distill_methodvanilla_dkd_alpha1.0_dkd_beta8.0_kl_methodkl_mse_normalizeFalse_temperature1.5_weight_ce0.5_weight_kl0.25_weight_mse1.0_zscoreFalse/best_model/student.pt,carbon__H3K4me1__distill_methodvanilla_dkd_alpha1.0_dkd_beta8.0_kl_methodkl_mse_normalizeFalse_temperature1.5_weight_ce0.5_weight_kl0.25_weight_mse1.0_zscoreFalse__val0.4751.pt
H3K4me1,distill_methodvanilla_dkd_alpha1.0_dkd_beta8.0_kl_methodkl_mse_normalizeFalse_temperature2.0_weight_ce0.5_weight_kl0.25_weight_mse1.0_zscoreFalse,0.4748,/tmp/galaxy_srv_disk00/pengchx3/carbon_distillation/box_stage3/carbon_distillation/original/H3K4me1/20260629_012415/9cc45498-0222-4125-bbc6-209251035907/distill_methodvanilla_dkd_alpha1.0_dkd_beta8.0_kl_methodkl_mse_normalizeFalse_temperature2.0_weight_ce0.5_weight_kl0.25_weight_mse1.0_zscoreFalse/best_model/student.pt,carbon__H3K4me1__distill_methodvanilla_dkd_alpha1.0_dkd_beta8.0_kl_methodkl_mse_normalizeFalse_temperature2.0_weight_ce0.5_weight_kl0.25_weight_mse1.0_zscoreFalse__val0.4748.pt
H3K4me1,distill_methodvanilla_dkd_alpha1.0_dkd_beta8.0_kl_methodkl_mse_normalizeFalse_temperature4.0_weight_ce0.5_weight_kl0.25_weight_mse1.0_zscoreFalse,0.4786,/tmp/galaxy_srv_disk00/pengchx3/carbon_distillation/box_stage3/carbon_distillation/original/H3K4me1/20260629_012454/d6c0c341-e257-4d69-84be-0f1ea722d7d1/distill_methodvanilla_dkd_alpha1.0_dkd_beta8.0_kl_methodkl_mse_normalizeFalse_temperature4.0_weight_ce0.5_weight_kl0.25_weight_mse1.0_zscoreFalse/best_model/student.pt,carbon__H3K4me1__distill_methodvanilla_dkd_alpha1.0_dkd_beta8.0_kl_methodkl_mse_normalizeFalse_temperature4.0_weight_ce0.5_weight_kl0.25_weight_mse1.0_zscoreFalse__val0.4786.pt
H3K4me1,distill_methodvanilla_dkd_alpha1.0_dkd_beta8.0_kl_methodkl_mse_normalizeFalse_temperature0.5_weight_ce0.5_weight_kl0.5_weight_mse0.0_zscoreFalse,0.4910,/tmp/galaxy_srv_disk00/pengchx3/carbon_distillation/box_stage3/carbon_distillation/original/H3K4me1/20260629_012621/787e8e86-a263-424f-b290-5062ca4ebc8a/distill_methodvanilla_dkd_alpha1.0_dkd_beta8.0_kl_methodkl_mse_normalizeFalse_temperature0.5_weight_ce0.5_weight_kl0.5_weight_mse0.0_zscoreFalse/best_model/student.pt,carbon__H3K4me1__distill_methodvanilla_dkd_alpha1.0_dkd_beta8.0_kl_methodkl_mse_normalizeFalse_temperature0.5_weight_ce0.5_weight_kl0.5_weight_mse0.0_zscoreFalse__val0.4910.pt
H3K4me1,distill_methodvanilla_dkd_alpha1.0_dkd_beta8.0_kl_methodkl_mse_normalizeFalse_temperature1.0_weight_ce0.5_weight_kl0.5_weight_mse0.0_zscoreFalse,0.4887,/tmp/galaxy_srv_disk00/pengchx3/carbon_distillation/box_stage3/carbon_distillation/original/H3K4me1/20260629_013734/82efa19a-aafb-4672-b053-e875b00b2977/distill_methodvanilla_dkd_alpha1.0_dkd_beta8.0_kl_methodkl_mse_normalizeFalse_temperature1.0_weight_ce0.5_weight_kl0.5_weight_mse0.0_zscoreFalse/best_model/student.pt,carbon__H3K4me1__distill_methodvanilla_dkd_alpha1.0_dkd_beta8.0_kl_methodkl_mse_normalizeFalse_temperature1.0_weight_ce0.5_weight_kl0.5_weight_mse0.0_zscoreFalse__val0.4887.pt
H3K4me1,distill_methodvanilla_dkd_alpha1.0_dkd_beta8.0_kl_methodkl_mse_normalizeFalse_temperature1.5_weight_ce0.5_weight_kl0.5_weight_mse0.0_zscoreFalse,0.4989,/tmp/galaxy_srv_disk00/pengchx3/carbon_distillation/box_stage3/carbon_distillation/original/H3K4me1/20260629_013759/a4043ff7-24df-4d8f-9bd9-ec6218955ec1/distill_methodvanilla_dkd_alpha1.0_dkd_beta8.0_kl_methodkl_mse_normalizeFalse_temperature1.5_weight_ce0.5_weight_kl0.5_weight_mse0.0_zscoreFalse/best_model/student.pt,carbon__H3K4me1__distill_methodvanilla_dkd_alpha1.0_dkd_beta8.0_kl_methodkl_mse_normalizeFalse_temperature1.5_weight_ce0.5_weight_kl0.5_weight_mse0.0_zscoreFalse__val0.4989.pt
H3K4me1,distill_methodvanilla_dkd_alpha1.0_dkd_beta8.0_kl_methodkl_mse_normalizeFalse_temperature2.0_weight_ce0.5_weight_kl0.5_weight_mse0.0_zscoreFalse,0.4962,/tmp/galaxy_srv_disk00/pengchx3/carbon_distillation/box_stage3/carbon_distillation/original/H3K4me1/20260629_013803/6da9f846-fab1-4ff5-8630-2693b3c55ac8/distill_methodvanilla_dkd_alpha1.0_dkd_beta8.0_kl_methodkl_mse_normalizeFalse_temperature2.0_weight_ce0.5_weight_kl0.5_weight_mse0.0_zscoreFalse/best_model/student.pt,carbon__H3K4me1__distill_methodvanilla_dkd_alpha1.0_dkd_beta8.0_kl_methodkl_mse_normalizeFalse_temperature2.0_weight_ce0.5_weight_kl0.5_weight_mse0.0_zscoreFalse__val0.4962.pt
H3K4me1,distill_methodvanilla_dkd_alpha1.0_dkd_beta8.0_kl_methodkl_mse_normalizeFalse_temperature4.0_weight_ce0.5_weight_kl0.5_weight_mse0.0_zscoreFalse,0.5043,/tmp/galaxy_srv_disk00/pengchx3/carbon_distillation/box_stage3/carbon_distillation/original/H3K4me1/20260629_014254/7ac21033-4e69-42eb-9c81-28bbd601d551/distill_methodvanilla_dkd_alpha1.0_dkd_beta8.0_kl_methodkl_mse_normalizeFalse_temperature4.0_weight_ce0.5_weight_kl0.5_weight_mse0.0_zscoreFalse/best_model/student.pt,carbon__H3K4me1__distill_methodvanilla_dkd_alpha1.0_dkd_beta8.0_kl_methodkl_mse_normalizeFalse_temperature4.0_weight_ce0.5_weight_kl0.5_weight_mse0.0_zscoreFalse__val0.5043.pt
H3K4me1,distill_methodvanilla_dkd_alpha1.0_dkd_beta8.0_kl_methodkl_mse_normalizeFalse_temperature0.5_weight_ce0.5_weight_kl0.5_weight_mse1.0_zscoreFalse,0.4714,/tmp/galaxy_srv_disk00/pengchx3/carbon_distillation/box_stage3/carbon_distillation/original/H3K4me1/20260629_015049/a5d07012-a4f4-4259-b654-09a99ee1bbb5/distill_methodvanilla_dkd_alpha1.0_dkd_beta8.0_kl_methodkl_mse_normalizeFalse_temperature0.5_weight_ce0.5_weight_kl0.5_weight_mse1.0_zscoreFalse/best_model/student.pt,carbon__H3K4me1__distill_methodvanilla_dkd_alpha1.0_dkd_beta8.0_kl_methodkl_mse_normalizeFalse_temperature0.5_weight_ce0.5_weight_kl0.5_weight_mse1.0_zscoreFalse__val0.4714.pt
H3K4me1,distill_methodvanilla_dkd_alpha1.0_dkd_beta8.0_kl_methodkl_mse_normalizeFalse_temperature1.0_weight_ce0.5_weight_kl0.5_weight_mse1.0_zscoreFalse,0.4786,/tmp/galaxy_srv_disk00/pengchx3/carbon_distillation/box_stage3/carbon_distillation/original/H3K4me1/20260629_015628/aeec767a-4305-4472-aee2-90df1b045712/distill_methodvanilla_dkd_alpha1.0_dkd_beta8.0_kl_methodkl_mse_normalizeFalse_temperature1.0_weight_ce0.5_weight_kl0.5_weight_mse1.0_zscoreFalse/best_model/student.pt,carbon__H3K4me1__distill_methodvanilla_dkd_alpha1.0_dkd_beta8.0_kl_methodkl_mse_normalizeFalse_temperature1.0_weight_ce0.5_weight_kl0.5_weight_mse1.0_zscoreFalse__val0.4786.pt
H3K4me1,distill_methodvanilla_dkd_alpha1.0_dkd_beta8.0_kl_methodkl_mse_normalizeFalse_temperature1.5_weight_ce0.5_weight_kl0.5_weight_mse1.0_zscoreFalse,0.4846,/tmp/galaxy_srv_disk00/pengchx3/carbon_distillation/box_stage3/carbon_distillation/original/H3K4me1/20260629_015917/c373971c-088f-40f8-9f81-d2f610da701c/distill_methodvanilla_dkd_alpha1.0_dkd_beta8.0_kl_methodkl_mse_normalizeFalse_temperature1.5_weight_ce0.5_weight_kl0.5_weight_mse1.0_zscoreFalse/best_model/student.pt,carbon__H3K4me1__distill_methodvanilla_dkd_alpha1.0_dkd_beta8.0_kl_methodkl_mse_normalizeFalse_temperature1.5_weight_ce0.5_weight_kl0.5_weight_mse1.0_zscoreFalse__val0.4846.pt
H3K4me1,distill_methodvanilla_dkd_alpha1.0_dkd_beta8.0_kl_methodkl_mse_normalizeFalse_temperature2.0_weight_ce0.5_weight_kl0.5_weight_mse1.0_zscoreFalse,0.4863,/tmp/galaxy_srv_disk00/pengchx3/carbon_distillation/box_stage3/carbon_distillation/original/H3K4me1/20260629_021656/8c6b2858-5bf6-44aa-9b79-ade80bca4e7d/distill_methodvanilla_dkd_alpha1.0_dkd_beta8.0_kl_methodkl_mse_normalizeFalse_temperature2.0_weight_ce0.5_weight_kl0.5_weight_mse1.0_zscoreFalse/best_model/student.pt,carbon__H3K4me1__distill_methodvanilla_dkd_alpha1.0_dkd_beta8.0_kl_methodkl_mse_normalizeFalse_temperature2.0_weight_ce0.5_weight_kl0.5_weight_mse1.0_zscoreFalse__val0.4863.pt
H3K4me1,distill_methodvanilla_dkd_alpha1.0_dkd_beta8.0_kl_methodkl_mse_normalizeFalse_temperature4.0_weight_ce0.5_weight_kl0.5_weight_mse1.0_zscoreFalse,0.4809,/tmp/galaxy_srv_disk00/pengchx3/carbon_distillation/box_stage3/carbon_distillation/original/H3K4me1/20260629_022221/3f067b12-8c03-4c0e-81b3-d7fbf02dd341/distill_methodvanilla_dkd_alpha1.0_dkd_beta8.0_kl_methodkl_mse_normalizeFalse_temperature4.0_weight_ce0.5_weight_kl0.5_weight_mse1.0_zscoreFalse/best_model/student.pt,carbon__H3K4me1__distill_methodvanilla_dkd_alpha1.0_dkd_beta8.0_kl_methodkl_mse_normalizeFalse_temperature4.0_weight_ce0.5_weight_kl0.5_weight_mse1.0_zscoreFalse__val0.4809.pt
H3K4me1,distill_methodvanilla_dkd_alpha1.0_dkd_beta8.0_kl_methodkl_mse_normalizeFalse_temperature0.5_weight_ce0.5_weight_kl1.0_weight_mse0.0_zscoreFalse,0.4899,/tmp/galaxy_srv_disk00/pengchx3/carbon_distillation/box_stage3/carbon_distillation/original/H3K4me1/20260629_023145/5b1fd865-9510-418a-a832-904a696a8ed3/distill_methodvanilla_dkd_alpha1.0_dkd_beta8.0_kl_methodkl_mse_normalizeFalse_temperature0.5_weight_ce0.5_weight_kl1.0_weight_mse0.0_zscoreFalse/best_model/student.pt,carbon__H3K4me1__distill_methodvanilla_dkd_alpha1.0_dkd_beta8.0_kl_methodkl_mse_normalizeFalse_temperature0.5_weight_ce0.5_weight_kl1.0_weight_mse0.0_zscoreFalse__val0.4899.pt
H3K4me1,distill_methodvanilla_dkd_alpha1.0_dkd_beta8.0_kl_methodkl_mse_normalizeFalse_temperature1.0_weight_ce0.5_weight_kl1.0_weight_mse0.0_zscoreFalse,0.4976,/tmp/galaxy_srv_disk00/pengchx3/carbon_distillation/box_stage3/carbon_distillation/original/H3K4me1/20260629_023221/c1e8f4e1-5ead-40da-9438-c5c1bf1aae94/distill_methodvanilla_dkd_alpha1.0_dkd_beta8.0_kl_methodkl_mse_normalizeFalse_temperature1.0_weight_ce0.5_weight_kl1.0_weight_mse0.0_zscoreFalse/best_model/student.pt,carbon__H3K4me1__distill_methodvanilla_dkd_alpha1.0_dkd_beta8.0_kl_methodkl_mse_normalizeFalse_temperature1.0_weight_ce0.5_weight_kl1.0_weight_mse0.0_zscoreFalse__val0.4976.pt
H3K4me1,distill_methodvanilla_dkd_alpha1.0_dkd_beta8.0_kl_methodkl_mse_normalizeFalse_temperature1.5_weight_ce0.5_weight_kl1.0_weight_mse0.0_zscoreFalse,0.4916,/tmp/galaxy_srv_disk00/pengchx3/carbon_distillation/box_stage3/carbon_distillation/original/H3K4me1/20260629_023656/a64f7948-3f09-4643-9032-c8035fec860a/distill_methodvanilla_dkd_alpha1.0_dkd_beta8.0_kl_methodkl_mse_normalizeFalse_temperature1.5_weight_ce0.5_weight_kl1.0_weight_mse0.0_zscoreFalse/best_model/student.pt,carbon__H3K4me1__distill_methodvanilla_dkd_alpha1.0_dkd_beta8.0_kl_methodkl_mse_normalizeFalse_temperature1.5_weight_ce0.5_weight_kl1.0_weight_mse0.0_zscoreFalse__val0.4916.pt
H3K4me1,distill_methodvanilla_dkd_alpha1.0_dkd_beta8.0_kl_methodkl_mse_normalizeFalse_temperature2.0_weight_ce0.5_weight_kl1.0_weight_mse0.0_zscoreFalse,0.4982,/tmp/galaxy_srv_disk00/pengchx3/carbon_distillation/box_stage3/carbon_distillation/original/H3K4me1/20260629_023759/bbf15542-ae4f-467c-924a-11fe061cbad8/distill_methodvanilla_dkd_alpha1.0_dkd_beta8.0_kl_methodkl_mse_normalizeFalse_temperature2.0_weight_ce0.5_weight_kl1.0_weight_mse0.0_zscoreFalse/best_model/student.pt,carbon__H3K4me1__distill_methodvanilla_dkd_alpha1.0_dkd_beta8.0_kl_methodkl_mse_normalizeFalse_temperature2.0_weight_ce0.5_weight_kl1.0_weight_mse0.0_zscoreFalse__val0.4982.pt
H3K4me1,distill_methodvanilla_dkd_alpha1.0_dkd_beta8.0_kl_methodkl_mse_normalizeFalse_temperature4.0_weight_ce0.5_weight_kl1.0_weight_mse0.0_zscoreFalse,0.5010,/tmp/galaxy_srv_disk00/pengchx3/carbon_distillation/box_stage3/carbon_distillation/original/H3K4me1/20260629_023957/fe92528d-8c3b-452c-b882-191d97bbacef/distill_methodvanilla_dkd_alpha1.0_dkd_beta8.0_kl_methodkl_mse_normalizeFalse_temperature4.0_weight_ce0.5_weight_kl1.0_weight_mse0.0_zscoreFalse/best_model/student.pt,carbon__H3K4me1__distill_methodvanilla_dkd_alpha1.0_dkd_beta8.0_kl_methodkl_mse_normalizeFalse_temperature4.0_weight_ce0.5_weight_kl1.0_weight_mse0.0_zscoreFalse__val0.5010.pt
H3K4me3,distill_methoddkd_dkd_alpha1.0_dkd_beta8.0_kl_methodkl_mse_normalizeFalse_temperature2.0_weight_ce0.5_weight_kl0.5_weight_mse0.0_zscoreFalse,0.5490,/tmp/galaxy_srv_disk00/pengchx3/carbon_distillation/box_stage3/carbon_distillation/original/H3K4me3/20260629_194015/5c796477-30aa-410e-8f70-e1f34cec2d16/distill_methoddkd_dkd_alpha1.0_dkd_beta8.0_kl_methodkl_mse_normalizeFalse_temperature2.0_weight_ce0.5_weight_kl0.5_weight_mse0.0_zscoreFalse/best_model/student.pt,carbon__H3K4me3__distill_methoddkd_dkd_alpha1.0_dkd_beta8.0_kl_methodkl_mse_normalizeFalse_temperature2.0_weight_ce0.5_weight_kl0.5_weight_mse0.0_zscoreFalse__val0.5490.pt
H3K4me3,distill_methodvanilla_dkd_alpha1.0_dkd_beta8.0_kl_methodkl_mse_normalizeFalse_temperature4.0_weight_ce0.5_weight_kl0.5_weight_mse0.0_zscoreFalse,0.6787,/tmp/galaxy_srv_disk00/pengchx3/carbon_distillation/box_stage3/carbon_distillation/original/H3K4me3/20260629_194215/0c00f3ca-65c4-4a35-b7f3-03375ecd8279/distill_methodvanilla_dkd_alpha1.0_dkd_beta8.0_kl_methodkl_mse_normalizeFalse_temperature4.0_weight_ce0.5_weight_kl0.5_weight_mse0.0_zscoreFalse/best_model/student.pt,carbon__H3K4me3__distill_methodvanilla_dkd_alpha1.0_dkd_beta8.0_kl_methodkl_mse_normalizeFalse_temperature4.0_weight_ce0.5_weight_kl0.5_weight_mse0.0_zscoreFalse__val0.6787.pt
H3K4me3,distill_methoddkd_dkd_alpha1.0_dkd_beta8.0_kl_methodkl_mse_normalizeFalse_temperature2.0_weight_ce0.5_weight_kl0.5_weight_mse0.0_zscoreFalse,0.6688,/tmp/galaxy_srv_disk00/pengchx3/carbon_distillation/box_stage3/carbon_distillation/original/H3K4me3/20260629_194215/7b0cb69b-968c-480f-89de-7ae39e35db24/distill_methoddkd_dkd_alpha1.0_dkd_beta8.0_kl_methodkl_mse_normalizeFalse_temperature2.0_weight_ce0.5_weight_kl0.5_weight_mse0.0_zscoreFalse/best_model/student.pt,carbon__H3K4me3__distill_methoddkd_dkd_alpha1.0_dkd_beta8.0_kl_methodkl_mse_normalizeFalse_temperature2.0_weight_ce0.5_weight_kl0.5_weight_mse0.0_zscoreFalse__val0.6688.pt
H3K4me3,distill_methodvanilla_dkd_alpha1.0_dkd_beta8.0_kl_methodkl_mse_normalizeFalse_temperature4.0_weight_ce0.5_weight_kl0.5_weight_mse0.0_zscoreFalse,0.6627,/tmp/galaxy_srv_disk00/pengchx3/carbon_distillation/box_stage3/carbon_distillation/original/H3K4me3/20260629_194746/481da322-8354-45f0-9e8b-2e0a73d5f71b/distill_methodvanilla_dkd_alpha1.0_dkd_beta8.0_kl_methodkl_mse_normalizeFalse_temperature4.0_weight_ce0.5_weight_kl0.5_weight_mse0.0_zscoreFalse/best_model/student.pt,carbon__H3K4me3__distill_methodvanilla_dkd_alpha1.0_dkd_beta8.0_kl_methodkl_mse_normalizeFalse_temperature4.0_weight_ce0.5_weight_kl0.5_weight_mse0.0_zscoreFalse__val0.6627.pt
H3K4me3,distill_methodvanilla_dkd_alpha1.0_dkd_beta8.0_kl_methodkl_mse_normalizeFalse_temperature2.0_weight_ce0.5_weight_kl0.5_weight_mse0.0_zscoreFalse,0.6723,/tmp/galaxy_srv_disk00/pengchx3/carbon_distillation/box_stage3/carbon_distillation/original/H3K4me3/20260629_194801/2fc57185-d6c5-4c83-a76f-829145ae43c0/distill_methodvanilla_dkd_alpha1.0_dkd_beta8.0_kl_methodkl_mse_normalizeFalse_temperature2.0_weight_ce0.5_weight_kl0.5_weight_mse0.0_zscoreFalse/best_model/student.pt,carbon__H3K4me3__distill_methodvanilla_dkd_alpha1.0_dkd_beta8.0_kl_methodkl_mse_normalizeFalse_temperature2.0_weight_ce0.5_weight_kl0.5_weight_mse0.0_zscoreFalse__val0.6723.pt
H3K4me3,distill_methodvanilla_dkd_alpha1.0_dkd_beta8.0_kl_methodkl_mse_normalizeFalse_temperature4.0_weight_ce0.5_weight_kl0.5_weight_mse0.0_zscoreFalse,0.6726,/tmp/galaxy_srv_disk00/pengchx3/carbon_distillation/box_stage3/carbon_distillation/original/H3K4me3/20260629_195310/df225ebd-c392-42b4-952f-9fe745f56192/distill_methodvanilla_dkd_alpha1.0_dkd_beta8.0_kl_methodkl_mse_normalizeFalse_temperature4.0_weight_ce0.5_weight_kl0.5_weight_mse0.0_zscoreFalse/best_model/student.pt,carbon__H3K4me3__distill_methodvanilla_dkd_alpha1.0_dkd_beta8.0_kl_methodkl_mse_normalizeFalse_temperature4.0_weight_ce0.5_weight_kl0.5_weight_mse0.0_zscoreFalse__val0.6726.pt
H3K4me3,distill_methodvanilla_dkd_alpha1.0_dkd_beta8.0_kl_methodkl_mse_normalizeFalse_temperature2.0_weight_ce0.5_weight_kl0.5_weight_mse0.2_zscoreFalse,0.6628,/tmp/galaxy_srv_disk00/pengchx3/carbon_distillation/box_stage3/carbon_distillation/original/H3K4me3/20260629_195342/e5952439-0c76-4ce1-8dd8-9976ad34de55/distill_methodvanilla_dkd_alpha1.0_dkd_beta8.0_kl_methodkl_mse_normalizeFalse_temperature2.0_weight_ce0.5_weight_kl0.5_weight_mse0.2_zscoreFalse/best_model/student.pt,carbon__H3K4me3__distill_methodvanilla_dkd_alpha1.0_dkd_beta8.0_kl_methodkl_mse_normalizeFalse_temperature2.0_weight_ce0.5_weight_kl0.5_weight_mse0.2_zscoreFalse__val0.6628.pt
H3K4me3,distill_methoddkd_dkd_alpha1.0_dkd_beta8.0_kl_methodkl_mse_normalizeFalse_temperature2.0_weight_ce0.5_weight_kl0.5_weight_mse0.0_zscoreFalse,0.6688,/tmp/galaxy_srv_disk00/pengchx3/carbon_distillation/box_stage3/carbon_distillation/original/H3K4me3/20260629_211448/05fddaa4-d2c5-4190-a390-974ad71c7778/distill_methoddkd_dkd_alpha1.0_dkd_beta8.0_kl_methodkl_mse_normalizeFalse_temperature2.0_weight_ce0.5_weight_kl0.5_weight_mse0.0_zscoreFalse/best_model/student.pt,carbon__H3K4me3__distill_methoddkd_dkd_alpha1.0_dkd_beta8.0_kl_methodkl_mse_normalizeFalse_temperature2.0_weight_ce0.5_weight_kl0.5_weight_mse0.0_zscoreFalse__val0.6688.pt
H3K4me3,distill_methodvanilla_dkd_alpha1.0_dkd_beta8.0_kl_methodkl_mse_normalizeFalse_temperature4.0_weight_ce0.5_weight_kl0.5_weight_mse0.0_zscoreFalse,0.6787,/tmp/galaxy_srv_disk00/pengchx3/carbon_distillation/box_stage3/carbon_distillation/original/H3K4me3/20260629_211448/d323aaed-e926-479d-a4e1-269891df9d07/distill_methodvanilla_dkd_alpha1.0_dkd_beta8.0_kl_methodkl_mse_normalizeFalse_temperature4.0_weight_ce0.5_weight_kl0.5_weight_mse0.0_zscoreFalse/best_model/student.pt,carbon__H3K4me3__distill_methodvanilla_dkd_alpha1.0_dkd_beta8.0_kl_methodkl_mse_normalizeFalse_temperature4.0_weight_ce0.5_weight_kl0.5_weight_mse0.0_zscoreFalse__val0.6787.pt
H3K4me3,distill_methodvanilla_dkd_alpha1.0_dkd_beta8.0_kl_methodkl_mse_normalizeFalse_temperature2.0_weight_ce0.5_weight_kl0.5_weight_mse0.0_zscoreFalse,0.6723,/tmp/galaxy_srv_disk00/pengchx3/carbon_distillation/box_stage3/carbon_distillation/original/H3K4me3/20260629_213408/f41df5a7-2a98-47fc-8feb-3e15cb557d53/distill_methodvanilla_dkd_alpha1.0_dkd_beta8.0_kl_methodkl_mse_normalizeFalse_temperature2.0_weight_ce0.5_weight_kl0.5_weight_mse0.0_zscoreFalse/best_model/student.pt,carbon__H3K4me3__distill_methodvanilla_dkd_alpha1.0_dkd_beta8.0_kl_methodkl_mse_normalizeFalse_temperature2.0_weight_ce0.5_weight_kl0.5_weight_mse0.0_zscoreFalse__val0.6723.pt
H3K4me3,distill_methodvanilla_dkd_alpha1.0_dkd_beta8.0_kl_methodkl_mse_normalizeFalse_temperature2.0_weight_ce0.5_weight_kl0.5_weight_mse0.2_zscoreFalse,0.6628,/tmp/galaxy_srv_disk00/pengchx3/carbon_distillation/box_stage3/carbon_distillation/original/H3K4me3/20260629_215216/c9301c76-c4a2-48b3-aa9c-a1a89df01dc9/distill_methodvanilla_dkd_alpha1.0_dkd_beta8.0_kl_methodkl_mse_normalizeFalse_temperature2.0_weight_ce0.5_weight_kl0.5_weight_mse0.2_zscoreFalse/best_model/student.pt,carbon__H3K4me3__distill_methodvanilla_dkd_alpha1.0_dkd_beta8.0_kl_methodkl_mse_normalizeFalse_temperature2.0_weight_ce0.5_weight_kl0.5_weight_mse0.2_zscoreFalse__val0.6628.pt
H3K4me3,distill_methodvanilla_dkd_alpha1.0_dkd_beta8.0_kl_methodkl_mse_normalizeFalse_temperature4.0_weight_ce0.5_weight_kl0.5_weight_mse0.0_zscoreFalse,0.6722,/tmp/galaxy_srv_disk00/pengchx3/carbon_distillation/box_stage3/carbon_distillation/original/H3K4me3/20260629_220413/b1230dd3-b1e2-41fb-8dfd-0b1ac6bc253b/distill_methodvanilla_dkd_alpha1.0_dkd_beta8.0_kl_methodkl_mse_normalizeFalse_temperature4.0_weight_ce0.5_weight_kl0.5_weight_mse0.0_zscoreFalse/best_model/student.pt,carbon__H3K4me3__distill_methodvanilla_dkd_alpha1.0_dkd_beta8.0_kl_methodkl_mse_normalizeFalse_temperature4.0_weight_ce0.5_weight_kl0.5_weight_mse0.0_zscoreFalse__val0.6722.pt
H3K4me3,distill_methodvanilla_dkd_alpha1.0_dkd_beta8.0_kl_methodkl_mse_normalizeFalse_temperature4.0_weight_ce0.5_weight_kl0.5_weight_mse0.0_zscoreFalse,0.6726,/tmp/galaxy_srv_disk00/pengchx3/carbon_distillation/box_stage3/carbon_distillation/original/H3K4me3/20260629_225404/45d9ee57-4916-4b28-a3da-877514ab8cac/distill_methodvanilla_dkd_alpha1.0_dkd_beta8.0_kl_methodkl_mse_normalizeFalse_temperature4.0_weight_ce0.5_weight_kl0.5_weight_mse0.0_zscoreFalse/best_model/student.pt,carbon__H3K4me3__distill_methodvanilla_dkd_alpha1.0_dkd_beta8.0_kl_methodkl_mse_normalizeFalse_temperature4.0_weight_ce0.5_weight_kl0.5_weight_mse0.0_zscoreFalse__val0.6726.pt
enhancers,distill_methodvanilla_dkd_alpha1.0_dkd_beta8.0_kl_methodkl_mse_normalizeFalse_temperature0.5_weight_ce0.5_weight_kl0.0_weight_mse0.0_zscoreFalse,0.4102,/tmp/galaxy_srv_disk00/pengchx3/carbon_distillation/box_stage3/carbon_distillation/original/enhancers/20260628_084142/271ea7c0-2df7-428d-97f5-c24e69713cfb/distill_methodvanilla_dkd_alpha1.0_dkd_beta8.0_kl_methodkl_mse_normalizeFalse_temperature0.5_weight_ce0.5_weight_kl0.0_weight_mse0.0_zscoreFalse/best_model/student.pt,carbon__enhancers__distill_methodvanilla_dkd_alpha1.0_dkd_beta8.0_kl_methodkl_mse_normalizeFalse_temperature0.5_weight_ce0.5_weight_kl0.0_weight_mse0.0_zscoreFalse__val0.4102.pt
enhancers,distill_methodvanilla_dkd_alpha1.0_dkd_beta8.0_kl_methodkl_mse_normalizeFalse_temperature4.0_weight_ce0.5_weight_kl1.0_weight_mse1.0_zscoreFalse,0.3506,/tmp/galaxy_srv_disk00/pengchx3/carbon_distillation/box_stage3/carbon_distillation/original/enhancers/20260628_120159/3763b39d-bc0e-4ecc-921d-7e8419d96026/distill_methodvanilla_dkd_alpha1.0_dkd_beta8.0_kl_methodkl_mse_normalizeFalse_temperature4.0_weight_ce0.5_weight_kl1.0_weight_mse1.0_zscoreFalse/best_model/student.pt,carbon__enhancers__distill_methodvanilla_dkd_alpha1.0_dkd_beta8.0_kl_methodkl_mse_normalizeFalse_temperature4.0_weight_ce0.5_weight_kl1.0_weight_mse1.0_zscoreFalse__val0.3506.pt
enhancers,distill_methodvanilla_dkd_alpha1.0_dkd_beta8.0_kl_methodkl_mse_normalizeFalse_temperature0.5_weight_ce0.5_weight_kl0.5_weight_mse1.0_zscoreFalse,0.3240,/tmp/galaxy_srv_disk00/pengchx3/carbon_distillation/box_stage3/carbon_distillation/original/enhancers/20260628_120159/66d27e9c-596f-467f-b090-81aec898a5a1/distill_methodvanilla_dkd_alpha1.0_dkd_beta8.0_kl_methodkl_mse_normalizeFalse_temperature0.5_weight_ce0.5_weight_kl0.5_weight_mse1.0_zscoreFalse/best_model/student.pt,carbon__enhancers__distill_methodvanilla_dkd_alpha1.0_dkd_beta8.0_kl_methodkl_mse_normalizeFalse_temperature0.5_weight_ce0.5_weight_kl0.5_weight_mse1.0_zscoreFalse__val0.3240.pt
enhancers,distill_methodvanilla_dkd_alpha1.0_dkd_beta8.0_kl_methodkl_mse_normalizeFalse_temperature0.5_weight_ce0.5_weight_kl1.0_weight_mse0.0_zscoreFalse,0.3273,/tmp/galaxy_srv_disk00/pengchx3/carbon_distillation/box_stage3/carbon_distillation/original/enhancers/20260628_120159/75402eb2-8a87-4000-b142-250e3e872c04/distill_methodvanilla_dkd_alpha1.0_dkd_beta8.0_kl_methodkl_mse_normalizeFalse_temperature0.5_weight_ce0.5_weight_kl1.0_weight_mse0.0_zscoreFalse/best_model/student.pt,carbon__enhancers__distill_methodvanilla_dkd_alpha1.0_dkd_beta8.0_kl_methodkl_mse_normalizeFalse_temperature0.5_weight_ce0.5_weight_kl1.0_weight_mse0.0_zscoreFalse__val0.3273.pt
enhancers,distill_methodvanilla_dkd_alpha1.0_dkd_beta8.0_kl_methodkl_mse_normalizeFalse_temperature1.5_weight_ce0.5_weight_kl1.0_weight_mse1.0_zscoreFalse,0.3516,/tmp/galaxy_srv_disk00/pengchx3/carbon_distillation/box_stage3/carbon_distillation/original/enhancers/20260628_120159/9504e0e3-4fbe-4743-9ea2-00bbef36cbeb/distill_methodvanilla_dkd_alpha1.0_dkd_beta8.0_kl_methodkl_mse_normalizeFalse_temperature1.5_weight_ce0.5_weight_kl1.0_weight_mse1.0_zscoreFalse/best_model/student.pt,carbon__enhancers__distill_methodvanilla_dkd_alpha1.0_dkd_beta8.0_kl_methodkl_mse_normalizeFalse_temperature1.5_weight_ce0.5_weight_kl1.0_weight_mse1.0_zscoreFalse__val0.3516.pt
enhancers,distill_methodvanilla_dkd_alpha1.0_dkd_beta8.0_kl_methodkl_mse_normalizeFalse_temperature2.0_weight_ce0.5_weight_kl0.5_weight_mse1.0_zscoreFalse,0.3329,/tmp/galaxy_srv_disk00/pengchx3/carbon_distillation/box_stage3/carbon_distillation/original/enhancers/20260628_120200/123f42fd-82c2-411d-aeeb-4e252422c3d6/distill_methodvanilla_dkd_alpha1.0_dkd_beta8.0_kl_methodkl_mse_normalizeFalse_temperature2.0_weight_ce0.5_weight_kl0.5_weight_mse1.0_zscoreFalse/best_model/student.pt,carbon__enhancers__distill_methodvanilla_dkd_alpha1.0_dkd_beta8.0_kl_methodkl_mse_normalizeFalse_temperature2.0_weight_ce0.5_weight_kl0.5_weight_mse1.0_zscoreFalse__val0.3329.pt
enhancers,distill_methodvanilla_dkd_alpha1.0_dkd_beta8.0_kl_methodkl_mse_normalizeFalse_temperature4.0_weight_ce0.5_weight_kl1.0_weight_mse0.0_zscoreFalse,0.3464,/tmp/galaxy_srv_disk00/pengchx3/carbon_distillation/box_stage3/carbon_distillation/original/enhancers/20260628_120200/1f6a0d44-c376-4851-a87f-1a7eb363189e/distill_methodvanilla_dkd_alpha1.0_dkd_beta8.0_kl_methodkl_mse_normalizeFalse_temperature4.0_weight_ce0.5_weight_kl1.0_weight_mse0.0_zscoreFalse/best_model/student.pt,carbon__enhancers__distill_methodvanilla_dkd_alpha1.0_dkd_beta8.0_kl_methodkl_mse_normalizeFalse_temperature4.0_weight_ce0.5_weight_kl1.0_weight_mse0.0_zscoreFalse__val0.3464.pt
enhancers,distill_methodvanilla_dkd_alpha1.0_dkd_beta8.0_kl_methodkl_mse_normalizeFalse_temperature1.0_weight_ce0.5_weight_kl0.5_weight_mse1.0_zscoreFalse,0.3340,/tmp/galaxy_srv_disk00/pengchx3/carbon_distillation/box_stage3/carbon_distillation/original/enhancers/20260628_120200/57fe8cdd-4396-4278-a43d-0c8dcd66cd06/distill_methodvanilla_dkd_alpha1.0_dkd_beta8.0_kl_methodkl_mse_normalizeFalse_temperature1.0_weight_ce0.5_weight_kl0.5_weight_mse1.0_zscoreFalse/best_model/student.pt,carbon__enhancers__distill_methodvanilla_dkd_alpha1.0_dkd_beta8.0_kl_methodkl_mse_normalizeFalse_temperature1.0_weight_ce0.5_weight_kl0.5_weight_mse1.0_zscoreFalse__val0.3340.pt
enhancers,distill_methodvanilla_dkd_alpha1.0_dkd_beta8.0_kl_methodkl_mse_normalizeFalse_temperature1.5_weight_ce0.5_weight_kl0.5_weight_mse1.0_zscoreFalse,0.3317,/tmp/galaxy_srv_disk00/pengchx3/carbon_distillation/box_stage3/carbon_distillation/original/enhancers/20260628_120200/585b36e2-3bd7-438e-83c7-dbe841e793e6/distill_methodvanilla_dkd_alpha1.0_dkd_beta8.0_kl_methodkl_mse_normalizeFalse_temperature1.5_weight_ce0.5_weight_kl0.5_weight_mse1.0_zscoreFalse/best_model/student.pt,carbon__enhancers__distill_methodvanilla_dkd_alpha1.0_dkd_beta8.0_kl_methodkl_mse_normalizeFalse_temperature1.5_weight_ce0.5_weight_kl0.5_weight_mse1.0_zscoreFalse__val0.3317.pt
enhancers,distill_methodvanilla_dkd_alpha1.0_dkd_beta8.0_kl_methodkl_mse_normalizeFalse_temperature2.0_weight_ce0.5_weight_kl1.0_weight_mse1.0_zscoreFalse,0.3470,/tmp/galaxy_srv_disk00/pengchx3/carbon_distillation/box_stage3/carbon_distillation/original/enhancers/20260628_120200/5be95e7e-b035-4348-86dc-0d6ddc1c0fa3/distill_methodvanilla_dkd_alpha1.0_dkd_beta8.0_kl_methodkl_mse_normalizeFalse_temperature2.0_weight_ce0.5_weight_kl1.0_weight_mse1.0_zscoreFalse/best_model/student.pt,carbon__enhancers__distill_methodvanilla_dkd_alpha1.0_dkd_beta8.0_kl_methodkl_mse_normalizeFalse_temperature2.0_weight_ce0.5_weight_kl1.0_weight_mse1.0_zscoreFalse__val0.3470.pt
enhancers,distill_methodvanilla_dkd_alpha1.0_dkd_beta8.0_kl_methodkl_mse_normalizeFalse_temperature1.5_weight_ce0.5_weight_kl1.0_weight_mse0.0_zscoreFalse,0.3355,/tmp/galaxy_srv_disk00/pengchx3/carbon_distillation/box_stage3/carbon_distillation/original/enhancers/20260628_120200/5d765f61-f2f1-464a-9b2e-f589781260c9/distill_methodvanilla_dkd_alpha1.0_dkd_beta8.0_kl_methodkl_mse_normalizeFalse_temperature1.5_weight_ce0.5_weight_kl1.0_weight_mse0.0_zscoreFalse/best_model/student.pt,carbon__enhancers__distill_methodvanilla_dkd_alpha1.0_dkd_beta8.0_kl_methodkl_mse_normalizeFalse_temperature1.5_weight_ce0.5_weight_kl1.0_weight_mse0.0_zscoreFalse__val0.3355.pt
enhancers,distill_methodvanilla_dkd_alpha1.0_dkd_beta8.0_kl_methodkl_mse_normalizeFalse_temperature1.0_weight_ce0.5_weight_kl1.0_weight_mse1.0_zscoreFalse,0.3372,/tmp/galaxy_srv_disk00/pengchx3/carbon_distillation/box_stage3/carbon_distillation/original/enhancers/20260628_120200/999e07fb-e8c4-467e-afd7-191572b7a3da/distill_methodvanilla_dkd_alpha1.0_dkd_beta8.0_kl_methodkl_mse_normalizeFalse_temperature1.0_weight_ce0.5_weight_kl1.0_weight_mse1.0_zscoreFalse/best_model/student.pt,carbon__enhancers__distill_methodvanilla_dkd_alpha1.0_dkd_beta8.0_kl_methodkl_mse_normalizeFalse_temperature1.0_weight_ce0.5_weight_kl1.0_weight_mse1.0_zscoreFalse__val0.3372.pt
enhancers,distill_methodvanilla_dkd_alpha1.0_dkd_beta8.0_kl_methodkl_mse_normalizeFalse_temperature4.0_weight_ce0.5_weight_kl0.5_weight_mse0.0_zscoreFalse,0.3290,/tmp/galaxy_srv_disk00/pengchx3/carbon_distillation/box_stage3/carbon_distillation/original/enhancers/20260628_120200/c1a953fc-08a1-492f-8916-53b9f9b917c8/distill_methodvanilla_dkd_alpha1.0_dkd_beta8.0_kl_methodkl_mse_normalizeFalse_temperature4.0_weight_ce0.5_weight_kl0.5_weight_mse0.0_zscoreFalse/best_model/student.pt,carbon__enhancers__distill_methodvanilla_dkd_alpha1.0_dkd_beta8.0_kl_methodkl_mse_normalizeFalse_temperature4.0_weight_ce0.5_weight_kl0.5_weight_mse0.0_zscoreFalse__val0.3290.pt
enhancers,distill_methodvanilla_dkd_alpha1.0_dkd_beta8.0_kl_methodkl_mse_normalizeFalse_temperature1.0_weight_ce0.5_weight_kl1.0_weight_mse0.0_zscoreFalse,0.3290,/tmp/galaxy_srv_disk00/pengchx3/carbon_distillation/box_stage3/carbon_distillation/original/enhancers/20260628_120200/c85de020-29b2-473b-bbb2-e5c780af9552/distill_methodvanilla_dkd_alpha1.0_dkd_beta8.0_kl_methodkl_mse_normalizeFalse_temperature1.0_weight_ce0.5_weight_kl1.0_weight_mse0.0_zscoreFalse/best_model/student.pt,carbon__enhancers__distill_methodvanilla_dkd_alpha1.0_dkd_beta8.0_kl_methodkl_mse_normalizeFalse_temperature1.0_weight_ce0.5_weight_kl1.0_weight_mse0.0_zscoreFalse__val0.3290.pt
enhancers,distill_methodvanilla_dkd_alpha1.0_dkd_beta8.0_kl_methodkl_mse_normalizeFalse_temperature4.0_weight_ce0.5_weight_kl0.5_weight_mse1.0_zscoreFalse,0.3395,/tmp/galaxy_srv_disk00/pengchx3/carbon_distillation/box_stage3/carbon_distillation/original/enhancers/20260628_120200/dc9a75b4-52ab-44a1-9489-1947cb0f9ac3/distill_methodvanilla_dkd_alpha1.0_dkd_beta8.0_kl_methodkl_mse_normalizeFalse_temperature4.0_weight_ce0.5_weight_kl0.5_weight_mse1.0_zscoreFalse/best_model/student.pt,carbon__enhancers__distill_methodvanilla_dkd_alpha1.0_dkd_beta8.0_kl_methodkl_mse_normalizeFalse_temperature4.0_weight_ce0.5_weight_kl0.5_weight_mse1.0_zscoreFalse__val0.3395.pt
enhancers,distill_methodvanilla_dkd_alpha1.0_dkd_beta8.0_kl_methodkl_mse_normalizeFalse_temperature2.0_weight_ce0.5_weight_kl1.0_weight_mse0.0_zscoreFalse,0.3420,/tmp/galaxy_srv_disk00/pengchx3/carbon_distillation/box_stage3/carbon_distillation/original/enhancers/20260628_120200/e5dfb091-de91-44f3-81ca-5c7ff240966f/distill_methodvanilla_dkd_alpha1.0_dkd_beta8.0_kl_methodkl_mse_normalizeFalse_temperature2.0_weight_ce0.5_weight_kl1.0_weight_mse0.0_zscoreFalse/best_model/student.pt,carbon__enhancers__distill_methodvanilla_dkd_alpha1.0_dkd_beta8.0_kl_methodkl_mse_normalizeFalse_temperature2.0_weight_ce0.5_weight_kl1.0_weight_mse0.0_zscoreFalse__val0.3420.pt
enhancers,distill_methodvanilla_dkd_alpha1.0_dkd_beta8.0_kl_methodkl_mse_normalizeFalse_temperature0.5_weight_ce0.5_weight_kl1.0_weight_mse1.0_zscoreFalse,0.3340,/tmp/galaxy_srv_disk00/pengchx3/carbon_distillation/box_stage3/carbon_distillation/original/enhancers/20260628_120200/ef6e8c00-61d7-4a05-86d0-31e350e8c770/distill_methodvanilla_dkd_alpha1.0_dkd_beta8.0_kl_methodkl_mse_normalizeFalse_temperature0.5_weight_ce0.5_weight_kl1.0_weight_mse1.0_zscoreFalse/best_model/student.pt,carbon__enhancers__distill_methodvanilla_dkd_alpha1.0_dkd_beta8.0_kl_methodkl_mse_normalizeFalse_temperature0.5_weight_ce0.5_weight_kl1.0_weight_mse1.0_zscoreFalse__val0.3340.pt
enhancers,distill_methodvanilla_dkd_alpha1.0_dkd_beta8.0_kl_methodkl_mse_normalizeFalse_temperature0.5_weight_ce0.5_weight_kl1.0_weight_mse1.0_zscoreFalse,0.4777,/tmp/galaxy_srv_disk00/pengchx3/carbon_distillation/box_stage3/carbon_distillation/original/enhancers/20260628_135348/b948e783-2249-4297-a088-50bb09e3e807/distill_methodvanilla_dkd_alpha1.0_dkd_beta8.0_kl_methodkl_mse_normalizeFalse_temperature0.5_weight_ce0.5_weight_kl1.0_weight_mse1.0_zscoreFalse/best_model/student.pt,carbon__enhancers__distill_methodvanilla_dkd_alpha1.0_dkd_beta8.0_kl_methodkl_mse_normalizeFalse_temperature0.5_weight_ce0.5_weight_kl1.0_weight_mse1.0_zscoreFalse__val0.4777.pt
enhancers,distill_methodvanilla_dkd_alpha1.0_dkd_beta8.0_kl_methodkl_mse_normalizeFalse_temperature4.0_weight_ce0.5_weight_kl0.5_weight_mse1.0_zscoreFalse,0.4792,/tmp/galaxy_srv_disk00/pengchx3/carbon_distillation/box_stage3/carbon_distillation/original/enhancers/20260628_135349/6b754a8d-8af9-4f40-804d-ca729531b758/distill_methodvanilla_dkd_alpha1.0_dkd_beta8.0_kl_methodkl_mse_normalizeFalse_temperature4.0_weight_ce0.5_weight_kl0.5_weight_mse1.0_zscoreFalse/best_model/student.pt,carbon__enhancers__distill_methodvanilla_dkd_alpha1.0_dkd_beta8.0_kl_methodkl_mse_normalizeFalse_temperature4.0_weight_ce0.5_weight_kl0.5_weight_mse1.0_zscoreFalse__val0.4792.pt
enhancers,distill_methodvanilla_dkd_alpha1.0_dkd_beta8.0_kl_methodkl_mse_normalizeFalse_temperature4.0_weight_ce0.5_weight_kl1.0_weight_mse1.0_zscoreFalse,0.4778,/tmp/galaxy_srv_disk00/pengchx3/carbon_distillation/box_stage3/carbon_distillation/original/enhancers/20260628_135350/31de9fcd-6979-4f66-8b1a-b6ef1fb3fd21/distill_methodvanilla_dkd_alpha1.0_dkd_beta8.0_kl_methodkl_mse_normalizeFalse_temperature4.0_weight_ce0.5_weight_kl1.0_weight_mse1.0_zscoreFalse/best_model/student.pt,carbon__enhancers__distill_methodvanilla_dkd_alpha1.0_dkd_beta8.0_kl_methodkl_mse_normalizeFalse_temperature4.0_weight_ce0.5_weight_kl1.0_weight_mse1.0_zscoreFalse__val0.4778.pt
enhancers,distill_methodvanilla_dkd_alpha1.0_dkd_beta8.0_kl_methodkl_mse_normalizeFalse_temperature2.0_weight_ce0.5_weight_kl1.0_weight_mse1.0_zscoreFalse,0.4841,/tmp/galaxy_srv_disk00/pengchx3/carbon_distillation/box_stage3/carbon_distillation/original/enhancers/20260628_135350/cbffaca1-e44f-4704-b330-b319f03070fe/distill_methodvanilla_dkd_alpha1.0_dkd_beta8.0_kl_methodkl_mse_normalizeFalse_temperature2.0_weight_ce0.5_weight_kl1.0_weight_mse1.0_zscoreFalse/best_model/student.pt,carbon__enhancers__distill_methodvanilla_dkd_alpha1.0_dkd_beta8.0_kl_methodkl_mse_normalizeFalse_temperature2.0_weight_ce0.5_weight_kl1.0_weight_mse1.0_zscoreFalse__val0.4841.pt
enhancers,distill_methodvanilla_dkd_alpha1.0_dkd_beta8.0_kl_methodkl_mse_normalizeFalse_temperature1.0_weight_ce0.5_weight_kl1.0_weight_mse1.0_zscoreFalse,0.4864,/tmp/galaxy_srv_disk00/pengchx3/carbon_distillation/box_stage3/carbon_distillation/original/enhancers/20260628_135353/2c12c605-57bc-4cf4-b08a-e34a1af69c71/distill_methodvanilla_dkd_alpha1.0_dkd_beta8.0_kl_methodkl_mse_normalizeFalse_temperature1.0_weight_ce0.5_weight_kl1.0_weight_mse1.0_zscoreFalse/best_model/student.pt,carbon__enhancers__distill_methodvanilla_dkd_alpha1.0_dkd_beta8.0_kl_methodkl_mse_normalizeFalse_temperature1.0_weight_ce0.5_weight_kl1.0_weight_mse1.0_zscoreFalse__val0.4864.pt
enhancers,distill_methodvanilla_dkd_alpha1.0_dkd_beta8.0_kl_methodkl_mse_normalizeFalse_temperature4.0_weight_ce0.5_weight_kl1.0_weight_mse0.0_zscoreFalse,0.4707,/tmp/galaxy_srv_disk00/pengchx3/carbon_distillation/box_stage3/carbon_distillation/original/enhancers/20260628_135353/4954c5aa-e919-42c0-b9de-fc484dbcdb40/distill_methodvanilla_dkd_alpha1.0_dkd_beta8.0_kl_methodkl_mse_normalizeFalse_temperature4.0_weight_ce0.5_weight_kl1.0_weight_mse0.0_zscoreFalse/best_model/student.pt,carbon__enhancers__distill_methodvanilla_dkd_alpha1.0_dkd_beta8.0_kl_methodkl_mse_normalizeFalse_temperature4.0_weight_ce0.5_weight_kl1.0_weight_mse0.0_zscoreFalse__val0.4707.pt
enhancers,distill_methodvanilla_dkd_alpha1.0_dkd_beta8.0_kl_methodkl_mse_normalizeFalse_temperature1.5_weight_ce0.5_weight_kl1.0_weight_mse0.0_zscoreFalse,0.4714,/tmp/galaxy_srv_disk00/pengchx3/carbon_distillation/box_stage3/carbon_distillation/original/enhancers/20260628_135353/7eec2003-3dba-43f9-afb2-ab2b8f41292d/distill_methodvanilla_dkd_alpha1.0_dkd_beta8.0_kl_methodkl_mse_normalizeFalse_temperature1.5_weight_ce0.5_weight_kl1.0_weight_mse0.0_zscoreFalse/best_model/student.pt,carbon__enhancers__distill_methodvanilla_dkd_alpha1.0_dkd_beta8.0_kl_methodkl_mse_normalizeFalse_temperature1.5_weight_ce0.5_weight_kl1.0_weight_mse0.0_zscoreFalse__val0.4714.pt
enhancers,distill_methodvanilla_dkd_alpha1.0_dkd_beta8.0_kl_methodkl_mse_normalizeFalse_temperature4.0_weight_ce0.5_weight_kl0.5_weight_mse0.0_zscoreFalse,0.4743,/tmp/galaxy_srv_disk00/pengchx3/carbon_distillation/box_stage3/carbon_distillation/original/enhancers/20260628_135353/82b98c03-2a36-4c15-8dc1-3629ba6a64ad/distill_methodvanilla_dkd_alpha1.0_dkd_beta8.0_kl_methodkl_mse_normalizeFalse_temperature4.0_weight_ce0.5_weight_kl0.5_weight_mse0.0_zscoreFalse/best_model/student.pt,carbon__enhancers__distill_methodvanilla_dkd_alpha1.0_dkd_beta8.0_kl_methodkl_mse_normalizeFalse_temperature4.0_weight_ce0.5_weight_kl0.5_weight_mse0.0_zscoreFalse__val0.4743.pt
enhancers,distill_methodvanilla_dkd_alpha1.0_dkd_beta8.0_kl_methodkl_mse_normalizeFalse_temperature1.5_weight_ce0.5_weight_kl1.0_weight_mse1.0_zscoreFalse,0.4831,/tmp/galaxy_srv_disk00/pengchx3/carbon_distillation/box_stage3/carbon_distillation/original/enhancers/20260628_135353/ba73b3b4-6a1d-4e24-8a2f-f04b53c7fa2c/distill_methodvanilla_dkd_alpha1.0_dkd_beta8.0_kl_methodkl_mse_normalizeFalse_temperature1.5_weight_ce0.5_weight_kl1.0_weight_mse1.0_zscoreFalse/best_model/student.pt,carbon__enhancers__distill_methodvanilla_dkd_alpha1.0_dkd_beta8.0_kl_methodkl_mse_normalizeFalse_temperature1.5_weight_ce0.5_weight_kl1.0_weight_mse1.0_zscoreFalse__val0.4831.pt
enhancers,distill_methodvanilla_dkd_alpha1.0_dkd_beta8.0_kl_methodkl_mse_normalizeFalse_temperature1.0_weight_ce0.5_weight_kl1.0_weight_mse0.0_zscoreFalse,0.4802,/tmp/galaxy_srv_disk00/pengchx3/carbon_distillation/box_stage3/carbon_distillation/original/enhancers/20260628_135354/6552510f-13df-4d39-a7e9-01fcc5f6c85c/distill_methodvanilla_dkd_alpha1.0_dkd_beta8.0_kl_methodkl_mse_normalizeFalse_temperature1.0_weight_ce0.5_weight_kl1.0_weight_mse0.0_zscoreFalse/best_model/student.pt,carbon__enhancers__distill_methodvanilla_dkd_alpha1.0_dkd_beta8.0_kl_methodkl_mse_normalizeFalse_temperature1.0_weight_ce0.5_weight_kl1.0_weight_mse0.0_zscoreFalse__val0.4802.pt
enhancers,distill_methodvanilla_dkd_alpha1.0_dkd_beta8.0_kl_methodkl_mse_normalizeFalse_temperature1.5_weight_ce0.5_weight_kl0.5_weight_mse1.0_zscoreFalse,0.4803,/tmp/galaxy_srv_disk00/pengchx3/carbon_distillation/box_stage3/carbon_distillation/original/enhancers/20260628_135355/e4f71f43-bf46-41a1-b03e-9831a2074ebb/distill_methodvanilla_dkd_alpha1.0_dkd_beta8.0_kl_methodkl_mse_normalizeFalse_temperature1.5_weight_ce0.5_weight_kl0.5_weight_mse1.0_zscoreFalse/best_model/student.pt,carbon__enhancers__distill_methodvanilla_dkd_alpha1.0_dkd_beta8.0_kl_methodkl_mse_normalizeFalse_temperature1.5_weight_ce0.5_weight_kl0.5_weight_mse1.0_zscoreFalse__val0.4803.pt
enhancers,distill_methodvanilla_dkd_alpha1.0_dkd_beta8.0_kl_methodkl_mse_normalizeFalse_temperature0.5_weight_ce0.5_weight_kl0.5_weight_mse1.0_zscoreFalse,0.4834,/tmp/galaxy_srv_disk00/pengchx3/carbon_distillation/box_stage3/carbon_distillation/original/enhancers/20260628_135358/0def9f0e-bb44-416b-b77e-a8cf8af078d2/distill_methodvanilla_dkd_alpha1.0_dkd_beta8.0_kl_methodkl_mse_normalizeFalse_temperature0.5_weight_ce0.5_weight_kl0.5_weight_mse1.0_zscoreFalse/best_model/student.pt,carbon__enhancers__distill_methodvanilla_dkd_alpha1.0_dkd_beta8.0_kl_methodkl_mse_normalizeFalse_temperature0.5_weight_ce0.5_weight_kl0.5_weight_mse1.0_zscoreFalse__val0.4834.pt
enhancers,distill_methodvanilla_dkd_alpha1.0_dkd_beta8.0_kl_methodkl_mse_normalizeFalse_temperature2.0_weight_ce0.5_weight_kl0.5_weight_mse1.0_zscoreFalse,0.4790,/tmp/galaxy_srv_disk00/pengchx3/carbon_distillation/box_stage3/carbon_distillation/original/enhancers/20260628_135359/c7e6f537-feb0-4f5b-a3b7-4a0683c355ba/distill_methodvanilla_dkd_alpha1.0_dkd_beta8.0_kl_methodkl_mse_normalizeFalse_temperature2.0_weight_ce0.5_weight_kl0.5_weight_mse1.0_zscoreFalse/best_model/student.pt,carbon__enhancers__distill_methodvanilla_dkd_alpha1.0_dkd_beta8.0_kl_methodkl_mse_normalizeFalse_temperature2.0_weight_ce0.5_weight_kl0.5_weight_mse1.0_zscoreFalse__val0.4790.pt
enhancers,distill_methodvanilla_dkd_alpha1.0_dkd_beta8.0_kl_methodkl_mse_normalizeFalse_temperature2.0_weight_ce0.5_weight_kl1.0_weight_mse0.0_zscoreFalse,0.4733,/tmp/galaxy_srv_disk00/pengchx3/carbon_distillation/box_stage3/carbon_distillation/original/enhancers/20260628_135401/4d12d6c1-0429-4410-a8de-03324bdaa64a/distill_methodvanilla_dkd_alpha1.0_dkd_beta8.0_kl_methodkl_mse_normalizeFalse_temperature2.0_weight_ce0.5_weight_kl1.0_weight_mse0.0_zscoreFalse/best_model/student.pt,carbon__enhancers__distill_methodvanilla_dkd_alpha1.0_dkd_beta8.0_kl_methodkl_mse_normalizeFalse_temperature2.0_weight_ce0.5_weight_kl1.0_weight_mse0.0_zscoreFalse__val0.4733.pt
enhancers,distill_methodvanilla_dkd_alpha1.0_dkd_beta8.0_kl_methodkl_mse_normalizeFalse_temperature0.5_weight_ce0.5_weight_kl1.0_weight_mse0.0_zscoreFalse,0.4677,/tmp/galaxy_srv_disk00/pengchx3/carbon_distillation/box_stage3/carbon_distillation/original/enhancers/20260628_135403/e558009b-388d-4f51-a07f-579ae367b8d2/distill_methodvanilla_dkd_alpha1.0_dkd_beta8.0_kl_methodkl_mse_normalizeFalse_temperature0.5_weight_ce0.5_weight_kl1.0_weight_mse0.0_zscoreFalse/best_model/student.pt,carbon__enhancers__distill_methodvanilla_dkd_alpha1.0_dkd_beta8.0_kl_methodkl_mse_normalizeFalse_temperature0.5_weight_ce0.5_weight_kl1.0_weight_mse0.0_zscoreFalse__val0.4677.pt
enhancers,distill_methodvanilla_dkd_alpha1.0_dkd_beta8.0_kl_methodkl_mse_normalizeFalse_temperature1.0_weight_ce0.5_weight_kl0.5_weight_mse1.0_zscoreFalse,0.4774,/tmp/galaxy_srv_disk00/pengchx3/carbon_distillation/box_stage3/carbon_distillation/original/enhancers/20260628_135405/22b3ba67-0fdf-40d0-9baf-5c15c89dd52a/distill_methodvanilla_dkd_alpha1.0_dkd_beta8.0_kl_methodkl_mse_normalizeFalse_temperature1.0_weight_ce0.5_weight_kl0.5_weight_mse1.0_zscoreFalse/best_model/student.pt,carbon__enhancers__distill_methodvanilla_dkd_alpha1.0_dkd_beta8.0_kl_methodkl_mse_normalizeFalse_temperature1.0_weight_ce0.5_weight_kl0.5_weight_mse1.0_zscoreFalse__val0.4774.pt
enhancers,distill_methodvanilla_dkd_alpha1.0_dkd_beta8.0_kl_methodkl_mse_normalizeFalse_temperature4.0_weight_ce0.5_weight_kl0.5_weight_mse0.0_zscoreFalse,0.5317,/tmp/galaxy_srv_disk00/pengchx3/carbon_distillation/box_stage3/carbon_distillation/original/enhancers/20260629_024257/23ee9788-8655-42c5-9ae7-4894a23a9f9e/distill_methodvanilla_dkd_alpha1.0_dkd_beta8.0_kl_methodkl_mse_normalizeFalse_temperature4.0_weight_ce0.5_weight_kl0.5_weight_mse0.0_zscoreFalse/best_model/student.pt,carbon__enhancers__distill_methodvanilla_dkd_alpha1.0_dkd_beta8.0_kl_methodkl_mse_normalizeFalse_temperature4.0_weight_ce0.5_weight_kl0.5_weight_mse0.0_zscoreFalse__val0.5317.pt
enhancers,distill_methodvanilla_dkd_alpha1.0_dkd_beta8.0_kl_methodkl_mse_normalizeFalse_temperature0.5_weight_ce0.5_weight_kl0.5_weight_mse1.0_zscoreFalse,0.5115,/tmp/galaxy_srv_disk00/pengchx3/carbon_distillation/box_stage3/carbon_distillation/original/enhancers/20260629_025206/83c6a110-c11a-45a8-a596-daed6efa97f6/distill_methodvanilla_dkd_alpha1.0_dkd_beta8.0_kl_methodkl_mse_normalizeFalse_temperature0.5_weight_ce0.5_weight_kl0.5_weight_mse1.0_zscoreFalse/best_model/student.pt,carbon__enhancers__distill_methodvanilla_dkd_alpha1.0_dkd_beta8.0_kl_methodkl_mse_normalizeFalse_temperature0.5_weight_ce0.5_weight_kl0.5_weight_mse1.0_zscoreFalse__val0.5115.pt
enhancers,distill_methodvanilla_dkd_alpha1.0_dkd_beta8.0_kl_methodkl_mse_normalizeFalse_temperature1.0_weight_ce0.5_weight_kl0.5_weight_mse1.0_zscoreFalse,0.5240,/tmp/galaxy_srv_disk00/pengchx3/carbon_distillation/box_stage3/carbon_distillation/original/enhancers/20260629_025728/d04013dc-f247-4089-a536-d95bf5dce24b/distill_methodvanilla_dkd_alpha1.0_dkd_beta8.0_kl_methodkl_mse_normalizeFalse_temperature1.0_weight_ce0.5_weight_kl0.5_weight_mse1.0_zscoreFalse/best_model/student.pt,carbon__enhancers__distill_methodvanilla_dkd_alpha1.0_dkd_beta8.0_kl_methodkl_mse_normalizeFalse_temperature1.0_weight_ce0.5_weight_kl0.5_weight_mse1.0_zscoreFalse__val0.5240.pt
enhancers,distill_methodvanilla_dkd_alpha1.0_dkd_beta8.0_kl_methodkl_mse_normalizeFalse_temperature1.5_weight_ce0.5_weight_kl0.5_weight_mse1.0_zscoreFalse,0.5313,/tmp/galaxy_srv_disk00/pengchx3/carbon_distillation/box_stage3/carbon_distillation/original/enhancers/20260629_031641/ea0a0e5c-1893-436e-8a36-aece2dfd78f9/distill_methodvanilla_dkd_alpha1.0_dkd_beta8.0_kl_methodkl_mse_normalizeFalse_temperature1.5_weight_ce0.5_weight_kl0.5_weight_mse1.0_zscoreFalse/best_model/student.pt,carbon__enhancers__distill_methodvanilla_dkd_alpha1.0_dkd_beta8.0_kl_methodkl_mse_normalizeFalse_temperature1.5_weight_ce0.5_weight_kl0.5_weight_mse1.0_zscoreFalse__val0.5313.pt
enhancers,distill_methodvanilla_dkd_alpha1.0_dkd_beta8.0_kl_methodkl_mse_normalizeFalse_temperature2.0_weight_ce0.5_weight_kl0.5_weight_mse1.0_zscoreFalse,0.5232,/tmp/galaxy_srv_disk00/pengchx3/carbon_distillation/box_stage3/carbon_distillation/original/enhancers/20260629_032558/7f75952e-ae4c-45b5-98a9-aa4772505c1e/distill_methodvanilla_dkd_alpha1.0_dkd_beta8.0_kl_methodkl_mse_normalizeFalse_temperature2.0_weight_ce0.5_weight_kl0.5_weight_mse1.0_zscoreFalse/best_model/student.pt,carbon__enhancers__distill_methodvanilla_dkd_alpha1.0_dkd_beta8.0_kl_methodkl_mse_normalizeFalse_temperature2.0_weight_ce0.5_weight_kl0.5_weight_mse1.0_zscoreFalse__val0.5232.pt
enhancers,distill_methodvanilla_dkd_alpha1.0_dkd_beta8.0_kl_methodkl_mse_normalizeFalse_temperature4.0_weight_ce0.5_weight_kl0.5_weight_mse1.0_zscoreFalse,0.5295,/tmp/galaxy_srv_disk00/pengchx3/carbon_distillation/box_stage3/carbon_distillation/original/enhancers/20260629_032720/e3b9d070-9414-40de-96b9-f1ef086a2988/distill_methodvanilla_dkd_alpha1.0_dkd_beta8.0_kl_methodkl_mse_normalizeFalse_temperature4.0_weight_ce0.5_weight_kl0.5_weight_mse1.0_zscoreFalse/best_model/student.pt,carbon__enhancers__distill_methodvanilla_dkd_alpha1.0_dkd_beta8.0_kl_methodkl_mse_normalizeFalse_temperature4.0_weight_ce0.5_weight_kl0.5_weight_mse1.0_zscoreFalse__val0.5295.pt
enhancers,distill_methodvanilla_dkd_alpha1.0_dkd_beta8.0_kl_methodkl_mse_normalizeFalse_temperature0.5_weight_ce0.5_weight_kl1.0_weight_mse0.0_zscoreFalse,0.5133,/tmp/galaxy_srv_disk00/pengchx3/carbon_distillation/box_stage3/carbon_distillation/original/enhancers/20260629_032755/d40e1ac4-9dd9-40d7-8509-ce8d090a8205/distill_methodvanilla_dkd_alpha1.0_dkd_beta8.0_kl_methodkl_mse_normalizeFalse_temperature0.5_weight_ce0.5_weight_kl1.0_weight_mse0.0_zscoreFalse/best_model/student.pt,carbon__enhancers__distill_methodvanilla_dkd_alpha1.0_dkd_beta8.0_kl_methodkl_mse_normalizeFalse_temperature0.5_weight_ce0.5_weight_kl1.0_weight_mse0.0_zscoreFalse__val0.5133.pt
enhancers,distill_methodvanilla_dkd_alpha1.0_dkd_beta8.0_kl_methodkl_mse_normalizeFalse_temperature1.0_weight_ce0.5_weight_kl1.0_weight_mse0.0_zscoreFalse,0.5325,/tmp/galaxy_srv_disk00/pengchx3/carbon_distillation/box_stage3/carbon_distillation/original/enhancers/20260629_033334/236dcf6a-1935-499b-987f-932a2c18c159/distill_methodvanilla_dkd_alpha1.0_dkd_beta8.0_kl_methodkl_mse_normalizeFalse_temperature1.0_weight_ce0.5_weight_kl1.0_weight_mse0.0_zscoreFalse/best_model/student.pt,carbon__enhancers__distill_methodvanilla_dkd_alpha1.0_dkd_beta8.0_kl_methodkl_mse_normalizeFalse_temperature1.0_weight_ce0.5_weight_kl1.0_weight_mse0.0_zscoreFalse__val0.5325.pt
enhancers,distill_methodvanilla_dkd_alpha1.0_dkd_beta8.0_kl_methodkl_mse_normalizeFalse_temperature1.5_weight_ce0.5_weight_kl1.0_weight_mse0.0_zscoreFalse,0.5434,/tmp/galaxy_srv_disk00/pengchx3/carbon_distillation/box_stage3/carbon_distillation/original/enhancers/20260629_033745/17efb76d-d6d7-473c-9dca-02446188f944/distill_methodvanilla_dkd_alpha1.0_dkd_beta8.0_kl_methodkl_mse_normalizeFalse_temperature1.5_weight_ce0.5_weight_kl1.0_weight_mse0.0_zscoreFalse/best_model/student.pt,carbon__enhancers__distill_methodvanilla_dkd_alpha1.0_dkd_beta8.0_kl_methodkl_mse_normalizeFalse_temperature1.5_weight_ce0.5_weight_kl1.0_weight_mse0.0_zscoreFalse__val0.5434.pt
enhancers,distill_methodvanilla_dkd_alpha1.0_dkd_beta8.0_kl_methodkl_mse_normalizeFalse_temperature2.0_weight_ce0.5_weight_kl1.0_weight_mse0.0_zscoreFalse,0.5308,/tmp/galaxy_srv_disk00/pengchx3/carbon_distillation/box_stage3/carbon_distillation/original/enhancers/20260629_033752/e9d6cc74-c4e1-4f45-8994-3dc4bb6ac2ec/distill_methodvanilla_dkd_alpha1.0_dkd_beta8.0_kl_methodkl_mse_normalizeFalse_temperature2.0_weight_ce0.5_weight_kl1.0_weight_mse0.0_zscoreFalse/best_model/student.pt,carbon__enhancers__distill_methodvanilla_dkd_alpha1.0_dkd_beta8.0_kl_methodkl_mse_normalizeFalse_temperature2.0_weight_ce0.5_weight_kl1.0_weight_mse0.0_zscoreFalse__val0.5308.pt
enhancers,distill_methodvanilla_dkd_alpha1.0_dkd_beta8.0_kl_methodkl_mse_normalizeFalse_temperature4.0_weight_ce0.5_weight_kl1.0_weight_mse0.0_zscoreFalse,0.5334,/tmp/galaxy_srv_disk00/pengchx3/carbon_distillation/box_stage3/carbon_distillation/original/enhancers/20260629_034832/f92697d6-444a-4b95-9f7b-c99dfecff446/distill_methodvanilla_dkd_alpha1.0_dkd_beta8.0_kl_methodkl_mse_normalizeFalse_temperature4.0_weight_ce0.5_weight_kl1.0_weight_mse0.0_zscoreFalse/best_model/student.pt,carbon__enhancers__distill_methodvanilla_dkd_alpha1.0_dkd_beta8.0_kl_methodkl_mse_normalizeFalse_temperature4.0_weight_ce0.5_weight_kl1.0_weight_mse0.0_zscoreFalse__val0.5334.pt
enhancers,distill_methodvanilla_dkd_alpha1.0_dkd_beta8.0_kl_methodkl_mse_normalizeFalse_temperature0.5_weight_ce0.5_weight_kl1.0_weight_mse1.0_zscoreFalse,0.5333,/tmp/galaxy_srv_disk00/pengchx3/carbon_distillation/box_stage3/carbon_distillation/original/enhancers/20260629_040801/3759b123-aadc-4b7c-be6b-b3de9110a8b4/distill_methodvanilla_dkd_alpha1.0_dkd_beta8.0_kl_methodkl_mse_normalizeFalse_temperature0.5_weight_ce0.5_weight_kl1.0_weight_mse1.0_zscoreFalse/best_model/student.pt,carbon__enhancers__distill_methodvanilla_dkd_alpha1.0_dkd_beta8.0_kl_methodkl_mse_normalizeFalse_temperature0.5_weight_ce0.5_weight_kl1.0_weight_mse1.0_zscoreFalse__val0.5333.pt
enhancers,distill_methodvanilla_dkd_alpha1.0_dkd_beta8.0_kl_methodkl_mse_normalizeFalse_temperature1.0_weight_ce0.5_weight_kl1.0_weight_mse1.0_zscoreFalse,0.5346,/tmp/galaxy_srv_disk00/pengchx3/carbon_distillation/box_stage3/carbon_distillation/original/enhancers/20260629_041437/6d1a85a4-02f3-4869-8ab0-428b412260a0/distill_methodvanilla_dkd_alpha1.0_dkd_beta8.0_kl_methodkl_mse_normalizeFalse_temperature1.0_weight_ce0.5_weight_kl1.0_weight_mse1.0_zscoreFalse/best_model/student.pt,carbon__enhancers__distill_methodvanilla_dkd_alpha1.0_dkd_beta8.0_kl_methodkl_mse_normalizeFalse_temperature1.0_weight_ce0.5_weight_kl1.0_weight_mse1.0_zscoreFalse__val0.5346.pt
enhancers,distill_methodvanilla_dkd_alpha1.0_dkd_beta8.0_kl_methodkl_mse_normalizeFalse_temperature1.5_weight_ce0.5_weight_kl1.0_weight_mse1.0_zscoreFalse,0.5265,/tmp/galaxy_srv_disk00/pengchx3/carbon_distillation/box_stage3/carbon_distillation/original/enhancers/20260629_041541/fcbb736d-6100-4f56-85fd-4cbee8af7168/distill_methodvanilla_dkd_alpha1.0_dkd_beta8.0_kl_methodkl_mse_normalizeFalse_temperature1.5_weight_ce0.5_weight_kl1.0_weight_mse1.0_zscoreFalse/best_model/student.pt,carbon__enhancers__distill_methodvanilla_dkd_alpha1.0_dkd_beta8.0_kl_methodkl_mse_normalizeFalse_temperature1.5_weight_ce0.5_weight_kl1.0_weight_mse1.0_zscoreFalse__val0.5265.pt
enhancers,distill_methodvanilla_dkd_alpha1.0_dkd_beta8.0_kl_methodkl_mse_normalizeFalse_temperature2.0_weight_ce0.5_weight_kl1.0_weight_mse1.0_zscoreFalse,0.5087,/tmp/galaxy_srv_disk00/pengchx3/carbon_distillation/box_stage3/carbon_distillation/original/enhancers/20260629_042616/ebfdb562-f0cd-4d4b-a2db-a5b5d4c0a099/distill_methodvanilla_dkd_alpha1.0_dkd_beta8.0_kl_methodkl_mse_normalizeFalse_temperature2.0_weight_ce0.5_weight_kl1.0_weight_mse1.0_zscoreFalse/best_model/student.pt,carbon__enhancers__distill_methodvanilla_dkd_alpha1.0_dkd_beta8.0_kl_methodkl_mse_normalizeFalse_temperature2.0_weight_ce0.5_weight_kl1.0_weight_mse1.0_zscoreFalse__val0.5087.pt
enhancers,distill_methodvanilla_dkd_alpha1.0_dkd_beta8.0_kl_methodkl_mse_normalizeFalse_temperature4.0_weight_ce0.5_weight_kl1.0_weight_mse1.0_zscoreFalse,0.5085,/tmp/galaxy_srv_disk00/pengchx3/carbon_distillation/box_stage3/carbon_distillation/original/enhancers/20260629_042851/4c06ac00-cbeb-4d17-99c8-a7935aac66fa/distill_methodvanilla_dkd_alpha1.0_dkd_beta8.0_kl_methodkl_mse_normalizeFalse_temperature4.0_weight_ce0.5_weight_kl1.0_weight_mse1.0_zscoreFalse/best_model/student.pt,carbon__enhancers__distill_methodvanilla_dkd_alpha1.0_dkd_beta8.0_kl_methodkl_mse_normalizeFalse_temperature4.0_weight_ce0.5_weight_kl1.0_weight_mse1.0_zscoreFalse__val0.5085.pt
enhancers_types,distill_methodvanilla_dkd_alpha1.0_dkd_beta8.0_kl_methodkl_mse_normalizeFalse_temperature0.5_weight_ce0.5_weight_kl0.0_weight_mse0.0_zscoreFalse,0.3531,/tmp/galaxy_srv_disk00/pengchx3/carbon_distillation/box_stage3/carbon_distillation/original/enhancers_types/20260628_084138/7cda0c0e-d846-474c-9dd9-58093621212c/distill_methodvanilla_dkd_alpha1.0_dkd_beta8.0_kl_methodkl_mse_normalizeFalse_temperature0.5_weight_ce0.5_weight_kl0.0_weight_mse0.0_zscoreFalse/best_model/student.pt,carbon__enhancers_types__distill_methodvanilla_dkd_alpha1.0_dkd_beta8.0_kl_methodkl_mse_normalizeFalse_temperature0.5_weight_ce0.5_weight_kl0.0_weight_mse0.0_zscoreFalse__val0.3531.pt
enhancers_types,distill_methodvanilla_dkd_alpha1.0_dkd_beta8.0_kl_methodkl_mse_normalizeFalse_temperature0.5_weight_ce0.5_weight_kl0.25_weight_mse0.0_zscoreFalse,0.2936,/tmp/galaxy_srv_disk00/pengchx3/carbon_distillation/box_stage3/carbon_distillation/original/enhancers_types/20260628_120159/1821641c-f0fd-4c13-a12d-89481b3b8e9f/distill_methodvanilla_dkd_alpha1.0_dkd_beta8.0_kl_methodkl_mse_normalizeFalse_temperature0.5_weight_ce0.5_weight_kl0.25_weight_mse0.0_zscoreFalse/best_model/student.pt,carbon__enhancers_types__distill_methodvanilla_dkd_alpha1.0_dkd_beta8.0_kl_methodkl_mse_normalizeFalse_temperature0.5_weight_ce0.5_weight_kl0.25_weight_mse0.0_zscoreFalse__val0.2936.pt
enhancers_types,distill_methodvanilla_dkd_alpha1.0_dkd_beta8.0_kl_methodkl_mse_normalizeFalse_temperature0.5_weight_ce0.5_weight_kl0.0_weight_mse0.0_zscoreFalse,0.3130,/tmp/galaxy_srv_disk00/pengchx3/carbon_distillation/box_stage3/carbon_distillation/original/enhancers_types/20260628_120200/dacd6502-93a9-44e8-93af-7aa7bf64b19d/distill_methodvanilla_dkd_alpha1.0_dkd_beta8.0_kl_methodkl_mse_normalizeFalse_temperature0.5_weight_ce0.5_weight_kl0.0_weight_mse0.0_zscoreFalse/best_model/student.pt,carbon__enhancers_types__distill_methodvanilla_dkd_alpha1.0_dkd_beta8.0_kl_methodkl_mse_normalizeFalse_temperature0.5_weight_ce0.5_weight_kl0.0_weight_mse0.0_zscoreFalse__val0.3130.pt
enhancers_types,distill_methodvanilla_dkd_alpha1.0_dkd_beta8.0_kl_methodkl_mse_normalizeFalse_temperature0.5_weight_ce0.5_weight_kl0.0_weight_mse1.0_zscoreFalse,0.3379,/tmp/galaxy_srv_disk00/pengchx3/carbon_distillation/box_stage3/carbon_distillation/original/enhancers_types/20260628_120200/fff10915-583e-4616-a5c1-5fe6561e7455/distill_methodvanilla_dkd_alpha1.0_dkd_beta8.0_kl_methodkl_mse_normalizeFalse_temperature0.5_weight_ce0.5_weight_kl0.0_weight_mse1.0_zscoreFalse/best_model/student.pt,carbon__enhancers_types__distill_methodvanilla_dkd_alpha1.0_dkd_beta8.0_kl_methodkl_mse_normalizeFalse_temperature0.5_weight_ce0.5_weight_kl0.0_weight_mse1.0_zscoreFalse__val0.3379.pt
enhancers_types,distill_methodvanilla_dkd_alpha1.0_dkd_beta8.0_kl_methodkl_mse_normalizeFalse_temperature0.5_weight_ce0.5_weight_kl0.25_weight_mse0.0_zscoreFalse,0.4291,/tmp/galaxy_srv_disk00/pengchx3/carbon_distillation/box_stage3/carbon_distillation/original/enhancers_types/20260628_135348/912a10e2-040c-432f-90a9-6b43837970ce/distill_methodvanilla_dkd_alpha1.0_dkd_beta8.0_kl_methodkl_mse_normalizeFalse_temperature0.5_weight_ce0.5_weight_kl0.25_weight_mse0.0_zscoreFalse/best_model/student.pt,carbon__enhancers_types__distill_methodvanilla_dkd_alpha1.0_dkd_beta8.0_kl_methodkl_mse_normalizeFalse_temperature0.5_weight_ce0.5_weight_kl0.25_weight_mse0.0_zscoreFalse__val0.4291.pt
enhancers_types,distill_methodvanilla_dkd_alpha1.0_dkd_beta8.0_kl_methodkl_mse_normalizeFalse_temperature0.5_weight_ce0.5_weight_kl0.0_weight_mse1.0_zscoreFalse,0.4529,/tmp/galaxy_srv_disk00/pengchx3/carbon_distillation/box_stage3/carbon_distillation/original/enhancers_types/20260628_135349/9c49c11a-aa0f-49a6-9060-e82141b4b935/distill_methodvanilla_dkd_alpha1.0_dkd_beta8.0_kl_methodkl_mse_normalizeFalse_temperature0.5_weight_ce0.5_weight_kl0.0_weight_mse1.0_zscoreFalse/best_model/student.pt,carbon__enhancers_types__distill_methodvanilla_dkd_alpha1.0_dkd_beta8.0_kl_methodkl_mse_normalizeFalse_temperature0.5_weight_ce0.5_weight_kl0.0_weight_mse1.0_zscoreFalse__val0.4529.pt
enhancers_types,distill_methodvanilla_dkd_alpha1.0_dkd_beta8.0_kl_methodkl_mse_normalizeFalse_temperature0.5_weight_ce0.5_weight_kl0.0_weight_mse0.0_zscoreFalse,0.4477,/tmp/galaxy_srv_disk00/pengchx3/carbon_distillation/box_stage3/carbon_distillation/original/enhancers_types/20260628_135411/68ef2680-337a-46f0-bd6d-f63d173b3314/distill_methodvanilla_dkd_alpha1.0_dkd_beta8.0_kl_methodkl_mse_normalizeFalse_temperature0.5_weight_ce0.5_weight_kl0.0_weight_mse0.0_zscoreFalse/best_model/student.pt,carbon__enhancers_types__distill_methodvanilla_dkd_alpha1.0_dkd_beta8.0_kl_methodkl_mse_normalizeFalse_temperature0.5_weight_ce0.5_weight_kl0.0_weight_mse0.0_zscoreFalse__val0.4477.pt
enhancers_types,distill_methodvanilla_dkd_alpha1.0_dkd_beta8.0_kl_methodkl_mse_normalizeFalse_temperature0.5_weight_ce0.5_weight_kl0.0_weight_mse0.0_zscoreFalse,0.4477,/tmp/galaxy_srv_disk00/pengchx3/carbon_distillation/box_stage3/carbon_distillation/original/enhancers_types/20260629_043515/34adf7de-56ea-4e5a-8f1a-5f7d89f5b31f/distill_methodvanilla_dkd_alpha1.0_dkd_beta8.0_kl_methodkl_mse_normalizeFalse_temperature0.5_weight_ce0.5_weight_kl0.0_weight_mse0.0_zscoreFalse/best_model/student.pt,carbon__enhancers_types__distill_methodvanilla_dkd_alpha1.0_dkd_beta8.0_kl_methodkl_mse_normalizeFalse_temperature0.5_weight_ce0.5_weight_kl0.0_weight_mse0.0_zscoreFalse__val0.4477.pt
splice_sites_acceptors,distill_methodvanilla_dkd_alpha1.0_dkd_beta8.0_kl_methodkl_mse_normalizeFalse_temperature0.5_weight_ce0.5_weight_kl0.0_weight_mse1.0_zscoreFalse,0.3341,/tmp/galaxy_srv_disk00/pengchx3/carbon_distillation/box_stage3/carbon_distillation/original/splice_sites_acceptors/20260628_084114/c76fc972-e4f9-4e8f-bc01-6dfd58fb1e1b/distill_methodvanilla_dkd_alpha1.0_dkd_beta8.0_kl_methodkl_mse_normalizeFalse_temperature0.5_weight_ce0.5_weight_kl0.0_weight_mse1.0_zscoreFalse/best_model/student.pt,carbon__splice_sites_acceptors__distill_methodvanilla_dkd_alpha1.0_dkd_beta8.0_kl_methodkl_mse_normalizeFalse_temperature0.5_weight_ce0.5_weight_kl0.0_weight_mse1.0_zscoreFalse__val0.3341.pt
splice_sites_all,distill_methodvanilla_dkd_alpha1.0_dkd_beta8.0_kl_methodkl_mse_normalizeFalse_temperature0.5_weight_ce0.5_weight_kl0.0_weight_mse0.0_zscoreFalse,0.2488,/tmp/galaxy_srv_disk00/pengchx3/carbon_distillation/box_stage3/carbon_distillation/original/splice_sites_all/20260628_084138/7b81dbe0-406c-4303-9155-d9e59485f052/distill_methodvanilla_dkd_alpha1.0_dkd_beta8.0_kl_methodkl_mse_normalizeFalse_temperature0.5_weight_ce0.5_weight_kl0.0_weight_mse0.0_zscoreFalse/best_model/student.pt,carbon__splice_sites_all__distill_methodvanilla_dkd_alpha1.0_dkd_beta8.0_kl_methodkl_mse_normalizeFalse_temperature0.5_weight_ce0.5_weight_kl0.0_weight_mse0.0_zscoreFalse__val0.2488.pt
splice_sites_all,distill_methoddkd_dkd_alpha1.0_dkd_beta8.0_kl_methodkl_mse_normalizeFalse_temperature2.0_weight_ce0.5_weight_kl0.5_weight_mse0.0_zscoreFalse,0.8316,/tmp/galaxy_srv_disk00/pengchx3/carbon_distillation/box_stage3/carbon_distillation/original/splice_sites_all/20260629_195902/1638e5ad-5523-4366-b3af-3ce4a93a927d/distill_methoddkd_dkd_alpha1.0_dkd_beta8.0_kl_methodkl_mse_normalizeFalse_temperature2.0_weight_ce0.5_weight_kl0.5_weight_mse0.0_zscoreFalse/best_model/student.pt,carbon__splice_sites_all__distill_methoddkd_dkd_alpha1.0_dkd_beta8.0_kl_methodkl_mse_normalizeFalse_temperature2.0_weight_ce0.5_weight_kl0.5_weight_mse0.0_zscoreFalse__val0.8316.pt
splice_sites_all,distill_methodvanilla_dkd_alpha1.0_dkd_beta8.0_kl_methodkl_mse_normalizeFalse_temperature2.0_weight_ce0.5_weight_kl0.5_weight_mse0.0_zscoreFalse,0.7777,/tmp/galaxy_srv_disk00/pengchx3/carbon_distillation/box_stage3/carbon_distillation/original/splice_sites_all/20260629_200617/2665d081-8da3-43e0-90c5-396e79d8cb8a/distill_methodvanilla_dkd_alpha1.0_dkd_beta8.0_kl_methodkl_mse_normalizeFalse_temperature2.0_weight_ce0.5_weight_kl0.5_weight_mse0.0_zscoreFalse/best_model/student.pt,carbon__splice_sites_all__distill_methodvanilla_dkd_alpha1.0_dkd_beta8.0_kl_methodkl_mse_normalizeFalse_temperature2.0_weight_ce0.5_weight_kl0.5_weight_mse0.0_zscoreFalse__val0.7777.pt
splice_sites_all,distill_methodvanilla_dkd_alpha1.0_dkd_beta8.0_kl_methodkl_mse_normalizeFalse_temperature2.0_weight_ce0.5_weight_kl0.5_weight_mse0.2_zscoreFalse,0.8066,/tmp/galaxy_srv_disk00/pengchx3/carbon_distillation/box_stage3/carbon_distillation/original/splice_sites_all/20260629_201244/6174287d-eb91-48d3-82f6-4491943079b1/distill_methodvanilla_dkd_alpha1.0_dkd_beta8.0_kl_methodkl_mse_normalizeFalse_temperature2.0_weight_ce0.5_weight_kl0.5_weight_mse0.2_zscoreFalse/best_model/student.pt,carbon__splice_sites_all__distill_methodvanilla_dkd_alpha1.0_dkd_beta8.0_kl_methodkl_mse_normalizeFalse_temperature2.0_weight_ce0.5_weight_kl0.5_weight_mse0.2_zscoreFalse__val0.8066.pt
splice_sites_all,distill_methodvanilla_dkd_alpha1.0_dkd_beta8.0_kl_methodkl_mse_normalizeFalse_temperature4.0_weight_ce0.5_weight_kl1.0_weight_mse0.0_zscoreFalse,0.9205,/tmp/galaxy_srv_disk00/pengchx3/carbon_distillation/box_stage3/carbon_distillation/original/splice_sites_all/20260629_213234/1e4b152a-bae6-49b5-b43b-62c6faeabac1/distill_methodvanilla_dkd_alpha1.0_dkd_beta8.0_kl_methodkl_mse_normalizeFalse_temperature4.0_weight_ce0.5_weight_kl1.0_weight_mse0.0_zscoreFalse/best_model/student.pt,carbon__splice_sites_all__distill_methodvanilla_dkd_alpha1.0_dkd_beta8.0_kl_methodkl_mse_normalizeFalse_temperature4.0_weight_ce0.5_weight_kl1.0_weight_mse0.0_zscoreFalse__val0.9205.pt
splice_sites_all,distill_methoddkd_dkd_alpha1.0_dkd_beta8.0_kl_methodkl_mse_normalizeFalse_temperature2.0_weight_ce0.5_weight_kl0.5_weight_mse0.0_zscoreFalse,0.9265,/tmp/galaxy_srv_disk00/pengchx3/carbon_distillation/box_stage3/carbon_distillation/original/splice_sites_all/20260629_221017/c55d4ae1-7a60-4ba8-b266-dabea1329811/distill_methoddkd_dkd_alpha1.0_dkd_beta8.0_kl_methodkl_mse_normalizeFalse_temperature2.0_weight_ce0.5_weight_kl0.5_weight_mse0.0_zscoreFalse/best_model/student.pt,carbon__splice_sites_all__distill_methoddkd_dkd_alpha1.0_dkd_beta8.0_kl_methodkl_mse_normalizeFalse_temperature2.0_weight_ce0.5_weight_kl0.5_weight_mse0.0_zscoreFalse__val0.9265.pt
splice_sites_all,distill_methodvanilla_dkd_alpha1.0_dkd_beta8.0_kl_methodkl_mse_normalizeFalse_temperature4.0_weight_ce0.5_weight_kl1.0_weight_mse0.0_zscoreFalse,0.9165,/tmp/galaxy_srv_disk00/pengchx3/carbon_distillation/box_stage3/carbon_distillation/original/splice_sites_all/20260629_222231/cdf16a8b-f572-429e-99d9-433f74e4ef8d/distill_methodvanilla_dkd_alpha1.0_dkd_beta8.0_kl_methodkl_mse_normalizeFalse_temperature4.0_weight_ce0.5_weight_kl1.0_weight_mse0.0_zscoreFalse/best_model/student.pt,carbon__splice_sites_all__distill_methodvanilla_dkd_alpha1.0_dkd_beta8.0_kl_methodkl_mse_normalizeFalse_temperature4.0_weight_ce0.5_weight_kl1.0_weight_mse0.0_zscoreFalse__val0.9165.pt
splice_sites_all,distill_methodvanilla_dkd_alpha1.0_dkd_beta8.0_kl_methodkl_mse_normalizeFalse_temperature2.0_weight_ce0.5_weight_kl0.5_weight_mse0.0_zscoreFalse,0.7941,/tmp/galaxy_srv_disk00/pengchx3/carbon_distillation/box_stage3/carbon_distillation/original/splice_sites_all/20260629_224353/a06839aa-0e35-49ea-aa42-5ffc38d1008c/distill_methodvanilla_dkd_alpha1.0_dkd_beta8.0_kl_methodkl_mse_normalizeFalse_temperature2.0_weight_ce0.5_weight_kl0.5_weight_mse0.0_zscoreFalse/best_model/student.pt,carbon__splice_sites_all__distill_methodvanilla_dkd_alpha1.0_dkd_beta8.0_kl_methodkl_mse_normalizeFalse_temperature2.0_weight_ce0.5_weight_kl0.5_weight_mse0.0_zscoreFalse__val0.7941.pt
splice_sites_all,distill_methodvanilla_dkd_alpha1.0_dkd_beta8.0_kl_methodkl_mse_normalizeFalse_temperature4.0_weight_ce0.5_weight_kl1.0_weight_mse0.0_zscoreFalse,0.9251,/tmp/galaxy_srv_disk00/pengchx3/carbon_distillation/box_stage3/carbon_distillation/original/splice_sites_all/20260629_231418/9344dbf4-9cab-4c3f-abfd-54cce7c85da3/distill_methodvanilla_dkd_alpha1.0_dkd_beta8.0_kl_methodkl_mse_normalizeFalse_temperature4.0_weight_ce0.5_weight_kl1.0_weight_mse0.0_zscoreFalse/best_model/student.pt,carbon__splice_sites_all__distill_methodvanilla_dkd_alpha1.0_dkd_beta8.0_kl_methodkl_mse_normalizeFalse_temperature4.0_weight_ce0.5_weight_kl1.0_weight_mse0.0_zscoreFalse__val0.9251.pt
splice_sites_all,distill_methodvanilla_dkd_alpha1.0_dkd_beta8.0_kl_methodkl_mse_normalizeFalse_temperature2.0_weight_ce0.5_weight_kl0.5_weight_mse0.2_zscoreFalse,0.8342,/tmp/galaxy_srv_disk00/pengchx3/carbon_distillation/box_stage3/carbon_distillation/original/splice_sites_all/20260629_231507/3c7ce8ce-d8b6-4a30-a459-6e683f0cd413/distill_methodvanilla_dkd_alpha1.0_dkd_beta8.0_kl_methodkl_mse_normalizeFalse_temperature2.0_weight_ce0.5_weight_kl0.5_weight_mse0.2_zscoreFalse/best_model/student.pt,carbon__splice_sites_all__distill_methodvanilla_dkd_alpha1.0_dkd_beta8.0_kl_methodkl_mse_normalizeFalse_temperature2.0_weight_ce0.5_weight_kl0.5_weight_mse0.2_zscoreFalse__val0.8342.pt
splice_sites_all,distill_methodvanilla_dkd_alpha1.0_dkd_beta8.0_kl_methodkl_mse_normalizeFalse_temperature1.5_weight_ce0.5_weight_kl0.25_weight_mse2.0_zscoreFalse,0.8206,/tmp/galaxy_srv_disk00/pengchx3/carbon_distillation/box_stage3/carbon_distillation/original/splice_sites_all/20260630_071650/1b052d97-ad36-4665-bf57-66d3450fddb9/distill_methodvanilla_dkd_alpha1.0_dkd_beta8.0_kl_methodkl_mse_normalizeFalse_temperature1.5_weight_ce0.5_weight_kl0.25_weight_mse2.0_zscoreFalse/best_model/student.pt,carbon__splice_sites_all__distill_methodvanilla_dkd_alpha1.0_dkd_beta8.0_kl_methodkl_mse_normalizeFalse_temperature1.5_weight_ce0.5_weight_kl0.25_weight_mse2.0_zscoreFalse__val0.8206.pt
splice_sites_all,distill_methodvanilla_dkd_alpha1.0_dkd_beta8.0_kl_methodkl_mse_normalizeFalse_temperature0.5_weight_ce0.5_weight_kl0.0_weight_mse2.0_zscoreFalse,0.7833,/tmp/galaxy_srv_disk00/pengchx3/carbon_distillation/box_stage3/carbon_distillation/original/splice_sites_all/20260630_071650/3bced1ee-9d99-42ad-ba63-2ee6a0070422/distill_methodvanilla_dkd_alpha1.0_dkd_beta8.0_kl_methodkl_mse_normalizeFalse_temperature0.5_weight_ce0.5_weight_kl0.0_weight_mse2.0_zscoreFalse/best_model/student.pt,carbon__splice_sites_all__distill_methodvanilla_dkd_alpha1.0_dkd_beta8.0_kl_methodkl_mse_normalizeFalse_temperature0.5_weight_ce0.5_weight_kl0.0_weight_mse2.0_zscoreFalse__val0.7833.pt
splice_sites_all,distill_methodvanilla_dkd_alpha1.0_dkd_beta8.0_kl_methodkl_mse_normalizeFalse_temperature4.0_weight_ce0.5_weight_kl0.25_weight_mse2.0_zscoreFalse,0.8421,/tmp/galaxy_srv_disk00/pengchx3/carbon_distillation/box_stage3/carbon_distillation/original/splice_sites_all/20260630_071650/4e22792a-d8d8-4aec-8590-3041d3d20a48/distill_methodvanilla_dkd_alpha1.0_dkd_beta8.0_kl_methodkl_mse_normalizeFalse_temperature4.0_weight_ce0.5_weight_kl0.25_weight_mse2.0_zscoreFalse/best_model/student.pt,carbon__splice_sites_all__distill_methodvanilla_dkd_alpha1.0_dkd_beta8.0_kl_methodkl_mse_normalizeFalse_temperature4.0_weight_ce0.5_weight_kl0.25_weight_mse2.0_zscoreFalse__val0.8421.pt
splice_sites_all,distill_methodvanilla_dkd_alpha1.0_dkd_beta8.0_kl_methodkl_mse_normalizeFalse_temperature1.0_weight_ce0.5_weight_kl0.25_weight_mse2.0_zscoreFalse,0.8041,/tmp/galaxy_srv_disk00/pengchx3/carbon_distillation/box_stage3/carbon_distillation/original/splice_sites_all/20260630_071650/55b5c44f-06de-4571-b9f4-fe0fb2c70026/distill_methodvanilla_dkd_alpha1.0_dkd_beta8.0_kl_methodkl_mse_normalizeFalse_temperature1.0_weight_ce0.5_weight_kl0.25_weight_mse2.0_zscoreFalse/best_model/student.pt,carbon__splice_sites_all__distill_methodvanilla_dkd_alpha1.0_dkd_beta8.0_kl_methodkl_mse_normalizeFalse_temperature1.0_weight_ce0.5_weight_kl0.25_weight_mse2.0_zscoreFalse__val0.8041.pt
splice_sites_all,distill_methodvanilla_dkd_alpha1.0_dkd_beta8.0_kl_methodkl_mse_normalizeFalse_temperature0.5_weight_ce0.5_weight_kl0.0_weight_mse5.0_zscoreFalse,0.7126,/tmp/galaxy_srv_disk00/pengchx3/carbon_distillation/box_stage3/carbon_distillation/original/splice_sites_all/20260630_071650/91623920-6fe1-42ea-b61f-52323c9c6f24/distill_methodvanilla_dkd_alpha1.0_dkd_beta8.0_kl_methodkl_mse_normalizeFalse_temperature0.5_weight_ce0.5_weight_kl0.0_weight_mse5.0_zscoreFalse/best_model/student.pt,carbon__splice_sites_all__distill_methodvanilla_dkd_alpha1.0_dkd_beta8.0_kl_methodkl_mse_normalizeFalse_temperature0.5_weight_ce0.5_weight_kl0.0_weight_mse5.0_zscoreFalse__val0.7126.pt
splice_sites_all,distill_methodvanilla_dkd_alpha1.0_dkd_beta8.0_kl_methodkl_mse_normalizeFalse_temperature0.5_weight_ce0.5_weight_kl0.25_weight_mse2.0_zscoreFalse,0.7896,/tmp/galaxy_srv_disk00/pengchx3/carbon_distillation/box_stage3/carbon_distillation/original/splice_sites_all/20260630_071650/aa62408b-0207-4a72-83b8-c5e6c19d8b2f/distill_methodvanilla_dkd_alpha1.0_dkd_beta8.0_kl_methodkl_mse_normalizeFalse_temperature0.5_weight_ce0.5_weight_kl0.25_weight_mse2.0_zscoreFalse/best_model/student.pt,carbon__splice_sites_all__distill_methodvanilla_dkd_alpha1.0_dkd_beta8.0_kl_methodkl_mse_normalizeFalse_temperature0.5_weight_ce0.5_weight_kl0.25_weight_mse2.0_zscoreFalse__val0.7896.pt
splice_sites_all,distill_methodvanilla_dkd_alpha1.0_dkd_beta8.0_kl_methodkl_mse_normalizeFalse_temperature2.0_weight_ce0.5_weight_kl0.25_weight_mse2.0_zscoreFalse,0.8391,/tmp/galaxy_srv_disk00/pengchx3/carbon_distillation/box_stage3/carbon_distillation/original/splice_sites_all/20260630_071650/fafe3ea8-656c-4ba1-a068-9505ed9c3555/distill_methodvanilla_dkd_alpha1.0_dkd_beta8.0_kl_methodkl_mse_normalizeFalse_temperature2.0_weight_ce0.5_weight_kl0.25_weight_mse2.0_zscoreFalse/best_model/student.pt,carbon__splice_sites_all__distill_methodvanilla_dkd_alpha1.0_dkd_beta8.0_kl_methodkl_mse_normalizeFalse_temperature2.0_weight_ce0.5_weight_kl0.25_weight_mse2.0_zscoreFalse__val0.8391.pt
splice_sites_all,distill_methodvanilla_dkd_alpha1.0_dkd_beta8.0_kl_methodkl_mse_normalizeFalse_temperature0.5_weight_ce0.5_weight_kl0.25_weight_mse5.0_zscoreFalse,0.7485,/tmp/galaxy_srv_disk00/pengchx3/carbon_distillation/box_stage3/carbon_distillation/original/splice_sites_all/20260630_071650/ff7a058a-20ab-4d6e-af19-76c671335c0c/distill_methodvanilla_dkd_alpha1.0_dkd_beta8.0_kl_methodkl_mse_normalizeFalse_temperature0.5_weight_ce0.5_weight_kl0.25_weight_mse5.0_zscoreFalse/best_model/student.pt,carbon__splice_sites_all__distill_methodvanilla_dkd_alpha1.0_dkd_beta8.0_kl_methodkl_mse_normalizeFalse_temperature0.5_weight_ce0.5_weight_kl0.25_weight_mse5.0_zscoreFalse__val0.7485.pt
splice_sites_all,distill_methodvanilla_dkd_alpha1.0_dkd_beta8.0_kl_methodkl_mse_normalizeFalse_temperature1.0_weight_ce0.5_weight_kl0.25_weight_mse5.0_zscoreFalse,0.7777,/tmp/galaxy_srv_disk00/pengchx3/carbon_distillation/box_stage3/carbon_distillation/original/splice_sites_all/20260630_083436/da90ce93-6ce7-43a2-a130-7a0862efcea2/distill_methodvanilla_dkd_alpha1.0_dkd_beta8.0_kl_methodkl_mse_normalizeFalse_temperature1.0_weight_ce0.5_weight_kl0.25_weight_mse5.0_zscoreFalse/best_model/student.pt,carbon__splice_sites_all__distill_methodvanilla_dkd_alpha1.0_dkd_beta8.0_kl_methodkl_mse_normalizeFalse_temperature1.0_weight_ce0.5_weight_kl0.25_weight_mse5.0_zscoreFalse__val0.7777.pt
splice_sites_all,distill_methodvanilla_dkd_alpha1.0_dkd_beta8.0_kl_methodkl_mse_normalizeFalse_temperature1.5_weight_ce0.5_weight_kl0.25_weight_mse5.0_zscoreFalse,0.7556,/tmp/galaxy_srv_disk00/pengchx3/carbon_distillation/box_stage3/carbon_distillation/original/splice_sites_all/20260630_083920/2e1cd3cc-d8c8-447d-bb92-dfb3a75a6311/distill_methodvanilla_dkd_alpha1.0_dkd_beta8.0_kl_methodkl_mse_normalizeFalse_temperature1.5_weight_ce0.5_weight_kl0.25_weight_mse5.0_zscoreFalse/best_model/student.pt,carbon__splice_sites_all__distill_methodvanilla_dkd_alpha1.0_dkd_beta8.0_kl_methodkl_mse_normalizeFalse_temperature1.5_weight_ce0.5_weight_kl0.25_weight_mse5.0_zscoreFalse__val0.7556.pt
splice_sites_all,distill_methodvanilla_dkd_alpha1.0_dkd_beta8.0_kl_methodkl_mse_normalizeFalse_temperature2.0_weight_ce0.5_weight_kl0.25_weight_mse5.0_zscoreFalse,0.7912,/tmp/galaxy_srv_disk00/pengchx3/carbon_distillation/box_stage3/carbon_distillation/original/splice_sites_all/20260630_084413/db797d57-9b08-49ce-baa9-25225fa5b145/distill_methodvanilla_dkd_alpha1.0_dkd_beta8.0_kl_methodkl_mse_normalizeFalse_temperature2.0_weight_ce0.5_weight_kl0.25_weight_mse5.0_zscoreFalse/best_model/student.pt,carbon__splice_sites_all__distill_methodvanilla_dkd_alpha1.0_dkd_beta8.0_kl_methodkl_mse_normalizeFalse_temperature2.0_weight_ce0.5_weight_kl0.25_weight_mse5.0_zscoreFalse__val0.7912.pt
splice_sites_all,distill_methodvanilla_dkd_alpha1.0_dkd_beta8.0_kl_methodkl_mse_normalizeFalse_temperature4.0_weight_ce0.5_weight_kl0.25_weight_mse5.0_zscoreFalse,0.8370,/tmp/galaxy_srv_disk00/pengchx3/carbon_distillation/box_stage3/carbon_distillation/original/splice_sites_all/20260630_084804/947cb574-5f0f-4b1f-8da1-697fac7642cc/distill_methodvanilla_dkd_alpha1.0_dkd_beta8.0_kl_methodkl_mse_normalizeFalse_temperature4.0_weight_ce0.5_weight_kl0.25_weight_mse5.0_zscoreFalse/best_model/student.pt,carbon__splice_sites_all__distill_methodvanilla_dkd_alpha1.0_dkd_beta8.0_kl_methodkl_mse_normalizeFalse_temperature4.0_weight_ce0.5_weight_kl0.25_weight_mse5.0_zscoreFalse__val0.8370.pt
splice_sites_all,distill_methodvanilla_dkd_alpha1.0_dkd_beta8.0_kl_methodkl_mse_normalizeFalse_temperature0.5_weight_ce0.5_weight_kl0.5_weight_mse2.0_zscoreFalse,0.8150,/tmp/galaxy_srv_disk00/pengchx3/carbon_distillation/box_stage3/carbon_distillation/original/splice_sites_all/20260630_084821/31775420-00a5-4cf0-8797-a0c1031d6f60/distill_methodvanilla_dkd_alpha1.0_dkd_beta8.0_kl_methodkl_mse_normalizeFalse_temperature0.5_weight_ce0.5_weight_kl0.5_weight_mse2.0_zscoreFalse/best_model/student.pt,carbon__splice_sites_all__distill_methodvanilla_dkd_alpha1.0_dkd_beta8.0_kl_methodkl_mse_normalizeFalse_temperature0.5_weight_ce0.5_weight_kl0.5_weight_mse2.0_zscoreFalse__val0.8150.pt
splice_sites_all,distill_methodvanilla_dkd_alpha1.0_dkd_beta8.0_kl_methodkl_mse_normalizeFalse_temperature1.0_weight_ce0.5_weight_kl0.5_weight_mse2.0_zscoreFalse,0.8190,/tmp/galaxy_srv_disk00/pengchx3/carbon_distillation/box_stage3/carbon_distillation/original/splice_sites_all/20260630_092453/b8ce792f-2c1a-4dd7-8844-2ef4835c3ecf/distill_methodvanilla_dkd_alpha1.0_dkd_beta8.0_kl_methodkl_mse_normalizeFalse_temperature1.0_weight_ce0.5_weight_kl0.5_weight_mse2.0_zscoreFalse/best_model/student.pt,carbon__splice_sites_all__distill_methodvanilla_dkd_alpha1.0_dkd_beta8.0_kl_methodkl_mse_normalizeFalse_temperature1.0_weight_ce0.5_weight_kl0.5_weight_mse2.0_zscoreFalse__val0.8190.pt
splice_sites_all,distill_methodvanilla_dkd_alpha1.0_dkd_beta8.0_kl_methodkl_mse_normalizeFalse_temperature1.5_weight_ce0.5_weight_kl0.5_weight_mse2.0_zscoreFalse,0.8210,/tmp/galaxy_srv_disk00/pengchx3/carbon_distillation/box_stage3/carbon_distillation/original/splice_sites_all/20260630_092458/d174b101-7740-4051-ab0f-df38e1cfb814/distill_methodvanilla_dkd_alpha1.0_dkd_beta8.0_kl_methodkl_mse_normalizeFalse_temperature1.5_weight_ce0.5_weight_kl0.5_weight_mse2.0_zscoreFalse/best_model/student.pt,carbon__splice_sites_all__distill_methodvanilla_dkd_alpha1.0_dkd_beta8.0_kl_methodkl_mse_normalizeFalse_temperature1.5_weight_ce0.5_weight_kl0.5_weight_mse2.0_zscoreFalse__val0.8210.pt
splice_sites_all,distill_methodvanilla_dkd_alpha1.0_dkd_beta8.0_kl_methodkl_mse_normalizeFalse_temperature2.0_weight_ce0.5_weight_kl0.5_weight_mse2.0_zscoreFalse,0.8244,/tmp/galaxy_srv_disk00/pengchx3/carbon_distillation/box_stage3/carbon_distillation/original/splice_sites_all/20260630_092459/cd07ce91-f800-457e-8c83-bb37b8a48afd/distill_methodvanilla_dkd_alpha1.0_dkd_beta8.0_kl_methodkl_mse_normalizeFalse_temperature2.0_weight_ce0.5_weight_kl0.5_weight_mse2.0_zscoreFalse/best_model/student.pt,carbon__splice_sites_all__distill_methodvanilla_dkd_alpha1.0_dkd_beta8.0_kl_methodkl_mse_normalizeFalse_temperature2.0_weight_ce0.5_weight_kl0.5_weight_mse2.0_zscoreFalse__val0.8244.pt
splice_sites_all,distill_methodvanilla_dkd_alpha1.0_dkd_beta8.0_kl_methodkl_mse_normalizeFalse_temperature4.0_weight_ce0.5_weight_kl0.5_weight_mse2.0_zscoreFalse,0.8684,/tmp/galaxy_srv_disk00/pengchx3/carbon_distillation/box_stage3/carbon_distillation/original/splice_sites_all/20260630_095644/7d171768-67d4-4154-8242-fa35a8b4db12/distill_methodvanilla_dkd_alpha1.0_dkd_beta8.0_kl_methodkl_mse_normalizeFalse_temperature4.0_weight_ce0.5_weight_kl0.5_weight_mse2.0_zscoreFalse/best_model/student.pt,carbon__splice_sites_all__distill_methodvanilla_dkd_alpha1.0_dkd_beta8.0_kl_methodkl_mse_normalizeFalse_temperature4.0_weight_ce0.5_weight_kl0.5_weight_mse2.0_zscoreFalse__val0.8684.pt
splice_sites_all,distill_methodvanilla_dkd_alpha1.0_dkd_beta8.0_kl_methodkl_mse_normalizeFalse_temperature0.5_weight_ce0.5_weight_kl0.5_weight_mse5.0_zscoreFalse,0.7701,/tmp/galaxy_srv_disk00/pengchx3/carbon_distillation/box_stage3/carbon_distillation/original/splice_sites_all/20260630_095851/ce9e05a6-4658-4ce8-8778-96b5fc2663b2/distill_methodvanilla_dkd_alpha1.0_dkd_beta8.0_kl_methodkl_mse_normalizeFalse_temperature0.5_weight_ce0.5_weight_kl0.5_weight_mse5.0_zscoreFalse/best_model/student.pt,carbon__splice_sites_all__distill_methodvanilla_dkd_alpha1.0_dkd_beta8.0_kl_methodkl_mse_normalizeFalse_temperature0.5_weight_ce0.5_weight_kl0.5_weight_mse5.0_zscoreFalse__val0.7701.pt
splice_sites_all,distill_methodvanilla_dkd_alpha1.0_dkd_beta8.0_kl_methodkl_mse_normalizeFalse_temperature1.0_weight_ce0.5_weight_kl0.5_weight_mse5.0_zscoreFalse,0.8008,/tmp/galaxy_srv_disk00/pengchx3/carbon_distillation/box_stage3/carbon_distillation/original/splice_sites_all/20260630_104639/8fe25984-c828-4b65-966d-f3c43316d033/distill_methodvanilla_dkd_alpha1.0_dkd_beta8.0_kl_methodkl_mse_normalizeFalse_temperature1.0_weight_ce0.5_weight_kl0.5_weight_mse5.0_zscoreFalse/best_model/student.pt,carbon__splice_sites_all__distill_methodvanilla_dkd_alpha1.0_dkd_beta8.0_kl_methodkl_mse_normalizeFalse_temperature1.0_weight_ce0.5_weight_kl0.5_weight_mse5.0_zscoreFalse__val0.8008.pt
splice_sites_all,distill_methodvanilla_dkd_alpha1.0_dkd_beta8.0_kl_methodkl_mse_normalizeFalse_temperature1.5_weight_ce0.5_weight_kl0.5_weight_mse5.0_zscoreFalse,0.7995,/tmp/galaxy_srv_disk00/pengchx3/carbon_distillation/box_stage3/carbon_distillation/original/splice_sites_all/20260630_104913/41f38eed-d292-4bce-9356-7cf0aa163958/distill_methodvanilla_dkd_alpha1.0_dkd_beta8.0_kl_methodkl_mse_normalizeFalse_temperature1.5_weight_ce0.5_weight_kl0.5_weight_mse5.0_zscoreFalse/best_model/student.pt,carbon__splice_sites_all__distill_methodvanilla_dkd_alpha1.0_dkd_beta8.0_kl_methodkl_mse_normalizeFalse_temperature1.5_weight_ce0.5_weight_kl0.5_weight_mse5.0_zscoreFalse__val0.7995.pt
splice_sites_all,distill_methodvanilla_dkd_alpha1.0_dkd_beta8.0_kl_methodkl_mse_normalizeFalse_temperature2.0_weight_ce0.5_weight_kl0.5_weight_mse5.0_zscoreFalse,0.8102,/tmp/galaxy_srv_disk00/pengchx3/carbon_distillation/box_stage3/carbon_distillation/original/splice_sites_all/20260630_105226/18b9392c-1c94-4298-8c76-0ba31b8a5e43/distill_methodvanilla_dkd_alpha1.0_dkd_beta8.0_kl_methodkl_mse_normalizeFalse_temperature2.0_weight_ce0.5_weight_kl0.5_weight_mse5.0_zscoreFalse/best_model/student.pt,carbon__splice_sites_all__distill_methodvanilla_dkd_alpha1.0_dkd_beta8.0_kl_methodkl_mse_normalizeFalse_temperature2.0_weight_ce0.5_weight_kl0.5_weight_mse5.0_zscoreFalse__val0.8102.pt
splice_sites_all,distill_methodvanilla_dkd_alpha1.0_dkd_beta8.0_kl_methodkl_mse_normalizeFalse_temperature4.0_weight_ce0.5_weight_kl0.5_weight_mse5.0_zscoreFalse,0.8535,/tmp/galaxy_srv_disk00/pengchx3/carbon_distillation/box_stage3/carbon_distillation/original/splice_sites_all/20260630_105635/665c64e6-58dd-4f55-9a20-1039204fc64f/distill_methodvanilla_dkd_alpha1.0_dkd_beta8.0_kl_methodkl_mse_normalizeFalse_temperature4.0_weight_ce0.5_weight_kl0.5_weight_mse5.0_zscoreFalse/best_model/student.pt,carbon__splice_sites_all__distill_methodvanilla_dkd_alpha1.0_dkd_beta8.0_kl_methodkl_mse_normalizeFalse_temperature4.0_weight_ce0.5_weight_kl0.5_weight_mse5.0_zscoreFalse__val0.8535.pt
splice_sites_all,distill_methodvanilla_dkd_alpha1.0_dkd_beta8.0_kl_methodkl_mse_normalizeFalse_temperature0.5_weight_ce0.5_weight_kl1.0_weight_mse2.0_zscoreFalse,0.8436,/tmp/galaxy_srv_disk00/pengchx3/carbon_distillation/box_stage3/carbon_distillation/original/splice_sites_all/20260630_110854/bd7c882e-aa46-44f2-9058-33f66fdf7189/distill_methodvanilla_dkd_alpha1.0_dkd_beta8.0_kl_methodkl_mse_normalizeFalse_temperature0.5_weight_ce0.5_weight_kl1.0_weight_mse2.0_zscoreFalse/best_model/student.pt,carbon__splice_sites_all__distill_methodvanilla_dkd_alpha1.0_dkd_beta8.0_kl_methodkl_mse_normalizeFalse_temperature0.5_weight_ce0.5_weight_kl1.0_weight_mse2.0_zscoreFalse__val0.8436.pt
splice_sites_all,distill_methodvanilla_dkd_alpha1.0_dkd_beta8.0_kl_methodkl_mse_normalizeFalse_temperature1.0_weight_ce0.5_weight_kl1.0_weight_mse2.0_zscoreFalse,0.8417,/tmp/galaxy_srv_disk00/pengchx3/carbon_distillation/box_stage3/carbon_distillation/original/splice_sites_all/20260630_111816/21d79000-0d3f-4ea4-875b-62a5abb0a98a/distill_methodvanilla_dkd_alpha1.0_dkd_beta8.0_kl_methodkl_mse_normalizeFalse_temperature1.0_weight_ce0.5_weight_kl1.0_weight_mse2.0_zscoreFalse/best_model/student.pt,carbon__splice_sites_all__distill_methodvanilla_dkd_alpha1.0_dkd_beta8.0_kl_methodkl_mse_normalizeFalse_temperature1.0_weight_ce0.5_weight_kl1.0_weight_mse2.0_zscoreFalse__val0.8417.pt
splice_sites_all,distill_methodvanilla_dkd_alpha1.0_dkd_beta8.0_kl_methodkl_mse_normalizeFalse_temperature1.5_weight_ce0.5_weight_kl1.0_weight_mse2.0_zscoreFalse,0.8275,/tmp/galaxy_srv_disk00/pengchx3/carbon_distillation/box_stage3/carbon_distillation/original/splice_sites_all/20260630_113257/b794ac29-1c53-4487-a86d-014b974c433a/distill_methodvanilla_dkd_alpha1.0_dkd_beta8.0_kl_methodkl_mse_normalizeFalse_temperature1.5_weight_ce0.5_weight_kl1.0_weight_mse2.0_zscoreFalse/best_model/student.pt,carbon__splice_sites_all__distill_methodvanilla_dkd_alpha1.0_dkd_beta8.0_kl_methodkl_mse_normalizeFalse_temperature1.5_weight_ce0.5_weight_kl1.0_weight_mse2.0_zscoreFalse__val0.8275.pt
splice_sites_all,distill_methodvanilla_dkd_alpha1.0_dkd_beta8.0_kl_methodkl_mse_normalizeFalse_temperature2.0_weight_ce0.5_weight_kl1.0_weight_mse2.0_zscoreFalse,0.8549,/tmp/galaxy_srv_disk00/pengchx3/carbon_distillation/box_stage3/carbon_distillation/original/splice_sites_all/20260630_115503/83efee28-66fd-4790-8a6f-fa27d86464ff/distill_methodvanilla_dkd_alpha1.0_dkd_beta8.0_kl_methodkl_mse_normalizeFalse_temperature2.0_weight_ce0.5_weight_kl1.0_weight_mse2.0_zscoreFalse/best_model/student.pt,carbon__splice_sites_all__distill_methodvanilla_dkd_alpha1.0_dkd_beta8.0_kl_methodkl_mse_normalizeFalse_temperature2.0_weight_ce0.5_weight_kl1.0_weight_mse2.0_zscoreFalse__val0.8549.pt
splice_sites_all,distill_methodvanilla_dkd_alpha1.0_dkd_beta8.0_kl_methodkl_mse_normalizeFalse_temperature4.0_weight_ce0.5_weight_kl1.0_weight_mse2.0_zscoreFalse,0.8802,/tmp/galaxy_srv_disk00/pengchx3/carbon_distillation/box_stage3/carbon_distillation/original/splice_sites_all/20260630_123003/bd10792d-ba08-4eae-8ac1-17281f5fb0ef/distill_methodvanilla_dkd_alpha1.0_dkd_beta8.0_kl_methodkl_mse_normalizeFalse_temperature4.0_weight_ce0.5_weight_kl1.0_weight_mse2.0_zscoreFalse/best_model/student.pt,carbon__splice_sites_all__distill_methodvanilla_dkd_alpha1.0_dkd_beta8.0_kl_methodkl_mse_normalizeFalse_temperature4.0_weight_ce0.5_weight_kl1.0_weight_mse2.0_zscoreFalse__val0.8802.pt
splice_sites_all,distill_methodvanilla_dkd_alpha1.0_dkd_beta8.0_kl_methodkl_mse_normalizeFalse_temperature0.5_weight_ce0.5_weight_kl1.0_weight_mse5.0_zscoreFalse,0.7813,/tmp/galaxy_srv_disk00/pengchx3/carbon_distillation/box_stage3/carbon_distillation/original/splice_sites_all/20260630_123329/a42299f6-c85e-4f9b-a97a-055520e34f47/distill_methodvanilla_dkd_alpha1.0_dkd_beta8.0_kl_methodkl_mse_normalizeFalse_temperature0.5_weight_ce0.5_weight_kl1.0_weight_mse5.0_zscoreFalse/best_model/student.pt,carbon__splice_sites_all__distill_methodvanilla_dkd_alpha1.0_dkd_beta8.0_kl_methodkl_mse_normalizeFalse_temperature0.5_weight_ce0.5_weight_kl1.0_weight_mse5.0_zscoreFalse__val0.7813.pt
splice_sites_all,distill_methodvanilla_dkd_alpha1.0_dkd_beta8.0_kl_methodkl_mse_normalizeFalse_temperature1.0_weight_ce0.5_weight_kl1.0_weight_mse5.0_zscoreFalse,0.8089,/tmp/galaxy_srv_disk00/pengchx3/carbon_distillation/box_stage3/carbon_distillation/original/splice_sites_all/20260630_125505/7baa6cb9-cedc-42ee-861e-be86f82f40f9/distill_methodvanilla_dkd_alpha1.0_dkd_beta8.0_kl_methodkl_mse_normalizeFalse_temperature1.0_weight_ce0.5_weight_kl1.0_weight_mse5.0_zscoreFalse/best_model/student.pt,carbon__splice_sites_all__distill_methodvanilla_dkd_alpha1.0_dkd_beta8.0_kl_methodkl_mse_normalizeFalse_temperature1.0_weight_ce0.5_weight_kl1.0_weight_mse5.0_zscoreFalse__val0.8089.pt
splice_sites_all,distill_methodvanilla_dkd_alpha1.0_dkd_beta8.0_kl_methodkl_mse_normalizeFalse_temperature1.5_weight_ce0.5_weight_kl1.0_weight_mse5.0_zscoreFalse,0.8223,/tmp/galaxy_srv_disk00/pengchx3/carbon_distillation/box_stage3/carbon_distillation/original/splice_sites_all/20260630_125730/2058d194-3292-4e16-86e7-0381ce25927a/distill_methodvanilla_dkd_alpha1.0_dkd_beta8.0_kl_methodkl_mse_normalizeFalse_temperature1.5_weight_ce0.5_weight_kl1.0_weight_mse5.0_zscoreFalse/best_model/student.pt,carbon__splice_sites_all__distill_methodvanilla_dkd_alpha1.0_dkd_beta8.0_kl_methodkl_mse_normalizeFalse_temperature1.5_weight_ce0.5_weight_kl1.0_weight_mse5.0_zscoreFalse__val0.8223.pt
splice_sites_all,distill_methodvanilla_dkd_alpha1.0_dkd_beta8.0_kl_methodkl_mse_normalizeFalse_temperature2.0_weight_ce0.5_weight_kl1.0_weight_mse5.0_zscoreFalse,0.8148,/tmp/galaxy_srv_disk00/pengchx3/carbon_distillation/box_stage3/carbon_distillation/original/splice_sites_all/20260630_130127/da812d1f-f0ab-4395-84bc-fb748a4739d4/distill_methodvanilla_dkd_alpha1.0_dkd_beta8.0_kl_methodkl_mse_normalizeFalse_temperature2.0_weight_ce0.5_weight_kl1.0_weight_mse5.0_zscoreFalse/best_model/student.pt,carbon__splice_sites_all__distill_methodvanilla_dkd_alpha1.0_dkd_beta8.0_kl_methodkl_mse_normalizeFalse_temperature2.0_weight_ce0.5_weight_kl1.0_weight_mse5.0_zscoreFalse__val0.8148.pt
splice_sites_all,distill_methodvanilla_dkd_alpha1.0_dkd_beta8.0_kl_methodkl_mse_normalizeFalse_temperature4.0_weight_ce0.5_weight_kl1.0_weight_mse5.0_zscoreFalse,0.8490,/tmp/galaxy_srv_disk00/pengchx3/carbon_distillation/box_stage3/carbon_distillation/original/splice_sites_all/20260630_131711/82a01756-fd5e-4115-a5aa-bf5afc7db83f/distill_methodvanilla_dkd_alpha1.0_dkd_beta8.0_kl_methodkl_mse_normalizeFalse_temperature4.0_weight_ce0.5_weight_kl1.0_weight_mse5.0_zscoreFalse/best_model/student.pt,carbon__splice_sites_all__distill_methodvanilla_dkd_alpha1.0_dkd_beta8.0_kl_methodkl_mse_normalizeFalse_temperature4.0_weight_ce0.5_weight_kl1.0_weight_mse5.0_zscoreFalse__val0.8490.pt
splice_sites_donors,distill_methodvanilla_dkd_alpha1.0_dkd_beta8.0_kl_methodkl_mse_normalizeFalse_temperature0.5_weight_ce0.5_weight_kl0.0_weight_mse1.0_zscoreFalse,0.3615,/tmp/galaxy_srv_disk00/pengchx3/carbon_distillation/box_stage3/carbon_distillation/original/splice_sites_donors/20260628_084148/79e9911e-1938-406f-8691-fda1206fc558/distill_methodvanilla_dkd_alpha1.0_dkd_beta8.0_kl_methodkl_mse_normalizeFalse_temperature0.5_weight_ce0.5_weight_kl0.0_weight_mse1.0_zscoreFalse/best_model/student.pt,carbon__splice_sites_donors__distill_methodvanilla_dkd_alpha1.0_dkd_beta8.0_kl_methodkl_mse_normalizeFalse_temperature0.5_weight_ce0.5_weight_kl0.0_weight_mse1.0_zscoreFalse__val0.3615.pt
splice_sites_donors,distill_methodvanilla_dkd_alpha1.0_dkd_beta8.0_kl_methodkl_mse_normalizeFalse_temperature1.5_weight_ce0.5_weight_kl0.25_weight_mse2.0_zscoreFalse,0.7030,/tmp/galaxy_srv_disk00/pengchx3/carbon_distillation/box_stage3/carbon_distillation/original/splice_sites_donors/20260630_231900/30079932-cbdc-48b7-9860-e81e027faa84/distill_methodvanilla_dkd_alpha1.0_dkd_beta8.0_kl_methodkl_mse_normalizeFalse_temperature1.5_weight_ce0.5_weight_kl0.25_weight_mse2.0_zscoreFalse/best_model/student.pt,carbon__splice_sites_donors__distill_methodvanilla_dkd_alpha1.0_dkd_beta8.0_kl_methodkl_mse_normalizeFalse_temperature1.5_weight_ce0.5_weight_kl0.25_weight_mse2.0_zscoreFalse__val0.7030.pt
splice_sites_donors,distill_methodvanilla_dkd_alpha1.0_dkd_beta8.0_kl_methodkl_mse_normalizeFalse_temperature0.5_weight_ce0.5_weight_kl0.25_weight_mse5.0_zscoreFalse,0.6766,/tmp/galaxy_srv_disk00/pengchx3/carbon_distillation/box_stage3/carbon_distillation/original/splice_sites_donors/20260630_231900/331ed6a1-c80f-44bb-8e38-d5776f9faa46/distill_methodvanilla_dkd_alpha1.0_dkd_beta8.0_kl_methodkl_mse_normalizeFalse_temperature0.5_weight_ce0.5_weight_kl0.25_weight_mse5.0_zscoreFalse/best_model/student.pt,carbon__splice_sites_donors__distill_methodvanilla_dkd_alpha1.0_dkd_beta8.0_kl_methodkl_mse_normalizeFalse_temperature0.5_weight_ce0.5_weight_kl0.25_weight_mse5.0_zscoreFalse__val0.6766.pt
splice_sites_donors,distill_methodvanilla_dkd_alpha1.0_dkd_beta8.0_kl_methodkl_mse_normalizeFalse_temperature2.0_weight_ce0.5_weight_kl0.25_weight_mse2.0_zscoreFalse,0.6801,/tmp/galaxy_srv_disk00/pengchx3/carbon_distillation/box_stage3/carbon_distillation/original/splice_sites_donors/20260630_231900/376625da-5fc3-4d5a-adc2-84bccc2fc136/distill_methodvanilla_dkd_alpha1.0_dkd_beta8.0_kl_methodkl_mse_normalizeFalse_temperature2.0_weight_ce0.5_weight_kl0.25_weight_mse2.0_zscoreFalse/best_model/student.pt,carbon__splice_sites_donors__distill_methodvanilla_dkd_alpha1.0_dkd_beta8.0_kl_methodkl_mse_normalizeFalse_temperature2.0_weight_ce0.5_weight_kl0.25_weight_mse2.0_zscoreFalse__val0.6801.pt
splice_sites_donors,distill_methodvanilla_dkd_alpha1.0_dkd_beta8.0_kl_methodkl_mse_normalizeFalse_temperature0.5_weight_ce0.5_weight_kl0.25_weight_mse2.0_zscoreFalse,0.7253,/tmp/galaxy_srv_disk00/pengchx3/carbon_distillation/box_stage3/carbon_distillation/original/splice_sites_donors/20260630_231900/5cc662a3-3ebd-44f6-a5f8-f178a3947668/distill_methodvanilla_dkd_alpha1.0_dkd_beta8.0_kl_methodkl_mse_normalizeFalse_temperature0.5_weight_ce0.5_weight_kl0.25_weight_mse2.0_zscoreFalse/best_model/student.pt,carbon__splice_sites_donors__distill_methodvanilla_dkd_alpha1.0_dkd_beta8.0_kl_methodkl_mse_normalizeFalse_temperature0.5_weight_ce0.5_weight_kl0.25_weight_mse2.0_zscoreFalse__val0.7253.pt
splice_sites_donors,distill_methodvanilla_dkd_alpha1.0_dkd_beta8.0_kl_methodkl_mse_normalizeFalse_temperature4.0_weight_ce0.5_weight_kl0.25_weight_mse2.0_zscoreFalse,0.6087,/tmp/galaxy_srv_disk00/pengchx3/carbon_distillation/box_stage3/carbon_distillation/original/splice_sites_donors/20260630_231900/5f486c0a-66a3-4dd9-b6f7-65d8a4df0e23/distill_methodvanilla_dkd_alpha1.0_dkd_beta8.0_kl_methodkl_mse_normalizeFalse_temperature4.0_weight_ce0.5_weight_kl0.25_weight_mse2.0_zscoreFalse/best_model/student.pt,carbon__splice_sites_donors__distill_methodvanilla_dkd_alpha1.0_dkd_beta8.0_kl_methodkl_mse_normalizeFalse_temperature4.0_weight_ce0.5_weight_kl0.25_weight_mse2.0_zscoreFalse__val0.6087.pt
splice_sites_donors,distill_methodvanilla_dkd_alpha1.0_dkd_beta8.0_kl_methodkl_mse_normalizeFalse_temperature0.5_weight_ce0.5_weight_kl0.0_weight_mse5.0_zscoreFalse,0.6596,/tmp/galaxy_srv_disk00/pengchx3/carbon_distillation/box_stage3/carbon_distillation/original/splice_sites_donors/20260630_231900/9a0b3933-ee05-49ff-993f-e713b332fd4e/distill_methodvanilla_dkd_alpha1.0_dkd_beta8.0_kl_methodkl_mse_normalizeFalse_temperature0.5_weight_ce0.5_weight_kl0.0_weight_mse5.0_zscoreFalse/best_model/student.pt,carbon__splice_sites_donors__distill_methodvanilla_dkd_alpha1.0_dkd_beta8.0_kl_methodkl_mse_normalizeFalse_temperature0.5_weight_ce0.5_weight_kl0.0_weight_mse5.0_zscoreFalse__val0.6596.pt
splice_sites_donors,distill_methodvanilla_dkd_alpha1.0_dkd_beta8.0_kl_methodkl_mse_normalizeFalse_temperature1.0_weight_ce0.5_weight_kl0.25_weight_mse2.0_zscoreFalse,0.7218,/tmp/galaxy_srv_disk00/pengchx3/carbon_distillation/box_stage3/carbon_distillation/original/splice_sites_donors/20260630_231900/9b0a77da-70b2-4dfb-bb72-c4ab428776ef/distill_methodvanilla_dkd_alpha1.0_dkd_beta8.0_kl_methodkl_mse_normalizeFalse_temperature1.0_weight_ce0.5_weight_kl0.25_weight_mse2.0_zscoreFalse/best_model/student.pt,carbon__splice_sites_donors__distill_methodvanilla_dkd_alpha1.0_dkd_beta8.0_kl_methodkl_mse_normalizeFalse_temperature1.0_weight_ce0.5_weight_kl0.25_weight_mse2.0_zscoreFalse__val0.7218.pt
splice_sites_donors,distill_methodvanilla_dkd_alpha1.0_dkd_beta8.0_kl_methodkl_mse_normalizeFalse_temperature0.5_weight_ce0.5_weight_kl0.0_weight_mse2.0_zscoreFalse,0.7149,/tmp/galaxy_srv_disk00/pengchx3/carbon_distillation/box_stage3/carbon_distillation/original/splice_sites_donors/20260630_231900/a9c833de-f493-43a3-b78d-0bca6635dfcb/distill_methodvanilla_dkd_alpha1.0_dkd_beta8.0_kl_methodkl_mse_normalizeFalse_temperature0.5_weight_ce0.5_weight_kl0.0_weight_mse2.0_zscoreFalse/best_model/student.pt,carbon__splice_sites_donors__distill_methodvanilla_dkd_alpha1.0_dkd_beta8.0_kl_methodkl_mse_normalizeFalse_temperature0.5_weight_ce0.5_weight_kl0.0_weight_mse2.0_zscoreFalse__val0.7149.pt
splice_sites_donors,distill_methodvanilla_dkd_alpha1.0_dkd_beta8.0_kl_methodkl_mse_normalizeFalse_temperature0.5_weight_ce0.5_weight_kl0.0_weight_mse5.0_zscoreFalse,0.9038,/tmp/galaxy_srv_disk00/pengchx3/carbon_distillation/box_stage3/carbon_distillation/original/splice_sites_donors/20260630_233541/f33e424e-8c05-45c9-b118-784c12dcbda8/distill_methodvanilla_dkd_alpha1.0_dkd_beta8.0_kl_methodkl_mse_normalizeFalse_temperature0.5_weight_ce0.5_weight_kl0.0_weight_mse5.0_zscoreFalse/best_model/student.pt,carbon__splice_sites_donors__distill_methodvanilla_dkd_alpha1.0_dkd_beta8.0_kl_methodkl_mse_normalizeFalse_temperature0.5_weight_ce0.5_weight_kl0.0_weight_mse5.0_zscoreFalse__val0.9038.pt
splice_sites_donors,distill_methodvanilla_dkd_alpha1.0_dkd_beta8.0_kl_methodkl_mse_normalizeFalse_temperature0.5_weight_ce0.5_weight_kl0.0_weight_mse2.0_zscoreFalse,0.9073,/tmp/galaxy_srv_disk00/pengchx3/carbon_distillation/box_stage3/carbon_distillation/original/splice_sites_donors/20260630_233541/fbf3e4ef-c297-4a8e-8a8b-fc2c224a720a/distill_methodvanilla_dkd_alpha1.0_dkd_beta8.0_kl_methodkl_mse_normalizeFalse_temperature0.5_weight_ce0.5_weight_kl0.0_weight_mse2.0_zscoreFalse/best_model/student.pt,carbon__splice_sites_donors__distill_methodvanilla_dkd_alpha1.0_dkd_beta8.0_kl_methodkl_mse_normalizeFalse_temperature0.5_weight_ce0.5_weight_kl0.0_weight_mse2.0_zscoreFalse__val0.9073.pt
splice_sites_donors,distill_methodvanilla_dkd_alpha1.0_dkd_beta8.0_kl_methodkl_mse_normalizeFalse_temperature1.0_weight_ce0.5_weight_kl0.25_weight_mse2.0_zscoreFalse,0.9227,/tmp/galaxy_srv_disk00/pengchx3/carbon_distillation/box_stage3/carbon_distillation/original/splice_sites_donors/20260630_233542/12ddfd97-df77-4696-a3c6-c9332eaa1cfe/distill_methodvanilla_dkd_alpha1.0_dkd_beta8.0_kl_methodkl_mse_normalizeFalse_temperature1.0_weight_ce0.5_weight_kl0.25_weight_mse2.0_zscoreFalse/best_model/student.pt,carbon__splice_sites_donors__distill_methodvanilla_dkd_alpha1.0_dkd_beta8.0_kl_methodkl_mse_normalizeFalse_temperature1.0_weight_ce0.5_weight_kl0.25_weight_mse2.0_zscoreFalse__val0.9227.pt
splice_sites_donors,distill_methodvanilla_dkd_alpha1.0_dkd_beta8.0_kl_methodkl_mse_normalizeFalse_temperature0.5_weight_ce0.5_weight_kl0.25_weight_mse2.0_zscoreFalse,0.9307,/tmp/galaxy_srv_disk00/pengchx3/carbon_distillation/box_stage3/carbon_distillation/original/splice_sites_donors/20260630_233542/6925e969-75b1-42f6-ac0e-ba554229c243/distill_methodvanilla_dkd_alpha1.0_dkd_beta8.0_kl_methodkl_mse_normalizeFalse_temperature0.5_weight_ce0.5_weight_kl0.25_weight_mse2.0_zscoreFalse/best_model/student.pt,carbon__splice_sites_donors__distill_methodvanilla_dkd_alpha1.0_dkd_beta8.0_kl_methodkl_mse_normalizeFalse_temperature0.5_weight_ce0.5_weight_kl0.25_weight_mse2.0_zscoreFalse__val0.9307.pt
splice_sites_donors,distill_methodvanilla_dkd_alpha1.0_dkd_beta8.0_kl_methodkl_mse_normalizeFalse_temperature1.5_weight_ce0.5_weight_kl0.25_weight_mse2.0_zscoreFalse,0.9260,/tmp/galaxy_srv_disk00/pengchx3/carbon_distillation/box_stage3/carbon_distillation/original/splice_sites_donors/20260701_001832/6cda354d-8bb5-4ed5-b2c8-41f65be34b0f/distill_methodvanilla_dkd_alpha1.0_dkd_beta8.0_kl_methodkl_mse_normalizeFalse_temperature1.5_weight_ce0.5_weight_kl0.25_weight_mse2.0_zscoreFalse/best_model/student.pt,carbon__splice_sites_donors__distill_methodvanilla_dkd_alpha1.0_dkd_beta8.0_kl_methodkl_mse_normalizeFalse_temperature1.5_weight_ce0.5_weight_kl0.25_weight_mse2.0_zscoreFalse__val0.9260.pt
splice_sites_donors,distill_methodvanilla_dkd_alpha1.0_dkd_beta8.0_kl_methodkl_mse_normalizeFalse_temperature2.0_weight_ce0.5_weight_kl0.25_weight_mse2.0_zscoreFalse,0.9236,/tmp/galaxy_srv_disk00/pengchx3/carbon_distillation/box_stage3/carbon_distillation/original/splice_sites_donors/20260701_002106/816e25a6-6db9-45b8-9fd2-6bff18cbcb97/distill_methodvanilla_dkd_alpha1.0_dkd_beta8.0_kl_methodkl_mse_normalizeFalse_temperature2.0_weight_ce0.5_weight_kl0.25_weight_mse2.0_zscoreFalse/best_model/student.pt,carbon__splice_sites_donors__distill_methodvanilla_dkd_alpha1.0_dkd_beta8.0_kl_methodkl_mse_normalizeFalse_temperature2.0_weight_ce0.5_weight_kl0.25_weight_mse2.0_zscoreFalse__val0.9236.pt
splice_sites_donors,distill_methodvanilla_dkd_alpha1.0_dkd_beta8.0_kl_methodkl_mse_normalizeFalse_temperature4.0_weight_ce0.5_weight_kl0.25_weight_mse2.0_zscoreFalse,0.8417,/tmp/galaxy_srv_disk00/pengchx3/carbon_distillation/box_stage3/carbon_distillation/original/splice_sites_donors/20260701_002833/f478c9f7-0407-4a23-8262-3828fdcee1d2/distill_methodvanilla_dkd_alpha1.0_dkd_beta8.0_kl_methodkl_mse_normalizeFalse_temperature4.0_weight_ce0.5_weight_kl0.25_weight_mse2.0_zscoreFalse/best_model/student.pt,carbon__splice_sites_donors__distill_methodvanilla_dkd_alpha1.0_dkd_beta8.0_kl_methodkl_mse_normalizeFalse_temperature4.0_weight_ce0.5_weight_kl0.25_weight_mse2.0_zscoreFalse__val0.8417.pt
splice_sites_donors,distill_methodvanilla_dkd_alpha1.0_dkd_beta8.0_kl_methodkl_mse_normalizeFalse_temperature0.5_weight_ce0.5_weight_kl0.25_weight_mse2.0_zscoreFalse,0.9167,/tmp/galaxy_srv_disk00/pengchx3/carbon_distillation/box_stage3/carbon_distillation/original/splice_sites_donors/20260701_015744/323de622-01d9-4275-a17f-52b79d33fd50/distill_methodvanilla_dkd_alpha1.0_dkd_beta8.0_kl_methodkl_mse_normalizeFalse_temperature0.5_weight_ce0.5_weight_kl0.25_weight_mse2.0_zscoreFalse/best_model/student.pt,carbon__splice_sites_donors__distill_methodvanilla_dkd_alpha1.0_dkd_beta8.0_kl_methodkl_mse_normalizeFalse_temperature0.5_weight_ce0.5_weight_kl0.25_weight_mse2.0_zscoreFalse__val0.9167.pt
splice_sites_donors,distill_methodvanilla_dkd_alpha1.0_dkd_beta8.0_kl_methodkl_mse_normalizeFalse_temperature1.5_weight_ce0.5_weight_kl0.25_weight_mse2.0_zscoreFalse,0.9274,/tmp/galaxy_srv_disk00/pengchx3/carbon_distillation/box_stage3/carbon_distillation/original/splice_sites_donors/20260701_015744/5d7b0476-af29-4c76-82a1-95dabf78e735/distill_methodvanilla_dkd_alpha1.0_dkd_beta8.0_kl_methodkl_mse_normalizeFalse_temperature1.5_weight_ce0.5_weight_kl0.25_weight_mse2.0_zscoreFalse/best_model/student.pt,carbon__splice_sites_donors__distill_methodvanilla_dkd_alpha1.0_dkd_beta8.0_kl_methodkl_mse_normalizeFalse_temperature1.5_weight_ce0.5_weight_kl0.25_weight_mse2.0_zscoreFalse__val0.9274.pt
splice_sites_donors,distill_methodvanilla_dkd_alpha1.0_dkd_beta8.0_kl_methodkl_mse_normalizeFalse_temperature2.0_weight_ce0.5_weight_kl0.25_weight_mse2.0_zscoreFalse,0.9341,/tmp/galaxy_srv_disk00/pengchx3/carbon_distillation/box_stage3/carbon_distillation/original/splice_sites_donors/20260701_015744/afc42115-1be0-42bc-bd3c-28b9f354abf0/distill_methodvanilla_dkd_alpha1.0_dkd_beta8.0_kl_methodkl_mse_normalizeFalse_temperature2.0_weight_ce0.5_weight_kl0.25_weight_mse2.0_zscoreFalse/best_model/student.pt,carbon__splice_sites_donors__distill_methodvanilla_dkd_alpha1.0_dkd_beta8.0_kl_methodkl_mse_normalizeFalse_temperature2.0_weight_ce0.5_weight_kl0.25_weight_mse2.0_zscoreFalse__val0.9341.pt
splice_sites_donors,distill_methodvanilla_dkd_alpha1.0_dkd_beta8.0_kl_methodkl_mse_normalizeFalse_temperature4.0_weight_ce0.5_weight_kl0.25_weight_mse2.0_zscoreFalse,0.9253,/tmp/galaxy_srv_disk00/pengchx3/carbon_distillation/box_stage3/carbon_distillation/original/splice_sites_donors/20260701_015744/d4f085ce-7caf-4792-90b1-0367fda11e57/distill_methodvanilla_dkd_alpha1.0_dkd_beta8.0_kl_methodkl_mse_normalizeFalse_temperature4.0_weight_ce0.5_weight_kl0.25_weight_mse2.0_zscoreFalse/best_model/student.pt,carbon__splice_sites_donors__distill_methodvanilla_dkd_alpha1.0_dkd_beta8.0_kl_methodkl_mse_normalizeFalse_temperature4.0_weight_ce0.5_weight_kl0.25_weight_mse2.0_zscoreFalse__val0.9253.pt
